{
"type": "FeatureCollection",
"name": "My_Office_roads_Zak",
"crs": { "type": "name", "properties": { "name": "urn:ogc:def:crs:OGC:1.3:CRS84" } },
"features": [
{"type":"Feature","properties":{"full_id":"w152048913","ref":"О-070306","length_km":8.56539,"name:uk":"Королівська селищна громада","lenght_roads":8.5654,"id_roads":"45167"},"geometry":{"type":"LineString","coordinates":[[23.061997627332723,48.086834964549666],[23.0619992,48.0868358],[23.0621671,48.0869248],[23.0632164,48.0874852],[23.0642831,48.0880548],[23.0643844,48.0881014],[23.0645036,48.0881506],[23.064605,48.0881833],[23.0647298,48.0882248],[23.0660693,48.0886648],[23.0666457,48.0888511],[23.0668817,48.0889369],[23.0679295,48.089333],[23.0680146,48.0893554],[23.068098,48.0893668],[23.0681788,48.0893687],[23.0685648,48.0893657],[23.0686653,48.0893683],[23.0687411,48.0893771],[23.0688263,48.089395],[23.0688907,48.0894135],[23.0689665,48.0894457],[23.069037,48.0894854],[23.0691054,48.0895344],[23.0693549,48.0897511],[23.0694184,48.0898157],[23.0694977,48.0898974],[23.0698496,48.0902859],[23.0701688,48.0906778],[23.0703756,48.0909316],[23.0706287,48.0912366],[23.0708711,48.0915287],[23.0709384,48.0916043],[23.0709738,48.0916407],[23.0710015,48.0916692],[23.0713178,48.0919708],[23.0713686,48.0920297],[23.0714094,48.0920813],[23.0714306,48.0921089],[23.0714535,48.0921408],[23.0714796,48.0921783],[23.071531,48.0922522],[23.0715728,48.0923137],[23.0716201,48.0923912],[23.0716872,48.0925217],[23.0717644,48.0926719],[23.0718724,48.0928821],[23.0719174,48.0929696],[23.0719512,48.0930354],[23.0720264,48.0931817],[23.072071,48.0932641],[23.0729058,48.0948051],[23.0729624,48.0949056],[23.0730169,48.0949893],[23.0730987,48.0950979],[23.0731755,48.0951873],[23.0732687,48.0952849],[23.0733455,48.0953664],[23.073604,48.0956318],[23.0738371,48.0958749],[23.0739252,48.0959739],[23.0740054,48.0960677],[23.0740829,48.0961703],[23.0746808,48.0969669],[23.0747376,48.0970555],[23.0747728,48.0971332],[23.0747971,48.0972218],[23.0748172,48.0973064],[23.0748365,48.0973686],[23.0748683,48.0974382],[23.0749036,48.0974985],[23.0749521,48.0975702],[23.0749981,48.0976208],[23.0752124,48.0978128],[23.0757723,48.0983249],[23.0794517,48.1016493],[23.0796012,48.1017843],[23.0801576,48.1022844],[23.0828976,48.1047726],[23.0876959,48.1091298],[23.0877488,48.1091779],[23.0906748,48.1118351],[23.090696,48.1118543],[23.0920995,48.1131324],[23.0928368,48.1138059],[23.0938615,48.1147469],[23.0939266,48.1148175],[23.0939804,48.1148839],[23.0940341,48.114961],[23.094096,48.1150578],[23.0941432,48.115148],[23.0941839,48.115247],[23.0955427,48.1193953],[23.0955773,48.1195],[23.0958192,48.1202551],[23.09605,48.1209531],[23.0960942,48.1210846],[23.0963503,48.1218716],[23.0963617,48.1219066],[23.0974054,48.1250908],[23.0974402,48.1251821],[23.0974831,48.1252752],[23.0975395,48.1253737],[23.0976736,48.1255796],[23.0977326,48.125653],[23.0977772,48.1257007],[23.0977996,48.1257246],[23.0978452,48.125764],[23.0978611,48.1257745],[23.0978876,48.12579],[23.0979249,48.1258078],[23.0979714,48.1258259],[23.0980293,48.1258466],[23.0991963,48.1261681],[23.0993513,48.1262228],[23.0994484,48.1262609],[23.0995279,48.1262976],[23.099606,48.1263483],[23.0996688,48.1263999],[23.0997726,48.1264913],[23.1016051,48.1281443],[23.1061053,48.1322035]]}},
{"type":"Feature","properties":{"full_id":"w121172698","ref":"С-070713","length_km":2.32348,"name:uk":"Івановецька сільська громада","lenght_roads":2.3235,"id_roads":"48480"},"geometry":{"type":"LineString","coordinates":[[22.6542548,48.4873028],[22.6532874,48.4878048],[22.6530083,48.4880048],[22.6529476,48.4880785],[22.6529288,48.4881709],[22.6529235,48.4882527],[22.6529476,48.488578],[22.6529369,48.4886811],[22.6528993,48.4887522],[22.6528263,48.4888504],[22.651885,48.4896312],[22.651711,48.4897774],[22.6499124,48.4912886],[22.6495608,48.4915699],[22.648107,48.4927333],[22.6476236,48.4929945],[22.6473023,48.4931681],[22.6459338,48.4939076],[22.645824,48.4939582],[22.6460541,48.494333],[22.6444493,48.4963492],[22.6445964,48.496474],[22.6434401,48.497935],[22.6433398,48.4982717],[22.6426311,48.4989275],[22.6417083,48.4994991],[22.6414743,48.4996852],[22.6414274,48.4998004],[22.6411486,48.4998769],[22.6409329,48.4998746],[22.6402824,48.4997567],[22.6398031,48.4996818],[22.6392313,48.499641],[22.6380776,48.4996478],[22.6375332,48.4997521],[22.6375497,48.5000156],[22.6380688,48.5007924],[22.6380687,48.5009767],[22.6379722,48.501143],[22.6378333,48.5012739],[22.6368034,48.5018004]]}},
{"type":"Feature","properties":{"full_id":"w112024545","ref":"С-071207","length_km":2.49505,"name:uk":"Баранинська сільська громада","lenght_roads":2.495,"id_roads":"53348"},"geometry":{"type":"LineString","coordinates":[[22.3872179,48.548415],[22.3872794,48.5485349],[22.387739,48.5512543],[22.3880126,48.5526179],[22.3881896,48.5536406],[22.38827,48.5545708],[22.3883437,48.5548769],[22.3884068,48.5550369],[22.3884697,48.5551672],[22.3885301,48.5552684],[22.3886844,48.5554514],[22.3888923,48.5556564],[22.3890142,48.5557931],[22.3891256,48.5559467],[22.3892503,48.5561277],[22.3893039,48.556236],[22.3893389,48.5563497],[22.3894234,48.5567723],[22.3897184,48.5574184],[22.3898552,48.5578072],[22.3899168,48.5581266],[22.3899409,48.558377],[22.3899679,48.5585191],[22.3900159,48.5586413],[22.3903003,48.5588642],[22.390437,48.5589465],[22.3907196,48.5590734],[22.3912341,48.5592936],[22.3919701,48.5596804],[22.3925302,48.5600021],[22.3942341,48.561001],[22.3943986,48.5611323],[22.3945049,48.561316],[22.3945656,48.5614314],[22.3945961,48.5615063],[22.3946097,48.5615753],[22.3944767,48.5615815],[22.3943785,48.561602],[22.3941953,48.5616408],[22.3940002,48.5616982],[22.3938266,48.5617333],[22.3936691,48.5617534],[22.3931187,48.561784],[22.3929793,48.5618016],[22.3927776,48.56182],[22.3926373,48.5618488],[22.3925164,48.5618833],[22.3924169,48.5619291],[22.3920729,48.5621792],[22.3919606,48.5622463],[22.3917757,48.5623472],[22.3916278,48.5624023],[22.3914907,48.562438],[22.3913598,48.5624775],[22.3910635,48.562587],[22.3908937,48.562645],[22.3907635,48.562667],[22.3905212,48.5626792],[22.3902956,48.5626751],[22.3900907,48.562658],[22.3898592,48.562621],[22.3893865,48.5625527],[22.3892624,48.5625667],[22.3890893,48.5625755],[22.3889932,48.5625726],[22.388874,48.5625578],[22.3886359,48.5625182],[22.3883642,48.5624706],[22.3880624,48.5624159],[22.3876646,48.5623571],[22.3872716,48.5622876],[22.387134,48.5622445],[22.387021,48.5621851],[22.386811,48.5620488],[22.3867436,48.5620319],[22.3865406,48.56202],[22.3860636,48.5619877],[22.3856767,48.5619812]]}},
{"type":"Feature","properties":{"full_id":"w152326562","ref":"С-070708","length_km":2.77255,"name:uk":"Великодобронська сільська громада","lenght_roads":2.7725,"id_roads":"23656"},"geometry":{"type":"LineString","coordinates":[[22.451433680528801,48.377924880060185],[22.4515232,48.3781458],[22.4517281,48.3852319],[22.4519572,48.3931534],[22.4519885,48.3933091],[22.4520215,48.3934734],[22.4524024,48.3948487],[22.4527286,48.3958465],[22.4531137,48.3968479],[22.4532491,48.3971951],[22.4536232,48.3981717],[22.4552615,48.4024478],[22.4553749,48.4025637]]}},
{"type":"Feature","properties":{"full_id":"w165196945","ref":"О-071205","length_km":0.83817,"name:uk":"Чопська міська громада","lenght_roads":0.8382,"id_roads":"94640"},"geometry":{"type":"LineString","coordinates":[[22.1932754,48.4400844],[22.19328,48.4400287],[22.1933653,48.439027],[22.1934155,48.4386218],[22.1936104,48.4360415],[22.1936809,48.4343883],[22.1936906,48.4342504],[22.1937077,48.4340074],[22.1937293,48.4336994],[22.1937326,48.4336523],[22.1937353,48.4336144],[22.1937422,48.4335621],[22.193742,48.4334617],[22.1937501,48.4334031],[22.1938097,48.432556]]}},
{"type":"Feature","properties":{"full_id":"w246386627","ref":"С-071327","length_km":1.6629,"name:uk":"Драгівська сільська громада","lenght_roads":1.6629,"id_roads":"78741"},"geometry":{"type":"LineString","coordinates":[[23.5286097,48.2266508],[23.5288996,48.2246559],[23.5289487,48.2242811],[23.5290396,48.2235766],[23.5290611,48.223096],[23.5290456,48.2228857],[23.5290333,48.2228032],[23.5293046,48.2224341],[23.5296883,48.2220286],[23.5301285,48.2214216],[23.5305886,48.220434],[23.5309819,48.2195742],[23.5310845,48.2191767],[23.5311114,48.2185447],[23.531429,48.2178482],[23.5322819,48.2164587],[23.5332766,48.2153167],[23.5339836,48.214904],[23.5343885,48.2146971],[23.5347612,48.2146419],[23.5350161,48.2146508],[23.5356815,48.2144229],[23.5360782,48.2144261],[23.5365985,48.2143993],[23.537018,48.2142988],[23.5372978,48.2142228]]}},
{"type":"Feature","properties":{"full_id":"w449707748","ref":"С-071302","length_km":4.34343,"name:uk":"Хустська міська громада","lenght_roads":4.3434,"id_roads":"38001"},"geometry":{"type":"LineString","coordinates":[[23.2685156,48.1810246],[23.2685603,48.1811207],[23.2685969,48.1811612],[23.2686543,48.1812086],[23.2688322,48.1813246],[23.2689444,48.1813949],[23.2690146,48.1814447],[23.2690729,48.181502],[23.2690882,48.1815247],[23.2691241,48.181578],[23.269206,48.1817124],[23.269251,48.1817974],[23.2693223,48.1819374],[23.2693585,48.1820457],[23.269354,48.1821412],[23.2693476,48.1822028],[23.2693083,48.1823336],[23.2692613,48.1824424],[23.2690052,48.1832469],[23.2689774,48.1833523],[23.268964,48.183403],[23.2689311,48.1835764],[23.2689196,48.183704],[23.2689119,48.1838884],[23.2689054,48.1840939],[23.2688949,48.1841925],[23.2688762,48.1842612],[23.2688538,48.1843212],[23.2688157,48.1843858],[23.2687503,48.1844725],[23.2686732,48.1845808],[23.2685868,48.1846952],[23.2685128,48.1848076],[23.2684731,48.1848953],[23.2684676,48.18497],[23.2684944,48.1850449],[23.2685354,48.1851068],[23.2685847,48.1851641],[23.2686978,48.1852656],[23.269144,48.1856542],[23.2697287,48.1861739],[23.2701823,48.1865905],[23.2706174,48.1869285],[23.2709229,48.1871823],[23.2710543,48.1872583],[23.2711466,48.1872977],[23.2712185,48.1873224],[23.2713181,48.1873559],[23.2719353,48.1876913],[23.272139,48.1877949],[23.2722268,48.1878362],[23.2724077,48.1879075],[23.2725532,48.1879607],[23.2727063,48.1880082],[23.2728426,48.1880394],[23.2739994,48.1882997],[23.2745347,48.1884521],[23.2753767,48.1885433],[23.2763671,48.188584],[23.2766989,48.1886147],[23.2770242,48.1886601],[23.2784865,48.1888889],[23.2793438,48.1890461],[23.2800089,48.1891686],[23.2802572,48.1892594],[23.2806608,48.1894616],[23.2809811,48.1895941],[23.2814651,48.1897909],[23.2819384,48.1900777],[23.2823213,48.1903648],[23.2824963,48.1904959],[23.2830562,48.1910331],[23.2834277,48.1913943],[23.2836922,48.1918423],[23.2841134,48.1927073],[23.2845247,48.1934081],[23.2847151,48.1936146],[23.2849634,48.1941288],[23.2852567,48.1946478],[23.2853966,48.1948064],[23.285708,48.1951593],[23.2858959,48.1955351],[23.2859938,48.1957309],[23.2864376,48.1963327],[23.2866708,48.1969269],[23.2870544,48.1979423],[23.28717,48.1981551],[23.2874305,48.1986343],[23.2874287,48.1987302],[23.2874229,48.1990404],[23.2873806,48.1993947],[23.2873928,48.1996422],[23.2874859,48.1998561],[23.2876541,48.1999669],[23.2881042,48.2000195],[23.2890474,48.2000418],[23.2894387,48.2001687],[23.2895967,48.2003868],[23.2900329,48.2008607],[23.2903413,48.2012067],[23.2904917,48.2015301],[23.2907028,48.2018956],[23.2909083,48.2020693],[23.2910606,48.2022119],[23.290943,48.2027185],[23.2908453,48.2031773],[23.2906572,48.2035384],[23.2904801,48.2036645],[23.2901608,48.2038919],[23.2885662,48.2048546],[23.2876937,48.2053736],[23.2869012,48.2061611],[23.2866241,48.2065075],[23.2864705,48.2068031],[23.2858467,48.2076621],[23.2847922,48.2087243],[23.2842072,48.20924],[23.2836915,48.2096557],[23.2831219,48.2100251]]}},
{"type":"Feature","properties":{"full_id":"w35960371","ref":"С-070312","length_km":5.7802,"name:uk":"Виноградівська міська громада","lenght_roads":5.7802,"id_roads":"24451"},"geometry":{"type":"LineString","coordinates":[[23.069121,48.1782351],[23.0683022,48.1790447],[23.0682413,48.1791067],[23.0681803,48.1791782],[23.0681136,48.1792648],[23.0680565,48.1793467],[23.0680118,48.1794252],[23.0679821,48.1795036],[23.0679689,48.1795915],[23.06797,48.1796687],[23.067995,48.1797791],[23.068388,48.1809085],[23.0684545,48.1810682],[23.0685261,48.1812224],[23.0686043,48.1813787],[23.0687085,48.1815481],[23.0688323,48.1817132],[23.0689886,48.1819216],[23.0692361,48.1822387],[23.0694478,48.1824949],[23.0696693,48.1827555],[23.0698712,48.1829965],[23.0700503,48.1832245],[23.0709719,48.1843254],[23.071121,48.1845025],[23.071734,48.1852308],[23.0720822,48.1856465],[23.0724961,48.1861406],[23.0727045,48.1863838],[23.0729716,48.18669],[23.0731898,48.1869288],[23.0734438,48.1871937],[23.0736651,48.1874155],[23.0738053,48.1875563],[23.0739486,48.1876931],[23.074144,48.1878711],[23.0754239,48.1890631],[23.0755032,48.1891274],[23.0755444,48.1891608],[23.0756388,48.189226],[23.0757496,48.1892933],[23.0758798,48.1893627],[23.076059,48.1894474],[23.0761627,48.1894932],[23.0763293,48.1895668],[23.0765051,48.189645],[23.0766321,48.1897101],[23.0767461,48.1897839],[23.0768278,48.1898393],[23.0769448,48.1899424],[23.0770295,48.1900315],[23.0771369,48.1901509],[23.0774072,48.1904613],[23.0776059,48.1907023],[23.0779827,48.1911615],[23.0784754,48.1917618],[23.07899,48.1924088],[23.0791398,48.192589],[23.0791832,48.1926354],[23.0792473,48.1927041],[23.079332,48.1927865],[23.0794004,48.1928452],[23.0794655,48.1928929],[23.0813707,48.1940805],[23.0817289,48.194291],[23.0820318,48.194456],[23.082616,48.1947689],[23.0838718,48.1954416],[23.084204,48.1956088],[23.0847658,48.1958818],[23.0849628,48.1959778],[23.0886267,48.1976885],[23.0888318,48.1977818],[23.088936,48.1978231],[23.0890207,48.1978491],[23.0891184,48.1978708],[23.0892194,48.1978882],[23.0893594,48.1979034],[23.0904453,48.1980074],[23.091135,48.1980734],[23.0911835,48.1980807],[23.0912242,48.198091],[23.0912604,48.1981023],[23.0913139,48.1981411],[23.0913391,48.1981807],[23.0913642,48.1982312],[23.0914024,48.1983436],[23.0914164,48.1984715],[23.0914268,48.1988645],[23.0914311,48.1989378],[23.0914473,48.1989839],[23.0914778,48.1990218],[23.0915287,48.1990543],[23.0915978,48.1990801],[23.0924353,48.1992345],[23.092484,48.1992521],[23.0925073,48.1992772],[23.0925227,48.199308],[23.0925119,48.1993429],[23.0924719,48.1993716],[23.0924103,48.1993819],[23.0923394,48.1993809],[23.091486,48.1993203],[23.0914043,48.1993224],[23.091354,48.1993334],[23.0913242,48.1993583],[23.091315,48.199385],[23.0913212,48.1994086],[23.0913454,48.1994291],[23.0913855,48.1994425],[23.0914326,48.1994508],[23.0929745,48.1996538],[23.0930284,48.1996733],[23.0930562,48.1997],[23.0930777,48.1997328],[23.0930931,48.1997708],[23.0930978,48.199815],[23.0930793,48.1998478],[23.0930485,48.1998715],[23.0930069,48.1998889],[23.0929607,48.1998971],[23.0928975,48.1999023],[23.0919886,48.199891],[23.0919229,48.1998935],[23.0918575,48.1999013],[23.0917991,48.1999169],[23.0917536,48.1999402],[23.0917162,48.1999721],[23.0916847,48.2000141],[23.0916707,48.200053],[23.0916684,48.2000896],[23.0916812,48.2001239],[23.0917081,48.2001597],[23.0917571,48.2001978],[23.0918085,48.2002274],[23.0918785,48.200253],[23.0919497,48.2002678],[23.0925977,48.200362],[23.0926841,48.2003768],[23.0927588,48.2003939],[23.0930192,48.2004593],[23.0931254,48.200481],[23.0932235,48.2004974],[23.0934827,48.2005347],[23.0935609,48.200548],[23.0936344,48.2005643],[23.0937033,48.2005861],[23.0937652,48.2006102],[23.0944318,48.2009394],[23.0945112,48.200983],[23.0945825,48.2010281],[23.094663,48.2010826],[23.0947331,48.2011339],[23.0948078,48.2011954],[23.0952534,48.2016015],[23.0953234,48.2016599],[23.0953877,48.2017058],[23.0954705,48.2017595],[23.0959119,48.2020256],[23.0960029,48.2020754],[23.0960788,48.2021135],[23.0961687,48.2021493],[23.0962504,48.2021758],[23.0963578,48.2022015],[23.0968377,48.202305],[23.0969253,48.2023275],[23.097007,48.2023532],[23.0971039,48.2023859],[23.0972019,48.2024264],[23.0972942,48.202473],[23.0973876,48.2025298],[23.0974518,48.202582],[23.0975253,48.2026442],[23.0975966,48.2027143],[23.0976736,48.202796],[23.0977425,48.2028746],[23.098045,48.2033004],[23.0981262,48.2034028],[23.0982179,48.2035268],[23.0982664,48.2035966],[23.0983,48.2036562],[23.0983469,48.2037487],[23.0984228,48.2038862],[23.0984923,48.2040667],[23.0985242,48.2041493],[23.0985579,48.2042163],[23.0986218,48.204307],[23.0986636,48.2043562],[23.0987086,48.2044013],[23.098758,48.2044441],[23.0994662,48.2050644],[23.0995248,48.205112],[23.0996047,48.2051697],[23.099712,48.2052389],[23.099836,48.2053154],[23.0999445,48.2053767],[23.100048,48.20543],[23.1003111,48.2055585],[23.1003898,48.2055954],[23.1004644,48.2056258],[23.1005517,48.2056566],[23.1009536,48.2057934],[23.1010501,48.2058263],[23.1011474,48.205861],[23.1012336,48.2058944],[23.1013365,48.205938],[23.1017331,48.2061175],[23.101925,48.2061996],[23.1020214,48.2062378],[23.1021156,48.2062721],[23.1025891,48.2064345],[23.1027001,48.2064789],[23.1027888,48.2065225],[23.1028869,48.2065776],[23.1029547,48.2066239],[23.1030308,48.206686],[23.1031353,48.2067751],[23.103474,48.2070907],[23.1035402,48.2071437],[23.1036185,48.2071909],[23.1037018,48.2072286],[23.1037996,48.2072631],[23.1039003,48.2072931],[23.1043746,48.2074216],[23.1044765,48.2074542],[23.1045902,48.2074935],[23.1050812,48.2076629],[23.1052688,48.207722],[23.1054577,48.207779],[23.1056136,48.207824],[23.1061178,48.2079572],[23.1064701,48.2080546],[23.1067245,48.2081354],[23.106802,48.2081608],[23.1068941,48.2081916],[23.106993,48.2082267],[23.1071812,48.2083015],[23.1073119,48.2083608],[23.1074797,48.2084533],[23.1075972,48.2085291],[23.107705,48.2086147],[23.107859,48.2087411],[23.1079891,48.2088483],[23.1080951,48.2089429],[23.1081695,48.2090159],[23.108254,48.2091154],[23.1083801,48.2092824],[23.1084596,48.2094006],[23.1085368,48.2095352],[23.1085952,48.2096114],[23.108768,48.2098083],[23.1088345,48.2098699],[23.1089127,48.2099367],[23.1090119,48.2100123],[23.1093121,48.2102409],[23.1094293,48.2103378],[23.1099699,48.2107967],[23.1103625,48.2111486],[23.1105071,48.2112737],[23.1105942,48.2113593],[23.1107042,48.2114933],[23.1112566,48.2122119],[23.1116435,48.2127769],[23.1116639,48.2128147],[23.1116801,48.2128572],[23.1116869,48.2129228],[23.1116869,48.2130026],[23.1116644,48.2133457],[23.1116605,48.2134659],[23.11166,48.2135592],[23.1116719,48.2137188]]}},
{"type":"Feature","properties":{"full_id":"w112626523","ref":"С-071221","length_km":2.24231,"name:uk":"Середнянська селищна громада","lenght_roads":2.2423,"id_roads":"87751"},"geometry":{"type":"LineString","coordinates":[[22.5557562,48.5853628],[22.556777,48.5864197],[22.5576707,48.5872254],[22.5585312,48.5880981],[22.5590126,48.5885553],[22.5610812,48.5905646],[22.5621854,48.5916494],[22.5625166,48.5920485],[22.5626724,48.5922349],[22.5631765,48.5929439],[22.5637132,48.5936954],[22.5641971,48.5943041],[22.5646241,48.5948107],[22.5649375,48.5950826],[22.5653051,48.5953628],[22.5656055,48.5955613],[22.5659153,48.5959395],[22.5661867,48.5962381],[22.5666242,48.596669],[22.5667831,48.59676],[22.5669577,48.5968332],[22.5671489,48.596885],[22.5675727,48.5969685],[22.567813,48.5970178],[22.5679412,48.5970613],[22.5680817,48.5971204],[22.5682432,48.5972303],[22.5684856,48.5974435],[22.5690508,48.5979741],[22.5693465,48.59822],[22.5697892,48.5984932],[22.5702077,48.5988818],[22.570534,48.5993417],[22.5708489,48.5998115],[22.5709089,48.5999728],[22.5710005,48.6003872],[22.5711034,48.600545],[22.5712282,48.6006711],[22.5713644,48.6007978],[22.5715816,48.6009499],[22.5717136,48.601054],[22.5717987,48.6011695],[22.57182,48.6013187],[22.5718839,48.6014651],[22.5720116,48.6016425],[22.5721904,48.6019381]]}},
{"type":"Feature","properties":{"full_id":"w164699730","ref":"С-071228","length_km":2.35165,"name:uk":"Чопська міська громада","lenght_roads":2.3516,"id_roads":"77396"},"geometry":{"type":"LineString","coordinates":[[22.2820541,48.4101071],[22.2820597,48.4100064],[22.2821072,48.4099447],[22.282192,48.4098835],[22.290442,48.4060503],[22.2952341,48.4038164],[22.3006151,48.4012954],[22.300795,48.4012274],[22.3009332,48.4011903],[22.3010337,48.4011793],[22.3011739,48.4011726],[22.3013476,48.4011722],[22.301441,48.4011668],[22.3016722,48.4011317],[22.301983,48.4010179],[22.3022616,48.400936],[22.3028781,48.4008311],[22.3033227,48.400783],[22.3035175,48.4007822],[22.303673,48.4007858],[22.3037691,48.4007943],[22.3040378,48.4008356],[22.3047,48.4009338],[22.3054305,48.4010207],[22.3058617,48.4010618],[22.3061221,48.4010697],[22.3063798,48.4010447],[22.306592,48.4009868],[22.3067587,48.4009063],[22.3071802,48.4006994],[22.3072067,48.4006864],[22.3087556,48.3998969]]}},
{"type":"Feature","properties":{"full_id":"w203095435","ref":"С-070902","length_km":3.77749,"name:uk":"Великобичківська селищна громада","lenght_roads":3.7775,"id_roads":"31006"},"geometry":{"type":"LineString","coordinates":[[23.9696367,48.0066124],[23.9682307,48.0065179],[23.9678672,48.0064579],[23.9661224,48.0062883],[23.9653915,48.0062668],[23.9633545,48.0061966],[23.9624215,48.0061788],[23.9619226,48.0061491],[23.961096,48.0060885],[23.9607194,48.0060492],[23.9604688,48.0059727],[23.9603287,48.0058992],[23.9601009,48.0057577],[23.9598352,48.0056551],[23.9596328,48.0056104],[23.9592511,48.00556],[23.9588754,48.0055358],[23.9585942,48.0055248],[23.9584175,48.0055473],[23.957911,48.0055728],[23.9577887,48.0055815],[23.9576113,48.0055467],[23.9574379,48.0054931],[23.957161,48.0054343],[23.9568891,48.0053829],[23.9555812,48.0053751],[23.9549028,48.0053449],[23.9546011,48.0053017],[23.954434,48.0052367],[23.9541693,48.0051016],[23.9532513,48.0046409],[23.9529541,48.0044717],[23.9527981,48.0044117],[23.9523556,48.0042627],[23.9521267,48.0041942],[23.9520534,48.004157],[23.95203,48.0040525],[23.9520956,48.0038683],[23.9522177,48.0035751],[23.9522204,48.0035034],[23.9522021,48.0034205],[23.9521321,48.0033141],[23.9519834,48.0032029],[23.9518398,48.0030571],[23.9517367,48.0028536],[23.9516464,48.0026582],[23.9515466,48.0025067],[23.9514347,48.0024011],[23.9512977,48.0023082],[23.9508813,48.0020674],[23.9503879,48.0018256],[23.9499323,48.0016072],[23.9497662,48.0015006],[23.9496334,48.0014099],[23.9489392,48.0006709],[23.9483896,48.0000936],[23.9481193,47.9998907],[23.9477277,47.9996592],[23.9471483,47.999311],[23.9466734,47.9989926],[23.9464043,47.9987711],[23.9462313,47.998587],[23.9460555,47.9983222],[23.945936,47.9981857],[23.9458409,47.9981285],[23.9457911,47.9980986],[23.9453257,47.9978059],[23.945272,47.9977722],[23.9451313,47.997658],[23.9450118,47.9974798],[23.9447832,47.9969028],[23.9447652,47.9968683],[23.944733,47.9968252],[23.9446874,47.9967723],[23.9446441,47.9967386],[23.9444769,47.9966179],[23.9443297,47.9965334],[23.9441407,47.9964112],[23.9440102,47.9962993],[23.9439251,47.9962123],[23.9438573,47.9961342],[23.9438255,47.9960234],[23.9437071,47.9956729],[23.94364,47.9955347],[23.9435719,47.9954466],[23.9424722,47.9943011],[23.9422318,47.9939731],[23.942087,47.9938224],[23.9419671,47.9937192],[23.9417705,47.9935998],[23.9415088,47.9935047],[23.9408792,47.9933438],[23.9404642,47.99323],[23.9402008,47.9931343],[23.9398925,47.9930029],[23.9396557,47.9928999],[23.9394648,47.9928169],[23.9389899,47.9925775],[23.9383284,47.9922801],[23.9372286,47.9917898],[23.9365799,47.9914451],[23.9353018,47.9907829],[23.9327896,47.9893428],[23.9324357,47.9892054],[23.9322326,47.9891623],[23.9320281,47.9891436],[23.9315956,47.9891273],[23.9314802,47.98911],[23.9314268,47.989102],[23.9312325,47.9890218],[23.931223064633098,47.989019393738829]]}},
{"type":"Feature","properties":{"full_id":"w250958351","ref":"О-071202","length_km":6.22891,"name:uk":"Середнянська селищна громада","lenght_roads":6.2289,"id_roads":"90228"},"geometry":{"type":"LineString","coordinates":[[22.445937585803804,48.5094855063046],[22.4462067,48.5092633],[22.4480984,48.5083412],[22.4492264,48.5077914],[22.4494691,48.5076788],[22.4512744,48.5068413],[22.4534765,48.5057853],[22.455166,48.5050663],[22.4558616,48.5047725],[22.4563252,48.5045766],[22.4570179,48.5043267],[22.4574836,48.5041328],[22.4597855,48.5031745],[22.4607404,48.5027875],[22.4640718,48.5014374],[22.4655535,48.500831],[22.4668855,48.500313],[22.4681836,48.4999153],[22.4683742,48.4998639],[22.4751738,48.4981534],[22.4753505,48.4980859],[22.4755798,48.4979859],[22.4786626,48.4965138],[22.4807212,48.4954559],[22.4825001,48.4945476],[22.4828243,48.4944355],[22.4830189,48.4943871],[22.4832005,48.4943726],[22.4848401,48.4944547],[22.4865864,48.4945628],[22.4872525,48.4946011],[22.4887023,48.4946788],[22.4891965,48.4947008],[22.4899098,48.4947364],[22.4925483,48.494795],[22.4938073,48.4946487],[22.4946852,48.4945822],[22.4963255,48.4946254],[22.4971432,48.494736],[22.4977416,48.4948368],[22.4981414,48.4949213],[22.4984577,48.4950252],[22.4992951,48.4953967],[22.4995049,48.4954624],[22.499721,48.4955016],[22.4999514,48.4955315],[22.5004389,48.4955629],[22.5023801,48.4956626],[22.5028467,48.4956526],[22.5033132,48.4953767],[22.5034201,48.4953236],[22.5035339,48.495267],[22.5037417,48.4952225],[22.503971,48.4952225],[22.5043472,48.4952693],[22.5049115,48.4954459],[22.5054132,48.4955861],[22.5060715,48.4957056],[22.5063772,48.4957419],[22.5068867,48.4958874],[22.5076844,48.4961788],[22.5086502,48.4963496],[22.5097005,48.4964483],[22.5110251,48.4966093],[22.5112118,48.4966227],[22.511417,48.4966197],[22.5116051,48.4965993],[22.5117932,48.4965626],[22.5122557,48.4964327],[22.5130537,48.49613],[22.5133373,48.4960224],[22.5164033,48.4949343],[22.5165477,48.494883],[22.5181569,48.4943119],[22.5182604,48.4942981],[22.5183886,48.4942811],[22.5205852,48.494219],[22.5206508,48.4942172],[22.5212979,48.4941995],[22.521538,48.4942203],[22.5217579,48.4942724]]}},
{"type":"Feature","properties":{"full_id":"w1082083351","ref":"С-071125","length_km":0.54675,"name:uk":"Вільховецька сільська громада","lenght_roads":0.5467,"id_roads":"27712"},"geometry":{"type":"LineString","coordinates":[[23.6946966,48.1317059],[23.6878797,48.1298749]]}},
{"type":"Feature","properties":{"full_id":"w122282935","ref":"С-071110","length_km":11.72372,"name:uk":"Углянська сільська громада","lenght_roads":11.7237,"id_roads":"20277"},"geometry":{"type":"LineString","coordinates":[[23.626502,48.1536647],[23.6263282,48.1539884],[23.6260217,48.1548439],[23.6260118,48.1551993],[23.6261443,48.1555239],[23.6268255,48.1566269],[23.6269816,48.1568797],[23.6282753,48.1589745],[23.6284394,48.1592445],[23.6286187,48.1595291],[23.6288152,48.1597627],[23.6291758,48.1601025],[23.6296087,48.1604563],[23.62996,48.1607551],[23.6305398,48.1613608],[23.6309008,48.1617038],[23.6310817,48.1619473],[23.6311198,48.1620387],[23.6311525,48.1622146],[23.6311464,48.1624014],[23.6311141,48.1625361],[23.6309665,48.1628786],[23.6292667,48.1660294],[23.6267344,48.1705001],[23.6262141,48.1713852],[23.6261105,48.1717272],[23.6260245,48.1722753],[23.6259855,48.1725242],[23.625702,48.1754045],[23.6252973,48.1784498],[23.6252886,48.178671],[23.6252856,48.1788282],[23.6253422,48.1790752],[23.6254556,48.1792723],[23.6256778,48.1795341],[23.62601,48.1798353],[23.6263786,48.1802069],[23.6279509,48.1828981],[23.6283571,48.1835933],[23.6285172,48.1839095],[23.6285887,48.1841558],[23.6286176,48.1844217],[23.6285379,48.184728],[23.6285009,48.1850534],[23.628516,48.1855376],[23.6286254,48.1866536],[23.6286363,48.187558],[23.6289913,48.1894768],[23.6292717,48.1904094],[23.6293086,48.1906858],[23.6292052,48.191314],[23.6292818,48.1916859],[23.6299054,48.1947635],[23.6300008,48.1952726],[23.6300443,48.1958044],[23.6300979,48.1960003],[23.6302342,48.1961953],[23.6304854,48.1965009],[23.631835,48.1983199],[23.6326433,48.1994005],[23.6328578,48.1997677],[23.6331705,48.2008208],[23.6335164,48.2022814],[23.6335864,48.2027248],[23.6335681,48.2032434],[23.6333495,48.2043245],[23.6331015,48.2053813],[23.6326006,48.2067211],[23.632257,48.2077227],[23.632145,48.2078815],[23.6319995,48.208039],[23.631557,48.2084036],[23.6313777,48.2086046],[23.6313236,48.208738],[23.6313136,48.2089039],[23.6313668,48.2096045],[23.6315617,48.2109524],[23.6315636,48.2119998],[23.6314916,48.2127122],[23.6313154,48.2141124],[23.6312391,48.214742],[23.6312896,48.2150261],[23.6315179,48.2152807],[23.6318179,48.2155023],[23.6320359,48.2157053],[23.632139,48.2158874],[23.6321958,48.2161569],[23.632135,48.2164444],[23.6317873,48.2180868],[23.6316615,48.2184967],[23.6316025,48.2187076],[23.6316113,48.2189848],[23.6317556,48.220233],[23.6318166,48.2210241],[23.6317492,48.2222209],[23.6316459,48.2231546],[23.6315497,48.2236285],[23.6314026,48.2244982],[23.6311841,48.2250979],[23.6309969,48.2257535],[23.63058,48.2275223],[23.6303251,48.2279483],[23.6300555,48.228098],[23.6297746,48.2281503],[23.6292578,48.2282027],[23.6290556,48.2282701],[23.6289208,48.2283973],[23.6288084,48.2286218],[23.6286848,48.2290335],[23.628595,48.2293777],[23.6282804,48.2298567],[23.6279995,48.2303881],[23.6276512,48.2310017],[23.6271344,48.2316453],[23.6265727,48.2322066],[23.625775,48.2330148],[23.6251571,48.2334788],[23.6247414,48.2339203],[23.6243344,48.2343202],[23.6240875,48.2345729],[23.6239609,48.2347037],[23.6231676,48.2355571],[23.6226706,48.236089],[23.622258,48.2368531],[23.6221397,48.2370867],[23.6220745,48.2373256],[23.6220184,48.2376574],[23.6219856,48.2377492],[23.6219246,48.2379377],[23.6218541,48.2381557],[23.6216968,48.2383652],[23.6214946,48.2385598],[23.6214834,48.2388666],[23.6216025,48.2391513],[23.6216893,48.2393269],[23.6220485,48.2400252],[23.6221462,48.2403631],[23.6221363,48.2404102],[23.6221132,48.2407265],[23.6221226,48.2409901],[23.6221671,48.2413077],[23.6222127,48.2420832],[23.6222443,48.2424565],[23.6222073,48.2427029],[23.6221424,48.2430496],[23.6221056,48.2433784],[23.6220077,48.2438616],[23.6217996,48.2446674],[23.6217347,48.2450573],[23.6217531,48.2454475],[23.6217515,48.2454702],[23.6217427,48.2455896],[23.621783,48.2458325],[23.6219048,48.246125],[23.6221244,48.246542],[23.6225413,48.2471371],[23.6226064,48.2472918],[23.622677,48.2475021],[23.6227257,48.2476176],[23.6227731,48.247799],[23.6231714,48.2487024],[23.6232495,48.2490083],[23.6235618,48.2502314],[23.6236067,48.2506279],[23.6234944,48.2512488],[23.6234495,48.2520568],[23.6234591,48.2523938],[23.6234904,48.2526638],[23.6234982,48.2527308],[23.6235103,48.2528651],[23.6235372,48.2529808],[23.623549,48.2530271],[23.6235529,48.2530421],[23.623568,48.2531696],[23.6235452,48.2532929],[23.6234888,48.253484],[23.6234129,48.2535715],[23.623454,48.2536054],[23.6235061,48.2536329],[23.6235667,48.2536456]]}},
{"type":"Feature","properties":{"full_id":"w191309058","ref":"С-071313","length_km":4.67519,"name:uk":"Хустська міська громада","lenght_roads":4.6752,"id_roads":"85199"},"geometry":{"type":"LineString","coordinates":[[23.3284322,48.1803983],[23.329339,48.1802574],[23.3295759,48.1802206],[23.3341667,48.179507],[23.334293,48.1794941],[23.3345846,48.1794125],[23.3358874,48.1790059],[23.336492,48.178866],[23.3371394,48.1788094],[23.3372638,48.1788196],[23.3379566,48.1788765],[23.3388236,48.1790723],[23.3396202,48.1792995],[23.3402415,48.1795421],[23.3407121,48.1798082],[23.3409342,48.1799212],[23.3412671,48.1800502],[23.3414345,48.1800923],[23.3415377,48.1801054],[23.3416316,48.1801018],[23.341763,48.1800428],[23.3422124,48.1798008],[23.3430702,48.1793275],[23.3431898,48.1792133],[23.3433489,48.1788998],[23.3434068,48.178649],[23.3434574,48.1785788],[23.3436672,48.1784657],[23.344123,48.1783487],[23.3444607,48.1782675],[23.345108,48.1780147],[23.3454905,48.1778471],[23.3457261,48.1777963],[23.3466906,48.1779546],[23.3485974,48.1782627],[23.3487657,48.1782683],[23.3491529,48.1782867],[23.3495865,48.1781802],[23.3498201,48.1781338],[23.3562861,48.1768498],[23.3574121,48.1788305],[23.3585702,48.1807342],[23.3587079,48.1808887],[23.3587792,48.1809687],[23.3590407,48.1810643],[23.3593192,48.1811768],[23.360585,48.1821221],[23.3622645,48.1831744],[23.3626861,48.1834386],[23.3650378,48.1847381],[23.3652338,48.1848789],[23.3653561,48.1849999],[23.3654996,48.1851124],[23.3656093,48.1851687],[23.3657527,48.185194],[23.3662384,48.1852816],[23.3668895,48.1853282],[23.3683198,48.185452],[23.3688472,48.185497],[23.369383,48.185528],[23.3698888,48.1855167],[23.3701382,48.1855111],[23.3709061,48.1854942],[23.371674,48.1855364],[23.3720546,48.1854403],[23.3723413,48.1853876],[23.3740401,48.1850809],[23.3747692,48.1850289],[23.3748082,48.1850289],[23.3748937,48.1850289],[23.3750807,48.1850289],[23.3757673,48.1851705],[23.376015,48.1851658],[23.3763052,48.1851516],[23.3767936,48.1852177],[23.3770839,48.1851988],[23.3770973,48.1851927],[23.3777068,48.1849157],[23.3781315,48.1848024],[23.379172,48.1845806],[23.3800568,48.1843682],[23.3810407,48.1837311]]}},
{"type":"Feature","properties":{"full_id":"w202867188","ref":"С-070208","length_km":2.86512,"name:uk":"Ставненська сільська громада","lenght_roads":2.8651,"id_roads":"54576"},"geometry":{"type":"LineString","coordinates":[[22.7922474,48.9532501],[22.7925852,48.9532248],[22.7928498,48.9532027],[22.7929576,48.9531833],[22.7930327,48.9531455],[22.7931091,48.9530891],[22.7933288,48.9529318],[22.7933934,48.9529112],[22.7935047,48.952898],[22.7937088,48.952939],[22.7941579,48.9530609],[22.7942967,48.9531045],[22.7944563,48.9531877],[22.7945247,48.953267],[22.7945334,48.9533379],[22.7945749,48.9535338],[22.7945847,48.9535901],[22.7946286,48.9537364],[22.7947158,48.953835],[22.7947962,48.9539169],[22.7948874,48.9539794],[22.7950349,48.9541115],[22.7951161,48.9542265],[22.7951575,48.9543352],[22.7951674,48.9544041],[22.795161,48.9544717],[22.7951194,48.9545537],[22.7949437,48.9547341],[22.794823,48.9548654],[22.7947681,48.9549244],[22.7947158,48.9550406],[22.7947426,48.9552581],[22.794866,48.9560622],[22.7949271,48.9566125],[22.7950001,48.9570308],[22.7950014,48.9571594],[22.7949893,48.9572721],[22.7949463,48.9574005],[22.7948405,48.9575592],[22.7947654,48.9577468],[22.7947386,48.9578925],[22.7947309,48.9580083],[22.7947412,48.9581078],[22.7947949,48.9582381],[22.7948874,48.9583508],[22.7950041,48.9584706],[22.7951074,48.9585596],[22.795878,48.9590672],[22.7970195,48.9598598],[22.7972893,48.9600617],[22.7975321,48.9602696],[22.7978271,48.9605249],[22.7979988,48.9606834],[22.798086,48.9608102],[22.7981544,48.9609362],[22.7981879,48.9610726],[22.7981973,48.9612285],[22.7981829,48.9614353],[22.7982134,48.9616625],[22.7982335,48.9618994],[22.7981973,48.9621028],[22.7981921,48.9622309],[22.798208,48.9623811],[22.7982643,48.962566],[22.7983126,48.9627245],[22.7983153,48.9628266],[22.7982965,48.9629693],[22.7982777,48.9631876],[22.7982777,48.9633884],[22.7982992,48.9635627],[22.7983797,48.9639202],[22.79844,48.9640875],[22.7985378,48.964358],[22.7988365,48.9648304],[22.7990389,48.965105],[22.7991626,48.9652847],[22.799297,48.9655068],[22.7993021,48.9655788],[22.7992795,48.9657014],[22.7992551,48.9658394],[22.799248,48.9659394],[22.7992691,48.9660232],[22.7993117,48.9660747],[22.7993882,48.9661542],[22.7996842,48.9663843],[22.7999434,48.9666038],[22.8001909,48.9668566],[22.8002382,48.9669208],[22.8003041,48.9670255],[22.8003846,48.9671462],[22.8004842,48.9672361],[22.8006549,48.9673045],[22.801111,48.9673765],[22.8015044,48.9674543],[22.8017259,48.9674995],[22.8019872,48.9675247],[22.8022563,48.9675293],[22.8025299,48.967542],[22.8026483,48.9675613],[22.8027335,48.9675945],[22.8027923,48.967634],[22.802825,48.9676862],[22.8028467,48.9677627],[22.8028465,48.9678946],[22.8028507,48.9679855],[22.802875,48.9680477],[22.8029196,48.9681208],[22.8032508,48.9686179],[22.8034222,48.9688454],[22.8036258,48.9690869],[22.803915,48.9695815],[22.804238,48.970067],[22.8046023,48.9706886],[22.8046426,48.9708156],[22.8046517,48.9709689],[22.8046588,48.9711393],[22.8046802,48.9712646],[22.8047505,48.9714312],[22.8047714,48.9714988],[22.80478,48.9715668],[22.8047695,48.9716309],[22.8047526,48.9717048],[22.8047015,48.9718057],[22.8045684,48.9719441],[22.8045092,48.9720226],[22.8043784,48.9722532],[22.8042973,48.9723728],[22.8042187,48.9725121],[22.8039975,48.9728211],[22.8038863,48.9729549],[22.8036367,48.9732295],[22.8032801,48.9736873],[22.802985,48.9740482],[22.8029582,48.974138]]}},
{"type":"Feature","properties":{"full_id":"w150797045","ref":"С-071103","length_km":8.11629,"name:uk":"Усть-Чорнянська селищна громада","lenght_roads":8.1163,"id_roads":"83852"},"geometry":{"type":"LineString","coordinates":[[23.9271044,48.3318231],[23.9272475,48.3319105],[23.9274628,48.3320202],[23.9283443,48.3324347],[23.9292629,48.332905],[23.9298845,48.3331743],[23.9302343,48.3332983],[23.9306712,48.3334315],[23.9314882,48.3335964],[23.9319268,48.3336389],[23.9322186,48.3336517],[23.932474,48.3336389],[23.9327615,48.3335665],[23.9337138,48.3333589],[23.9344812,48.333221],[23.9347185,48.3331968],[23.9351483,48.3331782],[23.9356375,48.3331768],[23.9360835,48.3332306],[23.9364779,48.3333107],[23.9368012,48.3334509],[23.9372277,48.3337683],[23.9374803,48.3340777],[23.9376353,48.3345123],[23.9376885,48.334798],[23.9375979,48.3351371],[23.9373991,48.3354828],[23.9369609,48.3362712],[23.9367485,48.3367166],[23.9365736,48.3370746],[23.936569,48.3373487],[23.9366296,48.3377192],[23.9367699,48.337986],[23.9369358,48.3381644],[23.9372351,48.3383994],[23.9376946,48.3386112],[23.9383458,48.3387024],[23.9390389,48.3387124],[23.9395322,48.3386196],[23.9401674,48.3383155],[23.9411312,48.3376628],[23.9413606,48.3374545],[23.9415238,48.3372492],[23.94174,48.337126],[23.9419421,48.3370488],[23.9420523,48.3370067],[23.9423092,48.3369764],[23.9424725,48.3369852],[23.9428159,48.3371189],[23.9432836,48.3372751],[23.9437425,48.337413],[23.9442013,48.3375039],[23.9447115,48.3375457],[23.9454078,48.3375372],[23.9458332,48.3373856],[23.9460325,48.3372347],[23.9467384,48.3364455],[23.9468809,48.3363407],[23.9470787,48.3362156],[23.947436,48.3361366],[23.9480279,48.3360568],[23.9486519,48.3359987],[23.949249,48.3360006],[23.9496565,48.3360858],[23.9501744,48.3363181],[23.9504689,48.3365214],[23.950609,48.3367804],[23.950649,48.3370523],[23.9505276,48.3374386],[23.9493975,48.3389408],[23.9492602,48.3391814],[23.9491165,48.3395261],[23.9489293,48.3402187],[23.9487921,48.340592],[23.9484355,48.3413246],[23.9482955,48.3416434],[23.9482944,48.3419938],[23.9483547,48.3422967],[23.9486469,48.3431229],[23.9488046,48.3438714],[23.9488603,48.3447778],[23.9488026,48.3451905],[23.9483836,48.3464145],[23.9482142,48.347067],[23.9481829,48.3472828],[23.948224,48.347485],[23.9483026,48.3476935],[23.9485067,48.3480401],[23.9489798,48.3486536],[23.9490742,48.3488185],[23.949225,48.3492893],[23.949338,48.3495084],[23.9498154,48.3500828],[23.9500466,48.3503245],[23.9503861,48.3505754],[23.9515362,48.351249],[23.9516421,48.3513272],[23.9517539,48.3514636],[23.9521223,48.3521218],[23.9521879,48.3523864],[23.9522483,48.352524],[23.9523741,48.3527111],[23.9526026,48.3529337],[23.9534452,48.3535964],[23.9536784,48.3537234],[23.9538618,48.3537785],[23.9540824,48.3538364],[23.954515,48.3538935],[23.9547698,48.353929],[23.9549927,48.3539893],[23.9551815,48.3540754],[23.9553304,48.3541574],[23.9555235,48.3543],[23.9560751,48.35475],[23.9563698,48.3550442],[23.9564785,48.3552328],[23.9565535,48.3554265],[23.9566259,48.3556822],[23.9566579,48.3558202],[23.9567748,48.3560031],[23.9568755,48.3561101],[23.9584097,48.3572619],[23.9593652,48.3578866],[23.9597477,48.3581935],[23.9599152,48.3583417],[23.960083,48.3585153],[23.9604916,48.3590992],[23.960721,48.359427],[23.9611933,48.3600983],[23.9613962,48.3603411],[23.9615475,48.3604815],[23.961869,48.3606736],[23.962123,48.3607988],[23.9624982,48.3609818],[23.9635418,48.361493],[23.964504,48.3621645],[23.9646874,48.3622426],[23.9650168,48.3623258],[23.9651879,48.3623986],[23.965381,48.3625345],[23.9657575,48.3628788],[23.9662984,48.3634487],[23.9671157,48.3642496],[23.9679291,48.3650122],[23.9680145,48.3651812],[23.9680151,48.3652778],[23.9679995,48.3653449],[23.9679096,48.3654889],[23.9677544,48.365862],[23.9676995,48.36604],[23.9677374,48.3661638],[23.9678558,48.3662765],[23.9686976,48.3673662],[23.9690226,48.3676754],[23.969471,48.3680295],[23.9697566,48.368255],[23.9728124,48.3712808],[23.9739458,48.3722077],[23.97442,48.372492],[23.9755806,48.3730019],[23.9760891,48.3731781],[23.9761546,48.3732008],[23.9771343,48.3734619],[23.9779518,48.3737037],[23.9779969,48.373717],[23.9782137,48.3737811],[23.9793556,48.3740588],[23.9803664,48.3743365],[23.9810528,48.3745438],[23.9814794,48.3747401],[23.9818078,48.3749707],[23.9823099,48.3753918],[23.9829128,48.3760117],[23.9831268,48.376209]]}},
{"type":"Feature","properties":{"full_id":"w152326588","ref":"О-070706","length_km":8.65585,"name:uk":"Косоньська сільська громада","lenght_roads":8.6558,"id_roads":"65248"},"geometry":{"type":"LineString","coordinates":[[22.4703884,48.2689744],[22.4706674,48.2695743],[22.4707505,48.2699581],[22.4709249,48.2708561],[22.4710053,48.2712168],[22.4710429,48.2713292],[22.4711716,48.2716167],[22.4716812,48.2725147],[22.4722705,48.273317],[22.4726045,48.2736057],[22.4732116,48.2740684],[22.4735337,48.2743326],[22.4740019,48.2747932],[22.4743258,48.2751386],[22.4743894,48.2752684],[22.4743715,48.2753897],[22.4742787,48.2755001],[22.4741473,48.2756122],[22.4738813,48.2757619],[22.4729397,48.2761217],[22.4726869,48.276293],[22.4726066,48.2763742],[22.4725653,48.2764699],[22.4725,48.2767362],[22.4724765,48.2769376],[22.4725163,48.2771017],[22.4727769,48.2772108],[22.4737656,48.2775947],[22.4750848,48.2782154],[22.4763435,48.2788009],[22.476611,48.278912],[22.4777626,48.2794549],[22.4780338,48.2796296],[22.4787207,48.2801871],[22.4796261,48.2808825],[22.4807645,48.2817569],[22.4818803,48.2825677],[22.4842031,48.284304],[22.484934,48.2848341],[22.4860789,48.2856837],[22.4863148,48.2858623],[22.4873896,48.286676],[22.4887454,48.2876665],[22.49137,48.2896296],[22.4927808,48.2906496],[22.4964045,48.2933603],[22.4982136,48.2947005],[22.4999973,48.2960308],[22.5024258,48.2978413],[22.5060764,48.3004787],[22.506205,48.3006163],[22.506249749714616,48.300703320053152]]}},
{"type":"Feature","properties":{"full_id":"w129037723","ref":"С-070410","length_km":3.76242,"name:uk":"Жденіївська селищна громада","lenght_roads":3.7624,"id_roads":"46907"},"geometry":{"type":"LineString","coordinates":[[23.0490349,48.7290384],[23.0489195,48.7291293],[23.0486982,48.729201],[23.0483941,48.7292199],[23.0480025,48.7292081],[23.0477621,48.7291833],[23.0475005,48.7291373],[23.0471155,48.7291032],[23.0469561,48.7291028],[23.0467977,48.7291277],[23.0466635,48.7291901],[23.0463643,48.729448],[23.0460414,48.7298539],[23.0458805,48.7300096],[23.0453601,48.7304837],[23.0451304,48.7307625],[23.0448889,48.7311635],[23.0448237,48.7312922],[23.0447647,48.731508],[23.044706,48.7316603],[23.0445883,48.7318047],[23.044365,48.7319981],[23.04396,48.7322493],[23.0432231,48.73275],[23.0426951,48.7331137],[23.0424687,48.7332489],[23.0422345,48.7333582],[23.0419323,48.7334965],[23.0415092,48.7336548],[23.0411652,48.7337973],[23.0400258,48.7343396],[23.038994,48.7348451],[23.038381,48.7351435],[23.0378787,48.7353526],[23.0374602,48.7355275],[23.0373082,48.7356247],[23.0372003,48.7357728],[23.0370199,48.7361262],[23.0362048,48.7375791],[23.0353773,48.7386941],[23.0350892,48.7389705],[23.0344845,48.7394115],[23.0342968,48.7395227],[23.0339189,48.7396684],[23.0332783,48.7398753],[23.0328476,48.7399763],[23.0323219,48.7400541],[23.0317549,48.7401272],[23.0303237,48.7402752],[23.0297119,48.7403124],[23.0293841,48.7403555],[23.0290791,48.7404185],[23.0288146,48.7405026],[23.0285253,48.740629],[23.0282007,48.7408059],[23.0278386,48.7409792],[23.0273478,48.7412392],[23.0268533,48.7414633],[23.0260325,48.7417745],[23.0256639,48.7418992],[23.0254863,48.7419459],[23.0253214,48.7419618],[23.0250269,48.7419585],[23.0241364,48.7419764],[23.0237382,48.741987],[23.0235538,48.7420042],[23.0233932,48.7420389],[23.0232172,48.7421767],[23.0230752,48.7423303],[23.0229028,48.7424738],[23.0227478,48.7425782],[23.0225761,48.7426684],[23.0223409,48.7427539],[23.0219206,48.7429111],[23.0218344,48.7429664],[23.0217433,48.7431239],[23.0216642,48.7432592],[23.0215207,48.7434086],[23.0213571,48.7435393],[23.0202361,48.7446854],[23.0198644,48.7450783],[23.0195366,48.7454747],[23.0193883,48.7456955],[23.0192099,48.7459184],[23.0190568,48.7460848],[23.0184925,48.7465383],[23.0180942,48.7468593],[23.0178742,48.7470954],[23.0176529,48.7473138],[23.0173814,48.7475579],[23.0172325,48.7476711],[23.0166337,48.7481177],[23.0163065,48.748413],[23.0160846,48.7486485],[23.0152065,48.7494113],[23.0144852,48.7500471],[23.0141102,48.7503333],[23.0138791,48.750445],[23.0136652,48.7505122]]}},
{"type":"Feature","properties":{"full_id":"w461690713","ref":"О-070705","length_km":2.89961,"name:uk":"Мукачівська міська громада","lenght_roads":2.8996,"id_roads":"81966"},"geometry":{"type":"LineString","coordinates":[[22.763065940017093,48.458663907597],[22.762964,48.4586067],[22.7627508,48.4585652],[22.7624639,48.4585193],[22.7622841,48.4584905],[22.7620241,48.4584306],[22.7617798,48.4583518],[22.7604276,48.4578179],[22.7599472,48.4575749],[22.7591455,48.4570903],[22.7589966,48.4570003],[22.7589056,48.4569476],[22.7588569,48.4569194],[22.7587046,48.4568311],[22.7582979,48.4565953],[22.7579502,48.4563938],[22.7576786,48.4562364],[22.7574145,48.4561013],[22.7574585,48.4560386],[22.7574609,48.4560184],[22.7574695,48.455946],[22.7571688,48.4552229],[22.756925,48.4546803],[22.7568288,48.4545447],[22.7567074,48.4544181],[22.7565877,48.4542979],[22.7559987,48.4537064],[22.7559222,48.4536295],[22.7558418,48.4535157],[22.7557565,48.4529647],[22.7555125,48.4512495],[22.7553619,48.4503381],[22.7552063,48.4496554],[22.7554238,48.4480955],[22.7554813,48.4476831],[22.7561724,48.446463]]}},
{"type":"Feature","properties":{"full_id":"w112024532","ref":"О-071202","length_km":11.21608,"name:uk":"Середнянська селищна громада","lenght_roads":0.0,"id_roads":"52643"},"geometry":{"type":"LineString","coordinates":[[22.445937585803801,48.5094855063046],[22.445937585803804,48.5094855063046]]}},
{"type":"Feature","properties":{"full_id":"w122522086","ref":"С-070507","length_km":5.26104,"name:uk":"Кам'янська сільська громада","lenght_roads":5.261,"id_roads":"68525"},"geometry":{"type":"LineString","coordinates":[[22.9363025,48.2977562],[22.9384187,48.2989617],[22.9391717,48.2994118],[22.939568,48.2995862],[22.9426947,48.3006735],[22.9474685,48.3017771],[22.9476282,48.3018284],[22.9477703,48.3018924],[22.950524,48.3035326],[22.9512314,48.3042002],[22.9517072,48.3044335],[22.9527873,48.3049178],[22.9537918,48.3053943],[22.9548664,48.3040632],[22.9551308,48.3037537],[22.9553591,48.3035528],[22.95555,48.3034134],[22.9557896,48.3033649],[22.9560604,48.303396],[22.9563989,48.3035623],[22.9566281,48.3037147],[22.9568676,48.3039295],[22.9571801,48.3042032],[22.9575499,48.304418],[22.9582008,48.3046224],[22.9586643,48.3046501],[22.9587841,48.304612],[22.9588727,48.304508],[22.9589299,48.3044076],[22.959081,48.3041201],[22.9591851,48.3040577],[22.9594299,48.3040161],[22.9598934,48.3039711],[22.9605392,48.3039642],[22.9609245,48.303978],[22.9612578,48.3040646],[22.9616641,48.3041893],[22.9620442,48.3043348],[22.9626885,48.3046453],[22.9634556,48.3048856],[22.9636287,48.3048983],[22.9637658,48.3048851],[22.9639503,48.3048129],[22.9642475,48.3046524],[22.9643325,48.3046326],[22.9652051,48.3045887],[22.966299,48.3044873],[22.9666948,48.304515],[22.9672521,48.3046362],[22.967809,48.304768],[22.9678455,48.3045706],[22.96796,48.3043939],[22.9682517,48.303934],[22.9684912,48.3035495],[22.96871,48.3030368],[22.9690329,48.3025102],[22.9699234,48.3012435],[22.9701554,48.3009569],[22.970305,48.3006031],[22.9703883,48.3003779],[22.970404,48.3001562],[22.9703723,48.2993951],[22.970404,48.2990147],[22.9704703,48.2988603],[22.9706507,48.2987158],[22.9709637,48.2985492],[22.9714572,48.298412],[22.9719128,48.2982301],[22.9722847,48.2980831],[22.972513,48.2979435],[22.9727193,48.2977559],[22.9729476,48.297457],[22.9732193,48.297011],[22.9734087,48.2968423],[22.9738822,48.2964206],[22.9742062,48.2962295],[22.9749206,48.2959159],[22.9754804,48.2955386],[22.9759516,48.2951444],[22.9760106,48.2950513],[22.9766513,48.2947573],[22.9776971,48.2943114],[22.9784116,48.2940958],[22.9791883,48.2938256],[22.9793356,48.2936002],[22.979667,48.2921083],[22.9799111,48.2913473],[22.980057,48.2910493],[22.9802288,48.2909037],[22.9807704,48.290734],[22.9809751,48.290616],[22.9810166,48.2904852],[22.9810849,48.2900455],[22.9812036,48.289485],[22.9812711,48.2893082],[22.9813465,48.2891933],[22.9814901,48.2890428],[22.9818594,48.2887424],[22.9822758,48.2883856],[22.9826012,48.288122],[22.9830587,48.2876949],[22.9833914,48.287479]]}},
{"type":"Feature","properties":{"full_id":"w121160374","ref":"С-070703","length_km":7.44436,"name:uk":"Мукачівська міська громада","lenght_roads":7.4444,"id_roads":"85854"},"geometry":{"type":"LineString","coordinates":[[22.6138286,48.4177707],[22.6132363,48.4192106],[22.6129825,48.4195523],[22.6108499,48.4247339],[22.6108068,48.4248733]]}},
{"type":"Feature","properties":{"full_id":"w912172785","ref":"О-071207","length_km":0.76065,"name:uk":"Ужгородська міська громада","lenght_roads":0.7607,"id_roads":"97248"},"geometry":{"type":"LineString","coordinates":[[22.3164829,48.5954551],[22.3164337,48.5954268],[22.3163519,48.5953869],[22.3162614,48.5953555],[22.3161782,48.5953335],[22.3148053,48.5949939],[22.3140539,48.5948081],[22.3140292,48.594802],[22.3137106,48.5947232],[22.3132314,48.5946044],[22.3123498,48.59437],[22.3119083,48.5942644],[22.3097183,48.5937404],[22.3092389,48.5936224]]}},
{"type":"Feature","properties":{"full_id":"w151906904","ref":"С-071213","length_km":3.48897,"name:uk":"Великодобронська сільська громада","lenght_roads":3.489,"id_roads":"33655"},"geometry":{"type":"LineString","coordinates":[[22.3599796,48.431399],[22.359817,48.4320339],[22.3595756,48.4330198],[22.3594604,48.4335197],[22.3594226,48.4338456],[22.3594201,48.4339719],[22.3594549,48.4345325],[22.3594522,48.4347496],[22.359439,48.4348886],[22.3594201,48.4350155],[22.3591684,48.4359256],[22.3587811,48.4369616],[22.3585226,48.4377969],[22.3583096,48.4378388],[22.3581589,48.4378582],[22.3580012,48.4378726],[22.3574672,48.4378853],[22.3573092,48.4379118],[22.3572121,48.4379364],[22.3571026,48.4379776],[22.3569486,48.4380726],[22.356169,48.4386724],[22.3557187,48.439027],[22.354596,48.4400711],[22.3471515,48.446835],[22.3466725,48.4472848],[22.3464474,48.4474686],[22.3462569,48.4475949],[22.3460549,48.4476791],[22.3457548,48.4477595],[22.3456855,48.4477683],[22.3454455,48.4477987],[22.3450876,48.4478102],[22.3447817,48.4477757],[22.3445105,48.4476991],[22.3440603,48.4475613],[22.3395614,48.4460852],[22.3365844,48.4451084],[22.3362783,48.4450298],[22.33596,48.4449757],[22.3356702,48.444954],[22.3354988,48.4449486],[22.3352662,48.444954],[22.3349327,48.4449975],[22.3337729,48.4451755],[22.3295779,48.4458089]]}},
{"type":"Feature","properties":{"full_id":"w151081539","ref":"О-071207","length_km":5.45132,"name:uk":"Великодобронська сільська громада","lenght_roads":5.4513,"id_roads":"57912"},"geometry":{"type":"LineString","coordinates":[[22.311811841654187,48.468331243512203],[22.3126638,48.4656442],[22.3128945,48.4650796],[22.3170318,48.4588021],[22.317472,48.4581815],[22.3178238,48.4576426],[22.3188651,48.4555398],[22.3190507,48.45529],[22.319268,48.4551412],[22.3201338,48.4546251],[22.3203616,48.4544392],[22.3205455,48.4542335],[22.3208285,48.4538133],[22.3216302,48.4525406],[22.3217848,48.4523794],[22.3219811,48.4522678],[22.3222941,48.4521514],[22.3253615,48.4512947],[22.3256288,48.45122],[22.3261156,48.4510914],[22.3286539,48.4500947],[22.3288634,48.4499453],[22.3289873,48.4497874],[22.3290517,48.4496461],[22.3290926,48.4494547],[22.3290909,48.4491744],[22.32909,48.4490183],[22.3290305,48.448752],[22.3289713,48.4485284],[22.3289125,48.4483366],[22.3285242,48.447671],[22.3285214,48.4475895],[22.3285661,48.4475138],[22.3286661,48.4474452],[22.3300176,48.4470011],[22.3302367,48.4469085],[22.3301996,48.4468048],[22.3301486,48.446689],[22.3300916,48.4465863],[22.3297913,48.4461318],[22.3295779,48.4458089],[22.3282556,48.4439544],[22.3275387,48.4427992],[22.3267869,48.4416538],[22.3266261,48.4413597],[22.3265698,48.4412161],[22.3265077,48.440991],[22.326312,48.4403036],[22.3255734,48.4371705],[22.3254249,48.4365131],[22.3253759,48.4362505],[22.3253597,48.4360375],[22.3253632,48.4359215],[22.3257664,48.4338365],[22.3264814,48.4301383],[22.3265463,48.4299145],[22.3266851,48.4296085],[22.326872,48.4292989],[22.3271827,48.4288652],[22.3296511,48.4255452]]}},
{"type":"Feature","properties":{"full_id":"w127248341","ref":"О-070102","length_km":3.13932,"name:uk":"Великобийганська сільська громада","lenght_roads":3.1393,"id_roads":"13718"},"geometry":{"type":"LineString","coordinates":[[22.626998400900195,48.171766444840223],[22.6281342,48.1644255],[22.6281939,48.1640527],[22.6290271,48.1588542],[22.6292302,48.1571005],[22.6292637,48.1566836],[22.6292771,48.1565458],[22.6293227,48.1563937],[22.6296017,48.1554114],[22.6296794,48.1550123],[22.629753,48.1545809],[22.6297747,48.1542635],[22.629776,48.1539459],[22.6293804,48.1524589],[22.6293569,48.1523433],[22.6293636,48.1522639],[22.6294226,48.152159],[22.6295883,48.1520564],[22.629825,48.1519624],[22.6299921,48.1518932],[22.6301099,48.1518254],[22.6301777,48.1517851],[22.6302333,48.1517252],[22.6303319,48.1515579],[22.6304238,48.1514134],[22.6308818,48.1509231],[22.6309553,48.1508445],[22.6310273,48.150792],[22.6310939,48.1507598],[22.6311526,48.1507374],[22.6312975,48.1506909],[22.6315624,48.1506332],[22.6316354,48.1506068],[22.6317012,48.1505728],[22.6317474,48.1505227],[22.6317742,48.1504672],[22.6317799,48.1504126],[22.6317756,48.1503571],[22.6317126,48.1500932],[22.6313585,48.148726],[22.6313142,48.1486132],[22.6312552,48.1484969],[22.6311613,48.1483485],[22.6297545,48.1466393],[22.6285797,48.1451753],[22.6284822,48.145015],[22.628457020266318,48.144882101560071]]}},
{"type":"Feature","properties":{"full_id":"w121248492","ref":"С-070807","length_km":6.94931,"name:uk":"Перечинська міська громада","lenght_roads":6.9493,"id_roads":"60030"},"geometry":{"type":"LineString","coordinates":[[22.5169669,48.7333933],[22.5170991,48.7337194],[22.5171039,48.7340221],[22.5171051,48.7340957],[22.5170339,48.7349314],[22.5170245,48.735183],[22.5170535,48.7354566],[22.5171276,48.7356992],[22.5172703,48.7359978],[22.5176241,48.7363233],[22.5180607,48.7364871],[22.5184868,48.7365903],[22.519463,48.7366921],[22.5202356,48.7367726],[22.5207067,48.7367905],[22.5211867,48.7367707],[22.5219387,48.7367045],[22.5224296,48.7366407],[22.5226351,48.7366482],[22.5230745,48.7367259],[22.5237675,48.7369773],[22.5241782,48.7373048],[22.5244817,48.7375467],[22.5252915,48.7381082],[22.5255212,48.7382056],[22.5256602,48.7382459],[22.5257908,48.7382454],[22.5258748,48.7382313],[22.5259705,48.7382047],[22.5260885,48.738157],[22.5262441,48.7380491],[22.5263471,48.7379952],[22.5268673,48.7378456],[22.527514,48.7375435],[22.5277465,48.7375011],[22.5279121,48.7374762],[22.5280854,48.737484],[22.5282752,48.7375226],[22.5285008,48.7375995],[22.5286312,48.737667],[22.5288009,48.7377533],[22.5295497,48.7381486],[22.5300603,48.7384125],[22.5301822,48.7384755],[22.5301928,48.738481],[22.5303706,48.7386135],[22.5305773,48.7389263],[22.5308434,48.7394318],[22.5309584,48.7398997],[22.5313861,48.7402768],[22.5318366,48.7406055],[22.532024,48.7407163],[22.5325189,48.7410676],[22.5331427,48.7412515],[22.5332709,48.7412893],[22.5337136,48.7414199],[22.5342001,48.7415939],[22.535534,48.7420107],[22.5359993,48.7422489],[22.5362936,48.7423288],[22.5365368,48.7423607],[22.5368052,48.7423393],[22.5373846,48.7421344],[22.5379243,48.7419665],[22.5383753,48.7419322],[22.5385347,48.7419425],[22.5387759,48.7419581],[22.539685,48.7420942],[22.5399127,48.7421283],[22.54074,48.7422893],[22.5413239,48.74249],[22.5420435,48.7428732],[22.542308,48.7430013],[22.5425455,48.7431162],[22.542853,48.7431755],[22.5436758,48.7431757],[22.5457578,48.7431707],[22.5463267,48.7433099],[22.5468459,48.743437],[22.5473688,48.743565],[22.5475494,48.7436798],[22.547702,48.7442412],[22.5481142,48.7447055],[22.5486333,48.7451266],[22.5495394,48.7455987],[22.549818,48.745779],[22.5508349,48.747269],[22.5512207,48.7476221],[22.5513241,48.7480225],[22.5514565,48.7487765],[22.5518833,48.7495699],[22.5520126,48.7498102],[22.5521777,48.7501171],[22.5523882,48.7504926],[22.553006,48.7511708],[22.5531215,48.7515427],[22.5531672,48.751657],[22.5533525,48.7518973],[22.5537951,48.7520859],[22.5539786,48.7522433],[22.5540882,48.7525036],[22.5544733,48.7532334],[22.5546163,48.7533781],[22.55514,48.7536923],[22.5555604,48.7539645],[22.5565996,48.7548966],[22.5568715,48.7550743],[22.5573726,48.7552156],[22.5578457,48.7555602],[22.5584824,48.7558525],[22.5594165,48.7562813],[22.5596604,48.7564628],[22.5597213,48.7565487],[22.5598484,48.7567277],[22.5600242,48.7568708],[22.5603041,48.7570128],[22.5605595,48.7570812],[22.5608165,48.7570694],[22.5611798,48.7569682],[22.5612724,48.756939],[22.561753,48.756782],[22.5626417,48.7563541],[22.5632976,48.7561503],[22.564158,48.755964],[22.564841,48.7557833],[22.5653039,48.7557476],[22.5678914,48.7557882],[22.5681065,48.755772],[22.5682614,48.7557283],[22.568387,48.7556259],[22.5685812,48.7550939],[22.5687369,48.7548866],[22.5689394,48.7548322],[22.5693661,48.7548568],[22.5708485,48.7551369],[22.5711121,48.7551278],[22.5713224,48.7550861],[22.5717408,48.7548461],[22.571887,48.754771],[22.572127,48.754737],[22.5722359,48.754768],[22.5725159,48.7548477],[22.5733807,48.755121],[22.5737553,48.7553125],[22.5742858,48.7557561],[22.5745305,48.7559218],[22.5748299,48.7560342],[22.5758023,48.7566671],[22.5764038,48.7569259],[22.5767407,48.7569774],[22.5770205,48.7570585],[22.5771806,48.7571967],[22.5773388,48.7574054],[22.5774813,48.7575304],[22.5777183,48.7576418],[22.5779799,48.7577731],[22.5786146,48.7581799],[22.5787973,48.7582853],[22.5789343,48.7584133],[22.5790599,48.7585826],[22.5791245,48.7587189],[22.5791929,48.7588365],[22.5793339,48.7591057],[22.5794366,48.7592374],[22.5796022,48.7593353],[22.5798419,48.759403],[22.5803215,48.7594444],[22.5805305,48.75946],[22.5805726,48.7594632],[22.5808466,48.7595084],[22.5811492,48.7595912],[22.5820797,48.7598772],[22.5824279,48.7599299],[22.582799,48.75996],[22.5832043,48.7599788],[22.5834441,48.7600239],[22.5836838,48.7601067],[22.5846522,48.7605514],[22.5848168,48.760627]]}},
{"type":"Feature","properties":{"full_id":"w420917262","ref":"О-070108","length_km":6.25094,"name:uk":"Вилоцька селищна громада","lenght_roads":6.2509,"id_roads":"88277"},"geometry":{"type":"LineString","coordinates":[[22.838971781536074,48.168128506729225],[22.8390283,48.1681252],[22.8393629,48.1681028],[22.8400779,48.1680556],[22.8401898,48.1680482],[22.8402325,48.1680458],[22.8402686,48.1680443],[22.8403075,48.1680429],[22.8409747,48.1680218],[22.8410239,48.1680195],[22.8410765,48.1680168],[22.8422732,48.1679454],[22.8423732,48.1679418],[22.8429085,48.1679229],[22.843087,48.1679151],[22.8446292,48.1678446],[22.8447914,48.16784],[22.8450073,48.1678317],[22.8492856,48.1676211],[22.8493774,48.1676166],[22.8501945,48.1675806],[22.8519651,48.1675008],[22.853083,48.167448],[22.8561451,48.1673024],[22.8570478,48.1672587],[22.8586032,48.1671956],[22.8587942,48.1671906],[22.8589615,48.1671898],[22.85955,48.1672076],[22.8596077,48.1672092],[22.8620575,48.1673032],[22.8621304,48.1673074],[22.8622123,48.1673145],[22.8623366,48.1673286],[22.8624088,48.1673351],[22.8624684,48.1673369],[22.8625277,48.167334],[22.8625791,48.1673265],[22.8626562,48.1673056],[22.8633259,48.1671133],[22.8638485,48.1669632],[22.8640098,48.1669218],[22.8641436,48.1668899],[22.8642589,48.1668684],[22.8643635,48.1668577],[22.8644789,48.1668541],[22.8646478,48.1668559],[22.8648249,48.1668649],[22.8651538,48.1668958],[22.8653415,48.166919],[22.8656393,48.1669619],[22.8658914,48.1670031],[22.8667843,48.1671645],[22.867146,48.1672299],[22.8691664,48.1675952],[22.8714353,48.1680098],[22.8715455,48.1680299],[22.876506,48.1689289],[22.8780779,48.1692133],[22.8824513,48.1699977],[22.8827821,48.1700529],[22.882868,48.1700667],[22.8829529,48.17008],[22.8831641,48.1701095],[22.8832906,48.1701252],[22.8833962,48.1701376],[22.8835725,48.1701587],[22.8838139,48.1701873],[22.8851311,48.1703213],[22.8856024,48.1703693],[22.885838,48.1703933],[22.8861,48.1704189],[22.886158,48.1704248],[22.8899073,48.1708031],[22.8916163,48.1709756],[22.8922775,48.1710423],[22.8925279,48.1710676],[22.892604,48.1710744],[22.8926486,48.1710784],[22.8927881,48.1710837],[22.8929329,48.1710837],[22.892998,48.1710804],[22.893075,48.1710766],[22.8931714,48.1710672],[22.8932582,48.1710565],[22.8946902,48.1708701],[22.8957371,48.1707449],[22.8966807,48.1706349],[22.89685,48.1706141],[22.8969987,48.1705955],[22.8972739,48.1705531],[22.8987327,48.1703236],[22.8989506,48.1702862],[22.8992055,48.1702339],[22.8993653,48.1701966],[22.8995102,48.1701558],[22.899744,48.1700793],[22.8999292,48.1700167],[22.9001067,48.1699523],[22.901151,48.1695611],[22.901354,48.1695004],[22.9015525,48.1694474],[22.9016951,48.1694145],[22.9018443,48.1693892],[22.9019993,48.1693784],[22.9021999,48.1693712],[22.9039375,48.1693575],[22.9040796,48.1693504],[22.9042272,48.1693379],[22.9042768,48.1693311],[22.9043854,48.1693164],[22.9045517,48.169286],[22.9046992,48.1692484],[22.9048548,48.1692001],[22.9050452,48.169125],[22.9052437,48.1690373],[22.9054422,48.1689443],[22.9057449,48.1688039],[22.9058532,48.1687567],[22.9059679,48.1687118],[22.9061106,48.168662],[22.906225,48.1686277],[22.9063296,48.1686042],[22.9064375,48.1685861],[22.9065684,48.168572],[22.9066948,48.1685669],[22.9068316,48.1685722],[22.9069901,48.1685839],[22.9085553,48.1686954],[22.9091612,48.168753],[22.9093858,48.1687751],[22.9096224,48.1688013],[22.9098496,48.1688284],[22.9102262,48.1688867],[22.9111782,48.1690494],[22.9140692,48.1695188],[22.9141458,48.1695315],[22.9167606,48.1699593],[22.9173317,48.1700527],[22.9209125,48.1706234],[22.920995317107156,48.170636880403272]]}},
{"type":"Feature","properties":{"full_id":"w204002023","ref":"С-070503","length_km":15.33927,"name:uk":"Іршавська міська громада","lenght_roads":15.3393,"id_roads":"46869"},"geometry":{"type":"LineString","coordinates":[[22.9586423,48.3918221],[22.9588874,48.3919501],[22.9591485,48.392061],[22.9594146,48.392148],[22.9596731,48.3921906],[22.9599759,48.3922109],[22.9602419,48.3922099],[22.9605476,48.3922761],[22.9607842,48.3923638],[22.9611332,48.3924753],[22.96135,48.3925881],[22.9614823,48.3926734],[22.9615409,48.3927969],[22.9615882,48.3929457],[22.961658,48.3933839],[22.9616884,48.3934938],[22.9617808,48.3936626],[22.961894,48.3937828],[22.9620015,48.3938442],[22.9620816,48.3938655],[22.9622303,48.3938791],[22.9623485,48.3938629],[22.9624494,48.3938306],[22.9625432,48.3937608],[22.9626264,48.3936258],[22.9628791,48.3925199],[22.963042,48.3919982],[22.9630979,48.3918428],[22.9632411,48.3916679],[22.9633424,48.3915957],[22.9635012,48.3915295],[22.9637585,48.3914447],[22.9640821,48.3913918],[22.9643455,48.3913795],[22.9646089,48.3914194],[22.9647678,48.3914897],[22.9648766,48.391585],[22.9650201,48.3917753],[22.9651341,48.3920303],[22.9651755,48.3921679],[22.965204,48.3922813],[22.9652721,48.3927272],[22.965319,48.3931163],[22.9653445,48.3932579],[22.9653794,48.3933684],[22.9655564,48.3937459],[22.9656111,48.3939694],[22.9655752,48.3940843],[22.9655333,48.3941615],[22.9654384,48.3943176],[22.9654022,48.3944365],[22.9653981,48.3945474],[22.9653926,48.3946771],[22.9654396,48.3949162],[22.9654377,48.3950584],[22.9653421,48.3952403],[22.9653177,48.3953542],[22.9653283,48.3955502],[22.965489,48.3958744],[22.9655824,48.3960043],[22.9656851,48.3960968],[22.9657765,48.3961424],[22.9658675,48.3961823],[22.9660029,48.3962252],[22.966117,48.3962713],[22.9662571,48.3963418],[22.9664465,48.396532],[22.9668557,48.3971644],[22.9669502,48.3973515],[22.9670472,48.397612],[22.9672229,48.3979858],[22.9673662,48.3982005],[22.9675981,48.3985843],[22.9678314,48.3990356],[22.9682104,48.399643],[22.9682828,48.3997956],[22.9683346,48.4001767],[22.9683281,48.400411],[22.9683535,48.4005226],[22.9684229,48.4006778],[22.9685222,48.4009509],[22.9686417,48.4013221],[22.9687724,48.4016908],[22.9688725,48.4019938],[22.9689293,48.4024674],[22.9691596,48.4030957],[22.9693885,48.4035629],[22.969518,48.4038575],[22.9696735,48.4041354],[22.9698312,48.4046256],[22.9698667,48.4047941],[22.9698804,48.4049179],[22.9698619,48.4052001],[22.9697048,48.4054824],[22.969483,48.4057584],[22.9694368,48.4058719],[22.9694362,48.405907],[22.9694456,48.4059275],[22.9694784,48.4059547],[22.969518,48.4059693],[22.9695726,48.4059779],[22.9697613,48.4059769],[22.9699405,48.4059578],[22.970041,48.4059497],[22.9701669,48.4059609],[22.9702476,48.4059764],[22.9703332,48.4060191],[22.9704031,48.4060619],[22.9704599,48.4061193],[22.9704996,48.4062676],[22.9705134,48.4068044],[22.970497,48.4072496],[22.9708019,48.4086186],[22.9708403,48.4086828],[22.9709128,48.4087719],[22.9710372,48.4088702],[22.9714235,48.4092322],[22.9715609,48.4094588],[22.9716243,48.4098187],[22.971586,48.4100057],[22.9714704,48.41023],[22.9714116,48.4103671],[22.9713873,48.4104816],[22.9712773,48.4116602],[22.9712802,48.4117238],[22.9713204,48.4118413],[22.9713766,48.4119427],[22.9721854,48.4132683],[22.9722685,48.4135382],[22.9723316,48.4140347],[22.972329,48.4143462],[22.972366,48.4145304],[22.9724021,48.414583],[22.9724309,48.4146044],[22.9724758,48.4146213],[22.9725335,48.4146315],[22.9726538,48.4146407],[22.9728518,48.4146451],[22.973427,48.414652],[22.9738059,48.4147133],[22.9741479,48.4148483],[22.9743697,48.4150016],[22.9745545,48.4151795],[22.9746249,48.4152471],[22.9747208,48.4152899],[22.9748583,48.4153165],[22.9750073,48.4153145],[22.9751641,48.415304],[22.9753343,48.4153134],[22.9758185,48.4154447],[22.9760328,48.4155223],[22.9761394,48.4155713],[22.9762247,48.4156492],[22.9762881,48.4158677],[22.976316,48.415914],[22.9765266,48.4161105],[22.9770675,48.4165082],[22.9773518,48.4167894],[22.9775233,48.416964],[22.9776451,48.4171092],[22.9777466,48.417209],[22.9778811,48.4173228],[22.9782074,48.4175478],[22.9785357,48.4177529],[22.9787785,48.4178261],[22.9790188,48.4179396],[22.9800954,48.4185806],[22.9805135,48.4188647],[22.9808825,48.4191029],[22.9811172,48.4192371],[22.9813779,48.4193452],[22.9817171,48.419466],[22.9819205,48.4195426],[22.9820386,48.4196032],[22.9821577,48.4196846],[22.9822692,48.4197562],[22.9823803,48.4198615],[22.9826045,48.4200606],[22.9828402,48.4202599],[22.9833337,48.4206423],[22.9835728,48.4208189],[22.9837525,48.4209839],[22.9841039,48.4214651],[22.9842728,48.4216716],[22.9844436,48.4218496],[22.9847361,48.4221248],[22.9854718,48.4228179],[22.9858178,48.4231472],[22.9860243,48.423327],[22.9861693,48.423496],[22.9863757,48.4237429],[22.9864858,48.4238282],[22.9865983,48.4238645],[22.9866807,48.4238665],[22.9868536,48.4238542],[22.986955,48.4237827],[22.9870234,48.4237102],[22.9871343,48.4235734],[22.9872206,48.423489],[22.9872969,48.4234417],[22.9874405,48.4233911],[22.9875781,48.4233766],[22.9877939,48.4233764],[22.9881525,48.4234437],[22.9884475,48.4234704],[22.9886046,48.423464],[22.9887617,48.4234321],[22.9891759,48.4233138],[22.9893743,48.4232479],[22.9897094,48.4230705],[22.9900842,48.4228619],[22.9902653,48.4225952],[22.9903319,48.4225563],[22.9904001,48.4225419],[22.9905063,48.4225153],[22.9906068,48.4225074],[22.9910176,48.4225474],[22.9913598,48.4225958],[22.991665,48.4225616],[22.9918333,48.4225052],[22.9919761,48.4224477],[22.9921363,48.422313],[22.9923846,48.4218154],[22.9928943,48.4211823],[22.9932472,48.4208874],[22.9934694,48.4204537],[22.9935935,48.4202511],[22.993649,48.4200385],[22.9936785,48.4195256],[22.993645,48.4192999],[22.9935828,48.4191706],[22.9934927,48.4190462],[22.9932073,48.4187701],[22.9931134,48.4186454],[22.993065,48.4185592],[22.9930383,48.4184692],[22.9930564,48.4183717],[22.9930919,48.4183126],[22.9931818,48.4182375],[22.9934432,48.418038],[22.9936613,48.4178935],[22.9937598,48.4178017],[22.9938297,48.4177098],[22.9938725,48.4176165],[22.9939659,48.4174309],[22.9939985,48.4172925],[22.9940093,48.4171038],[22.9939905,48.4168707],[22.9940066,48.4167959],[22.9940284,48.416745],[22.9940763,48.416673],[22.9941514,48.4166018],[22.9942372,48.4165342],[22.9943004,48.4165011],[22.9947416,48.4163032],[22.9952078,48.4161165],[22.9954133,48.4160285],[22.9956747,48.4159579],[22.9959834,48.4159218],[22.9962613,48.4158759],[22.9966137,48.4157882],[22.9970403,48.415659],[22.9975893,48.4154899],[22.9979406,48.4153299],[22.9980597,48.4152603],[22.998111,48.4151968],[22.9981216,48.4151227],[22.9980813,48.4141828],[22.9980124,48.4129406],[22.9979701,48.4122291],[22.9979915,48.412059],[22.998037,48.4118695],[22.9981331,48.4116747],[22.9989157,48.4106312],[22.9990293,48.4105429],[22.9991258,48.4105027],[22.9993045,48.4104284],[23.0019632,48.412555],[23.002367,48.4129104],[23.0027605,48.4132651],[23.0030027,48.413481],[23.0032118,48.4136428],[23.0032897,48.4136893],[23.003403,48.4137378],[23.0036791,48.4138194],[23.0037619,48.4138399],[23.0038811,48.4138656],[23.0041434,48.4139037],[23.0042633,48.4139163],[23.0043519,48.4139154],[23.0044109,48.4139065],[23.0044753,48.4138834],[23.0046012,48.4138199],[23.0046791,48.4137338],[23.0047542,48.413651],[23.004833,48.4135957],[23.0049084,48.4135558],[23.0050775,48.4135037],[23.0061032,48.4133257],[23.0074146,48.4131069],[23.0076199,48.4130865],[23.007718,48.4130876],[23.0077931,48.4130965],[23.00794,48.4131601],[23.0080748,48.4132513],[23.0082488,48.4133991],[23.0085446,48.4136082],[23.00868,48.4137414],[23.0089385,48.4136501],[23.0091295,48.413564],[23.0093783,48.4134258],[23.0096766,48.4132348],[23.0100661,48.4130224],[23.0102179,48.4129451],[23.0103323,48.4128555],[23.0103976,48.4127707],[23.0104561,48.4126848],[23.010478,48.4125944],[23.0104808,48.412506],[23.0104673,48.4124288],[23.0104231,48.4123343],[23.0100803,48.4116153],[23.0100274,48.4114389],[23.0100103,48.4112621],[23.0100672,48.4109646],[23.0105834,48.4095331],[23.0131974,48.4047942],[23.0133673,48.404612],[23.013596,48.4045036],[23.015576,48.4039092],[23.0158636,48.4038875],[23.0163462,48.4038792],[23.016785,48.4039353],[23.0170986,48.4040611],[23.0173208,48.4041695],[23.017628,48.4042476],[23.0178828,48.4042563],[23.0180593,48.4041565],[23.0181384,48.4039999],[23.0188163,48.4009683],[23.0188975,48.4008143],[23.0189626,48.4007324],[23.0192873,48.4003518],[23.0194661,48.4001554],[23.0195144,48.4000556],[23.0195576,48.3999696],[23.0195788,48.399874],[23.0195841,48.3997315],[23.0195683,48.3993536],[23.0195627,48.3992454],[23.0195748,48.3991224],[23.0196083,48.3989622],[23.0197377,48.39857],[23.0198389,48.3984048],[23.0199585,48.3982594],[23.0201259,48.398127],[23.020352,48.3979942],[23.0204262,48.3979398],[23.0208699,48.3976457],[23.0217706,48.3969455],[23.022585,48.3962568],[23.0227672,48.3961128],[23.0230755,48.3958181],[23.0231669,48.3957307],[23.0233432,48.3955723],[23.023468,48.3954699],[23.0235436,48.395414],[23.0236101,48.3953417],[23.0236544,48.3952464],[23.0236821,48.3950898],[23.0237014,48.3948877],[23.0236758,48.3947673],[23.0236216,48.3946521],[23.0232381,48.3942009],[23.0230334,48.3939935],[23.0228075,48.3937988],[23.0215743,48.3929823],[23.0213838,48.3928628],[23.0207085,48.392439],[23.0202614,48.3919462],[23.020021,48.3916058],[23.0199134,48.3912752],[23.0193133,48.3891268],[23.0191845,48.3885095],[23.0191201,48.3881853],[23.0190415,48.3879005],[23.0182658,48.3863923],[23.0182265,48.3861562],[23.0184486,48.3848426],[23.0186369,48.3844673],[23.0189262,48.3841233],[23.0190675,48.3838731],[23.019451,48.3830956],[23.0194644,48.3829482],[23.0190986,48.3823563],[23.0186609,48.3813832],[23.0184135,48.3809914],[23.0182042,48.3806691],[23.0181281,48.3803911],[23.0181515,48.3793995],[23.0182255,48.3792341],[23.0189118,48.378479],[23.0190867,48.3782064],[23.019127,48.3779561],[23.0190665,48.3776701],[23.0173484,48.3727193],[23.0172408,48.3725048],[23.0170659,48.3722858],[23.0168371,48.372116],[23.0164704,48.3718727],[23.0162013,48.3716224],[23.0160937,48.3714034],[23.0159726,48.3710057],[23.0158918,48.3707554],[23.0157707,48.37059],[23.0139745,48.3696936],[23.0136986,48.3695148],[23.0134362,48.3692824],[23.0130797,48.3689025],[23.0126962,48.3684824],[23.0123396,48.3681714],[23.0119494,48.3679345],[23.0111018,48.3673534],[23.0107586,48.3670316],[23.0101935,48.3665087],[23.0099311,48.3664059],[23.0095208,48.3662629],[23.0092517,48.3660796],[23.0090364,48.3658382],[23.0086058,48.3653466],[23.0083771,48.3651544],[23.0080474,48.3649488],[23.0074352,48.3646314],[23.0071146,48.3643998],[23.0063207,48.3637919],[23.0060176,48.3635297],[23.0042245,48.3619782],[23.0035248,48.3612585],[23.0032591,48.3609117],[23.0031763,48.3608066],[23.0029805,48.360715],[23.0025238,48.3606363],[23.0019572,48.3605701],[23.001712,48.3605666],[23.0013518,48.3605477],[23.0004291,48.3601538]]}},
{"type":"Feature","properties":{"full_id":"w225678806","ref":"С-070106","length_km":2.7162,"name:uk":"Великобийганська сільська громада","lenght_roads":2.7162,"id_roads":"95449"},"geometry":{"type":"LineString","coordinates":[[22.6056826,48.170697],[22.6057499,48.1706795],[22.6088476,48.1698751],[22.6093241,48.1697167],[22.6095994,48.1695853],[22.6101279,48.1692534],[22.6102201,48.1691837],[22.6102692,48.1690731],[22.6102262,48.1689296],[22.6093301,48.1671277],[22.6084078,48.1651878],[22.608835,48.1651692],[22.609078,48.1651759],[22.6146579,48.1646356],[22.6156909,48.164595],[22.6159339,48.1645545],[22.6160959,48.1644599],[22.6174229,48.1635428],[22.6186093,48.1627228],[22.6225265,48.1600152],[22.6239558,48.1590751],[22.6241563,48.1589701],[22.625502,48.1584767],[22.6272735,48.1578305],[22.6287854,48.1572354],[22.6290424,48.1571416],[22.6292302,48.1571005]]}},
{"type":"Feature","properties":{"full_id":"w151081541","ref":"О-071206","length_km":9.60028,"name:uk":"Сюртівська сільська громада","lenght_roads":9.6003,"id_roads":"64469"},"geometry":{"type":"LineString","coordinates":[[22.3055483,48.5394342],[22.3050986,48.5394849],[22.3049833,48.5394884],[22.3048814,48.5394778],[22.3047928,48.5394538],[22.3046534,48.5393872],[22.3043031,48.5391754],[22.3040915,48.5390498],[22.3039976,48.5389779],[22.3039439,48.5389281],[22.3039046,48.5388736],[22.3038594,48.5387958],[22.3038398,48.538722],[22.3038205,48.5386014],[22.3038243,48.53848],[22.3038444,48.5382376],[22.3038715,48.5380446],[22.3039133,48.537851],[22.3039986,48.5376375],[22.3041304,48.5373218],[22.3041804,48.5371835],[22.3042027,48.5370784],[22.3042041,48.5370048],[22.3041939,48.5369309],[22.3041719,48.5368574],[22.304146,48.5367872],[22.3037338,48.536075],[22.3031875,48.5352101],[22.3029837,48.5349002],[22.3028603,48.5346355],[22.3027739,48.5344371],[22.3027369,48.5342209],[22.3027296,48.5340414],[22.3027698,48.5337875],[22.3028396,48.5333803],[22.3028402,48.533292],[22.3028369,48.5332467],[22.3028228,48.5332058],[22.3028066,48.5331703],[22.3027745,48.5331307],[22.302733,48.5330966],[22.3026968,48.53307],[22.3026535,48.5330486],[22.3000665,48.5319711],[22.2989174,48.5315104],[22.2970087,48.5307198],[22.2947453,48.5297694],[22.2940756,48.5294938],[22.2931935,48.5291395],[22.2922618,48.5287536],[22.2915226,48.5284474],[22.2860874,48.526198],[22.2856293,48.5260084],[22.2840144,48.5253376],[22.2791636,48.5232935],[22.2787556,48.5231216],[22.2786078,48.5230543],[22.2784747,48.5229701],[22.2781317,48.5227247],[22.2769313,48.5218102],[22.2753362,48.5206284],[22.2750739,48.5204413],[22.2747888,48.5205983],[22.2745449,48.5207367],[22.2724206,48.5219608],[22.2721437,48.5221145],[22.2719452,48.5222069],[22.2716461,48.5223144],[22.2705102,48.5227478],[22.269774,48.5230611],[22.269499,48.5232044],[22.2688352,48.523486],[22.2682659,48.52368],[22.2680399,48.5237413],[22.2677562,48.5238093],[22.2677174,48.5238035],[22.2676604,48.5237582],[22.2676211,48.5236368],[22.2675061,48.5234158],[22.2672647,48.5230001],[22.2669685,48.5225962],[22.2656594,48.5211534],[22.2654113,48.5208842],[22.2653295,48.5208203],[22.2651421,48.5207008],[22.2650452,48.52066],[22.2647231,48.5205581],[22.2641923,48.5204019],[22.2634395,48.5202438],[22.2630081,48.5201487],[22.2629249,48.5201225],[22.2627974,48.5200784],[22.2626661,48.5200102],[22.2625481,48.5199027],[22.2624341,48.519773],[22.262296,48.5195754],[22.2622249,48.5194608],[22.2620478,48.5191454],[22.2619681,48.5189713],[22.2619184,48.5188314],[22.261875,48.5186692],[22.2618239,48.518556],[22.2616388,48.5181687],[22.2616019,48.518107],[22.2615486,48.5180359],[22.2614799,48.5179511],[22.2613724,48.5178449],[22.2612861,48.5177672],[22.2609696,48.5175229],[22.2608771,48.5174323],[22.2607711,48.5173439],[22.2606802,48.5173066],[22.2605136,48.5172471],[22.2603111,48.517192],[22.2588828,48.516798],[22.2577939,48.5165208],[22.2568639,48.5162839],[22.256186,48.5161199],[22.2556817,48.5159841],[22.2554724,48.5158843],[22.2553624,48.5158177],[22.2552718,48.5157393],[22.2551646,48.5156209],[22.2550759,48.5154976],[22.2548147,48.5151109],[22.2545863,48.51479],[22.2541299,48.5143458],[22.2539377,48.5141587],[22.2534924,48.5138508],[22.2529801,48.5135276],[22.2526096,48.5133072],[22.2524289,48.5132205],[22.2522626,48.5131562],[22.2501665,48.5124209],[22.2487152,48.5119024],[22.2484003,48.511785],[22.2463039,48.511034],[22.2445881,48.5104059],[22.2440688,48.5102154],[22.2435985,48.5100428],[22.2426689,48.50974],[22.240147,48.5088337],[22.2388721,48.5083644],[22.2377567,48.50796],[22.2375225,48.5078678],[22.237068,48.5076992],[22.2358743,48.5072645],[22.2345463,48.5067808],[22.2321238,48.5058984],[22.2317554,48.5058392]]}},
{"type":"Feature","properties":{"full_id":"w122120869","ref":"О-071301","length_km":7.74471,"name:uk":"Хустська міська громада","lenght_roads":0.0,"id_roads":"13289"},"geometry":{"type":"LineString","coordinates":[[23.469207386597517,48.112867970115914],[23.469207386597514,48.112867970115914]]}},
{"type":"Feature","properties":{"full_id":"w985820310","ref":"С-070724","length_km":2.02755,"name:uk":"Чинадіївська селищна громада","lenght_roads":2.0275,"id_roads":"77441"},"geometry":{"type":"LineString","coordinates":[[22.80826,48.5216511],[22.8087062,48.5226395],[22.8091527,48.5237748],[22.8094657,48.5242209],[22.8099967,48.5246053],[22.8102267,48.5251528],[22.8103182,48.5254693],[22.81044,48.5256389],[22.8106213,48.5258288],[22.8107071,48.5259561],[22.8107596,48.5260789],[22.8107882,48.5266166],[22.8107964,48.5267704],[22.8106856,48.5274802],[22.8106695,48.5277217],[22.8105998,48.5280308],[22.8105156,48.5282543],[22.8105933,48.5288896],[22.8106991,48.5291552],[22.8108114,48.5292594],[22.8112275,48.5295681],[22.8115436,48.5298412],[22.8117336,48.53007],[22.8118095,48.5302227],[22.8118229,48.5303719],[22.8117853,48.5305282],[22.8117853,48.5306668],[22.811888,48.5310545],[22.8119516,48.5312654],[22.8119194,48.5313684],[22.8118309,48.5314856],[22.8117022,48.5316721],[22.8116524,48.5318789],[22.8114486,48.5326016],[22.8113347,48.5335193],[22.8113056,48.534177],[22.8114118,48.5346667],[22.8116261,48.535288],[22.8117674,48.5356976],[22.8119892,48.5360857],[22.812211,48.5363947],[22.81238,48.5366079],[22.812437,48.536915],[22.8123987,48.5371591],[22.812359,48.5373928],[22.8124114,48.5376497],[22.8123808,48.5377107],[22.812134,48.5379185],[22.8119998,48.5381452],[22.8119141,48.5382027],[22.8111186,48.5383836],[22.8109646,48.5384407],[22.8108902,48.5385075]]}},
{"type":"Feature","properties":{"full_id":"w1032051097","ref":"С-071119","length_km":4.50115,"name:uk":"Солотвинська селищна громада","lenght_roads":4.5012,"id_roads":"36104"},"geometry":{"type":"LineString","coordinates":[[23.8382824,48.010478],[23.8382438,48.0108882],[23.8383805,48.0112893],[23.8385179,48.0116444],[23.8386139,48.0119278],[23.8386342,48.0120936],[23.8386304,48.0123095],[23.8385929,48.0126245],[23.8385859,48.0127503],[23.8386289,48.0129849],[23.8386936,48.0131927],[23.8388155,48.0136527],[23.8389131,48.0141408],[23.8389078,48.014227],[23.8388704,48.0143041],[23.8388085,48.0144172],[23.8385457,48.0146056],[23.8381353,48.0148819],[23.8379878,48.0149859],[23.8377061,48.015221],[23.8375854,48.0153484],[23.8374991,48.0154688],[23.8373762,48.0157556],[23.8373333,48.0160391],[23.837445,48.0169197],[23.8375522,48.017626],[23.8377009,48.0192137],[23.8378167,48.0207602],[23.8377811,48.021635],[23.8377586,48.0224755],[23.8377879,48.0227347],[23.8378012,48.022852],[23.8378863,48.02302],[23.8379795,48.0231571],[23.8380761,48.0233648],[23.838095,48.0234606],[23.8381086,48.0236256],[23.8380867,48.0237648],[23.8380675,48.0238381],[23.8379988,48.0239455],[23.8378269,48.0241324],[23.8375222,48.0244119],[23.8372127,48.0246514],[23.8369233,48.0248835],[23.8367781,48.0249914],[23.8366451,48.0250617],[23.8363324,48.0252265],[23.8360639,48.0253434],[23.8357347,48.0254578],[23.8355392,48.0255354],[23.8352641,48.0256849],[23.8350392,48.0259387],[23.8347422,48.0263058],[23.8342429,48.0270086],[23.8340828,48.02724],[23.8339695,48.027345],[23.8337642,48.027527],[23.8337208,48.0275578],[23.8332359,48.0279017],[23.8326919,48.0283512],[23.8320632,48.0288891],[23.83151,48.0294305],[23.8313943,48.0295496],[23.8311072,48.0298452],[23.830961,48.0300454],[23.8309311,48.0300863],[23.8307178,48.0305258],[23.8305867,48.0307935],[23.830533,48.0309816],[23.8305008,48.0311823],[23.8304485,48.0313167],[23.8303062,48.0315598],[23.830265,48.0316889],[23.830233,48.0317988],[23.8301952,48.0319286],[23.8301606,48.031981],[23.8301226,48.0320189],[23.8300715,48.0320515],[23.8299816,48.0320946],[23.8298376,48.0321518],[23.8296551,48.032208],[23.8291141,48.032401],[23.8289231,48.0324927],[23.8287611,48.0325853],[23.8286263,48.0327511],[23.8285035,48.032976],[23.8283833,48.0332192],[23.8283539,48.0332787],[23.8283,48.0333726],[23.8280684,48.0337233],[23.8277919,48.0340156],[23.8276818,48.0341013],[23.8274177,48.0342688],[23.8273364,48.0343359],[23.8272992,48.0343922],[23.827278,48.0344474],[23.827256,48.0346231],[23.8272279,48.0347188],[23.8271973,48.0347707],[23.8271643,48.034801],[23.8269816,48.034928],[23.8268524,48.0350084],[23.8267472,48.0351019],[23.8266651,48.0352052],[23.8266403,48.0353108],[23.8266472,48.0354525],[23.8266674,48.0355076],[23.8266963,48.0356222],[23.8266769,48.0358663],[23.8265871,48.0361141],[23.8265636,48.0362399],[23.8265562,48.0363113],[23.8265771,48.036399],[23.8265965,48.0364727],[23.826635,48.0365671],[23.8268038,48.0368151],[23.8268639,48.0369343],[23.8268888,48.037],[23.8268897,48.0370701],[23.8268599,48.037228],[23.8268404,48.0373211],[23.826774,48.0374785],[23.8265537,48.0378552],[23.8262577,48.0382668],[23.8262018,48.0383876],[23.8261947,48.0384789],[23.8262123,48.0385587],[23.8262355,48.0386642],[23.8262841,48.0388622],[23.8262835,48.0388911],[23.8262823,48.0389463],[23.8262119,48.0391897],[23.8261799,48.0392965],[23.8261056,48.0394534],[23.8260676,48.0395109],[23.8259585,48.0396587],[23.8257569,48.0399071],[23.8256738,48.0400281],[23.8256122,48.0401215],[23.8248503,48.0414414],[23.8246744,48.0418086],[23.8245724,48.0422232],[23.8244156,48.0425515],[23.8243671,48.042697],[23.8243635,48.0427334],[23.8243656,48.0427999],[23.8243809,48.0428553],[23.8244248,48.0429382],[23.8244561,48.04304],[23.8244645,48.0431185],[23.8244533,48.0432122],[23.824397,48.0433442],[23.8241205,48.0438961],[23.8240409,48.0440266],[23.8239491,48.0441249],[23.8238553,48.0442027],[23.8235237,48.0444264],[23.8232898,48.0445888],[23.8232003,48.044651],[23.8226904,48.0449881],[23.8223166,48.0452833],[23.8220896,48.0454858],[23.8218683,48.0456293],[23.8205981,48.0463753]]}},
{"type":"Feature","properties":{"full_id":"w122118912","ref":"О-071305","length_km":8.86038,"name:uk":"Драгівська сільська громада","lenght_roads":8.8604,"id_roads":"48182"},"geometry":{"type":"LineString","coordinates":[[23.5433507,48.2183665],[23.5432158,48.2182668],[23.5421621,48.2175526],[23.5413859,48.2170394],[23.5407562,48.2166293],[23.5403892,48.2163498],[23.5398066,48.2158106],[23.5396956,48.2157189],[23.5392711,48.2153683],[23.5388517,48.2150581],[23.5385406,48.2148632],[23.5372978,48.2142228],[23.5361373,48.2136551],[23.5349244,48.2130935],[23.5344207,48.2129027],[23.5340506,48.2127857],[23.5325564,48.2123168],[23.5306334,48.2117051],[23.5298557,48.2114361],[23.5288012,48.2110048],[23.527495,48.21043],[23.525328,48.2094765],[23.5240922,48.2088832],[23.5236819,48.2086779],[23.5234061,48.2084735],[23.5231415,48.2082498],[23.5220587,48.207248],[23.5216998,48.206901],[23.5215868,48.2067859],[23.5212061,48.2064137],[23.5158093,48.2013857],[23.5146648,48.2002776],[23.511079,48.1969757],[23.5107041,48.1966839],[23.5098034,48.1958987],[23.5078165,48.1944969],[23.5071376,48.1940102],[23.5069988,48.1939313],[23.5054982,48.1930789],[23.5047074,48.1925796],[23.5042764,48.1923302],[23.5040332,48.1921975],[23.5037759,48.1920613],[23.5033207,48.1918312],[23.502718,48.1915618],[23.5024522,48.1914804],[23.5022728,48.1914512],[23.5020855,48.1914888],[23.5019215,48.1915546],[23.5014633,48.1917745],[23.5011669,48.1918931],[23.5008471,48.1919933],[23.5004955,48.1920915],[23.5002616,48.19214],[23.5000214,48.1921798],[23.4999318,48.1921663],[23.4998408,48.1921124],[23.4996784,48.1919555],[23.4995869,48.1918507],[23.4994319,48.1915164],[23.4993488,48.1913257],[23.4989522,48.1905574],[23.4986105,48.1900279],[23.4985135,48.1898243],[23.4983337,48.1893212],[23.4982917,48.1891013],[23.4983161,48.1887763],[23.498358,48.188218],[23.4983609,48.187894],[23.4982446,48.1868812],[23.4979946,48.1860001],[23.4977245,48.1853111],[23.4975349,48.1849653],[23.4973906,48.1847021],[23.4966628,48.1833806],[23.4956586,48.1816164],[23.4946992,48.1796],[23.4941373,48.1783096],[23.4940299,48.1779896],[23.4938756,48.1773929],[23.493815,48.1771583],[23.4937316,48.1769773],[23.4935748,48.176765],[23.4932831,48.1764169],[23.4926775,48.1756819],[23.4912643,48.1739198],[23.4909062,48.173488],[23.4906498,48.1731639],[23.4904396,48.1729152],[23.4900352,48.1726014],[23.4894659,48.172145],[23.4886633,48.171647],[23.4881017,48.1712982],[23.487437,48.1709897],[23.4860846,48.1704074],[23.483868,48.1694973],[23.4835442,48.1693436],[23.4833179,48.1692025],[23.4829264,48.1688918],[23.48111,48.1675553],[23.4802893,48.1669448],[23.4800684,48.1667992],[23.4792479,48.166253],[23.4773496,48.1650666],[23.4771257,48.1649524],[23.4737638,48.1630047],[23.4704768,48.1608141],[23.470183991895752,48.160619603816045]]}},
{"type":"Feature","properties":{"full_id":"w846193883","ref":"С-070735","length_km":2.0622,"name:uk":"Мукачівська міська громада","lenght_roads":2.0622,"id_roads":"62327"},"geometry":{"type":"LineString","coordinates":[[22.811486949794404,48.313902357372861],[22.8115168,48.3141742],[22.8119026,48.3169825],[22.8123021,48.3198627],[22.8115893,48.3219019],[22.8112988,48.3225235],[22.8075047,48.3254073],[22.7995584,48.3281764]]}},
{"type":"Feature","properties":{"full_id":"w798342312","ref":"С-070717","length_km":0.76166,"name:uk":"Верхньокоропецька сільська громада","lenght_roads":0.7617,"id_roads":"66843"},"geometry":{"type":"LineString","coordinates":[[22.745007370957026,48.374231844283351],[22.745005,48.3742755],[22.745064,48.3744375],[22.745073557686659,48.374456214860736]]}},
{"type":"Feature","properties":{"full_id":"w176766632","ref":"С-070203","length_km":3.3284,"name:uk":"Дубриницько-Малоберезнянська сільська громада","lenght_roads":3.3284,"id_roads":"98133"},"geometry":{"type":"LineString","coordinates":[[22.592307,48.8416969],[22.5928029,48.8417156],[22.5933082,48.8417051],[22.5936146,48.8417418],[22.5938467,48.8417937],[22.5940159,48.8418603],[22.5941073,48.8419315],[22.5941589,48.8419948],[22.5941939,48.8420774],[22.5942422,48.8422477],[22.5943455,48.8423843],[22.5945685,48.8425078],[22.5948675,48.8425864],[22.5951366,48.8426428],[22.5954526,48.8427034],[22.595864,48.8427769],[22.596247,48.8428183],[22.5966722,48.8428306],[22.5970592,48.8428199],[22.597343,48.8427892],[22.5977343,48.8427179],[22.5984762,48.842588],[22.5988446,48.8425135],[22.5991915,48.842455],[22.5995396,48.8423935],[22.5998386,48.8423357],[22.6000598,48.8422598],[22.6002661,48.8421702],[22.6005053,48.8420839],[22.6009873,48.8419225],[22.6012901,48.8418215],[22.6023397,48.8414638],[22.6027213,48.8413564],[22.6030503,48.8412906],[22.6035388,48.8411885],[22.6039064,48.8410734],[22.604146,48.8409716],[22.6045434,48.8408274],[22.6049835,48.8407143],[22.6054037,48.8406295],[22.6056953,48.8405666],[22.6059532,48.8405354],[22.6063807,48.840487],[22.6072278,48.8404578],[22.607606,48.8404592],[22.6079475,48.8405012],[22.6081797,48.8405302],[22.6084991,48.8405412],[22.6087061,48.8404956],[22.6089114,48.8404159],[22.6090587,48.8402773],[22.6091523,48.8399214],[22.6092272,48.8398044],[22.6094061,48.8396554],[22.6098667,48.8394459],[22.6102189,48.8392894],[22.6105297,48.8391265],[22.610801,48.8389747],[22.6110537,48.8388638],[22.6113537,48.8387824],[22.6117168,48.8387273],[22.6121564,48.8386473],[22.6125854,48.8385434],[22.6130074,48.8383991],[22.613296,48.8382801],[22.6135144,48.8381398],[22.6137566,48.8379232],[22.6140207,48.8376614],[22.6143449,48.8372744],[22.6145071,48.8370918],[22.6145556,48.8370096],[22.6149311,48.8363199],[22.6150229,48.836125],[22.61523,48.8357733],[22.6153333,48.8356154],[22.6154499,48.8354738],[22.6155855,48.8353818],[22.6157985,48.8352779],[22.6161448,48.8351711],[22.6163727,48.8351308],[22.6166956,48.8350901],[22.6172829,48.8350324],[22.6179378,48.8349981],[22.6185683,48.8349136],[22.619065,48.8348925],[22.6195237,48.834859],[22.6199696,48.8348265],[22.6203918,48.8347837],[22.6210538,48.8347165],[22.6215163,48.8346273],[22.6218817,48.83455],[22.6221476,48.8344258],[22.6223036,48.8342824],[22.6225153,48.8341018],[22.6228506,48.8338785],[22.623059,48.8337869],[22.6232989,48.8337248],[22.6235575,48.8336704],[22.6239812,48.8336115],[22.6245397,48.8336083],[22.6249326,48.833591],[22.6252699,48.8335321],[22.625539,48.8334352],[22.6256866,48.8332719],[22.6258372,48.8329191],[22.6260267,48.832618],[22.6262918,48.8324135],[22.6266136,48.8322357],[22.6269968,48.8320948],[22.6273494,48.8320247],[22.6280856,48.83191],[22.6283552,48.8318576],[22.6284795,48.8318348],[22.6286028,48.8318095],[22.6288453,48.831742],[22.6290693,48.8316636],[22.6292611,48.831573],[22.6295178,48.8313907],[22.6297234,48.8311838]]}},
{"type":"Feature","properties":{"full_id":"w122239693","ref":"С-070733","length_km":3.07914,"name:uk":"Верхньокоропецька сільська громада","lenght_roads":3.0791,"id_roads":"52313"},"geometry":{"type":"LineString","coordinates":[[22.8534791,48.3993687],[22.8538263,48.3994328],[22.8540057,48.3994659],[22.8556917,48.39951],[22.8579193,48.399527],[22.8590075,48.3991335],[22.8617364,48.3981109],[22.862423,48.3978536],[22.8696466,48.3948753],[22.8702201,48.3945661],[22.8719151,48.3932829],[22.8724247,48.3930834],[22.8730094,48.392891],[22.8735297,48.3928305],[22.8737229,48.3928555],[22.8739294,48.3929944],[22.8741038,48.3934521],[22.8742915,48.3938029],[22.8745812,48.3942731],[22.8749191,48.3951208],[22.8751874,48.3955999],[22.8752668,48.3956922],[22.8755844,48.3960612],[22.8760832,48.3966738],[22.8763783,48.3973185],[22.8767323,48.3979632],[22.8768182,48.3984013],[22.876884,48.3985312],[22.87707,48.3987534],[22.8773836,48.399064],[22.8778546,48.3995146],[22.8782402,48.3999929],[22.8784666,48.4005176],[22.8787564,48.4010312],[22.8789157,48.4014749],[22.8790153,48.4021176],[22.8793394,48.4030882],[22.8796862,48.4037853],[22.8798768,48.4041279]]}},
{"type":"Feature","properties":{"full_id":"w204578580","ref":"С-070516","length_km":0.73025,"name:uk":"Іршавська міська громада","lenght_roads":0.7303,"id_roads":"70100"},"geometry":{"type":"LineString","coordinates":[[23.0448626,48.2923156],[23.0450299,48.2918957],[23.0450872,48.2916622],[23.045123,48.2912572],[23.0452089,48.2910619],[23.0461368,48.2903893],[23.047463,48.2893797],[23.0487198,48.2884416],[23.0494496,48.2879275],[23.049610190662815,48.287842548666092]]}},
{"type":"Feature","properties":{"full_id":"w151906927","ref":"С-070108","length_km":4.21047,"name:uk":"Батівська селищна громада","lenght_roads":4.2105,"id_roads":"50122"},"geometry":{"type":"LineString","coordinates":[[22.4050009,48.3423976],[22.4039918,48.3422712],[22.4039359,48.342266],[22.4034152,48.3422287],[22.4029287,48.3422306],[22.402279,48.3422682],[22.401683,48.3423685],[22.4013613,48.3424365],[22.3991438,48.342905],[22.3984104,48.3431355],[22.397785,48.3434151],[22.3959713,48.3444203],[22.3955221,48.344768],[22.3950445,48.3453008],[22.3947602,48.3457392],[22.394385,48.3466838],[22.3943679,48.3471637],[22.3944524,48.3480754],[22.3946084,48.3497592],[22.3946124,48.3501224],[22.3945328,48.3504814],[22.394082,48.3514505],[22.3936826,48.3522529],[22.3928028,48.3538286],[22.3916258,48.355921],[22.3905715,48.3577598],[22.3904157,48.357969],[22.3902038,48.3582078],[22.3899422,48.3584831],[22.3897263,48.3586765],[22.389501,48.3588547],[22.3892715,48.35901],[22.3889198,48.3592406],[22.3886911,48.3593737],[22.3884661,48.3594686],[22.3880196,48.3596249],[22.3875507,48.3597634],[22.387315,48.3598135],[22.3869171,48.3598515],[22.3860463,48.3598707],[22.3837766,48.3599552],[22.3829294,48.3599868],[22.3821448,48.3600034],[22.3810707,48.3600334],[22.3803573,48.3600608],[22.3799259,48.3600132],[22.3770243,48.3595565],[22.3741723,48.3591213],[22.372183,48.358823],[22.3701973,48.3585114],[22.3695454,48.3584127],[22.3690082,48.3583508]]}},
{"type":"Feature","properties":{"full_id":"w203095467","ref":"С-070903","length_km":3.49216,"name:uk":"Солотвинська селищна громада","lenght_roads":3.4922,"id_roads":"79897"},"geometry":{"type":"LineString","coordinates":[[23.9084454,47.9831664],[23.9085522,47.9832077],[23.9087498,47.9833332],[23.9088016,47.9834021],[23.908841,47.9834844],[23.9088303,47.9835954],[23.9087674,47.9837184],[23.9086586,47.983907],[23.9084941,47.9840416],[23.9083008,47.9841915],[23.9081732,47.9842597],[23.908098,47.9843673],[23.9080424,47.9844482],[23.9080544,47.984627],[23.9081262,47.9848623],[23.9083485,47.9850399],[23.908799,47.9852766],[23.9091178,47.985402],[23.9094322,47.9855684],[23.9095518,47.9856833],[23.9096264,47.9857768],[23.9096453,47.9859622],[23.9096349,47.9860513],[23.9095862,47.9861421],[23.9094096,47.9862452],[23.9093702,47.986328],[23.9093663,47.9864171],[23.9094627,47.9866445],[23.9096351,47.9869161],[23.9097486,47.9870102],[23.9106756,47.9874336],[23.9107895,47.9875034],[23.9108706,47.9876121],[23.9108795,47.9877747],[23.9108453,47.9879142],[23.9104395,47.9886203],[23.9104085,47.9887444],[23.9104152,47.9888741],[23.9104902,47.9891702],[23.910617,47.9894384],[23.9106221,47.9902681],[23.9101929,47.9907419],[23.9100213,47.9909928],[23.9098358,47.9913131],[23.9098486,47.9915196],[23.9099777,47.9918509],[23.9103564,47.9920401],[23.9106303,47.9923592],[23.9109143,47.9927054],[23.9110564,47.9930041],[23.9110259,47.9932553],[23.910752,47.9937645],[23.9106376,47.9938823],[23.9104883,47.994036],[23.9101434,47.9942397],[23.9098219,47.9946234],[23.909768,47.9946877],[23.909484,47.9952579],[23.9094183,47.9957343],[23.9093838,47.9974316],[23.9089679,47.9987001],[23.9088476,47.9989298],[23.9085621,47.99944],[23.9084506,48.0000305],[23.9083638,48.0009256],[23.9083925,48.0021447],[23.908579,48.0029222],[23.9085646,48.0031238],[23.9081799,48.004643],[23.9080266,48.0051371],[23.9078222,48.0053355],[23.9069946,48.0057761],[23.9067794,48.0059248],[23.9065212,48.0062176],[23.9064064,48.0064336],[23.906369,48.0071904],[23.906349,48.0075949],[23.9062271,48.0077917],[23.9059975,48.0079405],[23.9058697,48.0080547],[23.905338,48.0085301],[23.9051587,48.009034],[23.9047355,48.0098066],[23.9045059,48.0101618],[23.9041042,48.0104593],[23.903845,48.0106433],[23.9032769,48.0107587],[23.9026074,48.0109283]]}},
{"type":"Feature","properties":{"full_id":"w269215931","ref":"С-070710","length_km":5.26587,"name:uk":"Івановецька сільська громада","lenght_roads":5.2659,"id_roads":"62370"},"geometry":{"type":"LineString","coordinates":[[22.6470275,48.5510052],[22.6468842,48.5508861],[22.6461346,48.550071],[22.6460282,48.5499779],[22.6458664,48.5499188],[22.6455981,48.5499103],[22.6445252,48.5499695],[22.6439966,48.5499952],[22.6437418,48.5500428],[22.6427369,48.5503246],[22.6421034,48.5504712],[22.6414281,48.5505886],[22.6412169,48.5506093],[22.6410339,48.5506036],[22.6408194,48.5505531],[22.6405708,48.550432],[22.6403643,48.5502815],[22.6397572,48.549839],[22.6375851,48.5482558],[22.637136,48.5479748],[22.6367825,48.5478711],[22.6357198,48.5477297],[22.6353824,48.5477109],[22.6353013,48.5479037],[22.6352067,48.5480331],[22.6350005,48.5482031],[22.6348248,48.5483463],[22.6346694,48.5484961],[22.634541,48.5486483],[22.6344872,48.5487161],[22.6343821,48.5489234],[22.6342767,48.549072],[22.6341489,48.5492456],[22.6340543,48.5493462],[22.6337447,48.5496482],[22.6336696,48.5497476],[22.6336293,48.5498494],[22.6336005,48.5500729],[22.6336219,48.5502114],[22.6336207,48.5503427],[22.6335812,48.550458],[22.6335305,48.5505587],[22.6334697,48.5506817],[22.6333717,48.5508249],[22.6332061,48.5509793],[22.6329189,48.5512119],[22.6327533,48.5514289],[22.6326181,48.5516973],[22.6324931,48.5519881],[22.6324221,48.5520776],[22.6322842,48.5522073],[22.6320756,48.5523905],[22.6319508,48.5525184],[22.6318814,48.5526145],[22.6318746,48.5526928],[22.6319079,48.5528131],[22.6319726,48.553035],[22.6319591,48.5531469],[22.6319354,48.5532167],[22.6319084,48.5533415],[22.6318104,48.5535092],[22.6315198,48.5539655],[22.6310657,48.5546322],[22.6309937,48.5548388],[22.6309669,48.5550589],[22.6310092,48.5553114],[22.6312888,48.556323],[22.6315406,48.5572168],[22.6317462,48.5579467],[22.6318735,48.5582367],[22.6320719,48.5585312],[22.6322806,48.5587931],[22.6342016,48.5614036],[22.6360094,48.5641302],[22.6361382,48.5642544],[22.6363451,48.5643135],[22.6368056,48.5644696],[22.6370233,48.5646094],[22.6372057,48.5647656],[22.6373589,48.56497],[22.6380908,48.5659336],[22.638347,48.5662247],[22.6386809,48.5664767],[22.6394476,48.5670189],[22.6395637,48.5671619],[22.63955,48.5673216],[22.6394963,48.5675949],[22.63955,48.5677085],[22.6397173,48.5677951],[22.6399684,48.5678505],[22.6402205,48.5679357],[22.6404405,48.5680777],[22.6406389,48.5682197],[22.6408102,48.5684238],[22.6415939,48.5697701],[22.6422169,48.5708164],[22.642698,48.5721378],[22.6427364,48.5723266],[22.6427096,48.5724722],[22.6426399,48.572639],[22.6426235,48.5727837],[22.6426881,48.57293],[22.6427472,48.5730862],[22.6427463,48.5732604],[22.6426399,48.5736009],[22.6425326,48.5739913],[22.6424947,48.574282],[22.64245,48.5746246],[22.6423395,48.575514],[22.6422164,48.5770263],[22.6421195,48.5773951],[22.64198,48.577789],[22.6418378,48.5780843],[22.6416689,48.5784349],[22.6413795,48.5789352],[22.6402688,48.5807134],[22.6400864,48.5811038],[22.6400408,48.5812031],[22.6400238,48.581294],[22.640014,48.5813664],[22.6400247,48.5814959],[22.6400484,48.5816352]]}},
{"type":"Feature","properties":{"full_id":"w122239692","ref":"С-070705","length_km":1.6079,"name:uk":"Кольчинська селищна громада","lenght_roads":1.6079,"id_roads":"45004"},"geometry":{"type":"LineString","coordinates":[[22.7569793,48.4450549],[22.7570489,48.4450724],[22.7576835,48.4452369],[22.7580296,48.4452424],[22.7586394,48.4449808],[22.758737,48.4449349],[22.7589606,48.4448432],[22.7600664,48.4444886],[22.7607372,48.4443106],[22.7611362,48.4442555],[22.7613816,48.4442216],[22.7617007,48.4441529],[22.7625463,48.4439519],[22.7630179,48.44372],[22.7634687,48.4435167],[22.7640491,48.4434128],[22.7646064,48.4434158],[22.7654402,48.4435503],[22.7666084,48.4436861],[22.7673333,48.4437703],[22.7677009,48.443763],[22.7683193,48.4436773],[22.768673,48.4436953],[22.7689511,48.4437095],[22.7696768,48.4438193],[22.7700253,48.4438721],[22.7706082,48.4439101],[22.7708961,48.4439135],[22.7719274,48.4436013],[22.772377,48.4435014],[22.772962,48.4435604],[22.7734569,48.4435669],[22.7737919,48.4435194],[22.7738144,48.4435108],[22.7739179,48.4434715],[22.7740036,48.4434179],[22.774247,48.4429606],[22.7745787,48.4427008],[22.7748412,48.4425786],[22.7751083,48.4425985],[22.7757394,48.4429942],[22.7762291,48.4433361],[22.776352,48.4434219],[22.776468820194637,48.443441313858081]]}},
{"type":"Feature","properties":{"full_id":"w129037722","ref":"С-070810","length_km":8.12952,"name:uk":"Тур'є-Реметівська сільська громада","lenght_roads":8.1295,"id_roads":"76170"},"geometry":{"type":"LineString","coordinates":[[22.7953354,48.6796362],[22.7951864,48.6798742],[22.7944902,48.6805516],[22.7943743,48.6806801],[22.7941659,48.6810584],[22.7937958,48.6818234],[22.7937485,48.682019],[22.7937527,48.682102],[22.7937791,48.682173],[22.7938253,48.6822663],[22.7939519,48.6824209],[22.7946104,48.6831206],[22.794743,48.683261],[22.7948956,48.6834374],[22.7950349,48.6836235],[22.7957283,48.6850305],[22.7959101,48.6853918],[22.7963524,48.6862052],[22.7965109,48.6864767],[22.7965638,48.6865611],[22.796651,48.6866537],[22.7967458,48.6867366],[22.797925,48.6876138],[22.7983927,48.6880148],[22.7987144,48.6883655],[22.7988974,48.68857],[22.7991161,48.6888076],[22.7992862,48.6890717],[22.7993684,48.6892716],[22.7994275,48.6894696],[22.7995012,48.689768],[22.7996354,48.6902364],[22.7997185,48.690544],[22.8003271,48.6928124],[22.8004654,48.6933359],[22.8006447,48.6938957],[22.8007513,48.6943324],[22.800865,48.6946947],[22.8008977,48.6949107],[22.8009001,48.6951125],[22.8008546,48.6952767],[22.8007638,48.6954019],[22.8006413,48.6955232],[22.8005295,48.6956666],[22.8004848,48.6957958],[22.8004593,48.6959301],[22.8004826,48.6960742],[22.8006604,48.6965469],[22.8007404,48.6968927],[22.800827,48.6972038],[22.8010232,48.6976506],[22.8012643,48.6982275],[22.8015606,48.6988663],[22.8017133,48.6990757],[22.8018265,48.6992204],[22.8020186,48.6994069],[22.8022138,48.6996568],[22.8023823,48.7001182],[22.8024883,48.7003933],[22.8026134,48.7005684],[22.8027505,48.7007225],[22.8029106,48.7008582],[22.804407,48.701831],[22.804868,48.7022416],[22.8056701,48.7032218],[22.80588,48.7034],[22.8060267,48.7035385],[22.8061901,48.7037704],[22.8062439,48.7038902],[22.8062345,48.7040141],[22.8061926,48.7041233],[22.8059993,48.7043432],[22.805961,48.7044389],[22.8059529,48.7045088],[22.8059746,48.704574],[22.8060267,48.7046318],[22.8062298,48.7047382],[22.8065097,48.7049359],[22.8067159,48.7051948],[22.8068101,48.7053019],[22.8068887,48.7053884],[22.8069842,48.705516],[22.8072283,48.7058116],[22.8073194,48.7059488],[22.8073972,48.7061408],[22.8076815,48.7068781],[22.8077232,48.707029],[22.8077535,48.7076918],[22.8077379,48.7079409],[22.8076944,48.7081451],[22.8073282,48.7088859],[22.8072741,48.7090866],[22.8072684,48.7092598],[22.8072398,48.7100751],[22.8071668,48.7105627],[22.8071499,48.7106956],[22.8071637,48.7108673],[22.8072672,48.7111924],[22.8072899,48.7114605],[22.8072815,48.7116709],[22.807255,48.7117668],[22.8071961,48.711873],[22.8071177,48.711968],[22.8066451,48.7124595],[22.8065872,48.7125781],[22.8065766,48.7126962],[22.8066161,48.7131601],[22.8067012,48.7135745],[22.8067012,48.7136771],[22.8066583,48.7138222],[22.8065523,48.7139906],[22.8062224,48.7144045],[22.8060517,48.7147301],[22.8059142,48.7151395],[22.8058175,48.7154274],[22.8058103,48.7155912],[22.8058231,48.7157749],[22.8059193,48.716038],[22.8062134,48.7164138],[22.8063783,48.7167648],[22.8064746,48.7169334],[22.8066462,48.7171706],[22.8067417,48.717324],[22.806783,48.7174572],[22.8067962,48.7175971],[22.8067374,48.7181315],[22.8067459,48.7183888],[22.8070325,48.719018],[22.8071827,48.7193366],[22.8072556,48.7196684],[22.8073073,48.7205077],[22.8073114,48.7206354],[22.8072765,48.7207151],[22.8072417,48.7207699],[22.8071022,48.7208725],[22.8066467,48.7211516],[22.8064118,48.7213613],[22.8059586,48.721782],[22.8058209,48.7219152],[22.8053524,48.7223685],[22.8051442,48.722665],[22.8049318,48.7228769],[22.8042005,48.723452],[22.8035494,48.7240814],[22.8031481,48.7243436],[22.8028951,48.724509],[22.8024432,48.7248397],[22.8020389,48.7252181],[22.7995444,48.7268541],[22.7993506,48.726993],[22.7991256,48.7270839],[22.7981798,48.7272905],[22.7979183,48.7273893],[22.7976125,48.7275344],[22.7969677,48.7278154],[22.7960553,48.7281732],[22.7955789,48.7283133],[22.7938862,48.7285896],[22.7926505,48.7287693],[22.7917903,48.7288917],[22.7901291,48.7294105],[22.7897644,48.7294717],[22.7890608,48.7295697],[22.7885742,48.7296856],[22.788298,48.7297848],[22.7877206,48.7300732],[22.7874456,48.7301636],[22.7872753,48.7301936],[22.7869547,48.7302305],[22.7865672,48.7303139],[22.7863794,48.7303687],[22.7861917,48.7304501],[22.7858773,48.7306775],[22.7856605,48.7308375],[22.7854729,48.7309596],[22.7853679,48.7310057],[22.7850947,48.7310693],[22.7848057,48.7310905],[22.7843674,48.7310612],[22.7840238,48.7310692],[22.7830616,48.7312957],[22.7827745,48.7313948],[22.7824339,48.7314538],[22.7817741,48.7314691],[22.7809698,48.7314811],[22.7806905,48.7314974],[22.7804587,48.7315269],[22.7802694,48.7315576],[22.780087,48.731616],[22.779462,48.7318848],[22.7791843,48.7319475],[22.7789068,48.7319663],[22.7787057,48.7319574],[22.7785732,48.7319571],[22.778306,48.7319963],[22.7776623,48.732198],[22.7774477,48.7322334],[22.7771714,48.732267],[22.776808,48.7323859],[22.7763024,48.7325642],[22.7758487,48.7327445],[22.7756157,48.7328791],[22.7753663,48.7331003],[22.7748499,48.7333865],[22.7736738,48.7340379],[22.7731347,48.7343032],[22.772896,48.7344377],[22.7727646,48.7345191],[22.7726578,48.7346153],[22.7723515,48.7350091],[22.7720496,48.7352529]]}},
{"type":"Feature","properties":{"full_id":"w122239698","ref":"О-070702","length_km":16.94972,"name:uk":"Іршавська міська громада","lenght_roads":16.9497,"id_roads":"57490"},"geometry":{"type":"LineString","coordinates":[[23.0400491,48.3117764],[23.0402918,48.3117651],[23.0407549,48.3117463],[23.0410118,48.3117359],[23.0412758,48.3117424],[23.0414093,48.3117643],[23.0415297,48.3118045],[23.0416247,48.3118519],[23.0417076,48.3119477],[23.0418225,48.3121373],[23.0419669,48.3123986],[23.0423165,48.3130904],[23.042399,48.3132535],[23.0424752,48.3135077],[23.0425442,48.3137481],[23.0425744,48.3141565],[23.0425431,48.3143986],[23.0424004,48.3155149],[23.0423871,48.3156374],[23.0423779,48.3157226],[23.0421863,48.3174486],[23.0421029,48.3178284],[23.0420181,48.3181216],[23.0419147,48.3184223],[23.0418951,48.3184524],[23.0416881,48.3187713],[23.040287,48.3211019],[23.0396206,48.3223296],[23.039342,48.3228677],[23.0393171,48.3229712],[23.0392851,48.3232956],[23.039234,48.3234277],[23.0391284,48.3235948],[23.0387353,48.3240422],[23.0386358,48.3241982],[23.0385422,48.3243877],[23.0382341,48.3251005],[23.0381204,48.3252177],[23.0379815,48.3253316],[23.0379127,48.3253793],[23.0376065,48.3255552],[23.0362855,48.3263332],[23.0362399,48.3263599],[23.0354343,48.3268315],[23.0335092,48.3279584],[23.0313211,48.3292749],[23.0304646,48.3297713],[23.0272764,48.3316191],[23.0272065,48.3316609],[23.0226682,48.3343787],[23.0222407,48.3346347],[23.0211791,48.3352605],[23.0192369,48.3364],[23.0181885,48.3370151],[23.014727,48.3390107],[23.0131056,48.3399563],[23.0114186,48.3409663],[23.0109159,48.3412682],[23.0089319,48.3424456],[23.0085343,48.3426864],[23.0084464,48.3427396],[23.0082789,48.3428513],[23.0081438,48.3429635],[23.0080638,48.3430544],[23.0079481,48.3431955],[23.0057851,48.3466199],[23.0044497,48.3487507],[23.0039714,48.3494787],[23.0038927,48.3495984],[23.0024585,48.3517772],[23.0017916,48.352927],[23.0010363,48.354229],[23.0002457,48.3555376],[23.0001666,48.355723],[23.0001103,48.3558909],[23.0000762,48.3560169],[23.0000747,48.3561592],[23.0004291,48.3601538],[23.0003358,48.3605104],[22.9984464,48.3644135],[22.9983544,48.3645575],[22.9977998,48.3649522],[22.9977264,48.3650092],[22.9974884,48.3651856],[22.997067,48.365466],[22.9965976,48.3657757],[22.9944172,48.3672142],[22.989147,48.3707394],[22.9889552,48.3708145],[22.9887491,48.3708435],[22.9870803,48.3709289],[22.9796154,48.3713422],[22.979044,48.3713484],[22.9784756,48.3713433],[22.978158,48.3713384],[22.977749,48.3713333],[22.977278,48.3713155],[22.975273,48.3712269],[22.9749217,48.3712416],[22.9745521,48.371281],[22.9712289,48.3718134],[22.970649,48.3719505],[22.9696975,48.3723317],[22.9687829,48.3727539],[22.9683958,48.372976],[22.9671393,48.374012],[22.9668095,48.3742894],[22.9643185,48.3763477],[22.964128,48.3765126],[22.9640367,48.3766307],[22.9639694,48.3767386],[22.962898,48.379168],[22.9627563,48.3795525],[22.9625634,48.380076],[22.9620282,48.3820608],[22.9613472,48.3842717],[22.9611384,48.3849018],[22.960679,48.3862437],[22.9597219,48.3890392],[22.9589891,48.3911796],[22.9588309,48.3915672],[22.9586423,48.3918221],[22.9567315,48.3936707],[22.956597,48.3937975],[22.9564411,48.39391],[22.9562293,48.3940167],[22.9560348,48.3940933],[22.955682,48.3942245],[22.9554513,48.3942886],[22.9552883,48.3943193],[22.9551305,48.3943272],[22.9549702,48.3943108],[22.9544857,48.3942067],[22.9532412,48.3938826],[22.9513063,48.3933606],[22.9511165,48.3933252],[22.9509721,48.3933092],[22.9508138,48.393309],[22.9506887,48.3933359],[22.950533,48.3934282],[22.9502675,48.3936456],[22.9497386,48.3939878],[22.9486228,48.3945671],[22.9481028,48.3948466],[22.9436769,48.397164],[22.9434404,48.3973127],[22.9433358,48.3973999],[22.9432574,48.3974929],[22.9426305,48.3985985],[22.9425715,48.398691],[22.9424802,48.3987872],[22.9422232,48.3989971],[22.9412624,48.3998486],[22.9402807,48.4007817],[22.9387783,48.4020616],[22.9386909,48.4021451],[22.9386116,48.4022448],[22.9385443,48.4023429],[22.9385141,48.4023594],[22.9382785,48.4025059],[22.9365473,48.403316],[22.9363915,48.4034189],[22.9362754,48.4035311],[22.9360921,48.403858],[22.935957,48.4041882],[22.9358853,48.4043151],[22.93578,48.4044197],[22.9356459,48.4044838],[22.9355064,48.4045158],[22.9353508,48.4045123],[22.935206,48.4044695],[22.9350704,48.4044077],[22.9349378,48.4043413],[22.9347929,48.4042202],[22.9345355,48.4039175],[22.9344764,48.4038605],[22.9343684,48.4038103],[22.9342762,48.4038084],[22.934176,48.4038463],[22.9341438,48.4039246],[22.9341546,48.4040457],[22.9341893,48.4042365],[22.9342006,48.404378],[22.9342042,48.4045026],[22.934176,48.4047704],[22.9341481,48.4049076],[22.9340902,48.4049912],[22.9339898,48.4050927],[22.9337882,48.4052017],[22.9333624,48.4053245],[22.9329578,48.4054187],[22.9319208,48.40566],[22.9312551,48.4058548],[22.9309649,48.4059784],[22.9306072,48.4061296],[22.9304269,48.4062727],[22.9298727,48.4066971],[22.9296773,48.406795],[22.929152,48.4069382],[22.9286824,48.4069487],[22.9284575,48.4069142],[22.9280128,48.4068369],[22.9277172,48.4067505],[22.9276229,48.4066795],[22.9275919,48.4066561],[22.9275708,48.4065837],[22.9276286,48.4065088],[22.9277483,48.4064489],[22.9280159,48.4064896],[22.9282295,48.4065799],[22.928479,48.4066401],[22.9286775,48.4066131],[22.9288491,48.4065546],[22.929037,48.4064207],[22.9292301,48.4062555],[22.9293909,48.4060846],[22.9295246,48.4059013],[22.9295787,48.4057641],[22.9295622,48.4056431],[22.929431,48.4054222],[22.9284936,48.4043703],[22.9277002,48.4033657],[22.9274315,48.4030313],[22.9271764,48.4024839],[22.9270387,48.402053],[22.9269667,48.401888],[22.9268596,48.4016427],[22.9266322,48.4014215],[22.9263928,48.4012498],[22.9260367,48.4010475],[22.9255187,48.4008454],[22.9248819,48.4005975],[22.9245615,48.4005097],[22.9242344,48.4004693],[22.9237914,48.4004617],[22.9235403,48.4004808],[22.9232785,48.4004837],[22.9231142,48.400451],[22.9229826,48.4003869],[22.9228702,48.4002901],[22.9222869,48.3994159],[22.921693,48.398807],[22.9215115,48.3986401],[22.9214361,48.3985296],[22.9214099,48.3984063],[22.9214262,48.3982407],[22.9216443,48.3978081],[22.9216916,48.397662],[22.9216893,48.3975064],[22.9217252,48.3973255],[22.9218499,48.397164],[22.9221966,48.3967706],[22.9222679,48.3966863],[22.9222771,48.3965801],[22.922212,48.3964879],[22.9220942,48.3964384],[22.9219623,48.396435],[22.9217732,48.396473],[22.9215001,48.3966033],[22.9210937,48.3968903],[22.9208717,48.3969833],[22.920864279486494,48.396986808517028]]}},
{"type":"Feature","properties":{"full_id":"w148639626","ref":"С-070743","length_km":2.54795,"name:uk":"Великолучківська сільська громада","lenght_roads":2.5479,"id_roads":"91373"},"geometry":{"type":"LineString","coordinates":[[22.5679617,48.4192582],[22.5682408,48.4192258],[22.5684607,48.4192097],[22.5686595,48.4192085],[22.5688791,48.4192204],[22.569952,48.4192899],[22.5704509,48.4193433],[22.5706345,48.4193521],[22.5707996,48.4193397],[22.5710115,48.4193112],[22.5716793,48.419174],[22.5726282,48.418952],[22.572755,48.4189424],[22.5731327,48.4189203],[22.5733818,48.4189252],[22.5734952,48.4189321],[22.5736401,48.4189587],[22.5737343,48.418982],[22.5755337,48.4197492],[22.5756973,48.4198168],[22.575818,48.4198435],[22.5759307,48.419856],[22.5760603,48.4198564],[22.5787121,48.4197349],[22.5789185,48.4197157],[22.579101,48.4196601],[22.580249,48.4192471],[22.5816461,48.4187431],[22.5831091,48.4182383],[22.5833671,48.4181568],[22.5836433,48.4180883],[22.5839263,48.4180411],[22.586107,48.4176788],[22.5889907,48.4172035],[22.5969451,48.4158685],[22.6002576,48.4153044],[22.6004528,48.4152588],[22.6005295,48.4152261],[22.6006027,48.4151778],[22.6006679,48.4151274]]}},
{"type":"Feature","properties":{"full_id":"w867898485","ref":"С-071115","length_km":8.37788,"name:uk":"Нересницька сільська громада","lenght_roads":8.3779,"id_roads":"47169"},"geometry":{"type":"LineString","coordinates":[[23.720347497665369,48.049975519082793],[23.7204154,48.0500484],[23.7213787,48.0510426],[23.7222726,48.0519038],[23.7228114,48.0524233],[23.7237595,48.0533935],[23.7240375,48.0536851],[23.7241327,48.0537871],[23.725511,48.0551662],[23.727987,48.0576435],[23.7281352,48.0578566],[23.7281886,48.0580284],[23.7282219,48.0583174],[23.7282479,48.0584615],[23.728268,48.0585834],[23.7283154,48.0586508],[23.7284547,48.0588372],[23.7290874,48.0595639],[23.7297969,48.0602668],[23.7308268,48.0615099],[23.7315254,48.0624617],[23.7318528,48.0629287],[23.7321374,48.0633618],[23.733423,48.0653147],[23.7348489,48.0675628],[23.73504,48.0678777],[23.7355488,48.068695],[23.7360843,48.0694118],[23.7362838,48.0696055],[23.7364905,48.0697812],[23.7374372,48.0705113],[23.7378234,48.0707956],[23.7383007,48.0711793],[23.7391591,48.0718638],[23.7396419,48.0722652],[23.7399893,48.0725123],[23.7401971,48.0726327],[23.740586,48.0728352],[23.7417394,48.0734803],[23.7422287,48.0738103],[23.7425287,48.0740517],[23.7426678,48.0741828],[23.7427291,48.0742546],[23.7427642,48.0743132],[23.7427908,48.074398],[23.7427892,48.0745432],[23.7427671,48.0753012],[23.742721,48.0754141],[23.7426272,48.0755199],[23.7424963,48.0756803],[23.7424555,48.0757976],[23.7424127,48.0759105],[23.7423878,48.0761775],[23.7423322,48.0765503],[23.7423322,48.0767439],[23.7423509,48.0769124],[23.7423751,48.0770145],[23.7424408,48.0771678],[23.7426698,48.0776818],[23.7427255,48.0777906],[23.7428217,48.0779788],[23.7428622,48.0781291],[23.7428686,48.078251],[23.7428659,48.0783853],[23.7428498,48.0784857],[23.7428069,48.0786882],[23.7427908,48.0788029],[23.7428023,48.0789624],[23.7428498,48.0791183],[23.7429115,48.0792258],[23.7430349,48.0795143],[23.743169,48.0798405],[23.7433313,48.0801535],[23.7434292,48.0803369],[23.7435123,48.0805107],[23.7435797,48.0807258],[23.7438114,48.0817457],[23.7438664,48.0819048],[23.7439415,48.082084],[23.7442799,48.0828024],[23.7443638,48.08304],[23.7444162,48.083186],[23.744435,48.0832809],[23.7444565,48.0834297],[23.7444646,48.0835641],[23.7444726,48.0837235],[23.7444458,48.0839027],[23.7444101,48.0840496],[23.7443335,48.0842465],[23.7439416,48.0847486],[23.7439013,48.0848255],[23.7438945,48.0849007],[23.743912,48.0849814],[23.7439761,48.0850786],[23.7442541,48.0852854],[23.7450773,48.0859101],[23.7454006,48.0861532],[23.7455213,48.0862267],[23.7457209,48.0863472],[23.7459585,48.0864703],[23.7461969,48.086577],[23.7464118,48.0866674],[23.7465925,48.0867089],[23.7471481,48.0867886],[23.7473238,48.0868242],[23.747501,48.0868782],[23.7476349,48.0869362],[23.747764,48.0870353],[23.7479728,48.0872175],[23.7480922,48.0873519],[23.7482489,48.0875522],[23.7485388,48.0880175],[23.7486649,48.0882656],[23.7487728,48.0884639],[23.7488745,48.0886382],[23.7495875,48.0900519],[23.7497297,48.0902579],[23.7499745,48.0904827],[23.7502527,48.0906933],[23.7513386,48.091367],[23.7518808,48.0916912],[23.752444,48.0920209],[23.7526959,48.0922027],[23.752951,48.0924562],[23.7531428,48.092673],[23.7536631,48.0933421],[23.754158,48.0939539],[23.7549359,48.0949625],[23.7552255,48.0953441],[23.7554428,48.0957108],[23.7561885,48.0972483],[23.7563958,48.0977592],[23.7567131,48.0984661],[23.7569674,48.0989055],[23.7578273,48.1000804],[23.7583598,48.1007704],[23.7585651,48.1010258],[23.7588706,48.1012984],[23.7594512,48.1018131],[23.7611973,48.1032812],[23.7621242,48.1040425],[23.7622357,48.1041415],[23.7633875,48.1050796],[23.7646322,48.106019],[23.7650521,48.1062662],[23.7661412,48.1068447],[23.7664301,48.1070103],[23.7665526,48.1070982],[23.7665874,48.1071482],[23.7665988,48.1072205],[23.766582,48.1072807],[23.7665408,48.1073604],[23.7664171,48.1075082],[23.7663648,48.1075763],[23.7663326,48.1076371],[23.7663232,48.1076989],[23.7663272,48.1077679],[23.7663582,48.1078946],[23.7666927,48.1088681],[23.7667081,48.1090475],[23.7667161,48.1092652],[23.7667572,48.1097228],[23.766776,48.1099364],[23.7668322,48.1104224],[23.7668308,48.1105816],[23.7667935,48.1108381],[23.7668072,48.110988],[23.766861,48.1112244],[23.7669493,48.1114668],[23.7671515,48.1118142],[23.7680288,48.1128878],[23.768321,48.1131853],[23.7684166,48.1132498],[23.7685186,48.1133054],[23.7686339,48.1133645],[23.7687546,48.1134074],[23.768886,48.1134433],[23.7690193,48.1134649],[23.7691489,48.1134809],[23.7692664,48.113482],[23.7693769,48.1134746],[23.7694596,48.1134566],[23.7697859,48.1133564],[23.76992,48.113326],[23.7700141,48.1133107],[23.7701252,48.1132955],[23.7702137,48.1132847],[23.770317,48.1132803],[23.7704229,48.1132757]]}},
{"type":"Feature","properties":{"full_id":"w203891809","ref":"С-070909","length_km":4.99922,"name:uk":"Ясінянська селищна громада","lenght_roads":4.9992,"id_roads":"52672"},"geometry":{"type":"LineString","coordinates":[[24.3878951,48.3075044],[24.387772,48.3072238],[24.3876582,48.306721],[24.3876076,48.3065999],[24.3874665,48.3064199],[24.3870788,48.3056358],[24.3868751,48.3054469],[24.3866933,48.3051874],[24.3863149,48.3048535],[24.386234,48.3047764],[24.3862108,48.3046985],[24.3862014,48.3045626],[24.3862079,48.30439],[24.3862021,48.304361],[24.3860555,48.3040529],[24.3856037,48.3034187],[24.3851736,48.3027362],[24.3850126,48.3023972],[24.3846549,48.3018489],[24.3845925,48.3016701],[24.3845173,48.3013023],[24.3844444,48.3004811],[24.3844089,48.3003571],[24.3843269,48.3002356],[24.3841831,48.3001059],[24.3838042,48.2999121],[24.3836537,48.2998145],[24.3835863,48.2997327],[24.3835448,48.2995326],[24.3835344,48.299008],[24.3834039,48.2986453],[24.3833023,48.2984174],[24.3832821,48.2982517],[24.3833142,48.2980719],[24.3834208,48.2979225],[24.3835109,48.2977382],[24.3835545,48.2975734],[24.3835431,48.2974409],[24.3835062,48.2973271],[24.3833984,48.2971402],[24.3832638,48.2970368],[24.3828079,48.2968051],[24.3826004,48.2966154],[24.3824101,48.2962276],[24.3822609,48.2961415],[24.3815204,48.2959721],[24.3813666,48.2958908],[24.3813169,48.2958058],[24.3813075,48.2956827],[24.3813436,48.2955643],[24.3814233,48.2953258],[24.3814516,48.295209],[24.3814532,48.2951215],[24.3813584,48.2948812],[24.381232,48.2947434],[24.3810158,48.2945167],[24.3804443,48.2939161],[24.3802205,48.2936869],[24.3800248,48.2935287],[24.3794979,48.2932011],[24.3790677,48.2930786],[24.3789327,48.2930296],[24.3788472,48.2929588],[24.3787801,48.2928749],[24.3787667,48.2927888],[24.3787443,48.2922129],[24.378741,48.292127],[24.3787441,48.2916639],[24.3786107,48.2911542],[24.3786165,48.2910564],[24.3786406,48.2909815],[24.378686,48.2909364],[24.3787867,48.2908588],[24.3793834,48.2906209],[24.3794748,48.2905568],[24.3795305,48.2904803],[24.3795705,48.2903978],[24.379582,48.2903082],[24.3794584,48.2895821],[24.3793261,48.289112],[24.3792495,48.2889506],[24.37918,48.2888499],[24.3791476,48.2888029],[24.3788893,48.2885137],[24.3787118,48.2883232],[24.3786514,48.2881901],[24.3786703,48.2880562],[24.3787404,48.2879418],[24.3789257,48.2877205],[24.3789518,48.2876353],[24.3789424,48.2875251],[24.3788548,48.2873872],[24.3787254,48.2872815],[24.3781911,48.2871285],[24.3775719,48.2870103],[24.3774095,48.2869678],[24.3772361,48.2868752],[24.3770906,48.286764],[24.3769017,48.2865551],[24.3767328,48.2864202],[24.3765834,48.2863574],[24.3764572,48.2863223],[24.3762037,48.2863],[24.3758269,48.2863104],[24.3755107,48.2863214],[24.3753925,48.2863128],[24.3752552,48.2862806],[24.3749753,48.2861198],[24.3747951,48.2860241],[24.3744655,48.2859002],[24.3742925,48.2858034],[24.3741727,48.2857143],[24.3741426,48.2856328],[24.3741644,48.2855212],[24.3742454,48.2852704],[24.3742998,48.2850636],[24.374279,48.2844837],[24.3743568,48.2841903],[24.3744502,48.2839521],[24.3745384,48.2838141],[24.374694,48.2836207],[24.3747303,48.2834412],[24.3747044,48.2832514],[24.3745695,48.2829476],[24.3742168,48.2826231],[24.3738389,48.2823758],[24.3734647,48.2821513],[24.3731419,48.281956],[24.3728632,48.2818291],[24.3726724,48.2817363],[24.3726146,48.2816411],[24.3726008,48.2815022],[24.3726331,48.2810228],[24.3726051,48.2809217],[24.3725673,48.2808575],[24.3724822,48.280766],[24.3723616,48.2806846],[24.3721226,48.2805841],[24.371601,48.2803836],[24.3714274,48.2802722],[24.3713311,48.2801433],[24.3711579,48.2798737],[24.3707886,48.2795094],[24.3706048,48.2793481],[24.3704475,48.2792418],[24.370181,48.2790893],[24.3698733,48.278954],[24.3694165,48.2788567],[24.369137,48.2787807],[24.3688586,48.2786698],[24.3685322,48.2785125],[24.3683548,48.2783823],[24.3682566,48.278257],[24.3682337,48.2781111],[24.3682528,48.2780249],[24.3683847,48.2777845],[24.3686484,48.2775326],[24.3689867,48.2772464],[24.3690842,48.2770594],[24.3691054,48.2769562],[24.36912,48.2768149],[24.3691071,48.2764718],[24.3689339,48.2758318],[24.3688828,48.2757227],[24.368794,48.2756291],[24.3686542,48.2755263],[24.3684536,48.275387],[24.3681458,48.2752014],[24.3679625,48.2750991],[24.3677256,48.2750037],[24.3674719,48.2748926],[24.3673496,48.2747801],[24.3672887,48.2746548],[24.3672949,48.2745569],[24.3673152,48.2744941],[24.3674022,48.2743963],[24.367496,48.2743402],[24.3678066,48.2742575],[24.3680541,48.2742005],[24.3683156,48.2741621],[24.3684611,48.2740763],[24.3685287,48.2740178],[24.368567,48.2739394],[24.3685609,48.2738232],[24.3685386,48.2737045],[24.368467,48.2735858],[24.3684009,48.2735122],[24.3683485,48.2734539],[24.3681051,48.2732757],[24.3677947,48.2731356],[24.3674755,48.2729518],[24.3673915,48.2728539],[24.3673682,48.2727735],[24.367387,48.2726671],[24.367429,48.2725968],[24.3675017,48.2725412],[24.367813,48.2724012],[24.3681817,48.2722521],[24.3682605,48.2721844],[24.3683445,48.2720732],[24.3683497,48.2719156],[24.3683329,48.2716649],[24.3682994,48.2714441],[24.3683214,48.2711101]]}},
{"type":"Feature","properties":{"full_id":"w421081122","ref":"С-070306","length_km":0.00037,"name:uk":"Виноградівська міська громада","lenght_roads":0.0004,"id_roads":"33118"},"geometry":{"type":"LineString","coordinates":[[22.905153850001046,48.111532226740586],[22.9051583,48.1115337]]}},
{"type":"Feature","properties":{"full_id":"w151906957","ref":"С-070117","length_km":1.40965,"name:uk":"Батівська селищна громада","lenght_roads":1.4097,"id_roads":"55364"},"geometry":{"type":"LineString","coordinates":[[22.3976843,48.3676929],[22.3960295,48.367723],[22.3899863,48.367892],[22.3898125,48.3662047],[22.3894985,48.3636161],[22.3894993,48.3635798],[22.3894991,48.363513],[22.3891203,48.3604708],[22.3890691,48.3603772]]}},
{"type":"Feature","properties":{"full_id":"w121951155","ref":"С-071305","length_km":16.58305,"name:uk":"Хустська міська громада","lenght_roads":16.583,"id_roads":"78452"},"geometry":{"type":"LineString","coordinates":[[23.3246795,48.2125045],[23.3268219,48.2117618],[23.3279364,48.2113701],[23.3302778,48.2105675],[23.3323961,48.2099358],[23.3357284,48.2091577],[23.336621,48.2089493],[23.346786,48.2066457],[23.3509026,48.2057603],[23.3524327,48.2054463],[23.3532352,48.2051151],[23.3535155,48.205064],[23.3547573,48.2051025],[23.3551637,48.2051631],[23.3558112,48.2053424],[23.3563463,48.2054065],[23.3573444,48.2054705],[23.3696721,48.2060446],[23.3716885,48.2062427],[23.3738022,48.2064554],[23.3750997,48.206567],[23.3756608,48.2065537],[23.3763912,48.2065132],[23.3779973,48.2063512],[23.3785361,48.2062766],[23.3788606,48.206214],[23.3791001,48.2061494],[23.3809165,48.2055297],[23.3815697,48.2053006],[23.3823275,48.2050429],[23.3825541,48.204927],[23.3827846,48.2047858],[23.3849423,48.2034193],[23.3870165,48.2021343],[23.3883343,48.2013065],[23.3884549,48.2012178],[23.3888223,48.201015],[23.3892381,48.2007903],[23.3905918,48.2001283],[23.3920433,48.1994537],[23.3923012,48.1993064],[23.3924815,48.1991595],[23.3927832,48.198765],[23.3929388,48.1986901],[23.3931411,48.1986552],[23.3933799,48.1986685],[23.3937238,48.198675],[23.3940981,48.1986733],[23.394528,48.1986311],[23.3947185,48.1985927],[23.3949459,48.1985469],[23.3962581,48.1983247],[23.3978878,48.1980487],[23.3990977,48.1978006],[23.399814,48.1976538],[23.4010846,48.1974149],[23.4013121,48.1973818],[23.4014891,48.1973639],[23.4018393,48.1973501],[23.4025977,48.1973404],[23.4028367,48.1973273],[23.4034734,48.1972925],[23.4037833,48.1972923],[23.4038776,48.1972969],[23.4041002,48.1973344],[23.404237,48.1973559],[23.4043084,48.1973632],[23.4045557,48.1973579],[23.4047037,48.1973487],[23.4048587,48.1973218],[23.4052457,48.1972212],[23.4059452,48.1970348],[23.4066158,48.1968328],[23.4081424,48.1964615],[23.4088021,48.196242],[23.409075,48.1961034],[23.4094372,48.1958785],[23.4097333,48.1956946],[23.4098901,48.1955976],[23.4103082,48.195339],[23.4105507,48.195189],[23.4108033,48.1950837],[23.4111793,48.1949269],[23.4121415,48.1946748],[23.4121859,48.1946583],[23.4125143,48.1945363],[23.4128203,48.1943587],[23.4131141,48.194129],[23.4134668,48.1939038],[23.4136629,48.1937974],[23.4138373,48.1937199],[23.4142386,48.1935796],[23.4145072,48.193519],[23.4146007,48.1935003],[23.4147,48.1934804],[23.4149256,48.1933938],[23.4153723,48.1931191],[23.4160012,48.1926763],[23.4165769,48.1922689],[23.4173829,48.1918673],[23.4178527,48.1916433],[23.4181889,48.1914717],[23.4187263,48.1912356],[23.4189852,48.1911486],[23.419219,48.191111],[23.4199282,48.1910402],[23.4203169,48.1910014],[23.4218048,48.1908492],[23.4228531,48.1907357],[23.4237119,48.1906422],[23.4244868,48.1905998],[23.4253431,48.1905945],[23.4260274,48.190641],[23.4266624,48.1906842],[23.4297023,48.1908187],[23.4321498,48.1909343],[23.4378944,48.1911416],[23.4402808,48.1911878],[23.4429016,48.1912033],[23.4431121,48.1912222],[23.444034,48.1913675],[23.4443146,48.1914234],[23.4445158,48.1914785],[23.4449842,48.191699],[23.4452608,48.191842],[23.4459984,48.1922883],[23.4462843,48.1926011],[23.4466615,48.1930912],[23.447162,48.1936801],[23.4473835,48.1941111],[23.4476067,48.194568],[23.4476422,48.1946229],[23.4479694,48.195074],[23.4483,48.1954236],[23.4485964,48.1957505],[23.4492227,48.1963819],[23.4499479,48.1970981],[23.4500271,48.1971764],[23.4502266,48.1974233],[23.4505189,48.1978661],[23.4507049,48.1983856],[23.450839,48.1988993],[23.4509805,48.1991413],[23.4513426,48.1995663],[23.4516083,48.2000858],[23.451998,48.2014259],[23.4521316,48.201693],[23.4521547,48.2017172],[23.4523005,48.2018699],[23.4526474,48.2021551],[23.4532573,48.2028629],[23.4537094,48.2032637],[23.4538844,48.2034189],[23.4542294,48.2037199],[23.4549455,48.2040295],[23.4556802,48.2043144],[23.4562837,48.2045066],[23.4566827,48.2045535],[23.4570926,48.2045801],[23.4572677,48.2046032],[23.457362,48.2046157],[23.4579076,48.204772],[23.4597609,48.2054322],[23.4624131,48.206377],[23.4628446,48.206583],[23.4640009,48.2070821],[23.4645903,48.2073695],[23.4652851,48.2076798],[23.4659315,48.2079037],[23.4669989,48.2081897],[23.4677479,48.2082778],[23.4680285,48.2082977],[23.4684192,48.2083254],[23.4688274,48.2083722],[23.4691403,48.2084356],[23.4693128,48.2085164],[23.4694816,48.2086381],[23.4699941,48.2092578],[23.4701389,48.2093743],[23.4702844,48.20944],[23.470723,48.2095596],[23.4719119,48.2097641],[23.4721345,48.2098427],[23.4723627,48.2099607],[23.473214,48.2106241],[23.4733319,48.2107864],[23.4733844,48.210933],[23.4734462,48.2112163],[23.4734875,48.2126655],[23.4735232,48.2127492],[23.4735803,48.2128834],[23.4745138,48.2136783],[23.4747899,48.2138249],[23.4750578,48.2139226],[23.475442,48.2139821],[23.476131,48.2141196],[23.4769454,48.2143098],[23.4771925,48.2143905],[23.4774409,48.2145007],[23.4778838,48.2147589],[23.4781545,48.2148307],[23.4785927,48.2148389],[23.478949,48.2147963],[23.4792638,48.2147793],[23.4795014,48.2148009],[23.4799688,48.2149402],[23.4807424,48.2151379],[23.4814591,48.2152815],[23.4828833,48.2155894],[23.4836045,48.2157623],[23.484055,48.2159332],[23.4843909,48.2160906],[23.4847703,48.2162683],[23.4852236,48.2164861],[23.4857729,48.2167954],[23.4861808,48.2169797],[23.4871193,48.217264],[23.4878698,48.2175467],[23.4884286,48.2177105],[23.4887249,48.2177643],[23.4893508,48.2177582],[23.4903254,48.2176989],[23.4906836,48.2176869],[23.4911676,48.2176687],[23.4919601,48.21766],[23.4933188,48.2176489],[23.4941478,48.2176484],[23.495767,48.2176774],[23.4961844,48.2176869],[23.4969329,48.2176668],[23.4973912,48.2176721],[23.4976592,48.2176943],[23.4979387,48.2177731],[23.4984676,48.2179085],[23.4987523,48.2179675],[23.4990557,48.2179815],[23.4992782,48.2179538],[23.4995041,48.217907],[23.4997452,48.2178687],[23.4999632,48.2178606],[23.5002178,48.2178806],[23.5004376,48.2179352],[23.5006299,48.2180136],[23.500783,48.2180703],[23.5008453,48.2180816],[23.500936,48.2180816],[23.5011057,48.2180041],[23.5012615,48.2179265],[23.5014851,48.217788],[23.5015644,48.2177464],[23.5017095,48.2176733],[23.5018784,48.2176654],[23.5020366,48.2176828],[23.5021854,48.2177234],[23.5023297,48.2177417],[23.5024736,48.2177467],[23.5025967,48.2177151],[23.5026346,48.2176474],[23.5026155,48.2175588],[23.5025155,48.2174838],[23.5023761,48.2173961],[23.5022132,48.2173319],[23.5021261,48.2172497],[23.5020862,48.2171976],[23.5020635,48.2170984],[23.5020794,48.2170065],[23.5021525,48.21689],[23.5023189,48.2167599],[23.5024966,48.2167043],[23.5026635,48.2167043],[23.5027854,48.2167027],[23.5028995,48.2167214],[23.5030518,48.2167452],[23.503175,48.2167575],[23.5033093,48.216772],[23.5034155,48.2167856],[23.5035606,48.2167977],[23.5036902,48.2168204],[23.5037721,48.2168335],[23.5038919,48.2168385],[23.5040472,48.216845],[23.50424,48.2168536],[23.5044158,48.216859],[23.5046171,48.2168803],[23.5049201,48.2169412],[23.5051529,48.217044],[23.5054598,48.2172012],[23.5057235,48.2173337],[23.50595,48.217469],[23.5062135,48.2176163],[23.5063986,48.2176851],[23.5065255,48.2176972],[23.5065872,48.2176803],[23.5066307,48.2176416],[23.5066548,48.2175659],[23.5066149,48.2174808],[23.5065553,48.2173355],[23.5065372,48.2172299],[23.5065372,48.2171598],[23.5065892,48.2170977],[23.5066736,48.2170885],[23.5068158,48.2171349],[23.5069337,48.2171833],[23.5070901,48.2172512],[23.507445,48.2173758],[23.5077026,48.2174634],[23.507912,48.2175646],[23.5081329,48.2176993],[23.5083098,48.2178518],[23.5085028,48.2180368],[23.5086446,48.2181096],[23.5087801,48.218116],[23.508853,48.2180926],[23.5089289,48.2180327],[23.5090503,48.2178989],[23.5091469,48.2177757],[23.5092662,48.2176573],[23.5093279,48.2176367],[23.509444,48.2176439],[23.5095179,48.2176801],[23.5095485,48.2177396],[23.5095588,48.2178264],[23.5095516,48.2179201],[23.5095512,48.2180217],[23.5095722,48.218084],[23.5096073,48.2181305],[23.5096689,48.2181523],[23.5097741,48.2181257],[23.5098612,48.2180652],[23.5099954,48.2179105],[23.5103259,48.2173048],[23.5103513,48.2171985],[23.5103295,48.2171308],[23.5102533,48.2170438],[23.510159,48.2169543],[23.51013,48.2168697],[23.5101172,48.2167757],[23.5101442,48.2167019],[23.5102929,48.2164481],[23.5103652,48.2163932],[23.51042589177295,48.216347083153273]]}},
{"type":"Feature","properties":{"full_id":"w1154032446","ref":"О-071203","length_km":0.66112,"name:uk":"Холмківська сільська громада","lenght_roads":0.6611,"id_roads":"63538"},"geometry":{"type":"LineString","coordinates":[[22.1981763,48.5698887],[22.1982113,48.5690876],[22.1982731,48.5683879],[22.1983196,48.5678608],[22.1985421,48.56552],[22.1985795,48.5651213],[22.198679944689893,48.563953219025848]]}},
{"type":"Feature","properties":{"full_id":"w39078226","ref":"О-070904","length_km":0.20702,"name:uk":"Рахівська міська громада","lenght_roads":0.207,"id_roads":"68592"},"geometry":{"type":"LineString","coordinates":[[24.2412779,48.0744859],[24.2415163,48.0743905],[24.2416353,48.0743577],[24.2420028,48.0742973],[24.2424506,48.0742604],[24.2427283,48.0742251],[24.2433884,48.0740853],[24.243931803071991,48.073976286256141]]}},
{"type":"Feature","properties":{"full_id":"w204002028","ref":"С-071328","length_km":1.1906,"name:uk":"Драгівська сільська громада","lenght_roads":1.1906,"id_roads":"43344"},"geometry":{"type":"LineString","coordinates":[[23.5489718,48.2509895],[23.5499067,48.2507945],[23.5507201,48.2505557],[23.551927,48.2501539],[23.5531921,48.249697],[23.5556693,48.2487845],[23.5560169,48.2486606],[23.5564482,48.248515],[23.5571008,48.2483768],[23.5579443,48.2482953],[23.5600271,48.2480942],[23.5620397,48.24786],[23.562258,48.24783],[23.5633849,48.2477321],[23.5639735,48.2475874]]}},
{"type":"Feature","properties":{"full_id":"w168469988","ref":"О-070302","length_km":13.75594,"name:uk":"Пийтерфолвівська сільська громада","lenght_roads":13.7559,"id_roads":"41501"},"geometry":{"type":"LineString","coordinates":[[23.0017762,48.0099107],[23.0026404,48.0113638],[23.0026844,48.0114379],[23.0027486,48.0115424],[23.0028021,48.0116212],[23.0028702,48.0117078],[23.0029283,48.0117767],[23.0029871,48.0118409],[23.0035193,48.0123778],[23.0035713,48.012421],[23.0036265,48.0124602],[23.0036951,48.0125032],[23.0040729,48.0127309],[23.0055004,48.0121545],[23.0067003,48.0116599],[23.006924,48.0115677],[23.0070498,48.0115177],[23.0071558,48.0114837],[23.0073479,48.01144],[23.0074229,48.0114229],[23.0074466,48.0114176],[23.0077435,48.0113582],[23.0079784,48.0113209],[23.008082,48.0113073],[23.0081733,48.0113011],[23.0082368,48.011303],[23.0082913,48.0113115],[23.0083486,48.0113296],[23.0084075,48.0113557],[23.0084542,48.0113868],[23.0084915,48.0114312],[23.008522,48.011477],[23.0091596,48.0130703],[23.0101278,48.0157482],[23.0101363,48.0157717],[23.0173141,48.0155136],[23.0214229,48.0153513],[23.0215311,48.015349],[23.0216457,48.0153488],[23.0217428,48.0153513],[23.0218848,48.015356],[23.0219991,48.0153624],[23.0271837,48.0156657],[23.0273691,48.0156764],[23.027474,48.0156842],[23.0275627,48.0156948],[23.0276528,48.0157086],[23.0277354,48.015721],[23.0278091,48.0157293],[23.0278828,48.0157341],[23.0279698,48.0157369],[23.0281986,48.0157418],[23.0283037,48.015748],[23.0284108,48.0157577],[23.0286073,48.0157809],[23.0287602,48.0157993],[23.0294116,48.0158922],[23.0317773,48.0162274],[23.033396,48.0164634],[23.0363063,48.0168795],[23.0369136,48.0169683],[23.0367071,48.0179255],[23.0364713,48.0190186],[23.0360513,48.020837],[23.0360316,48.0209423],[23.0360209,48.0210503],[23.0360316,48.0211498],[23.0360536,48.0212302],[23.0360685,48.0212788],[23.0361106,48.0213494],[23.0361699,48.0214312],[23.0365329,48.0218199],[23.0366908,48.0219759],[23.0367996,48.022078],[23.0369581,48.0222164],[23.0371519,48.0223722],[23.0373188,48.0224948],[23.0373706,48.0225317],[23.0374655,48.0225993],[23.0380609,48.0230294],[23.0382477,48.0231643],[23.0385756,48.0233932],[23.0386013,48.0234111],[23.0389086,48.0236256],[23.0390714,48.0237368],[23.0392112,48.0238186],[23.0393555,48.0238901],[23.0395534,48.0239787],[23.0397565,48.0240615],[23.0399211,48.0241198],[23.0401397,48.0241823],[23.0403258,48.0242322],[23.0442043,48.0251758],[23.0499954,48.0265847],[23.0500791,48.0266051],[23.050104,48.0266111],[23.055373,48.0278882],[23.0577699,48.0284624],[23.0578905,48.0284951],[23.0580249,48.0285391],[23.0581658,48.0285973],[23.0582881,48.0286522],[23.0583976,48.028708],[23.0585118,48.0287701],[23.0586986,48.0288846],[23.0588078,48.0289597],[23.058906,48.0290366],[23.0591517,48.0292524],[23.0597865,48.0298101],[23.0599059,48.0299121],[23.060047,48.0300117],[23.060241,48.0301213],[23.0603955,48.0301993],[23.0605238,48.0302519],[23.0606578,48.0302968],[23.0610874,48.0304299],[23.0641198,48.0313008],[23.0654532,48.0316837],[23.0656106,48.0317383],[23.0657301,48.0317987],[23.0658496,48.0318786],[23.0659429,48.0319624],[23.0660332,48.0320657],[23.0661061,48.0321788],[23.0661615,48.0322977],[23.0661994,48.0324263],[23.0662624,48.0327801],[23.0664285,48.0335757],[23.0665973,48.0343957],[23.0666893,48.0348173],[23.0667182,48.0349129],[23.0667507,48.034988],[23.0668387,48.0351616],[23.0668831,48.0352201],[23.0669284,48.0352681],[23.0669845,48.035313],[23.0670436,48.0353472],[23.0671135,48.0353772],[23.0671563,48.0353858],[23.0671913,48.0353928],[23.0672845,48.0353998],[23.0673974,48.0353994],[23.0675185,48.0353947],[23.067869,48.0353749],[23.0679701,48.0353679],[23.0680474,48.0353594],[23.0680964,48.0353528],[23.0681841,48.0353403],[23.0683538,48.0353142],[23.0690923,48.0352005],[23.0692799,48.0351716],[23.0695169,48.0351351],[23.0695468,48.0351305],[23.0697471,48.0350997],[23.0698973,48.0350766],[23.0700741,48.0350494],[23.0701373,48.0350428],[23.0701923,48.0350389],[23.0702526,48.0350357],[23.0702953,48.035033],[23.0703434,48.0350288],[23.0704416,48.0350162],[23.0705418,48.0349969],[23.0707008,48.0349561],[23.0708332,48.0349168],[23.0714659,48.0347112],[23.071535,48.0346888],[23.0716767,48.0346339],[23.0717782,48.0345853],[23.0718844,48.0345223],[23.0723211,48.0342439],[23.072392,48.0341987],[23.0724823,48.0341492],[23.0725757,48.0341053],[23.0726919,48.0340599],[23.073114,48.0339107],[23.073254,48.0338717],[23.0733939,48.0338424],[23.0735338,48.0338229],[23.0738312,48.0337947],[23.0741272,48.0337667],[23.0749083,48.0336927],[23.0750155,48.0336846],[23.0751328,48.0336776],[23.0761318,48.0336568],[23.076247,48.033656],[23.0763821,48.0336566],[23.076503,48.0336601],[23.0766105,48.0336658],[23.0776662,48.0337439],[23.0777617,48.0337525],[23.0778606,48.0337644],[23.0779527,48.033779],[23.0780554,48.033798],[23.0789727,48.0339964],[23.0790825,48.0340226],[23.0791781,48.0340582],[23.0792649,48.0340972],[23.0795033,48.0342145],[23.0796922,48.0343104],[23.0798032,48.0343682],[23.0798768,48.0344127],[23.0799443,48.0344534],[23.0803588,48.0347376],[23.0804345,48.0347983],[23.0805222,48.0348731],[23.0805986,48.0349477],[23.0806694,48.0350245],[23.0807431,48.0351066],[23.0807912,48.0351671],[23.0808336,48.0352325],[23.0808685,48.0353088],[23.0809013,48.0353904],[23.0809608,48.0355306],[23.0810297,48.0356652],[23.0811024,48.0357739],[23.0814607,48.0362452],[23.0815965,48.03646],[23.0817284,48.0366984],[23.0818089,48.0368927],[23.0818914,48.0371089],[23.0819227,48.0372118],[23.0819444,48.0373159],[23.0819961,48.0378139],[23.081997,48.0379227],[23.0819965,48.0380447],[23.0819916,48.0381975],[23.081932,48.0387922],[23.0819251,48.0388907],[23.0819249,48.0390002],[23.0820031,48.0399567],[23.0821303,48.0423869],[23.0822088,48.0439247],[23.0822239,48.0442752],[23.0822552,48.0448181],[23.0822644,48.0449995],[23.0822654,48.0450165],[23.0823086,48.0457089],[23.0823577,48.0469547],[23.08241,48.0477876],[23.0824591,48.0485694],[23.0824762,48.0487178],[23.0824927,48.0488284],[23.0825117,48.048926],[23.0827635,48.0498666],[23.0828585,48.0503416],[23.0829246,48.0508145],[23.0829403,48.0509196],[23.082949,48.0510648],[23.082942,48.0519609],[23.0829507,48.0521841],[23.0829921,48.052565],[23.0830145,48.0526942],[23.0830492,48.0528024],[23.0835581,48.0540101],[23.0836133,48.0541079],[23.0836793,48.0541916],[23.0837487,48.0542609],[23.0838239,48.0543217],[23.0838948,48.0543696],[23.0839965,48.0544271],[23.084015,48.0544368],[23.0840734,48.0544672],[23.0846397,48.054742],[23.0847103,48.0547802],[23.0847788,48.054832],[23.0848407,48.0548883],[23.0848946,48.0549582],[23.0849293,48.0550194],[23.0849788,48.0551332],[23.0850443,48.0553122],[23.0850717,48.0554157],[23.0850887,48.0554972],[23.0850946,48.0555658],[23.0850822,48.0556403],[23.085052,48.0557038],[23.08498,48.0557804],[23.0849101,48.0558374],[23.0848778,48.0558588],[23.0844664,48.0561291],[23.0843181,48.0562236],[23.0842354,48.0562755],[23.0838923,48.0564937],[23.0817639,48.057886],[23.0816873,48.0579364],[23.0816555,48.0579581],[23.0815602,48.0580317],[23.0814719,48.0581043],[23.0813899,48.058193],[23.0813006,48.0583157],[23.0812274,48.0583845],[23.0811456,48.0584484],[23.0801712,48.0591628],[23.0797282,48.0594876],[23.0796387,48.0595479],[23.079574,48.0595894],[23.0793015,48.0597664],[23.0792814,48.0597791],[23.0792672,48.0597881],[23.0791021,48.0598862],[23.0789095,48.0599877],[23.0787079,48.0600814],[23.0785213,48.0601547],[23.0783825,48.0602027],[23.0750759,48.0612287],[23.0747995,48.0613145],[23.0746908,48.0613482],[23.074621,48.0613699],[23.0744856,48.061413],[23.0744404,48.0614274],[23.0743788,48.061447],[23.0715496,48.0623463],[23.0711935,48.0624742],[23.070856,48.0626489],[23.0706134,48.0628126],[23.0702187,48.0631067],[23.0696723,48.0635623],[23.0695129,48.0636929],[23.0694946,48.0637085],[23.0656302,48.0669987],[23.0627639,48.0694501],[23.0615808,48.0704619],[23.061485,48.0705429],[23.0613746,48.0706357],[23.0613024,48.0706964],[23.059942,48.0718394],[23.0596544,48.072081],[23.0595586,48.0721631],[23.0587539,48.0728525],[23.0586164,48.0729897],[23.0585621,48.0730393],[23.0584921,48.0730975],[23.0584216,48.0731592],[23.0581563,48.0733592],[23.0579444,48.0735358],[23.0568517,48.0744863],[23.0567573,48.0745645],[23.0558717,48.0752935],[23.0555597,48.0755529],[23.0553651,48.0757128],[23.0549804,48.0760228],[23.0548506,48.0761348],[23.0548101,48.0761697],[23.054738,48.0762319],[23.0546304,48.0763303],[23.0545734,48.0763885],[23.0545437,48.0764188],[23.0544543,48.0765159],[23.0541522,48.0768498],[23.0540372,48.0769687],[23.0537019,48.0773124],[23.0536013,48.0774099],[23.0534993,48.0774952],[23.0533941,48.0775764],[23.0530611,48.0778237],[23.0528579,48.0779927],[23.0527511,48.0780862],[23.0525969,48.0782366],[23.0524525,48.0783907]]}},
{"type":"Feature","properties":{"full_id":"w800620205","ref":"О-070401","length_km":5.23046,"name:uk":"Полянська сільська громада","lenght_roads":0.0,"id_roads":"91950"},"geometry":{"type":"LineString","coordinates":[[22.988591971839842,48.714329227513147],[22.988591971839824,48.714329227513161]]}},
{"type":"Feature","properties":{"full_id":"w35819131","ref":"С-071227","length_km":1.62992,"name:uk":"Чопська міська громада","lenght_roads":1.6299,"id_roads":"13761"},"geometry":{"type":"LineString","coordinates":[[22.2514446,48.4245439],[22.2513,48.4244275],[22.2512505,48.4243909],[22.2512075,48.424357],[22.2511562,48.4243167],[22.2511253,48.4242923],[22.2509926,48.4242296],[22.2509271,48.4241987],[22.250849,48.4241618],[22.2493275,48.424584],[22.2488714,48.424729],[22.2488087,48.424743],[22.2459616,48.4255178],[22.2409006,48.427085],[22.2340593,48.4290589],[22.2333842,48.4292597],[22.2331192,48.4293371],[22.2329758,48.4293569],[22.2328824,48.429352],[22.2328054,48.4293579],[22.2326532,48.4293895],[22.232419,48.4294511],[22.2321311,48.429504],[22.2313439,48.4295953]]}},
{"type":"Feature","properties":{"full_id":"w301275655","ref":"С-070905","length_km":1.58276,"name:uk":"Великобичківська селищна громада","lenght_roads":1.5828,"id_roads":"87902"},"geometry":{"type":"LineString","coordinates":[[23.9582917,48.0759529],[23.9587595,48.076167],[23.9591286,48.076306],[23.9593771,48.0763752],[23.9597265,48.0764304],[23.9602078,48.0764961],[23.9606564,48.0765403],[23.9610386,48.076545],[23.9612138,48.07657],[23.961428,48.0766238],[23.9618246,48.0767724],[23.9621523,48.076854],[23.9625322,48.0769801],[23.9627162,48.0770322],[23.9630453,48.0771165],[23.9633879,48.0772428],[23.963655,48.0773789],[23.9640074,48.0775768],[23.964684,48.077978],[23.9652078,48.0783138],[23.9654556,48.0785266],[23.9657812,48.0787772],[23.965947,48.078913],[23.9664425,48.0793047],[23.9669137,48.0796852],[23.9671827,48.0798649],[23.9677034,48.0801149],[23.9681737,48.0804182],[23.9684762,48.0805575],[23.9685545,48.0806019],[23.9688784,48.0807856],[23.9690477,48.0809282],[23.9690874,48.0809729],[23.9691364,48.081055],[23.9692921,48.0813025],[23.9694336,48.0816383],[23.9696671,48.0820009],[23.9697297,48.0820859],[23.9698157,48.08216],[23.9699256,48.082234],[23.9700448,48.0822892],[23.9702264,48.0823696],[23.9703238,48.0824272],[23.9705732,48.0826503],[23.9706364,48.0827721],[23.9706865,48.0829434],[23.9706865,48.0831846],[23.9706723,48.0835393],[23.9706157,48.083979],[23.9707007,48.0841824],[23.9709577,48.0846789],[23.9710189,48.0848215],[23.9710614,48.0849673],[23.9710992,48.0851438],[23.9711066,48.0853141],[23.9711184,48.0854118],[23.9711466,48.0855064],[23.9711903,48.0855607],[23.9712386,48.0856057],[23.9713608,48.0857081]]}},
{"type":"Feature","properties":{"full_id":"w112608612","ref":"О-071201","length_km":10.33008,"name:uk":"Середнянська селищна громада","lenght_roads":10.3301,"id_roads":"95981"},"geometry":{"type":"LineString","coordinates":[[22.5037678,48.5402095],[22.503894,48.5400755],[22.5039476,48.540048],[22.5040052,48.5400387],[22.5040603,48.5400356],[22.5041855,48.5400625]]}},
{"type":"Feature","properties":{"full_id":"w112626528","ref":"С-071220","length_km":3.35463,"name:uk":"Середнянська селищна громада","lenght_roads":3.3546,"id_roads":"64814"},"geometry":{"type":"LineString","coordinates":[[22.5535347,48.5810567],[22.5536742,48.5813537],[22.5539545,48.581909],[22.5541685,48.582353],[22.5542933,48.5826936],[22.5544147,48.5832199],[22.5545481,48.5838594],[22.5546339,48.5841078],[22.5547361,48.5843037],[22.5557562,48.5853628],[22.5557078,48.5855429],[22.5555865,48.5859892],[22.5552702,48.5873964],[22.5552404,48.5875175],[22.555021,48.587742],[22.5550041,48.5878157],[22.5549939,48.5879387],[22.5549338,48.5886327],[22.5548572,48.5895199],[22.5547678,48.5900015],[22.5545974,48.5909646],[22.55452,48.5917104],[22.5544356,48.59281],[22.5542788,48.5936011],[22.5540454,48.593994],[22.5539244,48.5943914],[22.5538066,48.594927],[22.5537909,48.5954897],[22.5537354,48.5957195],[22.5536871,48.5959998],[22.5536871,48.5963333],[22.5537085,48.5966242],[22.5536925,48.5969364],[22.5535891,48.5972936],[22.5534586,48.5976033],[22.5534028,48.5976903],[22.5533289,48.5977442],[22.5531292,48.5978304],[22.5526847,48.5979703],[22.5524391,48.598043],[22.5523674,48.5981036],[22.5523027,48.5981814],[22.5521152,48.5986072],[22.5518975,48.5990279],[22.5518846,48.5991466],[22.5519421,48.5993194],[22.5520047,48.5994931],[22.5520517,48.5996894],[22.5520258,48.5999278],[22.5519662,48.6000432],[22.5518171,48.6001812],[22.5517192,48.6002994],[22.5516579,48.6004174],[22.5515587,48.6009809],[22.5515161,48.60101],[22.5514207,48.6010486],[22.5513442,48.60108],[22.55131,48.6011059],[22.55131,48.6011292],[22.5513354,48.6012781],[22.5513701,48.6014651],[22.5513914,48.6017298],[22.5513583,48.6019893],[22.5513214,48.6022116],[22.5512999,48.6023163],[22.5513026,48.602428],[22.551316,48.6025025],[22.5513536,48.6025823],[22.5514104,48.6027012],[22.5516382,48.6031815],[22.5518004,48.6035435],[22.5519288,48.6037737],[22.552203,48.6041702],[22.5522881,48.6042232],[22.5523655,48.6042714],[22.55292,48.6046167],[22.5530609,48.6047457],[22.5531522,48.6048619],[22.5533313,48.6050965],[22.5533684,48.6051524],[22.5534593,48.6052941],[22.5536066,48.6055478],[22.5537193,48.6057075],[22.5538449,48.605901],[22.5541051,48.6062563],[22.5543789,48.6065624],[22.5544938,48.6067457],[22.5545445,48.6068685],[22.5548182,48.6075389],[22.5549703,48.6079344],[22.5551528,48.608312],[22.5553859,48.6087388],[22.5555684,48.6091139],[22.5555542,48.6094668]]}},
{"type":"Feature","properties":{"full_id":"w855905673","ref":"С-071316","length_km":3.93228,"name:uk":"Хустська міська громада","lenght_roads":3.9323,"id_roads":"61578"},"geometry":{"type":"LineString","coordinates":[[23.3673856,48.2617425],[23.3674808,48.2618846],[23.3675368,48.2620502],[23.3675444,48.2621485],[23.36753,48.2622125],[23.3674803,48.2623297],[23.3672637,48.2626721],[23.3672258,48.2628148],[23.3671619,48.2632059],[23.3670981,48.2634184],[23.3669385,48.2636607],[23.3668044,48.2638307],[23.3665043,48.2641282],[23.3662042,48.2644767],[23.3658914,48.264991],[23.3656437,48.265354],[23.3655996,48.2655371],[23.3655778,48.2657298],[23.3655889,48.2659224],[23.3656169,48.2661385],[23.3656543,48.2662804],[23.3656511,48.266393],[23.3656,48.2665077],[23.3654627,48.2667861],[23.3654053,48.2670071],[23.3653223,48.267431],[23.3652184,48.2677255],[23.3650965,48.2682845],[23.3650875,48.2683836],[23.3650153,48.2684858],[23.3644559,48.268891],[23.364374,48.2689708],[23.3642842,48.2690916],[23.3640784,48.2694029],[23.3639428,48.269701],[23.3639047,48.2698224],[23.3638931,48.2699574],[23.3638886,48.2700295],[23.363922,48.2701215],[23.3639556,48.2702313],[23.364024,48.2703059],[23.3640611,48.2704326],[23.3641053,48.2709049],[23.3642302,48.2716616],[23.3642167,48.2717908],[23.3640884,48.2725214],[23.3640526,48.2728117],[23.3640468,48.2729342],[23.3640744,48.2730377],[23.3641839,48.2731881],[23.3643961,48.273393],[23.3644791,48.2734992],[23.3645442,48.273647],[23.3646235,48.2740785],[23.3646798,48.2742785],[23.3646986,48.2743784],[23.3646911,48.2744677],[23.3646005,48.2748543],[23.3646139,48.2751903],[23.3646763,48.275457],[23.3647436,48.2757074],[23.3647916,48.2760396],[23.3647768,48.2764166],[23.3647388,48.2766045],[23.3646985,48.2766888],[23.3646154,48.2768205],[23.3644929,48.2769149],[23.3636322,48.2772447],[23.3629821,48.2775271],[23.3628894,48.2775756],[23.3628237,48.2776229],[23.3628027,48.2776654],[23.3627889,48.2777416],[23.3628121,48.2778303],[23.3629162,48.2781473],[23.363033,48.2786288],[23.3631724,48.2789644],[23.3633147,48.2793545],[23.3633782,48.2795887],[23.3634004,48.2797123],[23.3633987,48.2798498],[23.3633709,48.2799747],[23.3633108,48.2800955],[23.36321,48.2802388],[23.3630803,48.2803644],[23.3628023,48.2806422],[23.3625962,48.2809112],[23.3625153,48.2810242],[23.3624917,48.2811562],[23.3624911,48.2812777],[23.3625177,48.2814134],[23.3627003,48.2823379],[23.3627889,48.2828359],[23.3628615,48.2833287],[23.3629164,48.284015],[23.3629739,48.2850848],[23.3629681,48.2861411],[23.363008,48.2866418],[23.3629927,48.2873354],[23.3629912,48.2873757],[23.3629766,48.2877638],[23.3629286,48.2880429],[23.3628895,48.2885579],[23.3628924,48.2889299],[23.3628827,48.2890934],[23.3628385,48.2892595],[23.3627219,48.2896838],[23.3625901,48.2900316],[23.3624142,48.2905994],[23.3623838,48.2906781],[23.3623007,48.2907592],[23.3620208,48.2909935],[23.3618903,48.2911171],[23.3617857,48.2912046],[23.3616282,48.2912987],[23.3612714,48.2914921],[23.360531,48.2918525],[23.3601764,48.2920254],[23.3599538,48.2921433],[23.3598174,48.2922372],[23.3597311,48.2923592],[23.3596676,48.2925196],[23.3596251,48.2927179],[23.3595781,48.2931249],[23.3596077,48.2935382],[23.3597262,48.2939556],[23.3597814,48.2942658],[23.3597785,48.2942841],[23.3597687,48.2943454],[23.3597258,48.2944471],[23.3596842,48.2946631]]}},
{"type":"Feature","properties":{"full_id":"w164699720","ref":"С-071202","length_km":0.54691,"name:uk":"Сюртівська сільська громада","lenght_roads":0.5469,"id_roads":"48365"},"geometry":{"type":"LineString","coordinates":[[22.3283431,48.5137852],[22.3284528,48.513831],[22.3297565,48.5143328],[22.3304838,48.5146127],[22.3316268,48.5150476],[22.334758552257952,48.516238964505831]]}},
{"type":"Feature","properties":{"full_id":"w304987039","ref":"С-070404","length_km":1.10471,"name:uk":"Нижньоворітська сільська громада","lenght_roads":1.1047,"id_roads":"15080"},"geometry":{"type":"LineString","coordinates":[[23.0715475,48.8174255],[23.0714296,48.8172886],[23.0714031,48.8171894],[23.0714162,48.8169771],[23.0714791,48.8163832],[23.0715211,48.8161827],[23.0716032,48.8160524],[23.0717866,48.8157252],[23.0720287,48.8153879],[23.072429,48.8147944],[23.0725714,48.814655],[23.0726992,48.8145779],[23.0730356,48.8143233],[23.0732142,48.8141814],[23.0733798,48.8140719],[23.0735584,48.8139786],[23.0739015,48.8138866],[23.0740033,48.8138431],[23.0742246,48.81368],[23.0745686,48.8134189],[23.0750367,48.8130011],[23.0752584,48.8127577],[23.0755417,48.8124292],[23.0757019,48.8122913],[23.0761885,48.8119546],[23.0762293,48.8119399],[23.0765274,48.8118324],[23.0766951,48.8117523],[23.0767478,48.8117272],[23.0768788,48.8116505],[23.0772543,48.8113784],[23.0774876,48.8112177],[23.0778161,48.8110192],[23.0786066,48.8105981],[23.0789436,48.8103792],[23.0791801,48.8102294],[23.0795599,48.8099761],[23.0799557,48.8097578]]}},
{"type":"Feature","properties":{"full_id":"w202867184","ref":"С-070205","length_km":8.01761,"name:uk":"Ставненська сільська громада","lenght_roads":8.0176,"id_roads":"68799"},"geometry":{"type":"LineString","coordinates":[[22.5818157,49.0345095],[22.5817935,49.0343412],[22.5817804,49.0340787],[22.5817855,49.0338748],[22.5817602,49.0337846],[22.5816484,49.0336052],[22.581436,49.0333537],[22.5812665,49.0332007],[22.5811648,49.0330849],[22.5811217,49.0329691],[22.5811288,49.0328617],[22.5812236,49.0327562],[22.5813487,49.0326489],[22.5815525,49.032554],[22.5818471,49.0324596],[22.5824913,49.0323384],[22.5827032,49.0323165],[22.5829027,49.0323097],[22.5831968,49.0323183],[22.5834064,49.0323051],[22.583598,49.0322685],[22.5841847,49.031984],[22.5844716,49.0318082],[22.5847405,49.0315648],[22.5849026,49.0314214],[22.5850602,49.0313092],[22.5855214,49.0310769],[22.5859528,49.0308345],[22.5862657,49.0307003],[22.5865621,49.0306032],[22.5867378,49.0305461],[22.5869492,49.0304427],[22.5874289,49.0303137],[22.5877448,49.0301709],[22.5880415,49.0299527],[22.5884909,49.0295291],[22.5885674,49.0294762],[22.5887878,49.0294203],[22.5892032,49.0293481],[22.5895666,49.0293068],[22.5900269,49.0292019],[22.5907258,49.02895],[22.5909464,49.0288656],[22.5910275,49.0288354],[22.5911254,49.0288028],[22.5914264,49.0287236],[22.5920927,49.0285241],[22.5924423,49.0284202],[22.5926147,49.0283948],[22.5927547,49.0283832],[22.593161,49.0284007],[22.5933814,49.0284079],[22.5935799,49.0284144],[22.5939562,49.0284104],[22.5942172,49.0283782],[22.5944312,49.0283178],[22.594642,49.028204],[22.5947973,49.0280962],[22.5950244,49.0279391],[22.5952372,49.0278425],[22.5954467,49.0277702],[22.5960461,49.0275908],[22.5966125,49.0274746],[22.5971022,49.0274072],[22.5973903,49.0273662],[22.5987904,49.0272659],[22.5994139,49.0272458],[22.5997165,49.0272411],[22.5999264,49.0272213],[22.6000606,49.0271941],[22.6002155,49.0271386],[22.6005165,49.0270116],[22.6008356,49.0268885],[22.6010737,49.0267882],[22.6012179,49.0267338],[22.6013367,49.0266903],[22.6018918,49.0265077],[22.6023076,49.0263961],[22.6023442,49.0263849],[22.6025155,49.0263289],[22.6028386,49.0261885],[22.6031696,49.0260798],[22.6033267,49.0260293],[22.6035207,49.0259803],[22.6040207,49.0259157],[22.6047422,49.0257586],[22.6050889,49.0257145],[22.6053018,49.0256748],[22.6055215,49.0256244],[22.6057616,49.0255182],[22.6060274,49.0253754],[22.6061851,49.0253167],[22.6063587,49.0252613],[22.6063988,49.0252474],[22.6064586,49.0252267],[22.6065763,49.0251875],[22.6067358,49.0250895],[22.6068549,49.0249798],[22.607016,49.0247037],[22.6070926,49.0245801],[22.6072149,49.0244602],[22.6073829,49.0243547],[22.6075486,49.0242706],[22.6078206,49.0241657],[22.6085059,49.0239589],[22.6089866,49.0238339],[22.6092678,49.0237499],[22.6095247,49.0236404],[22.6101633,49.0233409],[22.6104426,49.0232205],[22.6109222,49.023038],[22.6125903,49.0223401],[22.6127399,49.0222909],[22.6129188,49.0222604],[22.6131858,49.0222294],[22.6134092,49.0221775],[22.613657,49.0221114],[22.615647,49.0214381],[22.6161609,49.0212898],[22.6165197,49.0212174],[22.6166868,49.0211731],[22.6168391,49.0211148],[22.6169443,49.0210518],[22.6170923,49.0209375],[22.6171887,49.020831],[22.6174088,49.0204622],[22.617588,49.020262],[22.617699,49.0201163],[22.6179569,49.0196956],[22.6181191,49.0192409],[22.6184391,49.0185592],[22.6185222,49.0183496],[22.6186352,49.0180649],[22.6187012,49.0179331],[22.6187883,49.0178117],[22.6190897,49.0175318],[22.6194705,49.0171892],[22.61964,49.0170481],[22.6199515,49.0168193],[22.6207598,49.016185],[22.6209636,49.0159932],[22.6210716,49.015845],[22.6210904,49.0157619],[22.6211275,49.0156601],[22.6211098,49.0153877],[22.6211285,49.0151194],[22.6211656,49.0148529],[22.6212707,49.0146224],[22.6214072,49.0144172],[22.6216075,49.0142318],[22.6220754,49.0138906],[22.622556,49.0135548],[22.622974,49.0133153],[22.6231939,49.0132186],[22.6234758,49.0131324],[22.6240906,49.0130253],[22.6245336,49.0129204],[22.6248649,49.0128276],[22.6251143,49.0127225],[22.6253673,49.0125758],[22.6261051,49.0121669],[22.6262569,49.0121199],[22.6264333,49.0120844],[22.6266405,49.0120637],[22.6271839,49.0120335],[22.6273929,49.0120073],[22.6276253,49.0119596],[22.6280551,49.0118355],[22.6285127,49.0117443],[22.6288197,49.0116659],[22.6295553,49.0114398],[22.629881,49.0113396],[22.6300154,49.0112759],[22.6301564,49.0111863],[22.6303681,49.0109808],[22.6304667,49.0108691],[22.6305235,49.0107482],[22.6305934,49.0104261],[22.6306545,49.010223],[22.6307148,49.0101064],[22.630795,49.0100119],[22.6309113,49.0099045],[22.6310668,49.0098183],[22.6312723,49.0097391],[22.6320264,49.0095232],[22.6322248,49.0094601],[22.6324448,49.009364],[22.6327479,49.00919],[22.6329196,49.0090965],[22.6333503,49.0088421],[22.6339052,49.0086145],[22.6342043,49.008472],[22.6344504,49.0083954],[22.6348401,49.0082723],[22.6351569,49.0081966],[22.635473,49.0081306],[22.6356755,49.0081086],[22.6362213,49.0081068],[22.6365748,49.0080744],[22.6367799,49.0080515],[22.6370859,49.0080173],[22.637722,49.0079442],[22.6382851,49.0078928],[22.6386528,49.0078477],[22.6387909,49.0078078],[22.6388861,49.0077559],[22.6389586,49.007711],[22.6389866,49.0076605],[22.6389806,49.0075901],[22.6389333,49.0074615],[22.6388414,49.0072856],[22.6386099,49.0069123],[22.6385703,49.0068111],[22.6385446,49.0066634],[22.6385302,49.0060605],[22.6385482,49.0059234],[22.6386099,49.0056323],[22.6386454,49.0052472],[22.638689,49.0050806],[22.6387415,49.0049134],[22.6388164,49.0047613],[22.6389146,49.0046064],[22.639373,49.0041677],[22.6395701,49.0039739],[22.6397038,49.0037908],[22.6397606,49.0036809],[22.6397838,49.0036021],[22.6397921,49.003483],[22.6395887,49.0030487],[22.6395273,49.0029624],[22.6394561,49.0028873],[22.6393491,49.0027981],[22.6390439,49.0025944],[22.6388243,49.002453],[22.6387359,49.0023877],[22.6387217,49.0023686],[22.6386716,49.0023014],[22.6386039,49.0021816],[22.6385915,49.0021309],[22.6385731,49.0020658],[22.6385349,49.0020184],[22.63849,49.0019658],[22.6382424,49.0017872],[22.6380227,49.0015897],[22.6379066,49.0014518],[22.6378098,49.0012863],[22.637777,49.001199],[22.6377725,49.0011056],[22.6378118,49.0009414],[22.6379705,49.0005124],[22.638528,48.9991393],[22.6390523,48.9977665],[22.6390626,48.9977116],[22.639068,48.9976412],[22.6390587,48.9975835],[22.6390348,48.9975461],[22.6389119,48.9974277],[22.6388628,48.997371],[22.6388158,48.9973103],[22.6387961,48.9972396],[22.6387823,48.9971141],[22.6387823,48.9970341],[22.6388127,48.9969281],[22.638988,48.9966452],[22.6393189,48.9961829],[22.6395943,48.9957828],[22.6397251,48.9955558],[22.6398485,48.9953455],[22.6399299,48.9951157],[22.6399705,48.994954],[22.6399958,48.9947817],[22.6399973,48.9946064],[22.6399757,48.9943975],[22.6399456,48.99427],[22.6398942,48.9941439],[22.6398021,48.9939752],[22.6396592,48.993763],[22.6392736,48.9933612],[22.6390637,48.9931666],[22.6384675,48.9926742],[22.6378897,48.9922733],[22.637001,48.9917467],[22.6361792,48.9912276],[22.6360651,48.9911451],[22.6360148,48.9911038],[22.6359745,48.9910468],[22.6359625,48.9909665],[22.6359827,48.9908829],[22.6360644,48.9908151],[22.6361647,48.9907628],[22.6363488,48.9907126],[22.6364339,48.9906983],[22.6365082,48.9906859],[22.6365861,48.9906781],[22.636664,48.9906704],[22.636747,48.9906621],[22.6370082,48.990658],[22.6371883,48.9906814],[22.6373506,48.9907368],[22.6374417,48.9908027],[22.6375987,48.990941],[22.6377382,48.9910814],[22.6378592,48.9911393],[22.6384087,48.9912578],[22.6388285,48.9913405],[22.63913,48.9913891],[22.6393547,48.9914148],[22.6395956,48.9914047],[22.639899,48.9913715]]}},
{"type":"Feature","properties":{"full_id":"w112024508","ref":"С-071217","length_km":5.31066,"name:uk":"Баранинська сільська громада","lenght_roads":5.3107,"id_roads":"44689"},"geometry":{"type":"LineString","coordinates":[[22.4378718,48.5223225],[22.4377005,48.5237278],[22.4377005,48.5241437],[22.4376842,48.5242347],[22.437652,48.5243449],[22.4375555,48.5245491],[22.4375117,48.5247174],[22.4375206,48.5248227],[22.437567,48.524923],[22.4376279,48.524995],[22.4377284,48.5250653],[22.4378157,48.5251176],[22.4379725,48.5251727],[22.4381188,48.5251993],[22.4383353,48.5252066],[22.438992,48.5252235],[22.4392185,48.5252473],[22.4394304,48.5252864],[22.4397747,48.5253699],[22.4399078,48.5254214],[22.4400419,48.5254853],[22.4402572,48.5256284],[22.4408921,48.5261103],[22.4411201,48.5263042],[22.4412493,48.5264882],[22.441324,48.5266825],[22.4413587,48.5268873],[22.4413582,48.527164],[22.4413159,48.5273665],[22.4412492,48.5275566],[22.4411899,48.527656],[22.4411148,48.5277519],[22.4410129,48.5278479],[22.4409132,48.5279221],[22.4404173,48.5281764],[22.4402752,48.5282582],[22.4402229,48.5283061],[22.440183,48.5283617],[22.440168,48.5284083],[22.440168,48.5284607],[22.440207,48.5285578],[22.4403396,48.528704],[22.4407956,48.5291304],[22.4408439,48.5291996],[22.440889,48.5292783],[22.4409136,48.5293879],[22.4409237,48.5295044],[22.4408974,48.5299011],[22.4408892,48.5300251],[22.4414412,48.5349101],[22.4413112,48.5352544],[22.4410912,48.535731],[22.4409712,48.5362938],[22.4405388,48.5400237],[22.4405332,48.5400723],[22.4406471,48.5403426],[22.441935,48.5417745],[22.4421253,48.5420415]]}},
{"type":"Feature","properties":{"full_id":"w148957369","ref":"С-070731","length_km":2.41956,"name:uk":"Батівська селищна громада","lenght_roads":2.4196,"id_roads":"15331"},"geometry":{"type":"LineString","coordinates":[[22.487025892952197,48.386182604831745],[22.4849735,48.3751062],[22.4848914,48.3748263],[22.4848601,48.3746056],[22.4847609,48.3739069],[22.4846514,48.3731356],[22.4846456,48.373095],[22.4846309,48.3728874],[22.4846725,48.3727346],[22.4848121,48.3725593],[22.4866689,48.3715897],[22.4870543,48.3713852],[22.4872655,48.3712031],[22.4885241,48.3688345],[22.4889141,48.3683269],[22.489056,48.3679805],[22.4890616,48.3679253],[22.4890684,48.3678822],[22.4890705,48.3678246],[22.4890746,48.3677876],[22.4890749,48.3676027],[22.4890754,48.3672723],[22.4890997,48.3655937],[22.4891754,48.3655767]]}},
{"type":"Feature","properties":{"full_id":"w165948057","ref":"С-071105","length_km":1.82839,"name:uk":"Вільховецька сільська громада","lenght_roads":1.8284,"id_roads":"11307"},"geometry":{"type":"LineString","coordinates":[[23.7215394,48.0812676],[23.7203446,48.0817333],[23.7193362,48.0821524],[23.7190698,48.0822631],[23.7185742,48.0824292],[23.7182075,48.0825089],[23.7177122,48.0825732],[23.7171274,48.0826072],[23.7166228,48.0826],[23.7163389,48.0825875],[23.7161404,48.0825982],[23.7158722,48.0826735],[23.7155296,48.0828394],[23.7152016,48.0831179],[23.7148767,48.083459],[23.7141073,48.0846194],[23.7138927,48.0850387],[23.7138176,48.0854616],[23.7136762,48.0857427],[23.713464,48.0860188],[23.7127414,48.0874212],[23.7124571,48.0879838],[23.7124121,48.0881402],[23.7124014,48.0883068],[23.712396,48.0884788],[23.7124175,48.088658],[23.7124363,48.0888264],[23.7124979,48.0889644],[23.7126616,48.0891686],[23.712734,48.0892869],[23.712793,48.0894284],[23.7128252,48.0895556],[23.7128466,48.0897133],[23.7128466,48.0900949],[23.7128869,48.0903547],[23.7128788,48.0905105],[23.7128899,48.0906161],[23.7129566,48.0909405],[23.7129861,48.0911376],[23.7129727,48.0912612],[23.7129298,48.0913848],[23.7126682,48.0919399],[23.7125516,48.0921642],[23.7123585,48.0924419],[23.712168,48.0927016],[23.7120849,48.0929184],[23.712042,48.0931083],[23.7120178,48.0931871],[23.7119803,48.093248],[23.7118998,48.0933358],[23.7116423,48.0935042],[23.7110689,48.0940165]]}},
{"type":"Feature","properties":{"full_id":"w121378455","ref":"С-070725","length_km":2.65599,"name:uk":"Кольчинська селищна громада","lenght_roads":2.656,"id_roads":"77580"},"geometry":{"type":"LineString","coordinates":[[22.7496525,48.5294491],[22.7486696,48.5290474],[22.7484361,48.5289482],[22.7479165,48.5286417],[22.7477365,48.5284721],[22.747702,48.5283506],[22.7477435,48.5282246],[22.7478189,48.5281064],[22.748491,48.5276883],[22.7488717,48.5271474],[22.7491693,48.5266019],[22.7493492,48.5255568],[22.7492454,48.5250663],[22.7492731,48.5243924],[22.7481031,48.5242153],[22.7466058,48.5241684],[22.746247,48.5240657],[22.744976,48.5231095],[22.7446854,48.522788],[22.744051,48.5221472],[22.7438561,48.5220252],[22.7434947,48.5219453],[22.7428922,48.5217717],[22.7426761,48.521612],[22.7427115,48.521429],[22.7426702,48.5209019],[22.7425803,48.5206315],[22.7407807,48.5196045],[22.7404069,48.5193386],[22.7399778,48.5192836],[22.738372,48.5195679],[22.7375899,48.5195908],[22.7365948,48.5199738],[22.7364824,48.5200171],[22.7359979,48.5202051],[22.734489,48.5204114],[22.7333055,48.5204252],[22.7329248,48.5203151],[22.7324611,48.5205398],[22.7306338,48.5201684],[22.7299347,48.5197925],[22.7295263,48.5196458],[22.7289934,48.5196412],[22.7284743,48.5197191],[22.7279621,48.519632],[22.7277475,48.5194028],[22.7277337,48.5191186]]}},
{"type":"Feature","properties":{"full_id":"w203891882","ref":"О-070603","length_km":5.72366,"name:uk":"Синевирська сільська громада","lenght_roads":5.7237,"id_roads":"86393"},"geometry":{"type":"LineString","coordinates":[[23.63687342268295,48.467429639200404],[23.6364105,48.4683142],[23.635928,48.4690799],[23.6357254,48.4694431],[23.6356232,48.4697861],[23.6355036,48.4702581],[23.6354428,48.4707718],[23.6354236,48.4708759],[23.6352461,48.4715156],[23.6351666,48.4717762],[23.6350936,48.471983],[23.6348521,48.472507],[23.6340562,48.473639],[23.6337829,48.4739946],[23.6329716,48.4749451],[23.6324108,48.4755663],[23.6321947,48.4757659],[23.631975,48.4759814],[23.6317284,48.4761968],[23.6300766,48.4774131],[23.6292318,48.4780109],[23.6265844,48.4798844],[23.6251416,48.4808621],[23.6249206,48.4810693],[23.6247253,48.4812701],[23.6245834,48.481476],[23.6244855,48.4816723],[23.624441,48.4818028],[23.6244094,48.4819957],[23.6243962,48.4821159],[23.6244352,48.4823107],[23.6245703,48.4825868],[23.6247036,48.482879],[23.6247567,48.4830127],[23.6247722,48.48315],[23.624745,48.4832646],[23.6247253,48.4833478],[23.624428,48.4839697],[23.6243651,48.4842097],[23.6242907,48.4849192],[23.6241698,48.4854991],[23.6240969,48.4856763],[23.6240279,48.4858129],[23.623941,48.4859595],[23.623679,48.4863607],[23.6230215,48.4873162],[23.6229931,48.4873615],[23.622645,48.487916],[23.6222904,48.4883629],[23.6220324,48.4886478],[23.6217024,48.4890122],[23.6216794,48.4890444],[23.621603,48.4891511],[23.6215469,48.4892641],[23.6215358,48.4892865],[23.6214616,48.4895473],[23.621441,48.4898045],[23.6215581,48.4904779],[23.6216541,48.4909653],[23.6216569,48.4911228],[23.6216936,48.4913163],[23.6217025,48.4915132],[23.6216874,48.4916888],[23.6215635,48.4920479],[23.6215098,48.4922075],[23.6214958,48.4922724],[23.6214822,48.4923746],[23.6214598,48.4925144],[23.6214523,48.4927174],[23.6214864,48.4930079],[23.6215094,48.4931767],[23.6216517,48.4935837],[23.6217758,48.4938226],[23.6219412,48.494021],[23.6225294,48.494464],[23.6226795,48.4946178],[23.6227869,48.4948524],[23.6228536,48.4950847],[23.6228969,48.4952389],[23.6229007,48.4954112],[23.6228995,48.495686],[23.6228322,48.4959662],[23.6222317,48.4978548],[23.6221892,48.4979887],[23.6220168,48.4985308],[23.6218861,48.4990467],[23.6218727,48.4995271],[23.6218872,48.4996596],[23.6220112,48.5004908],[23.6220354,48.500791],[23.6217553,48.5019005],[23.6216807,48.5021212],[23.6214638,48.5032131],[23.621395,48.5036583],[23.6213599,48.5040559],[23.6213933,48.5044137],[23.6215145,48.50496],[23.6215362,48.5051451],[23.6215295,48.5053603],[23.6213341,48.5064249],[23.6213545,48.5067516],[23.6215598,48.5073253],[23.6217598,48.5077059],[23.6223224,48.5087769],[23.6223488,48.5088272],[23.6231261,48.5111065],[23.6234375,48.5120745],[23.6235415,48.5123579],[23.6238717,48.5128438],[23.6241236,48.5131476],[23.6245563,48.5134329],[23.6247124,48.5136471],[23.624972,48.5147546],[23.6250829,48.514963]]}},
{"type":"Feature","properties":{"full_id":"w1031959889","ref":"С-071124","length_km":2.78385,"name:uk":"Солотвинська селищна громада","lenght_roads":2.7839,"id_roads":"39609"},"geometry":{"type":"LineString","coordinates":[[23.8356007,48.0775628],[23.8359117,48.0775915],[23.8362658,48.0776274],[23.8366092,48.0775951],[23.8369203,48.0774911],[23.8373173,48.0772976],[23.8378966,48.0768245],[23.8380898,48.076674],[23.8383365,48.0765772],[23.8385886,48.0765664],[23.8387066,48.0765055],[23.8388837,48.0762403],[23.8389748,48.076165],[23.839632,48.0759912],[23.8398707,48.0759786],[23.8400853,48.0759661],[23.8403884,48.0759195],[23.8405278,48.0759141],[23.8409328,48.0760288],[23.8411072,48.0760593],[23.8413888,48.0760181],[23.8418931,48.0759733],[23.8425636,48.0757958],[23.8429445,48.0755234],[23.8432825,48.075312],[23.843379,48.0751328],[23.8433522,48.0749786],[23.8434434,48.0748604],[23.8438189,48.0744768],[23.8441676,48.0739965],[23.8443232,48.0738352],[23.8444412,48.0736023],[23.8446879,48.0733263],[23.8448489,48.0729176],[23.8451761,48.0724983],[23.8451493,48.072043],[23.8453692,48.0717814],[23.8456911,48.0715484],[23.8460988,48.0712078],[23.8464314,48.0711003],[23.8470107,48.0710752],[23.8488454,48.0707669],[23.8492691,48.0708601],[23.8498431,48.0710752],[23.8505244,48.0715484],[23.8508838,48.0717993],[23.8510877,48.0718423],[23.8519674,48.0717885],[23.8521016,48.0718244],[23.8523161,48.0718781],[23.8524717,48.0718566],[23.8536398,48.0715699],[23.8537404,48.0714856],[23.8539067,48.0713781],[23.8541454,48.0712885],[23.8545397,48.0711093],[23.8550869,48.0709157],[23.8551378,48.0709964],[23.8561302,48.0709211],[23.8562804,48.0708637],[23.8566452,48.070663],[23.8570315,48.0706056],[23.8578147,48.0706056],[23.8590699,48.0705053],[23.8606042,48.0706881],[23.8607866,48.0706558],[23.8614088,48.0704228],[23.8616019,48.0704121],[23.861956,48.0704515],[23.8621867,48.0704551],[23.8624683,48.0704407],[23.8628733,48.0703027],[23.8631067,48.0703045],[23.864311,48.0703117],[23.8659269,48.0702227]]}},
{"type":"Feature","properties":{"full_id":"w204054782","ref":"С-070739","length_km":2.09711,"name:uk":"Кольчинська селищна громада","lenght_roads":2.0971,"id_roads":"89195"},"geometry":{"type":"LineString","coordinates":[[22.7119382,48.586147],[22.7118462,48.5860595],[22.7116901,48.5859557],[22.7113855,48.5858347],[22.7109228,48.5857205],[22.7102087,48.585573],[22.7098855,48.5855326],[22.7095279,48.58557],[22.7088842,48.5856874],[22.7040216,48.5872274],[22.7029037,48.5880591],[22.7015952,48.5890832],[22.7002966,48.5894465],[22.6981764,48.5897471],[22.696871,48.589812],[22.6962527,48.5898899],[22.6952614,48.5902145],[22.6938972,48.5904483],[22.6929726,48.590793],[22.6920585,48.591157],[22.6904325,48.5918635],[22.6896768,48.5920712],[22.6891454,48.592171],[22.6888034,48.5921484],[22.6883926,48.5920707],[22.6875991,48.5919178],[22.6867233,48.5917099]]}},
{"type":"Feature","properties":{"full_id":"w165511052","ref":"О-070601","length_km":11.84568,"name:uk":"Міжгірська селищна громада","lenght_roads":11.8457,"id_roads":"40578"},"geometry":{"type":"LineString","coordinates":[[23.4735381,48.6008278],[23.4733361,48.6008583],[23.4731344,48.6009246],[23.4728372,48.6010463],[23.4727485,48.6010925],[23.4726468,48.6011456],[23.4724595,48.6012673],[23.4723115,48.6013993],[23.4721345,48.6015877],[23.4719279,48.6018711],[23.4717482,48.6021921],[23.4713925,48.6028134],[23.470307,48.6044915],[23.4700984,48.6046844],[23.4698468,48.6048561],[23.4695668,48.6050471],[23.4693546,48.6052178],[23.4692495,48.6053223],[23.4689371,48.6058136],[23.4686032,48.606311],[23.4685225,48.6065164],[23.4684733,48.6066457],[23.4684329,48.6068025],[23.4683064,48.6075228],[23.4682094,48.6077979],[23.4681239,48.6080003],[23.4680344,48.6081372],[23.4679983,48.6081764],[23.4678798,48.6082705],[23.46759,48.6084871],[23.4673085,48.6087619],[23.4668794,48.6092691],[23.4663859,48.6097975],[23.4655533,48.610739],[23.4654031,48.6109797],[23.4653779,48.6110221],[23.4651225,48.6116304],[23.465045,48.611807],[23.4649798,48.6119836],[23.4648886,48.6123174],[23.4648413,48.6124536],[23.4647923,48.612564],[23.4647203,48.6126904],[23.4646409,48.6128443],[23.4644386,48.6131318],[23.4641688,48.6135143],[23.4639827,48.6137113],[23.463772,48.6138961],[23.4632213,48.6142451],[23.4629086,48.6144684],[23.462661,48.6146028],[23.4624858,48.6146774],[23.4619633,48.6148135],[23.4617681,48.6148396],[23.4615236,48.6148347],[23.4611601,48.6148268],[23.4609328,48.6148418],[23.4597003,48.6151275],[23.459028,48.6153469],[23.4584753,48.6155558],[23.4582371,48.6155953],[23.457999,48.6156022],[23.457129,48.6155089],[23.4566271,48.6154843],[23.4561685,48.61548],[23.4550782,48.6155564],[23.4547384,48.6156067],[23.4539744,48.615805],[23.4538073,48.6158433],[23.4534916,48.6159178],[23.4533974,48.6159461],[23.453312,48.6159837],[23.4532464,48.6160272],[23.4531288,48.6161144],[23.4530137,48.6161975],[23.4523983,48.6166423],[23.4522661,48.6167225],[23.4521293,48.6167857],[23.4519112,48.6168555],[23.4501585,48.61724],[23.449547,48.6174245],[23.4488336,48.6176835],[23.4485474,48.6177663],[23.4482693,48.6178333],[23.4470339,48.6180789],[23.4467439,48.6181366],[23.4461628,48.6182482],[23.4459488,48.6183004],[23.4458734,48.6183381],[23.4458242,48.618378],[23.445789,48.6184454],[23.4457713,48.6185128],[23.4457872,48.6186995],[23.4458394,48.6189818],[23.4458637,48.6192933],[23.4458463,48.6201637],[23.4457901,48.620931],[23.4457575,48.6211524],[23.4456767,48.6213261],[23.4454448,48.62187],[23.4450665,48.6225183],[23.4445739,48.6230986],[23.4428698,48.6245503],[23.4422185,48.6252293],[23.4415955,48.6259691],[23.4412408,48.6263357],[23.4410235,48.6265346],[23.4408685,48.6266637],[23.4407242,48.6267718],[23.4405957,48.6268399],[23.4404672,48.6268832],[23.4402095,48.6269367],[23.4398656,48.6269756],[23.4394492,48.6270109],[23.4365759,48.6270543],[23.4360701,48.6270627],[23.4353954,48.6271277],[23.434773,48.6272355],[23.4331844,48.6276961],[23.4295531,48.6287847],[23.4287264,48.6290469],[23.428349,48.6292042],[23.4279875,48.6294069],[23.4264506,48.6306279],[23.4260631,48.6308051],[23.4241924,48.6315608],[23.4240793,48.6316411],[23.4240223,48.6317426],[23.4237584,48.632342],[23.4236222,48.6329495],[23.423609,48.6332802],[23.4236264,48.6334416],[23.4236678,48.6336056],[23.4238888,48.63412],[23.4240225,48.6343966],[23.4241402,48.6345886],[23.424294,48.6347273],[23.4244398,48.634829],[23.424752,48.6350129],[23.4249003,48.6351847],[23.4250645,48.6354492],[23.4254618,48.6362804],[23.4255939,48.6365062],[23.425766,48.6366897],[23.4261257,48.637001],[23.4262738,48.637175],[23.4263978,48.637349],[23.4266263,48.6379265],[23.4267501,48.6384977],[23.426872,48.6391181],[23.4269843,48.6393862],[23.4270965,48.6395933],[23.4274703,48.640291],[23.4275422,48.6405255],[23.4276342,48.6410327],[23.4276461,48.6410986],[23.4276683,48.6413548],[23.4277027,48.641751],[23.4275494,48.6424938],[23.4273239,48.6433331],[23.4272674,48.6435307],[23.4272598,48.6437014],[23.4273221,48.6438989],[23.4274414,48.6440803],[23.4281229,48.6446393],[23.4292695,48.6456745],[23.4297184,48.645994],[23.4301266,48.6462599],[23.4306573,48.6466147],[23.4311882,48.6469796],[23.4314636,48.6473662],[23.4319774,48.6482558],[23.432633,48.6491818],[23.4341579,48.6512149],[23.4344946,48.6516629],[23.4346296,48.6518287],[23.4347645,48.6519625],[23.4349677,48.6521245],[23.4352012,48.6522665],[23.4357985,48.6525687],[23.4364135,48.6529117],[23.4365252,48.6529795],[23.4367237,48.6531377],[23.436819,48.6532037],[23.4370066,48.6533216],[23.4372124,48.6534075],[23.4375711,48.6535172],[23.437948,48.6536068],[23.4390231,48.6538171],[23.4398864,48.6541251],[23.4406218,48.6544228],[23.440986,48.6545459],[23.4413052,48.6546327],[23.4417397,48.6547089],[23.4422077,48.6547727],[23.4424706,48.6548294],[23.4426382,48.6548825],[23.4429198,48.655003],[23.4433051,48.6552025],[23.4434727,48.6552712],[23.4436241,48.6553051],[23.4441778,48.6553997],[23.444624,48.6555093],[23.4448759,48.6555856],[23.4450215,48.6556517],[23.4451671,48.6557503],[23.4454979,48.6560488],[23.4459471,48.6566923],[23.4464562,48.6574141],[23.4468568,48.6580059],[23.4469786,48.6582391],[23.4470197,48.6583584],[23.4470424,48.6584696],[23.4470467,48.6587396],[23.4469544,48.6590767],[23.4468214,48.6593446],[23.4466206,48.6596109],[23.4461466,48.6600071],[23.4457746,48.6602607],[23.4454581,48.6605143],[23.444902,48.6610761],[23.4447379,48.661294],[23.4446354,48.6614998],[23.4444915,48.661898],[23.4444496,48.6620999],[23.4444645,48.6622105],[23.4445465,48.6624264],[23.4446528,48.6626315],[23.4450641,48.6630889],[23.4454086,48.6634212],[23.4457329,48.6638608],[23.4459203,48.6641726],[23.4462385,48.6647162],[23.4464201,48.6650147],[23.4466169,48.6652485],[23.4471164,48.6658858],[23.4474001,48.6662728],[23.4475676,48.6666594],[23.447684,48.6668754],[23.447812,48.6670511],[23.4482199,48.6676051],[23.4484202,48.667908],[23.4486963,48.6683807],[23.4489586,48.6688704],[23.4495006,48.6699271],[23.4500455,48.6707143],[23.4505223,48.6711042],[23.4509023,48.6714005],[23.4510626,48.67161],[23.4511809,48.6719668],[23.4512584,48.6724021],[23.4512755,48.6725645],[23.4512964,48.6726758],[23.4513528,48.6728224],[23.4514405,48.6729608],[23.451755,48.6734782],[23.4520176,48.6737069],[23.4521547,48.6738891],[23.4522732,48.6740002],[23.4524898,48.6741488],[23.4528736,48.6744187],[23.4530613,48.6745515],[23.4530905,48.674574],[23.4532348,48.6746847],[23.4533698,48.6748083],[23.4535967,48.6749904],[23.4537912,48.6753182],[23.4539303,48.6755628],[23.4540001,48.6756958],[23.4541637,48.6759737],[23.4545102,48.6763812],[23.4545887,48.6765017],[23.4546576,48.6766075],[23.4546894,48.6767459],[23.4546918,48.6769434],[23.4546941,48.6773261],[23.454684,48.6776545],[23.4546732,48.677875],[23.4545659,48.6782328],[23.454408,48.6788625],[23.454327,48.6791411],[23.4543163,48.6791781],[23.4542507,48.6792901],[23.454228,48.6793972]]}},
{"type":"Feature","properties":{"full_id":"w154371950","ref":"С-071211","length_km":4.99091,"name:uk":"Сюртівська сільська громада","lenght_roads":4.9909,"id_roads":"29802"},"geometry":{"type":"LineString","coordinates":[[22.2677174,48.5238035],[22.2675792,48.5239554],[22.2675396,48.5240229],[22.267478,48.5241561],[22.2674431,48.5242178],[22.2673613,48.5243537],[22.2672513,48.5244967],[22.2669129,48.5249677],[22.2667082,48.5252064],[22.2666143,48.5252855],[22.2665003,48.5253379],[22.2659102,48.5255009],[22.2645128,48.5258317],[22.2574635,48.5275679],[22.2522216,48.5288656],[22.2519297,48.5289384],[22.2464055,48.5303161]]}},
{"type":"Feature","properties":{"full_id":"w151667573","ref":"О-070101","length_km":16.31359,"name:uk":"Великобийганська сільська громада","lenght_roads":16.3136,"id_roads":"64153"},"geometry":{"type":"LineString","coordinates":[[22.617199551639054,48.198391877813442],[22.615062,48.1977701],[22.6147498,48.1977046],[22.6144633,48.1976831],[22.6142047,48.1977198],[22.6139376,48.1978166],[22.6136118,48.1979881],[22.6108428,48.1997434],[22.607347,48.2018902],[22.5965026,48.2085381],[22.5948175,48.2095546],[22.5946082,48.2096176],[22.5943655,48.2096648],[22.5940242,48.2096833],[22.5936681,48.2096889],[22.5933234,48.2097435],[22.5916376,48.2101857],[22.5913164,48.2102699],[22.5902429,48.2105515],[22.5896394,48.2107133],[22.5866765,48.2116521],[22.5854614,48.2120314],[22.5853721,48.2120593],[22.5846889,48.2122732],[22.5811626,48.2133927],[22.5805802,48.2134987],[22.5795484,48.2136065],[22.5790102,48.2136765],[22.5778728,48.2137749],[22.5775467,48.2137269],[22.575347,48.2129184],[22.5735721,48.2122743],[22.5719187,48.2119779],[22.570979,48.2120437],[22.5708425,48.2120626],[22.5707196,48.212109],[22.5706195,48.212218],[22.5703706,48.2128881],[22.5694955,48.2152706],[22.5694022,48.215639],[22.5692846,48.2159427],[22.5691688,48.2161966],[22.5690593,48.2163607],[22.5688325,48.2168006],[22.5687718,48.2170527],[22.568762,48.2173231],[22.5688262,48.2178716],[22.5688979,48.218318],[22.569011,48.2186968],[22.5693599,48.2194427],[22.5695801,48.2198631],[22.5697273,48.2203815],[22.5707234,48.2235782],[22.5707557,48.2236465],[22.5712421,48.224676],[22.5715331,48.2250767],[22.5723374,48.2260811],[22.5725267,48.2263566],[22.5727136,48.2267434],[22.5729297,48.2274803],[22.5730142,48.22784],[22.5729683,48.2279805],[22.572847,48.2281533],[22.5726885,48.2282778],[22.5712197,48.2291817],[22.5709114,48.2294793],[22.5704669,48.2300352],[22.5697289,48.2309246],[22.567425,48.2337011],[22.5633358,48.2386524],[22.5631768,48.2388903],[22.5631545,48.2390405],[22.5631886,48.2392035],[22.5633427,48.2393865]]}},
{"type":"Feature","properties":{"full_id":"w759168988","ref":"С-071216","length_km":2.27798,"name:uk":"Ужгородська міська громада","lenght_roads":0.1444,"id_roads":"34277"},"geometry":{"type":"LineString","coordinates":[[22.3338893,48.6404795],[22.3340663,48.6407366]]}},
{"type":"Feature","properties":{"full_id":"w203352222","ref":"О-070905","length_km":12.379,"name:uk":"Великобичківська селищна громада","lenght_roads":12.379,"id_roads":"18160"},"geometry":{"type":"LineString","coordinates":[[24.067316,48.0533072],[24.0674607,48.0535159],[24.0677947,48.0540765],[24.0678804,48.0542148],[24.0680084,48.0543625],[24.0686331,48.0549097],[24.0689841,48.0552956],[24.0694696,48.0559795],[24.0694931,48.0561287],[24.0694737,48.0563497],[24.0693652,48.0568907],[24.0693781,48.0570208],[24.0694194,48.0571463],[24.0696317,48.0574838],[24.0695013,48.05753],[24.069066,48.0576464],[24.0684292,48.0577927],[24.067687,48.0579574],[24.0675669,48.0579673],[24.0674895,48.0579737],[24.0672673,48.0579499],[24.0670578,48.0579021],[24.0668468,48.0578063],[24.0665804,48.0576496],[24.0663053,48.0574332],[24.0661221,48.0572763],[24.0658681,48.0570199],[24.0656829,48.0567958],[24.0654552,48.0564724],[24.0652545,48.0562501],[24.065061,48.055966],[24.0650047,48.0558469],[24.0649403,48.0557108],[24.0647377,48.0551584],[24.064657,48.0549937],[24.0645629,48.0548541],[24.0644925,48.0547832],[24.0643952,48.0547194],[24.0641947,48.0546177],[24.0639755,48.0545231],[24.0636389,48.0543878],[24.0634197,48.0542844],[24.0630609,48.0540269],[24.0619217,48.053314],[24.0608036,48.0524324],[24.0601501,48.0519005],[24.0601097,48.0518676],[24.0599491,48.0516993],[24.059826,48.0515184],[24.0597311,48.0513227],[24.0594812,48.0504144],[24.0594422,48.0502953],[24.0593764,48.0501798],[24.0588765,48.0496131],[24.0586786,48.0493887],[24.0583698,48.0490386],[24.0580923,48.0487134],[24.0580201,48.0485982],[24.0579855,48.0484794],[24.0579768,48.0483643],[24.0579896,48.0481847],[24.0581658,48.047357],[24.0581757,48.0472109],[24.0581534,48.047029],[24.0581359,48.0469389],[24.0581076,48.0468632],[24.0580713,48.0467929],[24.0580243,48.0467207],[24.0579404,48.0466242],[24.0578515,48.0465562],[24.0577815,48.0465097],[24.0571531,48.0461772],[24.056445,48.0458156],[24.0562712,48.045713],[24.0561027,48.0455818],[24.0559401,48.0453964],[24.0558215,48.0452169],[24.05518,48.0442462],[24.0547409,48.0435832],[24.0545762,48.0433345],[24.0540374,48.0425165],[24.0539706,48.0423818],[24.0539521,48.0422973],[24.0539381,48.0421373],[24.0539616,48.042024],[24.0540431,48.0418813],[24.0541622,48.0417422],[24.0544426,48.0414798],[24.0546743,48.0412709],[24.0549714,48.0409789],[24.0550647,48.0408853],[24.0551278,48.0407934],[24.0551427,48.040741],[24.0551558,48.0406756],[24.0551475,48.0406175],[24.0551188,48.0405197],[24.0550794,48.0404434],[24.0544477,48.0394715],[24.0542795,48.039284],[24.0540665,48.0390984],[24.0534736,48.0386455],[24.0530223,48.0382612],[24.0524303,48.0376789],[24.0508387,48.0359611],[24.0506348,48.035802],[24.0503686,48.0356543],[24.0496179,48.0352247],[24.0487078,48.0347351],[24.0483604,48.0345325],[24.0477583,48.0341426],[24.0473431,48.0338737],[24.0467183,48.0335309],[24.0459773,48.0331786],[24.0450778,48.0327725],[24.0435043,48.0320902],[24.0430352,48.0319086],[24.0428114,48.0318152],[24.0425552,48.0316453],[24.0421733,48.0312668],[24.0417948,48.0309143],[24.0409601,48.0302234],[24.0403733,48.0296479],[24.0398506,48.029111],[24.0396984,48.0289725],[24.0395303,48.0288535],[24.0392888,48.0287713],[24.0389736,48.0287077],[24.0386628,48.0286561],[24.0382178,48.0285684],[24.0379284,48.0284875],[24.0377284,48.0283972],[24.0375072,48.0282344],[24.0371032,48.0278751],[24.0364262,48.0273092],[24.0362822,48.027201],[24.0360842,48.0270821],[24.0359242,48.0269681],[24.035748,48.0267905],[24.0354888,48.0264914],[24.0353783,48.0263155],[24.0353217,48.0261564],[24.0350093,48.0248165],[24.0347053,48.0234536],[24.0346213,48.0232094],[24.034513,48.0230411],[24.0344188,48.0229206],[24.0342839,48.0227784],[24.0332174,48.0218576],[24.0329565,48.0215985],[24.0328663,48.0214809],[24.0326569,48.0211261],[24.0325525,48.0209598],[24.0324761,48.020881],[24.0319998,48.0205452],[24.0311474,48.019978],[24.0310172,48.0198718],[24.030937,48.019779],[24.0308809,48.0196753],[24.0308089,48.0195207],[24.0307608,48.0193912],[24.0299889,48.017237],[24.0297034,48.0163159],[24.0293909,48.0152426],[24.0292245,48.0144098],[24.0292005,48.0141151],[24.0292085,48.0137882],[24.0292565,48.0135953],[24.0293527,48.0133166],[24.0298333,48.0125664],[24.0300095,48.0122824],[24.0300656,48.0120305],[24.0301654,48.0116715],[24.030341,48.0113456],[24.0305434,48.0110114],[24.0305903,48.0108492],[24.0305956,48.0107139],[24.0305701,48.0105868],[24.0303143,48.0099479],[24.030254,48.0097529],[24.0301501,48.0092473],[24.0300334,48.008679],[24.0299373,48.0084754],[24.0297567,48.0081142],[24.0292784,48.0067571],[24.0291223,48.0063637],[24.0288374,48.0057085],[24.0284523,48.0048824],[24.0282937,48.0045868],[24.0280784,48.0043177],[24.0276876,48.0038402],[24.027563,48.0035938],[24.0275141,48.0032585],[24.0274621,48.0031255],[24.0274461,48.003069],[24.0271629,48.0024171],[24.027044,48.0020495],[24.0268627,48.0016629],[24.0268333,48.0014582],[24.0268627,48.0012953],[24.0269012,48.0011718],[24.0269194,48.0011134],[24.027095,48.0008102],[24.0271403,48.000632],[24.0271762,48.0004404],[24.0271449,48.0002061],[24.0270599,48.000007],[24.0268088,47.9995684],[24.0267891,47.9993585],[24.0267901,47.9992786],[24.0267948,47.9988999],[24.0267211,47.9984565],[24.0266305,47.9980661],[24.0266028,47.9979837],[24.0265506,47.9978839],[24.026486,47.9977759],[24.0243116,47.9948838],[24.0241973,47.9946981],[24.0241803,47.9945293],[24.0243075,47.9939823],[24.0243482,47.9937939],[24.0243486,47.9936436],[24.0243203,47.9934827],[24.024275,47.9933328],[24.0241997,47.9931703],[24.0240967,47.9929809],[24.0236627,47.992359],[24.0232822,47.9917993],[24.0224329,47.9905915],[24.0204901,47.9883494],[24.0201521,47.9879774],[24.0200483,47.9878528],[24.01986,47.9875261],[24.0195918,47.9870595],[24.0192844,47.9865597],[24.0191263,47.9862716],[24.0190537,47.9860689],[24.0190334,47.9859202],[24.0190254,47.9857137],[24.0190295,47.9853445],[24.0190027,47.9851526],[24.018965,47.9849895],[24.0189171,47.9848271],[24.0188845,47.9847138],[24.0188951,47.9846294],[24.0189631,47.9844696],[24.0191683,47.9842004],[24.0192867,47.9840541],[24.0193464,47.9839335],[24.0193476,47.9838398],[24.0189631,47.9837605],[24.0177001,47.9835088],[24.0164456,47.9832267],[24.0161447,47.9831595],[24.01599,47.9831409],[24.0157984,47.9831306],[24.0155811,47.9831119],[24.0154,47.9830795],[24.0152406,47.983014],[24.0149789,47.9828711],[24.0146604,47.9826637],[24.0144039,47.9825039],[24.013958,47.9823481],[24.0137253,47.9822539],[24.0134564,47.9820981],[24.0132019,47.9819069],[24.013077,47.9817768],[24.0129488,47.9815774],[24.0116744,47.9804637],[24.0115751,47.9803622],[24.0115088,47.9802754],[24.0114752,47.9801886],[24.0114349,47.9800606],[24.0113808,47.9798799],[24.0113549,47.9797865],[24.0113103,47.9797149],[24.011193,47.9795656],[24.0100485,47.9782401],[24.0100138,47.978194],[24.0099838,47.9781166],[24.0099768,47.9780668],[24.0099979,47.9780138],[24.0100288,47.9779594],[24.0100831,47.9779174],[24.0102279,47.9778481],[24.0106452,47.9777008],[24.0107973,47.977628],[24.0108801,47.9775394],[24.0109148,47.9774714],[24.0108982,47.9774096],[24.0108617,47.9773043],[24.010519,47.9766667],[24.0102347,47.9762241],[24.0101885,47.9761572],[24.0101002,47.9760746],[24.0099897,47.9759971],[24.0099352,47.9759446],[24.009046,47.9740257],[24.008893,47.973776],[24.0087316,47.9736047],[24.0084844,47.9734099],[24.0081528,47.9730698],[24.0079124,47.9727848],[24.0076368,47.9724484],[24.00754,47.9722917],[24.0074656,47.9721089],[24.0071065,47.9701832],[24.0066132,47.9692907],[24.0065022,47.96909]]}},
{"type":"Feature","properties":{"full_id":"w35818984","ref":"О-070109","length_km":4.90378,"name:uk":"Великобийганська сільська громада","lenght_roads":4.9038,"id_roads":"82736"},"geometry":{"type":"LineString","coordinates":[[22.59186848190588,48.300153521709966],[22.5918442,48.3002052],[22.5917422,48.3003908],[22.5916392,48.3005265],[22.5913998,48.3008094],[22.5883715,48.3042006],[22.5879375,48.3046515],[22.5878397,48.3048317],[22.5877699,48.3050244],[22.5875688,48.3055333],[22.5874152,48.3059251],[22.5873169,48.3060956],[22.5872879,48.3062666],[22.5872684,48.3064574],[22.5872908,48.3066616],[22.5871864,48.307299],[22.5871486,48.3076095],[22.5871825,48.3076862],[22.5872319,48.308016],[22.5873051,48.3087735],[22.5873176,48.3090515],[22.5872738,48.3092591],[22.5871851,48.3095196],[22.5868705,48.3101095],[22.5867088,48.3103361],[22.5865173,48.3104335],[22.5861901,48.310562],[22.5859417,48.3106535],[22.585425,48.3108024],[22.58533,48.3109169],[22.5853149,48.3110138],[22.5847543,48.31187],[22.584348,48.3125915],[22.5841823,48.3128464],[22.5840631,48.3129916],[22.5839168,48.3131478],[22.5837981,48.3132543],[22.5837884,48.3133883],[22.5838029,48.3135786],[22.583869,48.3137728],[22.5840448,48.3141241],[22.5841942,48.3143809],[22.5842497,48.3145207],[22.5842348,48.3146578],[22.5841615,48.3147932],[22.5841013,48.3149264],[22.5841154,48.3150046],[22.5841584,48.3150778],[22.584562,48.3152961],[22.5846562,48.3153919],[22.5846305,48.3155261],[22.5845762,48.3156161],[22.583238,48.3167567],[22.5818236,48.3179917],[22.5809671,48.3186964],[22.5801785,48.3193194],[22.5796894,48.319654],[22.5792461,48.319904],[22.5787798,48.3202013],[22.5774279,48.3211206],[22.5742371,48.323337],[22.5722791,48.3246747],[22.5680496,48.3275568],[22.567055,48.328229],[22.5667361,48.3283936],[22.5663485,48.3285645],[22.5650371,48.3290557],[22.5647248,48.3291913],[22.5644545,48.3293498],[22.5639734,48.3297078],[22.563422323268004,48.330146919392021]]}},
{"type":"Feature","properties":{"full_id":"w122239699","ref":"С-070721","length_km":0.02284,"name:uk":"Чинадіївська селищна громада","lenght_roads":0.0228,"id_roads":"84117"},"geometry":{"type":"LineString","coordinates":[[22.8458577,48.4370285],[22.8458993,48.4368775],[22.845907025022903,48.436825878117247]]}},
{"type":"Feature","properties":{"full_id":"w152326589","ref":"О-070706","length_km":0.99595,"name:uk":"Горондівська сільська громада","lenght_roads":0.9959,"id_roads":"95888"},"geometry":{"type":"LineString","coordinates":[[22.506249749714616,48.300703320053152],[22.506279,48.3007602],[22.5063918,48.3010035],[22.5064561,48.3012774],[22.5065086,48.3015324],[22.5065044,48.3016469],[22.5064427,48.3017344],[22.5063112,48.3018468],[22.5052139,48.3029804],[22.5051688,48.3031197],[22.5052037,48.3062894],[22.5051729,48.3064915],[22.5050969,48.3066677],[22.5049634,48.3068535],[22.5046842,48.3070938],[22.5025785,48.3085162],[22.5024369,48.3086568],[22.502420856539725,48.308681099533089]]}},
{"type":"Feature","properties":{"full_id":"w204002020","ref":"С-070506","length_km":1.4786,"name:uk":"Іршавська міська громада","lenght_roads":1.4786,"id_roads":"53689"},"geometry":{"type":"LineString","coordinates":[[23.0236216,48.3946521],[23.0240832,48.3947262],[23.0251509,48.3949999],[23.0254246,48.3950852],[23.0256987,48.3951811],[23.0259114,48.3952642],[23.0261364,48.3953769],[23.0267167,48.3956675],[23.0272981,48.395857],[23.027535,48.3959518],[23.0277032,48.3960594],[23.027929,48.3962309],[23.0281081,48.3963778],[23.0281565,48.3964298],[23.0282859,48.3964992],[23.0285346,48.3965901],[23.0291831,48.3968269],[23.0296125,48.3969779],[23.0297068,48.3970264],[23.0297738,48.3970923],[23.0297952,48.3971293],[23.0298222,48.397176],[23.029814,48.3972828],[23.0298167,48.3973666],[23.0299294,48.3974502],[23.0310591,48.3980948],[23.0313268,48.3982339],[23.0308011,48.3984449],[23.0301649,48.3989977],[23.0293361,48.398652],[23.0291948,48.3984599],[23.0289056,48.3983259],[23.0283472,48.3981651],[23.0276946,48.3979239],[23.026746,48.3974817],[23.0261943,48.3971824],[23.0243038,48.3962935],[23.0239675,48.3960612],[23.0231669,48.3957307]]}},
{"type":"Feature","properties":{"full_id":"w127630854","ref":"С-070101","length_km":1.20884,"name:uk":"Берегівська міська громада","lenght_roads":1.2088,"id_roads":"94960"},"geometry":{"type":"LineString","coordinates":[[22.6271784,48.1819804],[22.6264405,48.1830077],[22.6249484,48.1851442],[22.6244541,48.1858928],[22.6244315,48.1859243],[22.6231848,48.1876146],[22.6230523,48.1877992],[22.6227557,48.1878564],[22.6215944,48.1881111],[22.6206434,48.1883279],[22.6203115,48.1884168],[22.6180375,48.189111],[22.6173815,48.1893101],[22.6169142,48.1894519]]}},
{"type":"Feature","properties":{"full_id":"w127637280","ref":"С-070401","length_km":4.23854,"name:uk":"Воловецька селищна громада","lenght_roads":4.2385,"id_roads":"77927"},"geometry":{"type":"LineString","coordinates":[[23.1894416,48.7151654],[23.1891444,48.7151272],[23.1877376,48.715058],[23.1861944,48.7150397],[23.1856782,48.715039],[23.1849199,48.715015],[23.184611,48.715004],[23.1833651,48.7149122],[23.1821565,48.7148869],[23.1817041,48.7148265],[23.1812236,48.7148245],[23.1810488,48.7148276],[23.1807727,48.7148325],[23.1789539,48.7147667],[23.1789052,48.7147649],[23.1779493,48.7147334],[23.1756242,48.7146613],[23.1752077,48.7145779],[23.1744159,48.7141525],[23.1739658,48.7139792],[23.1735899,48.713801],[23.1732447,48.713598],[23.1724932,48.7131563],[23.172105,48.7129873],[23.1705649,48.7123934],[23.1704974,48.7123849],[23.1703064,48.7123564],[23.1700989,48.7123389],[23.1699394,48.7123457],[23.1695492,48.7123991],[23.1689471,48.7125619],[23.1680394,48.7127248],[23.1677778,48.7127275],[23.167623,48.7127111],[23.1675094,48.7126889],[23.1672461,48.7126019],[23.1671364,48.7125822],[23.1670551,48.7125738],[23.1669075,48.7125675],[23.1666181,48.7125827],[23.1662779,48.7125939],[23.1661718,48.7125841],[23.1660624,48.7125574],[23.1659275,48.71252],[23.1657542,48.7124643],[23.1653282,48.7123548],[23.1650941,48.7123129],[23.1641554,48.7122582],[23.1637775,48.7122164],[23.1632265,48.7121279],[23.1628827,48.7120282],[23.1624414,48.7118512],[23.1618072,48.7114877],[23.1616322,48.7114042],[23.1614834,48.7113559],[23.1612614,48.7112962],[23.1610395,48.7112753],[23.160594,48.7112988],[23.1603161,48.7113326],[23.160128,48.7113698],[23.1593077,48.7115188],[23.1590112,48.7115597],[23.1586882,48.7115756],[23.1584492,48.7115611],[23.1581518,48.7114742],[23.1578332,48.711351],[23.1576276,48.7112715],[23.157413,48.7112297],[23.1571936,48.711212],[23.1567157,48.7112538],[23.1564143,48.7112802],[23.1562537,48.7112852],[23.1558295,48.7112684],[23.1550809,48.7111844],[23.1548468,48.7111571],[23.1546481,48.7111184],[23.1544376,48.711064],[23.1535807,48.7107632],[23.1534824,48.7107287],[23.1533364,48.7106802],[23.1532187,48.7106472],[23.1521517,48.710402],[23.1515855,48.7102719],[23.149826,48.7098485],[23.1486792,48.7095404],[23.1479502,48.7093793],[23.1478116,48.7093537],[23.1469861,48.7092394],[23.1468637,48.7092128],[23.1460124,48.7089451],[23.1450339,48.7086773],[23.1443146,48.7084064],[23.1432667,48.7079234],[23.1423461,48.7074136],[23.1420854,48.7073306],[23.1416237,48.7071362],[23.1415282,48.7070874],[23.1410468,48.7067534],[23.1401242,48.7060436],[23.1399847,48.7059363],[23.139934,48.7058887],[23.1397177,48.7056725],[23.1392684,48.7052783],[23.1384423,48.7047373],[23.1376933,48.7042869],[23.1372974,48.7040609]]}},
{"type":"Feature","properties":{"full_id":"w204578582","ref":"С-070516","length_km":0.56982,"name:uk":"Зарічанська сільська громада","lenght_roads":0.5698,"id_roads":"84125"},"geometry":{"type":"LineString","coordinates":[[23.051067397529255,48.287071885241595],[23.0504188,48.2874148],[23.049610190662815,48.287842548666092]]}},
{"type":"Feature","properties":{"full_id":"w165664472","ref":"С-070517","length_km":2.82761,"name:uk":"Іршавська міська громада","lenght_roads":2.8276,"id_roads":"34584"},"geometry":{"type":"LineString","coordinates":[[23.072678148443995,48.288516799932324],[23.0727509,48.288533],[23.0729728,48.2886205],[23.0733833,48.2887839],[23.0767138,48.2900708],[23.0789691,48.2909422],[23.0791201,48.2909897],[23.079219,48.2910075],[23.0793008,48.2909972],[23.0793717,48.2909667],[23.0800968,48.2902964],[23.0807143,48.2897715],[23.0810657,48.2894824],[23.0813788,48.2892289],[23.0814974,48.2891497],[23.0816006,48.2890808],[23.0825669,48.2885207],[23.0826434,48.2885081],[23.0827119,48.2885304],[23.0830068,48.2886573],[23.0835872,48.2888213],[23.0837228,48.2888871],[23.0838959,48.288996],[23.0845916,48.2894893],[23.0847405,48.2895841],[23.0849572,48.2896694],[23.0856306,48.2899198],[23.0858836,48.2900279],[23.0861466,48.2901342],[23.0867958,48.2904112],[23.086873,48.2904551],[23.0869149,48.2904943],[23.0869509,48.2905469],[23.0869622,48.2906229],[23.0869351,48.2907186],[23.0867602,48.2910761],[23.0865645,48.2914247],[23.086221,48.2918379],[23.0861138,48.2919935],[23.0860596,48.2921362],[23.086033,48.2922697],[23.0860225,48.2924008],[23.08606,48.2925189],[23.0861796,48.2927189],[23.0862629,48.2928464],[23.0863576,48.2929584],[23.0864596,48.2929963],[23.088355,48.2931925],[23.088453,48.2932878],[23.0884927,48.2933514],[23.0886808,48.293852],[23.0888987,48.2943913],[23.0889635,48.294483],[23.0890264,48.2945692],[23.089114,48.2946495],[23.0892247,48.2947297],[23.089446,48.2948559],[23.089694,48.2949841],[23.0900487,48.295177],[23.0902024,48.2952642],[23.0902828,48.2953366],[23.0903133,48.2953828],[23.0903188,48.2954148],[23.0903137,48.295475],[23.0900812,48.2963139],[23.0900722,48.2964929],[23.0900772,48.296715],[23.0900672,48.2968649],[23.0899789,48.2971381],[23.0898604,48.2974203],[23.0896603,48.2977091],[23.0896088,48.2977738],[23.088964,48.2985836],[23.0886317,48.2990473],[23.088085,48.2997838],[23.0876651,48.3002695],[23.087491,48.3003982],[23.0868727,48.3007709],[23.0867626,48.3008783],[23.0866556,48.3010363],[23.0864409,48.3015291]]}},
{"type":"Feature","properties":{"full_id":"w97853192","ref":"О-070701","length_km":22.83997,"name:uk":"Кольчинська селищна громада","lenght_roads":22.84,"id_roads":"43555"},"geometry":{"type":"LineString","coordinates":[[22.7676168,48.4604467],[22.7642111,48.4630738],[22.7638105,48.4633823],[22.7637559,48.4634222],[22.7632073,48.4638232],[22.7625829,48.4642952],[22.7624831,48.4643707],[22.7611799,48.4653667],[22.7605933,48.4657992],[22.7603656,48.4659041],[22.7600764,48.4659861],[22.7590133,48.4661321],[22.7587526,48.4661852],[22.7586152,48.4662639],[22.7585236,48.4663471],[22.7584603,48.4665176],[22.7582862,48.4675726],[22.7580822,48.4689882],[22.7580526,48.4690455],[22.757986,48.4691054],[22.7578971,48.4691379],[22.757801,48.4691598],[22.7573946,48.4692159],[22.7548708,48.4694915],[22.7547754,48.4695076],[22.7545424,48.4695469],[22.7542463,48.4696269],[22.7540989,48.4696976],[22.7538752,48.4698258],[22.7535981,48.4700824],[22.7535174,48.4703069],[22.7532464,48.4708748],[22.7529796,48.4712],[22.7528906,48.4713108],[22.7527122,48.4715293],[22.7523511,48.4720261],[22.7518308,48.4727282],[22.7514895,48.4732067],[22.750724,48.4743096],[22.7504729,48.475203],[22.7504172,48.4753154],[22.7503427,48.4753922],[22.7501938,48.4754837],[22.7500815,48.475506],[22.7496017,48.4755525],[22.7494347,48.4755761],[22.7493408,48.4755992],[22.7492165,48.4756459],[22.7491648,48.4757006],[22.7491456,48.4757638],[22.7491585,48.4761578],[22.7491727,48.4771632],[22.7491815,48.4779236],[22.7491821,48.4783792],[22.7491849,48.4784997],[22.7491893,48.4786647],[22.7491909,48.4787956],[22.7492524,48.4789206],[22.749373,48.4791145],[22.7495366,48.4793367],[22.7500197,48.479857],[22.7505045,48.4804241],[22.7505966,48.4806019],[22.7505631,48.4807351],[22.7504458,48.4809462],[22.7487054,48.4836374],[22.7486658,48.4836987],[22.7486274,48.4837976],[22.7486113,48.4838865],[22.7486015,48.4839931],[22.7486044,48.4845915],[22.7486045,48.4846101],[22.7486268,48.4892556],[22.7486054,48.4944747],[22.7485802,48.4946555],[22.7485414,48.494972],[22.748343,48.4958215],[22.7483373,48.4959358],[22.7483417,48.4960136],[22.7483816,48.4961388],[22.7487411,48.4969541],[22.7487829,48.497064],[22.7488124,48.4971848],[22.7488248,48.4972735],[22.7488044,48.4975101],[22.7488236,48.4976168],[22.7488607,48.4977198],[22.7492148,48.4982921],[22.7493371,48.4984477],[22.7494405,48.498549],[22.7495232,48.498612],[22.7496499,48.4986858],[22.7502125,48.4989888],[22.7508563,48.4992981],[22.7512479,48.4994687],[22.751359,48.4995074],[22.7514866,48.4995345],[22.7526346,48.4997193],[22.7539669,48.4999126],[22.7540749,48.499929],[22.756762,48.5003214],[22.7571482,48.5003838],[22.7575755,48.5004671],[22.7589076,48.500731],[22.7590701,48.5008063],[22.7591446,48.5008945],[22.7591709,48.501004],[22.7604521,48.5066763],[22.7604853,48.5068954],[22.7606429,48.5119211],[22.7606609,48.5121817],[22.760753,48.512759],[22.760863,48.5134484],[22.7608684,48.5137077],[22.7607719,48.5140132],[22.7599445,48.5164585],[22.7598424,48.5166753],[22.7595164,48.5172361],[22.7568321,48.5218529],[22.7566232,48.5221795],[22.7565512,48.522292],[22.7563757,48.5225003],[22.7563023,48.5225874],[22.7560959,48.5228117],[22.7558139,48.5230784],[22.7551128,48.5238215],[22.7536924,48.5253474],[22.7525067,48.5265592],[22.7523842,48.5266795],[22.7512435,48.5278681],[22.7507299,48.5284032],[22.7496525,48.5294491],[22.7480859,48.531023],[22.7462416,48.531726],[22.7459306,48.53179],[22.7457601,48.5317929],[22.7455069,48.5317616],[22.745196,48.5316976],[22.7450192,48.5316765],[22.7448116,48.5316757],[22.7446492,48.531697],[22.7445053,48.5317386],[22.743584,48.5321216],[22.7425702,48.5325835],[22.7424343,48.5326454],[22.7416154,48.5329498],[22.7410559,48.5330861],[22.7406572,48.5331653],[22.7403761,48.533254],[22.7401197,48.5333549],[22.73992,48.5334416],[22.7397326,48.533569],[22.7394123,48.5338507],[22.7379599,48.5355088],[22.7362936,48.5374112],[22.7353459,48.538493],[22.7316267,48.5427387],[22.7314897,48.5430064],[22.7314785,48.5430815],[22.7314585,48.5432159],[22.7315,48.5433858],[22.7315743,48.5436144],[22.7318409,48.5439285],[22.7319396,48.5440424],[22.7322097,48.5443979],[22.7323094,48.5446554],[22.732293,48.5448716],[22.7322473,48.5451345],[22.7319252,48.5460145],[22.7316087,48.547126],[22.7310347,48.5491493],[22.7308432,48.5495774],[22.7306324,48.5500096],[22.7303374,48.5505422],[22.7297832,48.5515867],[22.7292806,48.5524491],[22.7287654,48.553519],[22.7285751,48.5539119],[22.7284252,48.5543077],[22.7284374,48.5545173],[22.7284932,48.5546975],[22.7286394,48.5549575],[22.7289694,48.5555667],[22.7292538,48.5561419],[22.7298895,48.5572599],[22.7301943,48.5579452],[22.7303056,48.5583514],[22.7302486,48.5585532],[22.7301919,48.5586738],[22.729925,48.5590978],[22.7297351,48.5593246],[22.7295864,48.5595149],[22.7295574,48.5596086],[22.7295349,48.5596811],[22.7294952,48.5599409],[22.7294999,48.5601347],[22.7295434,48.560335],[22.7296322,48.5606092],[22.7297738,48.5609833],[22.729797,48.5612435],[22.7297151,48.5624439],[22.7297079,48.5636589],[22.729699,48.5637592],[22.7296588,48.5638657],[22.7296132,48.5639296],[22.7295494,48.5640082],[22.7294369,48.5641251],[22.7285913,48.5648437],[22.7277163,48.5656551],[22.7273333,48.5660383],[22.7270491,48.5663516],[22.7269337,48.5664891],[22.726829,48.5666329],[22.726711,48.5668459],[22.7261505,48.5677511],[22.7251371,48.5692839],[22.7249948,48.5694353],[22.7248418,48.5695915],[22.7246675,48.5696821],[22.7232955,48.5699959],[22.7228057,48.5701525],[22.7226167,48.5702294],[22.7225053,48.5703069],[22.7224125,48.5703957],[22.7223605,48.5704702],[22.7223256,48.5705323],[22.7223133,48.5706064],[22.7223229,48.5706761],[22.7223475,48.5707805],[22.7223946,48.5709232],[22.7224678,48.5711056],[22.7224494,48.571223],[22.7224086,48.5713024],[22.7223399,48.5713694],[22.7222478,48.5714357],[22.7205374,48.5723293],[22.7184969,48.5733775],[22.718145,48.5736041],[22.717959,48.5737162],[22.717783,48.5738599],[22.7176532,48.5739718],[22.7175271,48.5741226],[22.7173033,48.5743988],[22.7166862,48.5752076],[22.7162719,48.5757056],[22.7158015,48.5762797],[22.7150193,48.5771963],[22.7147479,48.5775325],[22.7144077,48.577954],[22.714358,48.5780166],[22.7139623,48.5785147],[22.7131021,48.5795975],[22.712711,48.5801664],[22.7124953,48.5805892],[22.7123793,48.5809053],[22.7123022,48.5811588],[22.7122539,48.5813753],[22.7122077,48.5817041],[22.7121332,48.5826901],[22.7121064,48.5831638],[22.7120796,48.5836873],[22.7120098,48.5847022],[22.7119991,48.5852859],[22.7119803,48.5856923],[22.7119382,48.586147],[22.711938,48.5864024],[22.7119616,48.5866379],[22.7120206,48.5868455],[22.7121056,48.5871381],[22.7122794,48.587628],[22.7123545,48.5878249],[22.7124068,48.5879172],[22.7125092,48.588044],[22.7126643,48.5881691],[22.7127796,48.5882383],[22.7130037,48.5883446],[22.7138394,48.5886941],[22.7142012,48.5889001],[22.7144944,48.5891192],[22.715169,48.5897],[22.7158025,48.5902803],[22.7163926,48.5907931],[22.7166715,48.5910716],[22.7169237,48.5913342],[22.7172208,48.5916899],[22.7172643,48.5918345],[22.7173313,48.5920189],[22.7173628,48.5921897],[22.7173769,48.5924004],[22.7173957,48.5925618],[22.7174306,48.5927392],[22.717494,48.5929144],[22.7178711,48.5932238],[22.7181977,48.5935003],[22.7183478,48.5936547],[22.7184767,48.5938466],[22.7186583,48.5942186],[22.7188095,48.5945723],[22.7191151,48.5952668],[22.7191633,48.5953913],[22.7192008,48.59559],[22.7192238,48.5959888],[22.7192008,48.5963315],[22.7192222,48.5967449],[22.7193177,48.5972427],[22.7193886,48.5974756],[22.7194651,48.5976274],[22.7195974,48.5977793],[22.7196997,48.5978712],[22.7199519,48.5980805],[22.7204037,48.5984031],[22.7208477,48.5987741],[22.7212375,48.5990831],[22.7214539,48.5991909],[22.7216523,48.5992421],[22.7220601,48.5992867],[22.722412,48.5993067],[22.7230284,48.5993967],[22.7236405,48.5995223],[22.7242193,48.5997178],[22.7247405,48.5998619],[22.7249649,48.5999439],[22.7251849,48.6000459],[22.7256368,48.6003487],[22.7262738,48.6007944],[22.7264898,48.600978],[22.7267226,48.6012265],[22.7269658,48.6015696],[22.7272341,48.6020378],[22.7278112,48.6028871],[22.7282587,48.6035245],[22.7283495,48.6036538],[22.72883,48.6043613],[22.7289104,48.6045476],[22.728962,48.6047472],[22.7291158,48.6054389],[22.7291264,48.6055541],[22.7291197,48.6056312],[22.7290872,48.6057011],[22.7290338,48.6057678],[22.7289362,48.6058214],[22.7287844,48.6058831],[22.7286015,48.6059166],[22.7282828,48.6059398],[22.7278317,48.6059561],[22.7272823,48.6059638],[22.7268021,48.6059931],[22.7265194,48.6060272],[22.7263222,48.6060569],[22.7261317,48.6060994],[22.7257669,48.6061811],[22.7251661,48.606369],[22.7248442,48.6064896],[22.7245357,48.6066191],[22.7242997,48.6067361],[22.7240646,48.6068505],[22.7238518,48.6069827],[22.7236962,48.607121],[22.7234629,48.6073604],[22.723128,48.6076891],[22.7225509,48.6081762],[22.7222371,48.6084706],[22.7219151,48.6087636],[22.7217302,48.6088892],[22.7214807,48.6089903],[22.7212796,48.6090665],[22.7209614,48.6091621],[22.7201933,48.6093485],[22.7195567,48.6094815],[22.7189782,48.6096021],[22.7185544,48.609743],[22.7183908,48.6098273],[22.7182755,48.6099142],[22.7181843,48.6100118],[22.718136,48.6101004],[22.7181172,48.6102583],[22.7181298,48.610415],[22.7181387,48.6105775],[22.718176,48.6107436],[22.7182379,48.6109942],[22.7182353,48.6111006],[22.7182084,48.6112212],[22.7181287,48.6113978],[22.7179469,48.6117107],[22.7177917,48.6118984],[22.7176693,48.6120228],[22.7175271,48.6121256],[22.7173126,48.6122657],[22.7171045,48.6123639],[22.7167654,48.6125282],[22.7166206,48.6126009],[22.7165165,48.61266],[22.716414,48.6127534],[22.7163336,48.6128722],[22.7162144,48.6130827],[22.7159876,48.6135585],[22.7157718,48.6140251],[22.7152231,48.6149417],[22.7149603,48.6153779],[22.7148235,48.6156563],[22.7148096,48.6157642],[22.7147672,48.616401],[22.7147312,48.6169824],[22.7147913,48.6175926],[22.7150032,48.6182682],[22.7151561,48.6185926],[22.7153085,48.6190109],[22.7153277,48.6192434],[22.7153085,48.6196031],[22.7153184,48.6202992],[22.7154055,48.6209021],[22.7154912,48.6215871],[22.7153787,48.6219898],[22.71531,48.6223682],[22.7153304,48.6226813],[22.7153572,48.6229419],[22.7154016,48.6232895],[22.7154887,48.6239366],[22.7155101,48.6242362],[22.7154977,48.6246036],[22.7154028,48.6248478],[22.71522,48.6251837],[22.7149349,48.6257549],[22.7145338,48.6262076],[22.7141199,48.6266141],[22.7139598,48.6267962],[22.7138686,48.6270019],[22.7137419,48.6274026],[22.7137291,48.6276755],[22.713756,48.6278705],[22.7138096,48.6280726],[22.7139124,48.628241],[22.714169,48.62853],[22.7144265,48.6287534],[22.7148235,48.6291399],[22.7154645,48.6298241],[22.7162558,48.6306378],[22.7169128,48.6313226]]}},
{"type":"Feature","properties":{"full_id":"w203292529","ref":"С-070504","length_km":3.07746,"name:uk":"Довжанська сільська громада","lenght_roads":3.0775,"id_roads":"41139"},"geometry":{"type":"LineString","coordinates":[[23.2691956,48.4090948],[23.2693434,48.4091493],[23.2694842,48.4092134],[23.2695808,48.4092597],[23.2696653,48.4093223],[23.2697484,48.409411],[23.2698504,48.4096221],[23.2700059,48.4099149],[23.270097,48.4100535],[23.2702419,48.4102194],[23.2704567,48.4104483],[23.2707381,48.4106663],[23.2709449,48.4108829],[23.2711216,48.4111113],[23.2712825,48.411269],[23.2718523,48.4116607],[23.2722254,48.4119552],[23.2724068,48.4121507],[23.2724735,48.4122597],[23.2725403,48.4124122],[23.2726264,48.4126514],[23.272687,48.4127403],[23.2728419,48.412898],[23.2731849,48.413203],[23.2732943,48.4133172],[23.2733996,48.413467],[23.2735627,48.413757],[23.2737257,48.41401],[23.2737851,48.4141344],[23.2737999,48.4142172],[23.273811,48.4143153],[23.2738081,48.4145343],[23.2738147,48.4146909],[23.2738227,48.4147504],[23.273846,48.4147965],[23.2739535,48.4149232],[23.274025,48.4149835],[23.2742321,48.4151724],[23.27458,48.4154703],[23.2746724,48.4155576],[23.2747732,48.4156257],[23.2748459,48.4156645],[23.274921,48.4156903],[23.275023,48.4157161],[23.2751735,48.415745],[23.2753823,48.4157676],[23.2757002,48.4157687],[23.2761147,48.4157446],[23.2764352,48.4157313],[23.2765558,48.4157357],[23.2766257,48.4157433],[23.2767114,48.4157553],[23.2767677,48.4157704],[23.2768187,48.4157909],[23.2768784,48.4158208],[23.2769796,48.4158879],[23.2770866,48.415976],[23.2773034,48.4161596],[23.2775257,48.4163626],[23.2776233,48.4164292],[23.2777985,48.4165051],[23.2780695,48.41661],[23.2783619,48.4167565],[23.2785004,48.4168599],[23.2786373,48.4169985],[23.2788143,48.4171501],[23.2789515,48.4172356],[23.2794333,48.4174623],[23.2796699,48.4175702],[23.2798748,48.4176132],[23.2801024,48.4176333],[23.2806039,48.4175972],[23.2811987,48.4175827],[23.2816975,48.417604],[23.2819149,48.417645],[23.2823526,48.4177579],[23.2826766,48.4178195],[23.2829617,48.4178407],[23.2832967,48.4178361],[23.2842913,48.4178195],[23.2851993,48.4178663],[23.2854956,48.4178782],[23.2857435,48.4179056],[23.285902,48.417945],[23.2860656,48.4179921],[23.2863737,48.4180964],[23.2865884,48.4181743],[23.2871714,48.4182922],[23.2875752,48.4183969],[23.2879256,48.4185364],[23.2880545,48.4185778],[23.2883059,48.4186149],[23.2888189,48.418649],[23.289002,48.4186728],[23.2896108,48.4188393],[23.289894,48.4189516],[23.29027,48.4191457],[23.2904111,48.4192049],[23.2909312,48.4193639],[23.2912275,48.419475],[23.2913867,48.4195509],[23.2915795,48.4196597],[23.2918203,48.4198381],[23.2920003,48.4199484],[23.2942497,48.4208564],[23.2945461,48.4209548],[23.2947296,48.4209858],[23.2948727,48.4209845],[23.295157,48.4209483],[23.2952589,48.4209507],[23.2953871,48.4209778],[23.2955195,48.4210247],[23.2958029,48.4211276],[23.2959884,48.421207],[23.296203,48.4213405],[23.2962862,48.4214046],[23.296393,48.4215025],[23.2966214,48.4217926],[23.2967566,48.4219915],[23.2969325,48.4222483],[23.2970587,48.4224566],[23.2971577,48.422599],[23.2972435,48.4227225],[23.2975201,48.4230938],[23.297624,48.4232332],[23.297646,48.4232852],[23.2976599,48.4233484],[23.2976568,48.423416],[23.2976411,48.4235008],[23.2975736,48.4236563],[23.2975309,48.423793],[23.2975296,48.4239623],[23.2975101,48.4241],[23.2975769,48.4243342],[23.2977054,48.4245734],[23.2977926,48.4246873],[23.2978185,48.4247211],[23.2980565,48.424936]]}},
{"type":"Feature","properties":{"full_id":"w231730564","ref":"С-070706","length_km":3.3326,"name:uk":"Верхньокоропецька сільська громада","lenght_roads":3.3326,"id_roads":"25728"},"geometry":{"type":"LineString","coordinates":[[22.748503221143849,48.3877281],[22.7484048,48.3878323],[22.7482277,48.3878469],[22.7480153,48.3878569],[22.7464231,48.3878964],[22.7392562,48.387932],[22.7387434,48.3880357],[22.7384913,48.3881586],[22.7383027,48.3883032],[22.7380997,48.3885148],[22.7379668,48.3887597],[22.7379616,48.3919742],[22.7381387,48.3987768],[22.738073,48.4009427],[22.7379513,48.4032958],[22.7379804,48.4082213],[22.738014629722638,48.411239818515675]]}},
{"type":"Feature","properties":{"full_id":"w122114980","ref":"С-070718","length_km":7.46789,"name:uk":"Чинадіївська селищна громада","lenght_roads":7.4679,"id_roads":"30848"},"geometry":{"type":"LineString","coordinates":[[22.8127063,48.4793086],[22.8125496,48.4798024],[22.8123908,48.4804578],[22.8122435,48.4812527],[22.8122316,48.4815921],[22.8122261,48.4816361],[22.8121522,48.4822266],[22.8120819,48.4825079],[22.811975,48.4829361],[22.8117966,48.4836508],[22.8115961,48.4846123],[22.8115097,48.4850265],[22.8111713,48.4855365],[22.8110929,48.4857371],[22.8105686,48.4878473],[22.8102985,48.4888999],[22.8102751,48.488991],[22.810174,48.4893849],[22.8096495,48.4916145],[22.8096025,48.4918142],[22.8095727,48.4919566],[22.8095608,48.4920081],[22.8086589,48.4959098],[22.8084175,48.4967044],[22.8080342,48.4983525],[22.8080082,48.4984964],[22.8079519,48.4988076],[22.8078835,48.4990253],[22.8077124,48.4995037],[22.8075945,48.5001677],[22.8076166,48.5016443],[22.8074407,48.5030754],[22.8073711,48.5039164],[22.8072099,48.5046084],[22.8071468,48.5056578],[22.8069786,48.50729],[22.8065412,48.5091624],[22.8063321,48.5100763],[22.8058177,48.5126099],[22.8054393,48.5142641],[22.8053681,48.5152977],[22.8054229,48.5154537],[22.8063318,48.5161283],[22.806624,48.5170055],[22.8073269,48.5187871],[22.8078149,48.5197827],[22.8080739,48.5203646],[22.8081965,48.5213213],[22.80826,48.5216511],[22.8067528,48.5221279],[22.8066248,48.5221936],[22.8065008,48.5222818],[22.8059503,48.5228987],[22.8054467,48.5233407],[22.8052292,48.5236612],[22.8051129,48.52409],[22.8050339,48.5249784],[22.8051005,48.5253248],[22.8050806,48.5254576],[22.8049007,48.5258292],[22.8046199,48.5274071],[22.8046237,48.5275729],[22.8046616,48.5277353],[22.8048173,48.5280641],[22.8048304,48.5281392],[22.8047875,48.5282351],[22.8039644,48.5290144],[22.8034489,48.5293179],[22.8028876,48.5297499],[22.802526,48.5301457],[22.8022413,48.5305768],[22.8020434,48.5307352],[22.8011865,48.5311279],[22.8009904,48.5312761],[22.8007507,48.5315709],[22.8005396,48.5319193],[22.8004514,48.5321309],[22.8003976,48.5322598],[22.8001848,48.5331339],[22.8001338,48.5333168],[22.8000564,48.5334446],[22.7999353,48.5336117],[22.7998598,48.5337906],[22.7997127,48.5345317],[22.7996412,48.5346787],[22.7994738,48.5349042],[22.7993435,48.5350834],[22.7989215,48.5356636],[22.7988169,48.5357815],[22.7987507,48.535856],[22.798678,48.5359379],[22.7984607,48.536142],[22.7982745,48.536273],[22.7980435,48.5363754],[22.7978481,48.5364455],[22.7977231,48.5364927],[22.7974017,48.536614],[22.7960982,48.5372657],[22.7952143,48.5377654],[22.7950564,48.5378066],[22.7948381,48.5378337],[22.7944135,48.5378203],[22.7921756,48.5376553],[22.7917445,48.5376724],[22.7915722,48.5377267],[22.7914069,48.5378312],[22.7909178,48.5383039],[22.7907452,48.5384418],[22.7904648,48.5385938],[22.7894246,48.5391666]]}},
{"type":"Feature","properties":{"full_id":"w93179165","ref":"С-070736","length_km":1.35731,"name:uk":"Верхньокоропецька сільська громада","lenght_roads":1.3573,"id_roads":"60807"},"geometry":{"type":"LineString","coordinates":[[22.8093157,48.3910832],[22.8076923,48.3905752],[22.807355,48.3903136],[22.8071603,48.3899676],[22.8069586,48.3893528],[22.8066531,48.3878708],[22.8066591,48.3871268],[22.8070857,48.38211],[22.8069529,48.3812532],[22.80689,48.3806233],[22.807014449150245,48.379716463850897]]}},
{"type":"Feature","properties":{"full_id":"w129037724","ref":"С-070803","length_km":5.92798,"name:uk":"Тур'є-Реметівська сільська громада","lenght_roads":5.928,"id_roads":"88603"},"geometry":{"type":"LineString","coordinates":[[22.6886458,48.7581766],[22.6889428,48.7581891],[22.6892217,48.7582121],[22.6895651,48.7581997],[22.6897588,48.7582115],[22.689895,48.7582333],[22.6901525,48.7582952],[22.6904449,48.7584154],[22.6907088,48.7584982],[22.6910054,48.7585374],[22.6912629,48.7585215],[22.6916036,48.7584561],[22.6920113,48.7583093],[22.6921239,48.7582921],[22.6922299,48.7582897],[22.6924136,48.7582956],[22.6925611,48.7583111],[22.6932102,48.7584596],[22.6937949,48.758525],[22.6941973,48.758617],[22.6945673,48.7587749],[22.6948618,48.7589912],[22.6950298,48.7590706],[22.6951764,48.7591373],[22.6956541,48.7592123],[22.6959309,48.7592384],[22.6962226,48.7592168],[22.6965756,48.7591721],[22.6968758,48.7591851],[22.6971319,48.7592154],[22.6974138,48.7593348],[22.6976323,48.7594367],[22.6979137,48.7594945],[22.6982106,48.7594207],[22.6985622,48.7593901],[22.6991346,48.7593693],[22.6995639,48.7593224],[22.6999313,48.7591955],[22.7006451,48.7588384],[22.7011657,48.7587231],[22.7019508,48.7586301],[22.7030104,48.7584686],[22.7034187,48.7584473],[22.7037406,48.7584737],[22.7041268,48.7585321],[22.704454,48.758693],[22.7054679,48.75925],[22.7060259,48.7596141],[22.7061761,48.7596673],[22.7063611,48.7597045],[22.7065488,48.7597008],[22.7067286,48.7596761],[22.7069914,48.7595187],[22.7073132,48.7594122],[22.7075493,48.7593827],[22.7077881,48.7594144],[22.7080804,48.7594887],[22.7084505,48.7597575],[22.7091318,48.7602614],[22.7092727,48.7602842],[22.7094409,48.7602884],[22.7096772,48.7603291],[22.7098867,48.7604461],[22.710187,48.7605089],[22.7102619,48.7605183],[22.7104174,48.7605376],[22.71071,48.7605742],[22.7110315,48.7606167],[22.7114836,48.7607234],[22.7120313,48.7609474],[22.7124064,48.761223],[22.7129982,48.7619977],[22.713177,48.7621745],[22.7133644,48.7623064],[22.7135474,48.762371],[22.7138157,48.7623962],[22.7141019,48.7624167],[22.7143782,48.7624148],[22.7147188,48.7623602],[22.7150708,48.76231],[22.7152835,48.7623387],[22.7156308,48.7624308],[22.7158622,48.7624677],[22.715966,48.7624647],[22.7162423,48.7624029],[22.7165964,48.762369],[22.7172249,48.7623914],[22.7177291,48.7624401],[22.7181789,48.7624733],[22.7186201,48.7624485],[22.7189822,48.7624026],[22.7192504,48.7624238],[22.7195214,48.7624751],[22.7198124,48.762559],[22.7200079,48.7625895],[22.7203142,48.7625897],[22.7206747,48.7625493],[22.7210146,48.7624431],[22.7212131,48.7624463],[22.7214177,48.7624998],[22.7216483,48.7626218],[22.7219433,48.7626983],[22.7220086,48.7626692],[22.7220607,48.7626401],[22.7221077,48.7625046],[22.7221119,48.7622854],[22.7221279,48.7621493],[22.722163,48.7620538],[22.7222928,48.7618461],[22.7223439,48.7616721],[22.7224035,48.7615346],[22.7225696,48.7612792],[22.722642,48.761122],[22.7229017,48.7609424],[22.7233247,48.7607918],[22.7236627,48.7605886],[22.7238987,48.7602844],[22.7241757,48.7601174],[22.7244836,48.7600055],[22.724844,48.7599603],[22.7252197,48.7599758],[22.7254142,48.7600072],[22.7257228,48.7600779],[22.7259106,48.7601022],[22.72607,48.7601058],[22.7262537,48.7600996],[22.7263936,48.7600686],[22.7265903,48.7599957],[22.7267526,48.759952],[22.7268196,48.7599409],[22.7269403,48.7599396],[22.7270599,48.7599561],[22.7272193,48.7600054],[22.7273856,48.7600718],[22.7274855,48.7600996],[22.7276365,48.7601167],[22.7277725,48.760116],[22.728024,48.7600682],[22.7283639,48.7599833],[22.7290172,48.7598807],[22.7292667,48.7598773],[22.7294596,48.7599016],[22.729705,48.7599635],[22.7298964,48.7600313],[22.7301207,48.7601362],[22.7302346,48.7601894],[22.730611,48.7603654],[22.7310642,48.7605045],[22.7314774,48.7606758],[22.7316543,48.7608069],[22.7318209,48.7609786],[22.7320686,48.7614111],[22.7321751,48.7616468],[22.7323326,48.7618489],[22.7323794,48.7619836],[22.7323326,48.7621885],[22.7323581,48.762371],[22.7324263,48.7625786],[22.7325881,48.7627583],[22.7328648,48.7630249],[22.7329585,48.763115],[22.733116,48.7633252],[22.7333502,48.7635525],[22.7335814,48.7637221],[22.7337572,48.7638373],[22.7339986,48.7639027],[22.7343294,48.7639342],[22.7345699,48.7639209],[22.7350929,48.763882],[22.7354524,48.763859],[22.7360714,48.7638591],[22.7368671,48.7639539],[22.737757,48.7640886],[22.7381913,48.7642093],[22.7384254,48.7643552],[22.7386522,48.7645764],[22.7387714,48.7647353],[22.7389217,48.7650508],[22.7391109,48.765448],[22.7395125,48.7661362],[22.7395412,48.7663348],[22.7395189,48.7665819],[22.7396274,48.7669312],[22.739796,48.7672523],[22.7399945,48.767445],[22.7402359,48.7676041],[22.7403029,48.7677226],[22.7402841,48.7680302],[22.7403318,48.768177],[22.7404531,48.7682874],[22.7405644,48.7683352],[22.7408177,48.7684017],[22.7409936,48.7684731],[22.7411446,48.7685751],[22.7413591,48.7688128],[22.7415072,48.7689274],[22.7416744,48.768989],[22.7418414,48.7690386],[22.7420761,48.7690839],[22.7426184,48.7691602],[22.7428002,48.7692118],[22.7429708,48.7692773],[22.7431784,48.7693921],[22.74334,48.7694679],[22.7435995,48.7695592],[22.7436605,48.7696019],[22.7437404,48.7696794],[22.7438664,48.7698385],[22.7440027,48.7699828],[22.7441449,48.7701379],[22.744195,48.7702256],[22.7442032,48.770285],[22.7441436,48.7703917],[22.744118,48.7705292],[22.7441138,48.7706358],[22.7440584,48.7707705],[22.7440158,48.7708631],[22.7439416,48.7709717],[22.7438852,48.7711467],[22.7438385,48.7712879],[22.743786,48.7714657],[22.7437431,48.7717009],[22.7437413,48.7717835],[22.7437578,48.7718511],[22.7437913,48.7719006],[22.7438396,48.7719598],[22.743988,48.7720572],[22.7441413,48.7721216],[22.7443854,48.7722277],[22.7445383,48.772323],[22.7448673,48.7726078],[22.7451391,48.7728375],[22.7457742,48.773312],[22.7460679,48.7734475],[22.7462242,48.7734948],[22.7464811,48.7735435],[22.7466966,48.7735714],[22.7469473,48.7735789],[22.7472273,48.7735826],[22.7477114,48.773617],[22.7479876,48.7736064],[22.7483139,48.7736003],[22.7485804,48.7735684],[22.7487699,48.7735131],[22.7490539,48.7734115]]}},
{"type":"Feature","properties":{"full_id":"w192677308","ref":"С-071206","length_km":2.70662,"name:uk":"Холмківська сільська громада","lenght_roads":2.7066,"id_roads":"80463"},"geometry":{"type":"LineString","coordinates":[[22.2542852,48.6084302],[22.2541219,48.6084387],[22.2539176,48.6084063],[22.2524243,48.6081005],[22.2482653,48.6072592],[22.2478953,48.6071843],[22.2430476,48.6062812],[22.2404648,48.6057631],[22.2398173,48.605667],[22.238324,48.6055446],[22.2376907,48.6055141],[22.2369913,48.605475],[22.236572,48.6054409],[22.2364435,48.6054166],[22.2363009,48.6053579],[22.2361039,48.6052388],[22.2360612,48.6051955],[22.2359631,48.6050958],[22.235928,48.6050602],[22.235722,48.6048266],[22.2355214,48.6046206],[22.2352979,48.6043413],[22.2351882,48.6041999],[22.2351399,48.6041361],[22.2351029,48.6040462],[22.2351399,48.6038416],[22.2352207,48.6036342],[22.2353712,48.6033072],[22.2355513,48.6029418],[22.2356805,48.6026338],[22.2357166,48.6024405],[22.2357437,48.6022796],[22.2357733,48.6020159],[22.2357783,48.6017476],[22.2357407,48.6015625],[22.2356901,48.6014027],[22.2355504,48.6012262],[22.2353438,48.6010215],[22.2351276,48.6008327],[22.2347698,48.6004503],[22.2343481,48.5999726],[22.2340159,48.5996635],[22.23378,48.5994889],[22.233518,48.5993205],[22.2330248,48.5989993],[22.2323706,48.5986148],[22.2320008,48.5983828],[22.2316178,48.5980097],[22.231377,48.5978741],[22.2311447,48.5977213],[22.2310697,48.5976619],[22.2310308,48.5976255],[22.2310055,48.5975732],[22.2309959,48.5975156],[22.2309971,48.597445],[22.2310428,48.597371],[22.2311152,48.5972962],[22.2314324,48.5970067],[22.2315283,48.5969169],[22.2316031,48.5968154],[22.2316849,48.596595],[22.2317167,48.5963889],[22.2317422,48.5962263],[22.2317603,48.596155],[22.2317934,48.5960855],[22.2319397,48.595956],[22.2329674,48.59526]]}},
{"type":"Feature","properties":{"full_id":"w937307622","ref":"С-071216","length_km":0.16865,"name:uk":"Ужгородська міська громада","lenght_roads":0.1686,"id_roads":"59416"},"geometry":{"type":"LineString","coordinates":[[22.333758,48.6402794],[22.3338893,48.6404795]]}},
{"type":"Feature","properties":{"full_id":"w104351488","ref":"О-070802","length_km":16.3827,"name:uk":"Тур'є-Реметівська сільська громада","lenght_roads":16.3827,"id_roads":"98640"},"geometry":{"type":"LineString","coordinates":[[22.5964221,48.719441],[22.5967312,48.7195335],[22.5970571,48.719669],[22.5971469,48.7197011],[22.59721,48.719717],[22.5972623,48.7197232],[22.5975991,48.7197227],[22.5989758,48.719674],[22.5996702,48.7196392],[22.5997824,48.7196512],[22.5998399,48.7196719],[22.5999249,48.719713],[22.6000036,48.7197789],[22.6000629,48.719884],[22.6001267,48.7200924],[22.6001865,48.7201934],[22.6002813,48.7202909],[22.600379,48.7203647],[22.6004582,48.7204169],[22.6005614,48.7204593],[22.6006807,48.7204851],[22.6007907,48.7205001],[22.6009476,48.7205054],[22.6011078,48.7204978],[22.6013164,48.7204514],[22.6015484,48.7203957],[22.6030194,48.7199832],[22.6047679,48.7194835],[22.6055266,48.719175],[22.6061028,48.7189667],[22.6065766,48.7188215],[22.6069142,48.7187473],[22.6084189,48.7184602],[22.6088486,48.7183771],[22.6094234,48.7181544],[22.6099046,48.7180253],[22.6103574,48.7179475],[22.6111023,48.7178727],[22.6124219,48.7177878],[22.6127986,48.7177652],[22.6131639,48.7177433],[22.6137015,48.7177398],[22.61457,48.7178207],[22.616977,48.7180977],[22.617099,48.7181117],[22.6192959,48.7185377],[22.620297,48.7187598],[22.621618,48.7190755],[22.6230791,48.7194635],[22.6238521,48.7196901],[22.6271363,48.7211686],[22.6280536,48.72155],[22.629294,48.7221071],[22.6322997,48.7234862],[22.632666,48.7236855],[22.6335625,48.7242189],[22.6338087,48.7243423],[22.634539,48.7246694],[22.6347288,48.7247679],[22.6348594,48.7248488],[22.6350053,48.7249742],[22.6351946,48.725181],[22.6353857,48.7253527],[22.6355291,48.725463],[22.6357025,48.7255692],[22.6366934,48.726126],[22.6373425,48.7265416],[22.6376451,48.7266997],[22.6389672,48.7273278],[22.6392496,48.7274707],[22.639429,48.727581],[22.6399454,48.7279728],[22.6403164,48.7282744],[22.6407248,48.7285558],[22.6416983,48.7291258],[22.6423313,48.7295586],[22.6441996,48.7307078],[22.6451224,48.7312881],[22.6460779,48.7318638],[22.6484743,48.7332285],[22.649179,48.7336458],[22.6504846,48.7344307],[22.6516039,48.7351077],[22.6527366,48.7357701],[22.6531875,48.7360396],[22.6546893,48.7369668],[22.6548219,48.737069],[22.6549662,48.7371948],[22.6552279,48.7374894],[22.6553263,48.7376359],[22.6553911,48.7377814],[22.6554568,48.7379447],[22.6555105,48.7381762],[22.6555277,48.7383415],[22.6555007,48.7388539],[22.6555049,48.7390065],[22.6555543,48.7391348],[22.6556685,48.739315],[22.6558454,48.7395068],[22.6560105,48.7396851],[22.6562581,48.7399042],[22.6564675,48.7400608],[22.6566784,48.7401856],[22.6568934,48.7402853],[22.6571349,48.7403652],[22.6583242,48.7407008],[22.6587956,48.7408425],[22.6591313,48.7409635],[22.6593377,48.7410625],[22.6595818,48.7411982],[22.6598533,48.7413362],[22.6600331,48.7413996],[22.6605984,48.7415466],[22.6614995,48.741762],[22.6627,48.7421246],[22.6636172,48.7424019],[22.6639323,48.7425261],[22.6640808,48.7426076],[22.6642183,48.7426979],[22.6643456,48.7428311],[22.664454,48.743007],[22.6645205,48.7431625],[22.6645654,48.7433321],[22.664644,48.7435088],[22.6646987,48.7435917],[22.6648216,48.7436768],[22.6649222,48.7437384],[22.6652595,48.7439065],[22.665802,48.7442066],[22.6659323,48.7442731],[22.6661186,48.7443221],[22.6663157,48.7443212],[22.6666148,48.7442815],[22.6670345,48.7442102],[22.6672102,48.744201],[22.6673537,48.7442187],[22.6675066,48.7442611],[22.668193,48.7445777],[22.6685098,48.7447493],[22.6688246,48.7449518],[22.6690301,48.7450385],[22.6691897,48.7450641],[22.6693764,48.7450674],[22.6699616,48.7449725],[22.6702036,48.7449536],[22.6705523,48.7449447],[22.6709366,48.7449569],[22.671719,48.7450738],[22.6718791,48.7450747],[22.6720168,48.7450659],[22.6721798,48.7450236],[22.6724985,48.7448814],[22.672812,48.7447802],[22.6731057,48.7447179],[22.6734458,48.7446458],[22.6736945,48.7445698],[22.6740888,48.7444044],[22.67432,48.7443527],[22.674542,48.7443184],[22.6748591,48.7443025],[22.6754527,48.7443],[22.675967,48.7443059],[22.6762235,48.7443237],[22.6770062,48.74451],[22.6773315,48.7445397],[22.6777945,48.7445499],[22.6781201,48.7445662],[22.6784299,48.7446087],[22.6788275,48.7447061],[22.6794898,48.7449149],[22.6806467,48.7453692],[22.6818696,48.7458983],[22.6824294,48.7461247],[22.6826292,48.746197],[22.68274,48.7462335],[22.6829897,48.7463143],[22.683286,48.7463872],[22.6835148,48.7464667],[22.6836756,48.7465513],[22.6838252,48.7466362],[22.6840448,48.7468025],[22.6843769,48.7470872],[22.6847675,48.7474984],[22.6852411,48.747997],[22.6863471,48.7490711],[22.6869271,48.7496965],[22.6870326,48.7498728],[22.6870661,48.7500227],[22.6870526,48.7502845],[22.6869984,48.7506651],[22.6869656,48.7509867],[22.6869715,48.7512064],[22.6869941,48.7515082],[22.6870222,48.7516991],[22.6870355,48.7520366],[22.6869843,48.752276],[22.6868441,48.7526083],[22.6864175,48.753366],[22.6863687,48.7535759],[22.6863998,48.7537502],[22.6864578,48.753939],[22.6867569,48.7544757],[22.6868883,48.7546618],[22.6870645,48.7548766],[22.6876145,48.7554019],[22.6877051,48.7555237],[22.687772,48.7556313],[22.6878114,48.7557666],[22.6878351,48.7558409],[22.6878525,48.7559642],[22.6878524,48.7561334],[22.6878128,48.7564385],[22.6878174,48.7565557],[22.6878302,48.7566615],[22.6878649,48.7568229],[22.6879414,48.7570487],[22.6880883,48.7573501],[22.6883004,48.7577055],[22.6885432,48.758003],[22.6886458,48.7581766],[22.6886609,48.7582105],[22.6887404,48.7583815],[22.6888443,48.75869],[22.6889394,48.7588644],[22.6890072,48.7589376],[22.6892591,48.7591399],[22.6895788,48.7593704],[22.6902262,48.7597961],[22.6903684,48.7599348],[22.6905015,48.760144],[22.6906015,48.7603645],[22.6906297,48.7605177],[22.6906446,48.7606831],[22.69055,48.7614048],[22.6905629,48.7616595],[22.6906103,48.7619378],[22.6906801,48.7623206],[22.69066,48.762593],[22.6904937,48.7632064],[22.6904237,48.7635873],[22.6903043,48.7638416],[22.6898687,48.7643659],[22.689788,48.7644833],[22.6897072,48.7646489],[22.6895509,48.7650553],[22.6894632,48.7656265],[22.6892696,48.7663394],[22.6890903,48.7667259],[22.6887379,48.7672309],[22.688511,48.7675452],[22.6884208,48.7677227],[22.6883695,48.7678914],[22.6883314,48.7680538],[22.6883005,48.7682963],[22.6882549,48.7684501],[22.6881527,48.7686776],[22.6880886,48.7688436],[22.6879977,48.7690564],[22.6878202,48.7697896],[22.6876473,48.7701121],[22.6874703,48.7704002],[22.6873613,48.7705405],[22.6872558,48.7706336],[22.687114,48.7707342],[22.6867413,48.7709666],[22.6865712,48.7711048],[22.6864721,48.7712068],[22.6864081,48.7712947],[22.6863707,48.7714064],[22.6863522,48.7715345],[22.6864252,48.7718904],[22.6864188,48.7721404],[22.6863651,48.7723642],[22.6862384,48.7725825],[22.6862526,48.7726877],[22.6862842,48.7727455],[22.6863941,48.7728857],[22.6866602,48.7731862],[22.6869231,48.7734425],[22.6872104,48.7736499],[22.6880705,48.7741677],[22.6884091,48.7743422],[22.6887051,48.7744447],[22.6891453,48.7746188],[22.6893472,48.7747158],[22.6894457,48.7747918],[22.6895337,48.7749161],[22.6896074,48.7750981],[22.6896338,48.7753732],[22.6896942,48.7755453],[22.6897953,48.7756585],[22.690001,48.7758127],[22.6900694,48.7758801],[22.6901132,48.7759776],[22.6902072,48.7765235],[22.6902437,48.7768372],[22.6902365,48.7769951],[22.6901557,48.7771811],[22.6899111,48.7774585],[22.6898034,48.7776772],[22.6898136,48.7778261],[22.6898448,48.7779425],[22.6899582,48.7780994],[22.6900896,48.7782366],[22.6905501,48.7784855],[22.6907644,48.7786639],[22.6910082,48.7790112],[22.6912989,48.7793139],[22.691464,48.7794778],[22.6916974,48.7796592],[22.6925102,48.7801246],[22.6929795,48.7805031],[22.6934156,48.780926],[22.6937031,48.7811705],[22.6941264,48.7814731],[22.6944349,48.7818494],[22.6948156,48.7825288],[22.6953073,48.7833859],[22.6955415,48.7836832],[22.6961081,48.7844023],[22.6961569,48.7845615],[22.696162,48.7847199],[22.6961149,48.7848461],[22.6959836,48.7850778],[22.6957021,48.785576],[22.6955414,48.7860265],[22.6954539,48.7866513],[22.6954874,48.7868176],[22.6955339,48.7869426],[22.6956443,48.7871004],[22.6958339,48.7873163],[22.6959597,48.7874336],[22.6962773,48.7877485],[22.6964772,48.7878779],[22.696973,48.7880735],[22.6972808,48.7882084],[22.6976576,48.7883735],[22.697935,48.7885813],[22.6984826,48.789076],[22.6988356,48.78949],[22.6989207,48.7897149],[22.699028,48.7902662],[22.6990813,48.7903824],[22.6991433,48.7904694],[22.6992637,48.7905686],[22.6996547,48.7907641],[22.6998219,48.7908953],[22.6999694,48.7910844],[22.7001402,48.7914999],[22.700248,48.7920964],[22.700331,48.7927259],[22.7003841,48.7932991],[22.7003637,48.7934239],[22.7003168,48.7935449],[22.7001491,48.7937941],[22.7000257,48.7940229],[22.7000077,48.7941996],[22.700015,48.7943401],[22.7000231,48.7944019],[22.7000847,48.7945318],[22.7001463,48.794677],[22.700284,48.7949815],[22.7003919,48.7952182],[22.7005099,48.7953949],[22.7005991,48.795463],[22.7006923,48.7955098],[22.7008432,48.7955496],[22.7013011,48.7956326],[22.7016136,48.7957136],[22.7022565,48.795874],[22.7028519,48.7959988],[22.703353,48.7961874],[22.7035917,48.7962501],[22.7039651,48.7962858],[22.7044339,48.7963032],[22.7050669,48.7962731],[22.7052039,48.7962739],[22.7052923,48.7962907],[22.7054054,48.796347],[22.705631,48.7964847],[22.7064852,48.7970973],[22.707154,48.7975823],[22.7075869,48.7978455],[22.7077559,48.7979145],[22.7079269,48.7979708],[22.7081475,48.7980249],[22.7083352,48.7980584],[22.7085119,48.7980742],[22.7086975,48.7980743],[22.7089132,48.7980505],[22.7097944,48.7978617],[22.7100527,48.7978401],[22.7107839,48.7978999],[22.7113734,48.7979478],[22.7118455,48.7980159],[22.7120072,48.798085],[22.7121274,48.7981604],[22.7122298,48.7982899],[22.7123115,48.7984342],[22.712429,48.7986082],[22.7127137,48.7988906],[22.7131471,48.799289],[22.7134019,48.7995549],[22.713587,48.7998036],[22.7139002,48.8001981],[22.7140255,48.8003124],[22.7141679,48.8004062],[22.7142461,48.8004458],[22.7143512,48.8004796],[22.7145414,48.8005134],[22.7147827,48.8005363],[22.7149938,48.8005832],[22.7152785,48.8007119],[22.7155031,48.8008193],[22.7155974,48.8008526],[22.7156731,48.8008685],[22.715769,48.8008791],[22.7158942,48.8008761],[22.7163297,48.8008311],[22.7167103,48.8008092],[22.716842,48.8008201],[22.7169874,48.800846],[22.7172656,48.8009356],[22.7173861,48.8009588],[22.7175003,48.8009771],[22.717751,48.8009949],[22.7182299,48.8009948],[22.7187556,48.8010655],[22.7192384,48.8011573],[22.7195549,48.8012845],[22.7197587,48.8013905],[22.719866,48.8015036],[22.7199651,48.8016174],[22.720132,48.8018123],[22.720526,48.8023896],[22.7207243,48.8025839],[22.7212546,48.8031216],[22.7213238,48.8032447],[22.7213706,48.8033548],[22.721406,48.8034381],[22.7214609,48.8035675],[22.7215676,48.8037069],[22.7219721,48.8039187],[22.7229432,48.8043145],[22.7232209,48.8044919],[22.7234749,48.8047683],[22.7236055,48.8048444],[22.7241111,48.8050467],[22.7250189,48.8056614],[22.7252618,48.8057693],[22.7255402,48.8058459],[22.7257065,48.805906],[22.7261491,48.8061446],[22.7262568,48.8062453],[22.7262694,48.8062571],[22.7263339,48.8063443],[22.7263614,48.8064418]]}},
{"type":"Feature","properties":{"full_id":"w1032396517","ref":"С-070521","length_km":0.02353,"name:uk":"Виноградівська міська громада","lenght_roads":0.0235,"id_roads":"32733"},"geometry":{"type":"LineString","coordinates":[[23.1222406,48.22946],[23.1222299,48.2295302],[23.1222225,48.2295789],[23.122205855181541,48.229670312986947]]}},
{"type":"Feature","properties":{"full_id":"w173069486","ref":"С-070616","length_km":0.74283,"name:uk":"Міжгірська селищна громада","lenght_roads":0.7428,"id_roads":"53292"},"geometry":{"type":"LineString","coordinates":[[23.5709933,48.5519972],[23.5711403,48.552134],[23.5712611,48.5522824],[23.5712562,48.552326],[23.5712504,48.5523783],[23.5712454,48.5524225],[23.5713215,48.5527616],[23.571398,48.5531479],[23.5714164,48.5533421],[23.571416,48.5534751],[23.5713799,48.5536376],[23.5712846,48.5539589],[23.5712341,48.5541288],[23.5711861,48.5543484],[23.5711872,48.5545472],[23.5712468,48.5547437],[23.5714606,48.5553655],[23.5716143,48.5559769],[23.5717467,48.5568091],[23.5718699,48.5574204],[23.5720246,48.5580228],[23.5720808,48.558377],[23.5720799,48.5584753],[23.5720796,48.5585151],[23.5720792,48.5585553]]}},
{"type":"Feature","properties":{"full_id":"w165886694","ref":"О-070203","length_km":11.8787,"name:uk":"Костринська сільська громада","lenght_roads":11.8787,"id_roads":"28639"},"geometry":{"type":"LineString","coordinates":[[22.607555,48.9507294],[22.6078278,48.950693],[22.6082176,48.9506299],[22.6082979,48.9506293],[22.6083782,48.9506447],[22.6084443,48.9506714],[22.6085537,48.9507593],[22.608701,48.9508706],[22.6090126,48.9511119],[22.6091284,48.9511868],[22.6092181,48.9512297],[22.6093712,48.9512919],[22.6094824,48.951326],[22.6095996,48.9513523],[22.6097477,48.9513667],[22.6098606,48.9513753],[22.6099445,48.9513721],[22.6101066,48.9513569],[22.6102493,48.9513202],[22.6103978,48.9512618],[22.6105043,48.9512203],[22.6107594,48.9511035],[22.6113278,48.9507631],[22.612252,48.9501565],[22.6124065,48.950053],[22.612482,48.9500033],[22.6130994,48.9495839],[22.6137475,48.9491793],[22.6150576,48.9483759],[22.6151675,48.9482756],[22.6152956,48.9481303],[22.6156965,48.947512],[22.6160006,48.9471459],[22.6163491,48.9468205],[22.6164709,48.9467003],[22.6165929,48.9466067],[22.6167549,48.9464737],[22.6168263,48.9464123],[22.6168705,48.9463621],[22.6169383,48.9462662],[22.6170412,48.9460706],[22.6170945,48.9459833],[22.6171618,48.9459193],[22.617229,48.945876],[22.6173332,48.9458327],[22.6174226,48.9458118],[22.6175116,48.9458028],[22.6175811,48.9458028],[22.6176923,48.9458094],[22.6177765,48.9458308],[22.6179369,48.9458748],[22.6180962,48.945907],[22.6182069,48.9459221],[22.6183068,48.945915],[22.6183806,48.9458917],[22.6184927,48.945845],[22.6186054,48.9457775],[22.6189213,48.9456273],[22.619152,48.9455293],[22.6194877,48.9453857],[22.6196134,48.9453253],[22.6197733,48.9452261],[22.6200351,48.9450612],[22.6201353,48.9450153],[22.6203133,48.944972],[22.6204407,48.9449551],[22.6205089,48.9449461],[22.6208161,48.9449114],[22.6210489,48.9448806],[22.6211728,48.9448497],[22.6212578,48.9448126],[22.6213163,48.9447845],[22.6213765,48.9447453],[22.6214142,48.9447106],[22.6214585,48.9446565],[22.6215355,48.9445314],[22.6216404,48.9443486],[22.6217517,48.9441133],[22.6218259,48.9439002],[22.6219053,48.9436696],[22.6219763,48.9435127],[22.6220438,48.9434046],[22.6221462,48.9432845],[22.622294,48.9431903],[22.6224502,48.9431287],[22.622695,48.9430519],[22.6229254,48.9429798],[22.6231161,48.9429145],[22.6233494,48.9428061],[22.6236293,48.9426659],[22.6238342,48.9426056],[22.6239683,48.9425816],[22.6241334,48.942556],[22.6244375,48.9425277],[22.6248633,48.9424998],[22.6256037,48.9424735],[22.6257607,48.9424635],[22.6260133,48.9424205],[22.6263594,48.9423359],[22.6265383,48.9423057],[22.6267611,48.942289],[22.6269718,48.9422944],[22.6271355,48.9423104],[22.6274834,48.9423872],[22.6278841,48.9424922],[22.6281002,48.9425448],[22.6282976,48.9425773],[22.6284716,48.9425966],[22.6286181,48.9425949],[22.6288306,48.9425454],[22.6290567,48.9424988],[22.6292102,48.9424592],[22.6292433,48.9424507],[22.6294197,48.9424109],[22.6295615,48.942403],[22.6297079,48.9424212],[22.6298639,48.9424649],[22.6301063,48.9425971],[22.6302387,48.9426486],[22.6306779,48.9427685],[22.6316035,48.9429985],[22.632344,48.943223],[22.6326513,48.9433127],[22.6327885,48.9433307],[22.6331084,48.943343],[22.6333452,48.9433613],[22.6334211,48.9433673],[22.6335208,48.9433868],[22.6336223,48.9434254],[22.6337484,48.9434725],[22.6341974,48.9436304],[22.6344037,48.9437083],[22.6346784,48.9438266],[22.6348051,48.9438702],[22.6349209,48.9438868],[22.6351645,48.943889],[22.6353629,48.9438873],[22.6355602,48.9438923],[22.6356797,48.9439121],[22.6358968,48.9439716],[22.6365356,48.9441752],[22.6369073,48.944296],[22.6372927,48.9443987],[22.6376961,48.9444818],[22.6379848,48.9445468],[22.6381765,48.944601],[22.6384156,48.9446635],[22.6389648,48.9448316],[22.6393829,48.9449624],[22.639691,48.9450501],[22.6398481,48.9451075],[22.6399716,48.9451675],[22.6401473,48.9452989],[22.6402694,48.9454277],[22.6403841,48.9455789],[22.6404874,48.945669],[22.6407209,48.9457987],[22.6408272,48.9458615],[22.641267,48.9461082],[22.6416499,48.9463104],[22.6419283,48.9464472],[22.6421222,48.9465224],[22.6422763,48.9465524],[22.6426176,48.9465666],[22.6430349,48.9465526],[22.6433952,48.9465454],[22.6435984,48.9465725],[22.6437448,48.9465946],[22.6438737,48.946651],[22.6440202,48.9467502],[22.6445094,48.9471037],[22.6449371,48.9474564],[22.6452255,48.9476815],[22.6454562,48.9478611],[22.6458461,48.9481034],[22.6461321,48.9482628],[22.646371,48.9483921],[22.6465398,48.9484618],[22.6466742,48.9484825],[22.6469717,48.948485],[22.6472123,48.9484827],[22.6474717,48.9484291],[22.647669,48.9483961],[22.6478882,48.9483777],[22.6481083,48.9484012],[22.6485041,48.9484853],[22.6487356,48.9485222],[22.648876,48.9485288],[22.6490535,48.9485036],[22.6492441,48.9484295],[22.6495091,48.9482965],[22.649744,48.9482239],[22.6499204,48.9481956],[22.6501223,48.9481911],[22.6502666,48.9482145],[22.6504126,48.9482678],[22.6506186,48.948354],[22.6509203,48.9484787],[22.6511762,48.9485229],[22.6514076,48.9485305],[22.6516641,48.9485173],[22.6518826,48.9484962],[22.6521023,48.9484676],[22.6523942,48.9484499],[22.6527623,48.9484351],[22.6532882,48.9483649],[22.6535323,48.948335],[22.6537497,48.9483243],[22.6544367,48.9483621],[22.6547111,48.9483623],[22.654932,48.9483342],[22.6550671,48.9482958],[22.655222,48.948257],[22.6554538,48.9482148],[22.6555662,48.9481921],[22.6556828,48.9481717],[22.6558228,48.9481645],[22.6559995,48.9481538],[22.6561876,48.9481616],[22.6563578,48.948185],[22.6565593,48.9482497],[22.6567068,48.948312],[22.656861,48.9483742],[22.6573361,48.9485893],[22.6575335,48.9486915],[22.6576447,48.9487796],[22.6579146,48.9489907],[22.6580062,48.9490625],[22.6581002,48.9491286],[22.6583077,48.949224],[22.6584624,48.9492849],[22.6587032,48.9493606],[22.6588722,48.9494065],[22.6590021,48.9494519],[22.6590872,48.9495011],[22.6591676,48.9495538],[22.6593152,48.9496702],[22.6595314,48.949891],[22.6595792,48.9499401],[22.6597215,48.9500542],[22.6597913,48.9500956],[22.6598369,48.9501167],[22.6599004,48.9501407],[22.6600369,48.9501821],[22.6601493,48.9502013],[22.6602878,48.9502176],[22.6603915,48.9502316],[22.6606791,48.9502792],[22.6607279,48.9502878],[22.6613899,48.9504039],[22.6616656,48.9504474],[22.6618649,48.9504799],[22.6621412,48.9505303],[22.6624462,48.9506207],[22.6625445,48.9506654],[22.6626414,48.9507366],[22.6628065,48.9508845],[22.6629948,48.9510195],[22.6630971,48.9510846],[22.6632178,48.9511375],[22.6634232,48.9511839],[22.6637695,48.9512459],[22.6640773,48.9512741],[22.6646332,48.9512682],[22.6649463,48.9512364],[22.6653051,48.9511652],[22.6654251,48.9511414],[22.6657474,48.9510637],[22.6660383,48.9509971],[22.6662046,48.9509621],[22.6664,48.9509523],[22.6665727,48.9509588],[22.6667476,48.9509885],[22.6669509,48.951059],[22.6671916,48.9512347],[22.6673091,48.9513244],[22.6673752,48.9513638],[22.6674332,48.9513869],[22.6675361,48.9514061],[22.6676502,48.9514078],[22.6677954,48.9514095],[22.6681079,48.9514031],[22.6682308,48.9513991],[22.6683019,48.9513858],[22.6684367,48.9513515],[22.6686309,48.9512636],[22.6688388,48.9511713],[22.6689349,48.9511419],[22.6690458,48.9511269],[22.6692948,48.9511112],[22.669403,48.9510987],[22.6694865,48.9510767],[22.6695505,48.9510529],[22.6696346,48.9509986],[22.6698435,48.9508522],[22.6700488,48.9507368],[22.6702556,48.9506712],[22.670381,48.9506591],[22.6705497,48.9506467],[22.6707593,48.950643],[22.6710944,48.9506533],[22.6712896,48.9506362],[22.6714537,48.9505912],[22.6716074,48.9505276],[22.6717072,48.9504427],[22.6718461,48.9502221],[22.6719269,48.9501317],[22.6719647,48.9500903],[22.6721259,48.9500038],[22.6723212,48.9499538],[22.6726024,48.9498894],[22.6726922,48.9498303],[22.6728284,48.9497235],[22.6730615,48.9495774],[22.6731873,48.9495289],[22.6733241,48.9495044],[22.6734583,48.9495004],[22.6736977,48.9495227],[22.6739201,48.9495439],[22.6740813,48.949532],[22.6742219,48.949503],[22.6743085,48.9494563],[22.674373,48.9494092],[22.6744184,48.9493439],[22.6744508,48.9492936],[22.6744877,48.9492134],[22.6745257,48.9491],[22.6745506,48.9488105],[22.6745652,48.9487221],[22.6746313,48.9486436],[22.6747162,48.9485911],[22.6748434,48.9485454],[22.6750162,48.9484956],[22.6752127,48.9484616],[22.6761318,48.9482625],[22.6763311,48.9482364],[22.6765368,48.9482357],[22.676833,48.948259],[22.6770117,48.9482445],[22.6771197,48.948217],[22.6772289,48.9481581],[22.677286,48.9481042],[22.6773146,48.9480279],[22.6773225,48.9480067],[22.6773585,48.9479393],[22.6774336,48.9478549],[22.6775682,48.9477359],[22.6777217,48.9475891],[22.6778015,48.9475007],[22.677883,48.9474032],[22.6779739,48.947269],[22.6781644,48.9469938],[22.6783158,48.9467349],[22.6784333,48.9464793],[22.678503,48.9463336],[22.6785646,48.9462541],[22.6786908,48.9461845],[22.6788425,48.946137],[22.6791647,48.9460589],[22.6792761,48.9460237],[22.6795243,48.9459473],[22.6797767,48.9459022],[22.6799145,48.9458583],[22.6800198,48.9457984],[22.6804104,48.9454948],[22.6806381,48.945354],[22.6807755,48.9452857],[22.6809589,48.9452025],[22.6811573,48.945119],[22.6813113,48.9450277],[22.6813452,48.9449652],[22.6813634,48.9448469],[22.6814032,48.9447352],[22.68143,48.9446656],[22.6814729,48.9446331],[22.6815882,48.9445934],[22.6817603,48.9445601],[22.6820965,48.9445435],[22.6824174,48.9445581],[22.6825907,48.9445903],[22.6827351,48.9446471],[22.6828393,48.9447144],[22.6829059,48.9447764],[22.682989,48.94483],[22.6835462,48.9452014],[22.6838416,48.9453663],[22.6841607,48.945492],[22.6843335,48.9455464],[22.6844569,48.9455614],[22.6846339,48.9455606],[22.6847651,48.9455366],[22.6850165,48.9454573],[22.6851784,48.9454276],[22.6853621,48.9454126],[22.6855442,48.9454055],[22.6857242,48.9454029],[22.6859146,48.9454064],[22.6860456,48.9454032],[22.6862278,48.9453774],[22.6864228,48.9453216],[22.6872799,48.9450306],[22.687532,48.9449264],[22.6878263,48.9447315],[22.6880454,48.9445873],[22.688302,48.9444707],[22.6886256,48.9443539],[22.6889146,48.9442137],[22.6890158,48.9441166],[22.6890892,48.9440099],[22.689136,48.943931],[22.6891828,48.9438725],[22.6892339,48.9438165],[22.6892945,48.9437786],[22.6894793,48.9436721],[22.6895725,48.9435852],[22.6896416,48.9435056],[22.6896972,48.9433902],[22.6897462,48.9433294],[22.6897972,48.9432805],[22.6898548,48.9432369],[22.6899132,48.9432016],[22.6899701,48.9431665],[22.6900574,48.9431225],[22.6901364,48.9430881],[22.6901975,48.9430675],[22.6902571,48.9430564],[22.6903068,48.9430511],[22.6904342,48.9430387],[22.6905623,48.9430435],[22.6906876,48.9430493],[22.690774,48.9430451],[22.6908671,48.9430352],[22.6910327,48.9430042],[22.6911787,48.9429577],[22.6912616,48.9429066],[22.6913126,48.9428574],[22.6914151,48.942723],[22.6914561,48.9426793],[22.6914992,48.9426527],[22.691554,48.9426291],[22.6916048,48.9426116],[22.6916918,48.9425949],[22.6917907,48.9425879],[22.6918732,48.9425921],[22.6919483,48.9426004],[22.6920851,48.9426309],[22.6921776,48.9426427],[22.6922997,48.9426501],[22.6924607,48.9426462],[22.6926966,48.9426019],[22.6932658,48.9424234],[22.6936928,48.9421993],[22.6939092,48.9420799],[22.6941365,48.9418954],[22.6943422,48.9417359],[22.6945187,48.9416285],[22.6946694,48.9415651],[22.6949133,48.9414945],[22.695332,48.941415],[22.6960165,48.9412862],[22.6963375,48.9412137],[22.6967391,48.9411547],[22.6971077,48.9411425],[22.6972738,48.9411246],[22.697361,48.9411036],[22.6975054,48.9410653],[22.6976144,48.9410489],[22.6977035,48.94105],[22.6979372,48.9410667],[22.6982402,48.9411188],[22.6984612,48.9411295],[22.6986012,48.9411251],[22.698776,48.9410943],[22.6990149,48.9409873],[22.6992424,48.9408795],[22.6995064,48.9407587],[22.6997101,48.9407082],[22.6999667,48.9406542],[22.7001592,48.9406002],[22.7003878,48.9404999],[22.7006284,48.9404117],[22.7008698,48.9403614],[22.702153,48.9402058],[22.7025249,48.9401535],[22.7028555,48.9401045],[22.7031598,48.9400767],[22.7034384,48.9400961],[22.7037157,48.9401539],[22.7040976,48.9402381],[22.7044849,48.9403045],[22.7047729,48.9403482],[22.7049678,48.9403582],[22.705087,48.9403442],[22.7052291,48.9402917],[22.7053562,48.9402145],[22.7055148,48.9400855],[22.7055954,48.9400332],[22.7057013,48.9399812],[22.7058326,48.9399474],[22.7059731,48.9399269],[22.7061827,48.939895],[22.7064261,48.939849],[22.7066012,48.9397909],[22.7067388,48.9397226],[22.7068387,48.9396561],[22.7069252,48.9395691],[22.7069794,48.9394767],[22.7070236,48.9393523],[22.7071028,48.9390589],[22.7072089,48.938619],[22.7072811,48.9384273],[22.707362,48.9382416],[22.7074962,48.9380543],[22.7076416,48.9378918],[22.7077745,48.9377692],[22.7079668,48.9376447],[22.7088046,48.9372187],[22.7096355,48.9368051],[22.7098707,48.9366502],[22.7100494,48.9364776],[22.7101725,48.9363254],[22.7102546,48.9361579],[22.7103951,48.9358814],[22.7105617,48.9356232],[22.7110445,48.9350532],[22.7111341,48.9349017],[22.7111831,48.9347953],[22.7111955,48.9347303],[22.7111958,48.9346277],[22.7112052,48.9345598],[22.7112212,48.9345096],[22.7112722,48.9344542],[22.7113795,48.9343942],[22.7116129,48.9343237],[22.7118342,48.9342524],[22.7120438,48.9341774],[22.7121224,48.9341348],[22.7122056,48.9340855],[22.7122941,48.9340189],[22.7123611,48.9339062],[22.7124578,48.9336084],[22.7125286,48.933508],[22.712673,48.9333656],[22.7128118,48.933308],[22.7129593,48.9332419],[22.713182,48.9331732],[22.7133992,48.933108],[22.7135065,48.9330833],[22.7136165,48.9330605],[22.7138391,48.933034],[22.7141727,48.9330058],[22.7143607,48.9329745],[22.7145144,48.9329313],[22.7146558,48.9328657],[22.7148538,48.9327184],[22.7151763,48.932388],[22.7152633,48.9322798],[22.7153373,48.9321512],[22.7154094,48.9319619],[22.7155048,48.9316296],[22.7157676,48.9306252],[22.7157702,48.9304472],[22.7157488,48.9301614],[22.7157861,48.9299239],[22.7160285,48.9294082],[22.7161417,48.9290986],[22.7162195,48.9289564],[22.7163094,48.9288542],[22.7164083,48.9287641],[22.7165458,48.9286931],[22.716996,48.9284339],[22.7171731,48.928315],[22.7173554,48.9281405],[22.7175651,48.9279015],[22.717755,48.9277211],[22.7178577,48.9275929],[22.717908,48.9275079],[22.7179335,48.9273925],[22.7178978,48.9271872],[22.7179094,48.9269364],[22.7179281,48.9266752],[22.7179615,48.9265466],[22.7180072,48.9263932],[22.7180912,48.926183],[22.718102,48.9260704],[22.7181013,48.925958],[22.7180921,48.9256618],[22.7181118,48.92552],[22.7181815,48.9253033],[22.7182754,48.9250566],[22.7183827,48.9248345],[22.7184538,48.9247093],[22.7184919,48.9245841],[22.7185464,48.9242176],[22.718571,48.9239587],[22.7186094,48.9236185],[22.7186432,48.9233955],[22.7186744,48.9232462],[22.7187502,48.9229188],[22.718795,48.9227179],[22.7188306,48.9225901],[22.7189041,48.9225077],[22.7189822,48.922438],[22.7190747,48.9223662],[22.7192075,48.9222741],[22.7193122,48.9222097],[22.719402,48.9221583],[22.7194851,48.9221036],[22.7195924,48.9220243],[22.7197163,48.9218772],[22.7199735,48.9214313],[22.7200649,48.921205],[22.7201322,48.9208747],[22.7202266,48.9202968],[22.7202754,48.9201869],[22.7203622,48.9200765],[22.7204601,48.9199868],[22.7205539,48.9199005],[22.7206029,48.9198247],[22.7206371,48.919741],[22.7206793,48.9196493],[22.7207475,48.9195622],[22.720816,48.9194365],[22.7209054,48.9193027],[22.7209845,48.9191708],[22.7210288,48.9190739],[22.7211068,48.9189103],[22.721191,48.9187742],[22.7212809,48.9186366],[22.7213358,48.9185168],[22.7213761,48.9183987],[22.721387,48.9182848],[22.7214085,48.9177645],[22.7214015,48.9176929],[22.7213721,48.9175422],[22.7213358,48.9174197],[22.7212144,48.9171919],[22.721128,48.9169446],[22.7210896,48.9168122],[22.7210653,48.9166929],[22.7210615,48.9165832],[22.7210807,48.9164688],[22.721125,48.91638],[22.7212031,48.9162959],[22.7213049,48.9162207],[22.721386,48.9161659],[22.7214592,48.9161119],[22.7215417,48.9160796]]}},
{"type":"Feature","properties":{"full_id":"w152048918","ref":"О-070306","length_km":3.01755,"name:uk":"Королівська селищна громада","lenght_roads":0.0,"id_roads":"13843"},"geometry":{"type":"LineString","coordinates":[[23.079990384267848,48.134613871451116],[23.079990384267841,48.134613871451116]]}},
{"type":"Feature","properties":{"full_id":"w203095448","ref":"С-070902","length_km":7.28256,"name:uk":"Солотвинська селищна громада","lenght_roads":7.2826,"id_roads":"40115"},"geometry":{"type":"LineString","coordinates":[[23.896705,47.9494788],[23.8966483,47.9499833],[23.8965448,47.9503955],[23.896479,47.9509262],[23.8963806,47.9530655],[23.8961475,47.953889],[23.8960911,47.9541655],[23.8960755,47.9544683],[23.8961527,47.9551513],[23.8961618,47.9553302],[23.8961949,47.9558271],[23.896211,47.9561438],[23.896295,47.9574713],[23.8988938,47.9574452],[23.8990393,47.9574617],[23.8991745,47.9574919],[23.8992737,47.9575966],[23.899318,47.9577129],[23.8993351,47.9584292],[23.899343,47.9587621],[23.8993739,47.9600545],[23.8993872,47.9606101],[23.89939,47.9607287],[23.899396,47.9609791],[23.8993388,47.9610885],[23.8992606,47.9611535],[23.8991291,47.9611987],[23.8984186,47.9612044],[23.8968139,47.9612462],[23.8966952,47.9612921],[23.8966164,47.9613667],[23.8966009,47.9614703],[23.8967125,47.9628493],[23.8967266,47.962918],[23.8967582,47.9630725],[23.8968464,47.9635039],[23.8968672,47.9636058],[23.8969153,47.963841],[23.8971182,47.9639905],[23.8986906,47.9647105],[23.8987384,47.9648124],[23.8986691,47.9649234],[23.897979,47.9652713],[23.8979652,47.9653592],[23.8980381,47.9654586],[23.8984615,47.9655572],[23.8986,47.9657149],[23.8986746,47.9663793],[23.8986421,47.9664403],[23.8984557,47.9667251],[23.8984233,47.9669418],[23.8985093,47.9672969],[23.8986395,47.967541],[23.8988303,47.9678757],[23.8992923,47.968179],[23.8995837,47.9684014],[23.8996302,47.9685213],[23.8995738,47.9688371],[23.8995218,47.9690831],[23.8995701,47.969399],[23.8997316,47.9700047],[23.8997262,47.9702082],[23.8995468,47.9704094],[23.8993996,47.9705202],[23.8992052,47.9706177],[23.8986614,47.9707976],[23.8980467,47.9711045],[23.8977072,47.971287],[23.8970758,47.9715628],[23.8962341,47.9718852],[23.8959071,47.9720151],[23.895697,47.9721679],[23.8955854,47.9723104],[23.8955172,47.9725169],[23.8954939,47.9726401],[23.8953514,47.9728843],[23.8949847,47.973478],[23.8947144,47.9737655],[23.8945596,47.9739144],[23.8945041,47.9740619],[23.894588,47.9741958],[23.8947232,47.9742831],[23.8949067,47.9743327],[23.8950504,47.974407],[23.895154,47.9745092],[23.8956539,47.9752824],[23.8956284,47.9754463],[23.895552,47.9756514],[23.8954848,47.9759025],[23.8954313,47.9759773],[23.8953566,47.9760311],[23.8951966,47.9760949],[23.8950115,47.9761378],[23.8946857,47.976247],[23.8946125,47.9763205],[23.8945717,47.9763813],[23.8946064,47.9764772],[23.8949162,47.976753],[23.8950112,47.9768543],[23.8950276,47.9769065],[23.8950129,47.9769594],[23.8949658,47.9770167],[23.8948707,47.9770636],[23.8947353,47.9770977],[23.8944674,47.9771133],[23.8944008,47.9771504],[23.8943718,47.9772832],[23.8944904,47.9773474],[23.8947021,47.9774015],[23.8951073,47.9774802],[23.895456,47.9775846],[23.8956295,47.977683],[23.8957847,47.9777912],[23.8959033,47.9779081],[23.8959703,47.9780011],[23.8960113,47.9781664],[23.8959928,47.9786929],[23.8960254,47.9788348],[23.8961028,47.9790177],[23.8961931,47.9791984],[23.8964372,47.9795538],[23.896525,47.9798688],[23.896604,47.9800017],[23.8967121,47.980124],[23.8968705,47.9802226],[23.8971046,47.9803491],[23.8975422,47.9805298],[23.8979962,47.9806987],[23.8985006,47.9808422],[23.8986582,47.9808965],[23.898802,47.9809326],[23.8992882,47.9810624],[23.8999211,47.981211],[23.9004306,47.9813629],[23.9013047,47.981682],[23.901701,47.9818332],[23.9019709,47.9818838],[23.9025722,47.9819572],[23.9027672,47.9819822],[23.9029509,47.9820288],[23.9038046,47.9821963],[23.904104,47.9822574],[23.9042506,47.9822705],[23.904351,47.9822596],[23.9044491,47.9822252],[23.9045477,47.9821801],[23.9048414,47.9820143],[23.9052529,47.9817668],[23.9054344,47.981696],[23.9056004,47.9816741],[23.905765,47.9817066],[23.9059878,47.98178],[23.9061985,47.981859],[23.9063237,47.9819048],[23.9064145,47.9819312],[23.9065286,47.9819693],[23.9067011,47.9820039],[23.9072736,47.9820348],[23.9074304,47.98211],[23.9077046,47.9822883],[23.9080466,47.9826033],[23.9084454,47.9831664],[23.9087899,47.9830524],[23.9089773,47.9829659],[23.9092155,47.9829079],[23.9094641,47.9829132],[23.9122998,47.9832933],[23.9134892,47.9834485],[23.9175144,47.9839911],[23.9206273,47.9844221],[23.9208607,47.9844485],[23.9212781,47.9844729],[23.9216003,47.9844876],[23.9219624,47.9845325],[23.9226565,47.9846529],[23.9231556,47.9847644],[23.9233384,47.98487],[23.9234576,47.9849756],[23.9236807,47.985267],[23.9238047,47.9854427],[23.9240425,47.9857465],[23.9242218,47.9859386],[23.9244944,47.9861482],[23.9247664,47.9862683],[23.9250501,47.9864495],[23.9255862,47.9867555],[23.9263559,47.9873824],[23.9264953,47.9874839],[23.9266749,47.9875946],[23.9280378,47.9880171],[23.9284466,47.9881179],[23.9291352,47.9882811],[23.9295872,47.9884011],[23.9300391,47.9885692],[23.9308047,47.9889127],[23.931223064633098,47.989019393738829]]}},
{"type":"Feature","properties":{"full_id":"w217576702","ref":"О-071305","length_km":9.74089,"name:uk":"Хустська міська громада","lenght_roads":9.7409,"id_roads":"43043"},"geometry":{"type":"LineString","coordinates":[[23.470183991895752,48.160619603816045],[23.4684125,48.1594429],[23.4640428,48.1564007],[23.4623662,48.1552206],[23.461875,48.154874],[23.4609541,48.1541938],[23.4596255,48.1532588],[23.4582433,48.152276],[23.4579772,48.1519775],[23.4574669,48.1513097],[23.4572829,48.1509283],[23.456812,48.1499186],[23.4554782,48.1470586],[23.4554539,48.1468958],[23.4554996,48.1467818],[23.4555589,48.1466914],[23.4556649,48.1466005],[23.4556891,48.146543],[23.4557552,48.1463839],[23.4558329,48.1460985],[23.4558925,48.1458809],[23.4559174,48.1456874],[23.455517,48.1450283],[23.4552587,48.1446496],[23.4548914,48.1443159],[23.4543594,48.1437609],[23.4541211,48.1435094],[23.4534759,48.1427245],[23.4525578,48.1415343],[23.4512762,48.1397912],[23.4502935,48.138053],[23.4502289,48.1379624],[23.4501506,48.1378503],[23.4500236,48.1377307],[23.4487665,48.1365326],[23.4485493,48.1362446],[23.4474403,48.1346333],[23.4462044,48.1333435],[23.4459975,48.1331276],[23.4458297,48.1329712],[23.4444367,48.1316726],[23.4429732,48.1303971],[23.4414446,48.1290728],[23.4406614,48.1284104],[23.4399099,48.1277971],[23.4392506,48.1272753],[23.4385425,48.1267812],[23.4371245,48.125786],[23.4363654,48.1252226],[23.4361446,48.1250123],[23.4358799,48.1247079],[23.4358399,48.1246449],[23.4357583,48.1245164],[23.4356546,48.1242871],[23.4355813,48.124092],[23.4355389,48.1239462],[23.435517,48.1237304],[23.4355146,48.1236047],[23.4355827,48.1231758],[23.4358116,48.1226688],[23.4359495,48.1223754],[23.4359917,48.1221959],[23.4359896,48.1220192],[23.4359182,48.12164],[23.4359284,48.1213835],[23.4361584,48.120519],[23.4362358,48.1201422],[23.4362787,48.119845],[23.436311,48.1196487],[23.4359246,48.1196372],[23.4355173,48.1196589],[23.4337082,48.119822],[23.433339,48.1198199],[23.4330351,48.1197892],[23.4326953,48.1197339],[23.432371,48.1196542],[23.4317791,48.1194699],[23.4312788,48.119356],[23.4308606,48.1192809],[23.4304109,48.119221],[23.4300238,48.1191968],[23.4297059,48.1191825],[23.4292781,48.1191789],[23.4288188,48.1192146],[23.4280372,48.1193292],[23.4274423,48.1193977],[23.4270777,48.1194485],[23.4268573,48.1194792],[23.4258384,48.1196973],[23.4255888,48.1197313],[23.4253308,48.1197459],[23.4246975,48.1197092],[23.4239978,48.1195996],[23.4230074,48.1195024],[23.4216515,48.11949],[23.4198461,48.1194616],[23.4182339,48.1194548],[23.4181712,48.1194545],[23.4175784,48.1194513],[23.4175227,48.1194523],[23.416847,48.1194326],[23.4165213,48.1194037],[23.4160797,48.1193299],[23.4154353,48.1191694],[23.4148768,48.1190369],[23.414356,48.1189128],[23.4138182,48.118828],[23.4134636,48.1187938],[23.4133615,48.1187849],[23.4131587,48.1187672],[23.4126412,48.1187644],[23.4122602,48.1187526],[23.4118017,48.1187324],[23.4112113,48.1186999],[23.4108288,48.1186636],[23.4104075,48.1186006],[23.4092788,48.1184172],[23.4081047,48.1181972],[23.4072016,48.1180435],[23.4066728,48.1179638],[23.406169,48.1179031],[23.4058998,48.1178906],[23.4055414,48.1179105],[23.405043,48.1179873],[23.4043515,48.1180886],[23.403806,48.118169],[23.4036992,48.1181922],[23.4032246,48.1182952],[23.4026692,48.1184289],[23.4021762,48.1185798],[23.401168,48.1189669],[23.4009365,48.1189993],[23.4005571,48.1190154],[23.400235,48.1190137],[23.3992226,48.1190078],[23.3985374,48.1190109],[23.3977134,48.1190375],[23.3972622,48.1190685],[23.39661,48.1191099],[23.3960001,48.1191635],[23.3957333,48.1191881],[23.3956159,48.1191977],[23.3953244,48.1192331],[23.3951184,48.1192469],[23.3948476,48.1192568],[23.3946373,48.1192371],[23.3944683,48.1191844],[23.3943297,48.11912],[23.394203,48.1190372],[23.393897,48.1188277],[23.3935121,48.118515],[23.3932221,48.1182988],[23.3929554,48.1181188],[23.3927128,48.1180152],[23.3923815,48.1178907],[23.3921617,48.1177929],[23.3920022,48.1177067],[23.3918093,48.1175752],[23.3916707,48.117452],[23.3915155,48.1172997],[23.3911272,48.1169039],[23.3909085,48.1166834],[23.3907444,48.1165713],[23.3904781,48.1164225],[23.3902353,48.1163383],[23.3900576,48.1162817],[23.3897486,48.1162054],[23.3894558,48.1161531],[23.3890923,48.1160983],[23.3887305,48.1160441],[23.3885383,48.1160278],[23.3880919,48.1160298],[23.3873742,48.116044],[23.3867558,48.1160473],[23.3859823,48.1160696],[23.3853746,48.1161041],[23.3849253,48.1161262],[23.3846303,48.1161315],[23.3844028,48.1161228],[23.3839945,48.1160796],[23.3838066,48.116047],[23.383614,48.1159852],[23.3834982,48.1159396],[23.3833443,48.1158508],[23.383237,48.1158012],[23.3831599,48.1157697],[23.3830447,48.1157422],[23.382891,48.1157306],[23.3827544,48.1157415],[23.3825086,48.115774],[23.3820551,48.1158485],[23.3817548,48.1158823],[23.3816475,48.1158823],[23.3815603,48.115873],[23.3813904,48.115793]]}},
{"type":"Feature","properties":{"full_id":"w41999853","ref":"О-070603","length_km":22.68955,"name:uk":"Буштинська селищна громада","lenght_roads":22.6895,"id_roads":"16979"},"geometry":{"type":"LineString","coordinates":[[23.4860868,48.047302],[23.4862145,48.0473933],[23.4874849,48.0481748],[23.4882317,48.0486341],[23.4897316,48.0495802],[23.4902136,48.0498749],[23.4911695,48.0504706],[23.4915845,48.0507295],[23.4920313,48.0510072],[23.4927785,48.0514715],[23.4941763,48.0523538],[23.4962692,48.0536803],[23.4967642,48.0539956],[23.4972196,48.0542935],[23.4975365,48.0544976],[23.4975627,48.0545201],[23.4976017,48.0545398],[23.4976283,48.0545603],[23.4978322,48.0546825],[23.5000903,48.0561163],[23.5007066,48.0565168],[23.5011928,48.0568435],[23.5020887,48.0574361],[23.5041118,48.0587411],[23.5061101,48.0600888],[23.5076919,48.0611099],[23.5090873,48.0620109],[23.5104557,48.0629034],[23.5106864,48.0630504],[23.5125135,48.0642292],[23.5128024,48.064426],[23.5140981,48.0652615],[23.5146046,48.0655995],[23.5147863,48.0657023],[23.5160745,48.0661215],[23.5169435,48.066494],[23.5179107,48.0669543],[23.5180914,48.0670227],[23.5183514,48.0670769],[23.5188054,48.0671363],[23.5191516,48.0671992],[23.5192904,48.0672378],[23.5194263,48.0673137],[23.5195692,48.0674207],[23.5198351,48.0676935],[23.5202855,48.0681519],[23.5204095,48.0682814],[23.520532,48.0684468],[23.5207047,48.0686782],[23.520889,48.0688008],[23.5213102,48.0689908],[23.5215169,48.0691034],[23.5217025,48.0692237],[23.5217714,48.0693026],[23.5218134,48.0694183],[23.521811,48.0699801],[23.5218207,48.0701327],[23.5218631,48.0702712],[23.5219646,48.070442],[23.5221775,48.0706423],[23.5228785,48.071085],[23.5231233,48.0712672],[23.5233543,48.0714611],[23.5235486,48.0716607],[23.5246585,48.0727827],[23.5248849,48.0729687],[23.5251844,48.0731643],[23.5257701,48.0734786],[23.5263798,48.073795],[23.5278487,48.0745239],[23.5286853,48.0748963],[23.5289918,48.07505],[23.5292721,48.075232],[23.5298901,48.075649],[23.5303545,48.0759374],[23.5310062,48.0762952],[23.5319692,48.0768998],[23.5326317,48.0773317],[23.5328757,48.0774772],[23.5336536,48.0779177],[23.5345721,48.0784052],[23.5355752,48.0789704],[23.5360395,48.0792557],[23.5363144,48.0794498],[23.5364438,48.0795674],[23.5378354,48.0811736],[23.5379577,48.0812963],[23.5382253,48.0815111],[23.5387686,48.0818864],[23.5394518,48.0822531],[23.539625,48.0823302],[23.5397848,48.0823743],[23.5400792,48.0824039],[23.5406431,48.0824109],[23.5408391,48.0824252],[23.5409841,48.0824495],[23.5411159,48.0824947],[23.541491,48.0827022],[23.5421562,48.0831456],[23.5438031,48.0842467],[23.5454406,48.085314],[23.5475716,48.0867445],[23.548615,48.0874343],[23.5496352,48.0881074],[23.5502504,48.088509],[23.5513186,48.0892224],[23.5538131,48.0908742],[23.5551354,48.0917629],[23.5562717,48.0924966],[23.558625,48.0940506],[23.5608459,48.0955211],[23.5613626,48.0958674],[23.5616362,48.0960294],[23.5619724,48.0961932],[23.5623088,48.0963153],[23.5645902,48.0971337],[23.5668867,48.097974],[23.5703167,48.0992474],[23.5708121,48.0994427],[23.5712287,48.0996308],[23.5731727,48.1006478],[23.5755876,48.1019067],[23.5762111,48.1022317],[23.5787869,48.103572],[23.5793424,48.1038383],[23.5797142,48.1039982],[23.5807508,48.1044226],[23.5830684,48.1053554],[23.5840577,48.1057369],[23.5847756,48.1059953],[23.5854869,48.1062286],[23.5862142,48.1064605],[23.586815,48.1066503],[23.5872709,48.106783],[23.5882219,48.1070708],[23.5887174,48.1072334],[23.5893615,48.107422],[23.5901443,48.1076739],[23.5903958,48.1077715],[23.5907282,48.1079285],[23.5912365,48.1082004],[23.5918657,48.1085867],[23.592048,48.1087296],[23.5921559,48.108847],[23.5923188,48.1090561],[23.5925899,48.1093962],[23.592937,48.1097823],[23.5932171,48.1101056],[23.5942423,48.1115144],[23.5949302,48.1123262],[23.5951379,48.1125622],[23.595304,48.1127264],[23.5954222,48.1128092],[23.5956128,48.1129101],[23.5957597,48.1129479],[23.5959264,48.1130009],[23.5960525,48.1130528],[23.5961679,48.1130995],[23.5962779,48.1131692],[23.5963548,48.1132447],[23.5964066,48.1133232],[23.596439,48.1134375],[23.5964591,48.1136526],[23.5964388,48.1138157],[23.596471,48.1141327],[23.5965153,48.1144182],[23.5965407,48.1146198],[23.5965461,48.114772],[23.5965375,48.114974],[23.5964421,48.1153686],[23.5964093,48.1156137],[23.5964024,48.1159809],[23.596369,48.1168349],[23.5962858,48.1177407],[23.5961893,48.1185486],[23.5960785,48.1192851],[23.5959407,48.119854],[23.5958042,48.1202325],[23.5955877,48.1207915],[23.5950962,48.1221613],[23.5950411,48.1223149],[23.5945897,48.1235466],[23.5942855,48.1243822],[23.5941554,48.1247474],[23.5938187,48.1257092],[23.5937246,48.1259413],[23.5936219,48.1262419],[23.5927172,48.1289121],[23.5915494,48.132367],[23.5912505,48.1332888],[23.5906988,48.1348585],[23.590175,48.1364418],[23.5898529,48.1377844],[23.5894556,48.1394541],[23.5892721,48.1398697],[23.5888535,48.1404396],[23.5887388,48.1406843],[23.5885562,48.1411951],[23.5885133,48.1413046],[23.5884448,48.1414791],[23.5883118,48.1417488],[23.5881672,48.1420008],[23.5879022,48.1424201],[23.5876549,48.1427326],[23.5873537,48.1430316],[23.5871109,48.1432262],[23.5868632,48.1434394],[23.5867409,48.1436112],[23.5866993,48.1437212],[23.5867364,48.1438618],[23.5867984,48.1439617],[23.5869731,48.1442187],[23.5870296,48.1443557],[23.587057,48.1444903],[23.587063,48.1446146],[23.5870483,48.1447387],[23.5870215,48.1448192],[23.5869652,48.144923],[23.5869076,48.145002],[23.5865366,48.145491],[23.5856214,48.1466984],[23.5850435,48.1474566],[23.5843195,48.1484213],[23.5827116,48.1506778],[23.5825973,48.1508403],[23.5799626,48.154599],[23.5795977,48.1551195],[23.5779932,48.1574404],[23.5775217,48.1580794],[23.5774082,48.1582652],[23.5773553,48.1583906],[23.5773245,48.1585389],[23.5773441,48.1589662],[23.577403,48.1598174],[23.5775667,48.160547],[23.5776872,48.1610781],[23.5776733,48.1612043],[23.577614,48.1613658],[23.5774956,48.1615328],[23.5773735,48.1617147],[23.57721,48.1618937],[23.5770652,48.1620046],[23.5769713,48.1621084],[23.5768988,48.1622743],[23.5768104,48.1626934],[23.5767732,48.1628361],[23.5767077,48.1629454],[23.5766371,48.163023],[23.5764881,48.163133],[23.5760969,48.1634556],[23.5757214,48.1637871],[23.5754612,48.164012],[23.5752654,48.1641426],[23.5750696,48.1642213],[23.5748844,48.1642645],[23.5746753,48.1642964],[23.5735702,48.1643843],[23.573404,48.1644073],[23.5726099,48.1646275],[23.5724062,48.1647097],[23.5722291,48.1648152],[23.5719153,48.1651408],[23.5717651,48.1652106],[23.5716015,48.1652587],[23.5713977,48.1653108],[23.5707244,48.1654736],[23.5705741,48.1655502],[23.5703945,48.165665],[23.5701719,48.1658493],[23.5698812,48.16613],[23.569622,48.1662536],[23.5679698,48.1669298],[23.5677389,48.1670367],[23.5675085,48.1671749],[23.567141,48.1674486],[23.5660037,48.1683126],[23.5648772,48.169139],[23.564327,48.1695732],[23.5641959,48.1697151],[23.5640457,48.169919],[23.563732,48.1704221],[23.562942,48.1719669],[23.5628656,48.1720584],[23.5627153,48.1721878],[23.5608593,48.1736611],[23.5605615,48.1739288],[23.5604101,48.1740882],[23.5602977,48.174262],[23.560237,48.174412],[23.5602021,48.1746206],[23.5602527,48.1758981],[23.5602182,48.1764908],[23.5601531,48.176949],[23.5601163,48.1771579],[23.5600517,48.1773785],[23.5599583,48.1775789],[23.559817,48.1777858],[23.5596764,48.17793],[23.5594999,48.1780795],[23.5593483,48.1781879],[23.5579592,48.1788095],[23.5576304,48.1789849],[23.5574904,48.1790716],[23.5573373,48.1791936],[23.5570641,48.1794676],[23.5566991,48.1798335],[23.5565083,48.1800059],[23.5563156,48.1801447],[23.5553512,48.1806857],[23.5547165,48.1810135],[23.5545742,48.181087],[23.5543656,48.1811695],[23.553485,48.1815067],[23.5531358,48.1816929],[23.5529923,48.1817883],[23.5528501,48.1819224],[23.5527724,48.1820459],[23.5527093,48.1821895],[23.5517543,48.187411],[23.5512152,48.1904161],[23.5511093,48.1909224],[23.550807,48.1922179],[23.5504702,48.1930971],[23.5503371,48.1933531],[23.5501149,48.1935817],[23.5497713,48.1938327],[23.5494176,48.1940224],[23.5492453,48.1941573],[23.5490916,48.1943335],[23.5489699,48.1945356],[23.5488832,48.1947205],[23.5488621,48.1948368],[23.5488738,48.1950037],[23.5489223,48.1952123],[23.5489663,48.1953786],[23.5490532,48.1956973],[23.5490562,48.1957906],[23.5490264,48.1959599],[23.5487478,48.1967192],[23.548505,48.1975311],[23.5484647,48.1977724],[23.548443,48.1979895],[23.5484428,48.1980953],[23.5484843,48.1990022],[23.5485014,48.1991782],[23.548505,48.199378],[23.5484836,48.1995585],[23.5484236,48.1997627],[23.5482208,48.200412],[23.5479125,48.2012904],[23.5474506,48.2026473],[23.5467566,48.2046445],[23.5463653,48.2057703],[23.546305635984424,48.205941995412644]]}},
{"type":"Feature","properties":{"full_id":"w151081538","ref":"О-071206;О-071207","length_km":0.30187,"name:uk":"Сюртівська сільська громада","lenght_roads":0.3019,"id_roads":"15798"},"geometry":{"type":"LineString","coordinates":[[22.3055483,48.5394342],[22.3054156,48.5392248],[22.3053789,48.5391333],[22.3053556,48.5390458],[22.3053575,48.5389894],[22.3053886,48.5389307],[22.3054299,48.5388687],[22.3054862,48.5388296],[22.3058065,48.5386103],[22.306231,48.5383287],[22.3065956,48.5380017],[22.3073466,48.5371902]]}},
{"type":"Feature","properties":{"full_id":"w421102545","ref":"С-070310","length_km":3.88465,"name:uk":"Виноградівська міська громада","lenght_roads":3.8847,"id_roads":"85855"},"geometry":{"type":"LineString","coordinates":[[22.9859381,48.1038867],[22.985909,48.1040825],[22.9857592,48.1050916],[22.9857339,48.1051754],[22.9856979,48.1052524],[22.9856571,48.1053181],[22.9855947,48.1053918],[22.985513,48.105464],[22.9850833,48.1058118],[22.9850041,48.1058872],[22.9849273,48.1059737],[22.9848841,48.1060475],[22.9848555,48.1061433],[22.9848313,48.1062447],[22.9848192,48.1064018],[22.9847984,48.1066854],[22.9847752,48.1073545],[22.9847496,48.1074149],[22.9847154,48.1074838],[22.9846648,48.1075529],[22.9846088,48.1076093],[22.9841519,48.1080528],[22.984075,48.108117],[22.9839718,48.1082003],[22.9838614,48.1082789],[22.9837414,48.108359],[22.9834053,48.1085834],[22.983314,48.1086508],[22.9832228,48.1087261],[22.9831244,48.1088159],[22.9830188,48.1089265],[22.9828963,48.1090707],[22.9824703,48.1096028],[22.981652,48.1106159],[22.9813796,48.1109533],[22.9809541,48.1114801],[22.9808614,48.1115862],[22.9804103,48.1120912],[22.9800464,48.1124985],[22.9799808,48.1125767],[22.9799175,48.1126612],[22.9798755,48.1127342],[22.9798315,48.1128229],[22.9798059,48.1128976],[22.9797889,48.1129701],[22.979775,48.1130501],[22.9797076,48.113723],[22.9797026,48.1137732],[22.9796987,48.1139791],[22.9797066,48.1141666],[22.9798015,48.1151064],[22.9797975,48.115286],[22.9797644,48.1155471],[22.9797145,48.1159407],[22.9796868,48.1160832],[22.9796354,48.1162232],[22.9795563,48.1163763],[22.978565,48.1180654],[22.9784972,48.1181808],[22.9783941,48.1183565],[22.9782842,48.1185427],[22.978236,48.1186206],[22.9781367,48.1187812],[22.9777983,48.1193516],[22.9771391,48.1204628],[22.9770966,48.1205344],[22.9763658,48.1217662],[22.9748174,48.124376],[22.973229,48.127053],[22.9731557,48.1271765],[22.9731076,48.1272576],[22.9723171,48.1285898],[22.972191,48.1288292],[22.9721209,48.1289653],[22.9720805,48.1290465],[22.9720407,48.1291354],[22.9719512,48.1293443],[22.9717227,48.1298774],[22.9714362,48.1305652],[22.9707895,48.1321301],[22.9705893,48.1325483],[22.9705411,48.1326451],[22.9705212,48.132685],[22.9704709,48.1327861],[22.9700605,48.1336102],[22.969964,48.1337998],[22.9697086,48.1343012],[22.9696738,48.1343728],[22.9695954,48.1345705],[22.9693853,48.1351279],[22.9689267,48.1363978]]}},
{"type":"Feature","properties":{"full_id":"w166227513","ref":"С-071102","length_km":6.50246,"name:uk":"Тячівська міська громада","lenght_roads":6.5025,"id_roads":"73634"},"geometry":{"type":"LineString","coordinates":[[23.5658064,48.01572],[23.5661879,48.0157465],[23.5662261,48.0158802],[23.566683,48.0174951],[23.5667406,48.0177091],[23.5667919,48.0178998],[23.5670072,48.0185907],[23.5675518,48.0209836],[23.5676112,48.0212083],[23.5678183,48.0216779],[23.5678915,48.0217924],[23.5680892,48.0221231],[23.568235,48.0222726],[23.5684152,48.0223941],[23.5688451,48.0224997],[23.5690478,48.0226267],[23.5696272,48.0229896],[23.5700437,48.0232568],[23.5703943,48.023512],[23.5704531,48.0236217],[23.5704921,48.023923],[23.57049,48.0239847],[23.5704778,48.0243492],[23.5704372,48.0255636],[23.5706313,48.0262403],[23.570776,48.0266588],[23.5711826,48.0273118],[23.5715272,48.0278419],[23.5720256,48.0287528],[23.5721174,48.0290557],[23.5722476,48.0294837],[23.572564,48.0303297],[23.5731321,48.0312966],[23.5735188,48.0322264],[23.5739719,48.0334216],[23.5743529,48.0344138],[23.5745351,48.0348875],[23.5748211,48.0358233],[23.5752053,48.0370654],[23.5753726,48.0373925],[23.5756827,48.0378066],[23.5768427,48.0385578],[23.5771616,48.038738],[23.5789749,48.0396602],[23.5810619,48.0406612],[23.5817759,48.0410245],[23.5842003,48.0422722],[23.5858807,48.0431475],[23.5866113,48.0435494],[23.5885717,48.0427011],[23.5888956,48.0425257],[23.5889778,48.0424644],[23.5890623,48.0423819],[23.5891851,48.0422532],[23.5893484,48.0421347],[23.5896622,48.0419596],[23.5900254,48.0417712],[23.590398,48.0415627],[23.5910958,48.0412853],[23.5911743,48.041257],[23.5912755,48.0412386],[23.5913921,48.0412206],[23.5928097,48.0411875],[23.5930096,48.0411777],[23.5932872,48.0411535],[23.5976699,48.0406738],[23.5977214,48.0404055],[23.5978827,48.0395784],[23.5986557,48.0356147],[23.5992134,48.0327024],[23.5993684,48.0321022],[23.5995891,48.0316707],[23.5997027,48.0313713],[23.6015956,48.0263811],[23.6019001,48.0253627],[23.6020135,48.0246745],[23.6020553,48.0244206],[23.6020354,48.0237813]]}},
{"type":"Feature","properties":{"full_id":"w203600273","ref":"С-071304","length_km":9.37842,"name:uk":"Хустська міська громада","lenght_roads":9.3784,"id_roads":"45895"},"geometry":{"type":"LineString","coordinates":[[23.3817278,48.2595217],[23.3812149,48.2601332],[23.3810217,48.2604233],[23.3808435,48.2606012],[23.3806426,48.2607409],[23.3801212,48.2610893],[23.3799742,48.2612045],[23.379861,48.2612229],[23.37963,48.2612107],[23.379552,48.2612036],[23.3793982,48.2611895],[23.3791703,48.2611438],[23.3789045,48.2610484],[23.3782574,48.2607513],[23.3776638,48.2602998],[23.3774862,48.2601789],[23.3773685,48.2600664],[23.3773194,48.259961],[23.3773052,48.259841],[23.3772988,48.259483],[23.3772861,48.2593575],[23.3772329,48.2592614],[23.3771211,48.2591822],[23.3769581,48.259107],[23.3767002,48.2590136],[23.3763775,48.2589291],[23.3761154,48.2588924],[23.3758795,48.2588572],[23.3757241,48.2588166],[23.375532,48.2587307],[23.3752638,48.2586236],[23.3750561,48.2585257],[23.3748347,48.258395],[23.3745825,48.2582164],[23.3743612,48.2580412],[23.3741056,48.2579174],[23.3736624,48.2577086],[23.3734807,48.2575903],[23.3734234,48.257553],[23.3732664,48.2574117],[23.3730682,48.2571967],[23.3729658,48.2570573],[23.3728254,48.2568104],[23.372585,48.2561276],[23.3724101,48.2559931],[23.3722377,48.2559166],[23.3719711,48.2558395],[23.3716679,48.2557809],[23.3713831,48.2557278],[23.3712348,48.255721],[23.3708886,48.2556763],[23.37051,48.2556649],[23.370387,48.2555693],[23.3702244,48.2554968],[23.3698463,48.2554366],[23.3694627,48.2553846],[23.36911,48.2552671],[23.3688682,48.2551194],[23.3686902,48.2549737],[23.3685913,48.2548113],[23.3685051,48.2545586],[23.3684325,48.2541796],[23.3683308,48.2539054],[23.368155,48.2536247],[23.3678925,48.2532671],[23.3676419,48.2530685],[23.3672837,48.2527957],[23.3667111,48.2523454],[23.366427,48.2520817],[23.3663173,48.2519798],[23.3659425,48.2516299],[23.3655265,48.2513977],[23.36538,48.2513356],[23.3649078,48.2510434],[23.3643887,48.2507581],[23.3635129,48.2503588],[23.3632623,48.2501681],[23.3628804,48.2497946],[23.3625224,48.2493973],[23.3622002,48.2491271],[23.3619854,48.2489841],[23.3614006,48.2488093],[23.3605772,48.2486821],[23.3601476,48.2485629],[23.3592038,48.2480647],[23.3589469,48.2479152],[23.3578205,48.2472914],[23.3570926,48.2469259],[23.3569255,48.2468146],[23.356663,48.2464093],[23.356293,48.2459166],[23.3558037,48.2454319],[23.3549326,48.2447007],[23.3544075,48.2442875],[23.3538227,48.2440252],[23.3531545,48.2438106],[23.3524265,48.243604],[23.3518298,48.2433258],[23.3513167,48.2431033],[23.3512511,48.2430646],[23.350899,48.2428569],[23.3506961,48.2426503],[23.3501353,48.2420065],[23.3499775,48.2417213],[23.3498242,48.2415555],[23.3496643,48.2413941],[23.3492867,48.2411268],[23.3488757,48.2409729],[23.3484907,48.2408176],[23.3482759,48.2406893],[23.348054,48.2405156],[23.3477598,48.2402708],[23.3475888,48.2401915],[23.3475128,48.2401617],[23.3473768,48.2401083],[23.3469126,48.2400705],[23.3459281,48.2400014],[23.3451589,48.2399242],[23.3447404,48.2398869],[23.3438224,48.239805],[23.3431302,48.2397414],[23.3425335,48.2396937],[23.3416266,48.2396143],[23.3401349,48.2395189],[23.3389654,48.2394712],[23.3384522,48.2394156],[23.3381824,48.2393713],[23.3380133,48.2393465],[23.3378926,48.2393036],[23.3377592,48.2392148],[23.3374635,48.2389208],[23.3371335,48.2385985],[23.3368802,48.2383273],[23.3366916,48.2381527],[23.3365335,48.2380236],[23.3363429,48.2379434],[23.3358354,48.2378552],[23.3355892,48.237759],[23.335372,48.2376534],[23.3352171,48.2375285],[23.3351036,48.2374368],[23.3349981,48.2372636],[23.3348739,48.2370933],[23.3348451,48.2370538],[23.3346751,48.2368737],[23.3345264,48.2367547],[23.3342962,48.2366653],[23.3340753,48.2366165],[23.3336323,48.2366016],[23.3335034,48.2365803],[23.333424,48.2365185],[23.3333093,48.236282],[23.3331424,48.2359701],[23.3329842,48.2356956],[23.3329171,48.2356271],[23.3328443,48.2355903],[23.3326366,48.2355242],[23.3324933,48.2354824],[23.3324085,48.2354436],[23.3322393,48.2353351],[23.3320362,48.2351603],[23.3316641,48.2348871],[23.331245,48.2345128],[23.331052,48.2343424],[23.3308082,48.2340838],[23.3306005,48.2339274],[23.3297202,48.2334733],[23.3294403,48.2333561],[23.3292687,48.2332929],[23.3291558,48.2332749],[23.3289843,48.2332959],[23.3281355,48.2335064],[23.3279595,48.2335365],[23.3258773,48.2334585],[23.3231559,48.2329832],[23.3229573,48.2329351],[23.3225862,48.2326768],[23.3182631,48.2281776],[23.3182025,48.2280566],[23.3182041,48.2279027],[23.3182583,48.2277644],[23.3186736,48.2270726],[23.3187639,48.2267959],[23.3187729,48.2265433],[23.3187097,48.2262967],[23.3185111,48.2260019],[23.317252,48.2244393],[23.3162643,48.2231915],[23.3157305,48.2226663],[23.3153236,48.222273],[23.3151287,48.2220637],[23.3150228,48.2218311],[23.3149791,48.2213355],[23.3150053,48.2211416],[23.3151037,48.2209498],[23.3152736,48.2207048],[23.3157027,48.2200693],[23.3157991,48.2198721],[23.3157943,48.2197058],[23.3157531,48.2193606],[23.3157041,48.2189632],[23.3156206,48.2187799],[23.3154418,48.2185161],[23.3151098,48.218112],[23.3149757,48.217878],[23.3147075,48.2173314],[23.3145799,48.2171718],[23.3143213,48.2169676],[23.3136317,48.2164146],[23.3133891,48.2162827],[23.3131018,48.2161934],[23.3117994,48.2159168],[23.3115823,48.2158403],[23.3113077,48.2156233],[23.31118,48.2154489],[23.3111312,48.2152175],[23.3111803,48.2149755],[23.3112981,48.2147334],[23.3114159,48.214583],[23.3124187,48.2134025],[23.3125974,48.213177],[23.3140482,48.2111968],[23.3142955,48.2108586],[23.3152783,48.2095337],[23.3167205,48.2075816],[23.3176094,48.2064145],[23.3178029,48.206233]]}},
{"type":"Feature","properties":{"full_id":"w151075476","ref":"О-070603","length_km":25.20376,"name:uk":"Драгівська сільська громада","lenght_roads":25.2038,"id_roads":"86558"},"geometry":{"type":"LineString","coordinates":[[23.546305635984424,48.205941995412644],[23.5461527,48.2063821],[23.5448793,48.2101033],[23.5443148,48.2117665],[23.5440167,48.2126446],[23.5439935,48.2127131],[23.5435788,48.2139121],[23.5429806,48.2156414],[23.5429609,48.2156984],[23.542859,48.2159929],[23.5427875,48.2162815],[23.5427441,48.2166698],[23.5427462,48.2170598],[23.5427666,48.2171978],[23.5428446,48.2173828],[23.5431111,48.2178926],[23.5433507,48.2183665],[23.5436252,48.2187468],[23.5438031,48.2190793],[23.5439306,48.2193888],[23.5441978,48.2202879],[23.544844,48.2224628],[23.5450355,48.2231071],[23.5451841,48.2236261],[23.5452622,48.2238989],[23.5453749,48.2241938],[23.5455398,48.2246462],[23.5459254,48.2254479],[23.5461313,48.225876],[23.5467575,48.2273277],[23.5474354,48.2286819],[23.5475984,48.2289521],[23.5477271,48.2291522],[23.5477589,48.2291846],[23.5478237,48.2292505],[23.5479078,48.2293119],[23.5480668,48.2293718],[23.5486177,48.2294774],[23.5488399,48.2295516],[23.5490844,48.2296633],[23.5496101,48.2299491],[23.54989,48.2301004],[23.5500875,48.2301581],[23.5502942,48.2302076],[23.550411,48.2302622],[23.5505059,48.2303535],[23.5505502,48.2304753],[23.5505732,48.23067],[23.550674,48.2313372],[23.5507587,48.2315821],[23.5507965,48.2316792],[23.5508528,48.2317857],[23.5509966,48.2319754],[23.5512529,48.2322338],[23.5513231,48.2323046],[23.5515118,48.2325005],[23.5516225,48.2326729],[23.5516772,48.2327582],[23.5517566,48.2328819],[23.5518177,48.2330641],[23.5518475,48.2332411],[23.5518557,48.233437],[23.5517987,48.2338778],[23.5517934,48.2339531],[23.5518041,48.2340535],[23.5518583,48.2342497],[23.5519252,48.2344419],[23.5519888,48.2346605],[23.5519642,48.2349153],[23.5519017,48.2351126],[23.5517572,48.235366],[23.5516341,48.2355153],[23.5514664,48.2356383],[23.5513895,48.2356704],[23.5513007,48.2357074],[23.5511082,48.2357584],[23.5508412,48.2358039],[23.5505768,48.235865],[23.5502349,48.2360064],[23.5500764,48.2361085],[23.5499504,48.2361897],[23.5497447,48.2363875],[23.5491246,48.237201],[23.5487791,48.2376949],[23.5485534,48.2380175],[23.5480216,48.2389804],[23.54786,48.239343],[23.5477942,48.2398092],[23.5477568,48.2401522],[23.5475502,48.2408255],[23.5475295,48.2408852],[23.5472915,48.2415724],[23.547248,48.2420071],[23.5472598,48.2432262],[23.5473419,48.2443454],[23.5474286,48.244935],[23.5474871,48.2457195],[23.5475797,48.2465301],[23.5476686,48.2469235],[23.5478139,48.2473587],[23.548099,48.2482816],[23.5483741,48.249135],[23.5489718,48.2509895],[23.5490482,48.2512802],[23.5499105,48.253634],[23.5508546,48.2560318],[23.5511233,48.256686],[23.5517344,48.2579753],[23.5524102,48.2592755],[23.5533141,48.2607507],[23.5538453,48.2615449],[23.5539687,48.2617092],[23.5540625,48.2618146],[23.5542476,48.2620221],[23.5543844,48.2621663],[23.5545695,48.2623377],[23.5549967,48.262671],[23.5552392,48.2628491],[23.5561788,48.2635412],[23.5567615,48.2639674],[23.5573187,48.2643609],[23.5577774,48.2646965],[23.5585754,48.2652653],[23.5606513,48.2666883],[23.5613822,48.2671606],[23.5616963,48.2673697],[23.5618362,48.2674487],[23.5620153,48.26753],[23.562227,48.267603],[23.5625685,48.267687],[23.5629051,48.2677248],[23.5632466,48.2677431],[23.5634959,48.2677425],[23.5638039,48.2677295],[23.5646327,48.2676581],[23.5650386,48.2676356],[23.5652505,48.2676398],[23.5654408,48.2676586],[23.5656193,48.2676881],[23.5657916,48.267735],[23.5659313,48.2677818],[23.5660359,48.2678175],[23.5662179,48.2678938],[23.5664307,48.268011],[23.566769,48.2682291],[23.5676686,48.2688651],[23.5681656,48.2692226],[23.5686296,48.2696243],[23.5690372,48.2699758],[23.569335,48.2702384],[23.5695335,48.2704473],[23.5697507,48.2706946],[23.5698688,48.2708597],[23.570019,48.2710775],[23.5701263,48.2712793],[23.5702227,48.2714725],[23.5704232,48.2720163],[23.5704349,48.2720503],[23.571171,48.2740146],[23.5713467,48.2744748],[23.5715505,48.2749729],[23.5719341,48.2758637],[23.5720736,48.2762297],[23.5721299,48.276417],[23.5721773,48.2765953],[23.5721811,48.2767758],[23.5721667,48.2769617],[23.5721218,48.2771829],[23.5720528,48.277464],[23.5719743,48.2777291],[23.5718586,48.278017],[23.5716192,48.2784432],[23.571167,48.2792285],[23.570703,48.2800747],[23.5705607,48.2803989],[23.5705125,48.2805405],[23.570475,48.2806798],[23.5702953,48.2815294],[23.5702603,48.2818741],[23.570263,48.2820541],[23.5702637,48.2824711],[23.5702818,48.282611],[23.5703167,48.2827217],[23.5703783,48.2828843],[23.5704723,48.2830412],[23.5707485,48.2833981],[23.5710544,48.2838015],[23.5717031,48.2846189],[23.5721603,48.2851465],[23.5723637,48.2854362],[23.5724589,48.2855949],[23.572517,48.2857419],[23.5725396,48.2858604],[23.5725531,48.2859308],[23.5728885,48.287616],[23.5728992,48.2876795],[23.573023,48.2884106],[23.5731384,48.2895163],[23.5731994,48.2899386],[23.5732779,48.2902302],[23.5733825,48.2904676],[23.5735488,48.2908191],[23.573935,48.2914888],[23.5740852,48.2917167],[23.5742569,48.291943],[23.5753512,48.2933664],[23.5754478,48.2934745],[23.5758519,48.2938315],[23.5761369,48.2940868],[23.5763066,48.2942883],[23.5763651,48.2943578],[23.5765341,48.2946005],[23.5771349,48.2958479],[23.5775513,48.2966491],[23.5778833,48.2972879],[23.5784063,48.2982925],[23.578908,48.2992801],[23.5789749,48.2995326],[23.5790004,48.2997359],[23.5790017,48.2999234],[23.5789594,48.3001068],[23.5788349,48.3004322],[23.578704,48.3006638],[23.578484,48.3009409],[23.5778296,48.3017379],[23.5776901,48.3019815],[23.5775936,48.3022268],[23.5775292,48.3025623],[23.577497,48.3029366],[23.5775131,48.3032348],[23.5775774,48.303863],[23.5777142,48.3042001],[23.578189,48.3050933],[23.5789414,48.3063979],[23.5791814,48.3068334],[23.5794013,48.3072729],[23.5795543,48.307638],[23.5796696,48.3078646],[23.5800611,48.3083385],[23.5807555,48.3091822],[23.5813487,48.309777],[23.5815954,48.3099639],[23.5818582,48.3100933],[23.5845315,48.3112076],[23.5854685,48.3116216],[23.5861725,48.3119571],[23.5877617,48.3130318],[23.5887167,48.3136783],[23.5890466,48.3139477],[23.589313,48.3142204],[23.5906355,48.3156996],[23.5917818,48.3169909],[23.5920081,48.3172761],[23.5921201,48.3174582],[23.592238,48.3177103],[23.5923843,48.318335],[23.5924766,48.3189233],[23.5925812,48.3194536],[23.5925833,48.3194652],[23.5926983,48.3201081],[23.5928432,48.3208277],[23.5929544,48.3212008],[23.5930671,48.3214526],[23.5932469,48.3217281],[23.5934417,48.3219294],[23.5940862,48.3224674],[23.5943305,48.3226599],[23.5947859,48.3229307],[23.5955088,48.3233069],[23.5957173,48.3234402],[23.5958824,48.3235862],[23.5961769,48.323942],[23.5963677,48.3242071],[23.5964978,48.3243498],[23.5967108,48.3245277],[23.5981487,48.3258147],[23.5985162,48.3261814],[23.5987026,48.3263739],[23.5988095,48.3265116],[23.5990031,48.3269776],[23.5991211,48.3271852],[23.5992755,48.3274095],[23.5999821,48.3282067],[23.6001641,48.3284438],[23.6002968,48.3286732],[23.6004936,48.3291307],[23.6006131,48.3295174],[23.600644,48.3298499],[23.6006776,48.3303876],[23.6007679,48.3305736],[23.6009717,48.3307556],[23.6013185,48.3309967],[23.6019115,48.3315076],[23.6033965,48.3327036],[23.6037349,48.3329619],[23.6039489,48.3330843],[23.6041588,48.3331834],[23.6045196,48.3333092],[23.6050312,48.3334366],[23.6053793,48.333491],[23.605899,48.3335306],[23.6064901,48.3335079],[23.6072086,48.3334733],[23.6075774,48.3334823],[23.6078918,48.3335158],[23.6083032,48.3336002],[23.6087213,48.3337409],[23.609112,48.3339402],[23.6094176,48.3341548],[23.6095355,48.3342801],[23.6096136,48.3344468],[23.609623,48.3346851],[23.6095417,48.3352932],[23.6095428,48.3355608],[23.6096511,48.33611],[23.610469,48.3374225],[23.611126,48.3386254],[23.6116489,48.3395421],[23.6121972,48.3404507],[23.6125509,48.3409378],[23.6127179,48.3410734],[23.6129068,48.3411886],[23.6130939,48.3412753],[23.6139107,48.3415178],[23.6149614,48.3418486],[23.6154691,48.3420986],[23.6159275,48.3423939],[23.6164948,48.3428349],[23.6169807,48.3432849],[23.6177791,48.3439318],[23.6180591,48.3442353],[23.6183746,48.3447864],[23.6185378,48.345168],[23.6186854,48.3455874],[23.6190878,48.3468658],[23.619127,48.3470363],[23.6190947,48.3473871],[23.6188383,48.3493313],[23.6187859,48.3500092],[23.6186958,48.3508679],[23.6186534,48.3511206],[23.6185489,48.3512922],[23.6182567,48.3515792],[23.6177142,48.352003],[23.6172717,48.352452],[23.6171859,48.3528482],[23.6174088,48.3531583],[23.6176209,48.3533301],[23.6179109,48.3535268],[23.6181481,48.3536887],[23.6186071,48.3540414],[23.6188309,48.354234],[23.6190704,48.3543549],[23.6193811,48.3544243],[23.6198059,48.3544651],[23.6205184,48.354488],[23.6217083,48.3544874],[23.6227314,48.3544871],[23.6231321,48.3545468],[23.6234497,48.3546582],[23.6237915,48.3548299],[23.6241546,48.3550548],[23.6244059,48.3553166],[23.6246577,48.355671],[23.6248045,48.3561956],[23.6248427,48.3564724],[23.6248315,48.3568292],[23.6245034,48.3575001],[23.6241995,48.3580236],[23.6240885,48.3585229],[23.6242725,48.3590677],[23.6243977,48.3597123],[23.624438,48.3601627],[23.6244801,48.3607263],[23.6245496,48.361136],[23.6247399,48.3615133],[23.624991,48.3618722],[23.6253519,48.3622652],[23.6256078,48.3625587],[23.6259729,48.3628305],[23.6264785,48.3631348],[23.6269167,48.3634241],[23.6274106,48.3637271],[23.6287423,48.3644817],[23.6290593,48.364667],[23.6294353,48.3649353],[23.629674,48.3651456],[23.6300217,48.3654651],[23.6304729,48.3659769],[23.6306573,48.3662567],[23.6308165,48.3665886],[23.6309838,48.3670344],[23.6312326,48.3680436],[23.6313644,48.3684111],[23.6316373,48.3689341],[23.6319849,48.3695801],[23.6321738,48.3700726],[23.6324554,48.3705458],[23.6331429,48.3717306],[23.6332405,48.3719213],[23.6332025,48.3721985],[23.6330717,48.3726489],[23.6328095,48.3729876],[23.6326861,48.3731567],[23.6318868,48.3739301],[23.6311009,48.3745477],[23.6309642,48.3746624],[23.6308381,48.3748121],[23.6307246,48.3750852],[23.630516,48.3755121],[23.6304012,48.3756535],[23.6299957,48.3759083],[23.6294836,48.3761911],[23.6293869,48.3763147],[23.6293307,48.376453],[23.6292986,48.3766455],[23.6292958,48.3767187],[23.629328,48.3769055],[23.6294889,48.3771474],[23.6296606,48.3773191],[23.6298759,48.3774894],[23.6300282,48.3776587],[23.6300882,48.3778434],[23.6300636,48.3780896],[23.6299688,48.378481],[23.6298269,48.3788438],[23.6297968,48.3791508],[23.6297481,48.3793168],[23.6297592,48.3794873],[23.6298575,48.3796959],[23.6299252,48.3799601],[23.6299323,48.3802006],[23.6298501,48.3803834],[23.6295134,48.3807153],[23.6294626,48.3807899],[23.6294583,48.3809531],[23.6295945,48.3810615],[23.629844,48.3811535],[23.6300834,48.3812279],[23.6305084,48.3814523],[23.6307247,48.3816742],[23.6309117,48.3820086],[23.6310276,48.3821845],[23.6311611,48.3824262],[23.6314496,48.3826103],[23.6316196,48.3827903],[23.6321785,48.3831385],[23.6328332,48.3835833],[23.6334018,48.3839339],[23.6338925,48.384361],[23.6343211,48.3846454],[23.6345157,48.3848605],[23.6347164,48.3851202],[23.6352765,48.38537],[23.6354263,48.3854542],[23.6356177,48.3856197],[23.6362126,48.3868612],[23.6363213,48.3871892],[23.6364209,48.3873192],[23.6365617,48.3873879],[23.6368509,48.3874302],[23.6371845,48.3873845],[23.6376973,48.3872984],[23.6379563,48.3872684],[23.6381302,48.3872918],[23.6382589,48.3873528],[23.6384121,48.3874406],[23.6386315,48.3877116],[23.6388285,48.3879042],[23.6389823,48.3879627],[23.6391889,48.3880065],[23.6395931,48.3880227],[23.640026,48.3880813],[23.6404249,48.3882933],[23.640669,48.3886167],[23.6407453,48.3888335],[23.640744,48.3889141],[23.6407545,48.389068],[23.6407836,48.3891446],[23.640866,48.3892158],[23.6410307,48.389306],[23.6415981,48.3895326],[23.6420041,48.3897047],[23.6423611,48.3898294],[23.6426665,48.3899461],[23.6427659,48.3900199],[23.6428323,48.3901099],[23.6429587,48.3903113],[23.643044,48.3903925],[23.6431569,48.3904278],[23.6433378,48.3904338],[23.6435082,48.3904028],[23.6438012,48.3903476],[23.6440051,48.3903583],[23.6441871,48.3903746],[23.6444625,48.3904064],[23.6450161,48.3905183],[23.6452163,48.3905643],[23.6453552,48.390601],[23.645492,48.3906656],[23.646229,48.3911378],[23.6463666,48.3912373],[23.6465062,48.3913456],[23.6467226,48.3915286],[23.6469719,48.3916617],[23.647188,48.3917349],[23.6475624,48.3918211],[23.6482187,48.3919395],[23.6488705,48.3920506],[23.6493212,48.3921074],[23.6497406,48.3921495],[23.6502396,48.3921876],[23.6507286,48.3922227],[23.6510292,48.3922201],[23.6519446,48.3921816],[23.6521643,48.3921822],[23.6525329,48.3922127],[23.6528552,48.3922444],[23.6531777,48.3922572],[23.6534679,48.3922625],[23.6539051,48.3922816],[23.6544437,48.3923216],[23.654950276333313,48.392371159073861]]}},
{"type":"Feature","properties":{"full_id":"w82264842","ref":"С-070118","length_km":1.51314,"name:uk":"Батівська селищна громада","lenght_roads":1.5131,"id_roads":"83288"},"geometry":{"type":"LineString","coordinates":[[22.3466773,48.3695715],[22.3467099,48.3699146],[22.3467891,48.37028],[22.3468737,48.3706088],[22.3469919,48.3708798],[22.3471039,48.371013],[22.3473039,48.371254],[22.3515504,48.3756929],[22.3522312,48.3763741],[22.3528073,48.3769736],[22.3533313,48.3775094],[22.3534412,48.3776199],[22.3535471,48.3777336],[22.3537054,48.3779528],[22.3537701,48.3780445],[22.3538042,48.3781525],[22.3538292,48.3783609],[22.3538137,48.3785303],[22.3536945,48.3788834],[22.3535656,48.3790613],[22.3532763,48.3795151],[22.3531157,48.3797584],[22.3529319,48.380039],[22.3528292,48.3802087],[22.3526887,48.3804072],[22.3526442,48.3805252],[22.3526237,48.3806398],[22.3526238,48.3807707],[22.3526848,48.3808657],[22.352692,48.3808769],[22.3528039,48.3809886],[22.353007,48.3810993],[22.3536796,48.381316]]}},
{"type":"Feature","properties":{"full_id":"w111864987","ref":"С-071201","length_km":11.48283,"name:uk":"Ужгородська міська громада","lenght_roads":0.133,"id_roads":"23364"},"geometry":{"type":"LineString","coordinates":[[22.3368764,48.601422],[22.3365415,48.6014543]]}},
{"type":"Feature","properties":{"full_id":"w917497736","ref":"С-070904","length_km":4.32288,"name:uk":"Великобичківська селищна громада","lenght_roads":4.3229,"id_roads":"35631"},"geometry":{"type":"LineString","coordinates":[[23.9523556,48.0042627],[23.9522099,48.0045122],[23.9521131,48.0046609],[23.951934,48.0049294],[23.9517203,48.0052875],[23.9517054,48.0053438],[23.9517145,48.0054209],[23.9517242,48.0054954],[23.9517657,48.0056399],[23.9517599,48.0058675],[23.9517677,48.0060173],[23.9517671,48.0060885],[23.9517523,48.0061684],[23.9517118,48.0062828],[23.9516381,48.0063766],[23.9514747,48.006486],[23.9512889,48.00656],[23.9509358,48.0066295],[23.9505359,48.0066834],[23.9502825,48.0067517],[23.9501899,48.0067857],[23.9501255,48.0068234],[23.9500308,48.0068978],[23.9499767,48.0069651],[23.9499177,48.0070531],[23.9498399,48.007132],[23.9496105,48.0073618],[23.9494738,48.0075178],[23.9493751,48.0076677],[23.9492945,48.0078138],[23.9492351,48.0079386],[23.9491381,48.0081512],[23.949091,48.0082901],[23.9487925,48.0088368],[23.9485612,48.0092057],[23.9483856,48.0094883],[23.9481518,48.0097625],[23.9475994,48.0102842],[23.9471099,48.0107193],[23.9468559,48.0109614],[23.9467044,48.0110785],[23.9465394,48.0111839],[23.9463667,48.0112455],[23.9455444,48.0114272],[23.9448685,48.0115535],[23.9446657,48.0116297],[23.944458,48.0117401],[23.9441791,48.0118962],[23.9440622,48.0120103],[23.9440439,48.0120725],[23.9440902,48.0121989],[23.944371,48.0127077],[23.9445425,48.0130448],[23.944623,48.0132572],[23.9446612,48.0133682],[23.9446646,48.0135694],[23.9446257,48.0137527],[23.9444917,48.0140774],[23.9442918,48.0143975],[23.9440361,48.0147827],[23.9436373,48.015217],[23.9433681,48.0154989],[23.9429057,48.0159212],[23.9427109,48.0160967],[23.9424009,48.0163309],[23.9416417,48.016843],[23.9413804,48.0169742],[23.9402701,48.0175085],[23.9399841,48.0176611],[23.9398324,48.017786],[23.9395975,48.0181076],[23.93937,48.0184776],[23.93926,48.0187106],[23.9391574,48.0189581],[23.9387147,48.0203366],[23.9386283,48.020469],[23.9385143,48.0205853],[23.9384572,48.0206324],[23.9380391,48.0209778],[23.9379054,48.0210837],[23.9375358,48.0213898],[23.9372215,48.0216466],[23.9370283,48.021773],[23.9369251,48.0218322],[23.9368422,48.0218817],[23.9365571,48.0220518],[23.9363873,48.02213],[23.9359361,48.0222545],[23.9358213,48.0222968],[23.9357564,48.0223285],[23.9357456,48.0224068],[23.9357786,48.0224938],[23.9359588,48.0226735],[23.9363475,48.0230405],[23.9365992,48.0232889],[23.9367047,48.023474],[23.9368187,48.0237432],[23.9368701,48.0239724],[23.9369832,48.0244057],[23.9371028,48.0247202],[23.9372132,48.0249323],[23.9372671,48.0250703],[23.9372874,48.0251842],[23.9372805,48.0254469],[23.9372932,48.0256871],[23.9373237,48.0258425],[23.9373733,48.0260332],[23.9374467,48.026203],[23.9374973,48.0263854],[23.9375223,48.0265351],[23.9375138,48.0266193],[23.9374998,48.0266873],[23.9374696,48.0267663],[23.9373546,48.0269701],[23.9373398,48.0271066],[23.937327,48.0273427],[23.937318,48.0274328],[23.9372805,48.0275439],[23.937133,48.0277395],[23.9369908,48.0279332],[23.9368881,48.0280616],[23.9368567,48.0281754],[23.9368485,48.0283225],[23.936856,48.0284131],[23.9368838,48.0287521],[23.9368914,48.0288978],[23.936921,48.0293109],[23.9368834,48.0298453],[23.9368942,48.030283],[23.9368513,48.0308031],[23.9368099,48.0311755],[23.9367627,48.0315565],[23.9366791,48.0318823],[23.9365134,48.0322484],[23.9363872,48.0325018],[23.9360578,48.0331631],[23.9360451,48.0331887],[23.935934,48.0334793],[23.9358319,48.0336568],[23.9356985,48.033791],[23.935537,48.0339044],[23.9353053,48.0340123],[23.9349453,48.0341557],[23.9344616,48.0343596],[23.9343165,48.0344442],[23.9342469,48.0344913],[23.934102,48.034654],[23.9340166,48.034801],[23.9339401,48.0350492],[23.9338284,48.0352513],[23.9337751,48.0353428],[23.9336406,48.0355112],[23.9334234,48.0357104],[23.9323506,48.0364924],[23.9319764,48.0368438]]}},
{"type":"Feature","properties":{"full_id":"w195914075","ref":"С-071226","length_km":4.29184,"name:uk":"Чопська міська громада","lenght_roads":4.2918,"id_roads":"11153"},"geometry":{"type":"LineString","coordinates":[[22.1746349,48.4287149],[22.1744429,48.4286818],[22.1740184,48.4286478]]}},
{"type":"Feature","properties":{"full_id":"w38881440","ref":"О-070201","length_km":10.58301,"name:uk":"Великоберезнянська селищна громада","lenght_roads":10.583,"id_roads":"77697"},"geometry":{"type":"LineString","coordinates":[[22.4577535,48.8896985],[22.4584377,48.8894991],[22.4607055,48.8887051],[22.4610562,48.8885981],[22.4622174,48.8883237],[22.4631534,48.8882031],[22.4633528,48.8881773],[22.463549,48.888155],[22.4638119,48.8881418],[22.4640469,48.8881571],[22.4642081,48.8881796],[22.4643383,48.8882265],[22.4645049,48.8883276],[22.4650456,48.8887697],[22.4655043,48.8890261],[22.4659494,48.8892073],[22.4662868,48.8893521],[22.467531,48.8899614],[22.4677011,48.890036],[22.4682235,48.8902084],[22.4684985,48.8902719],[22.4695569,48.8904852],[22.4703504,48.8906356],[22.4708015,48.8906809],[22.4712487,48.8907155],[22.471641,48.8907462],[22.4721969,48.890846],[22.4746719,48.891312],[22.4749705,48.8913408],[22.4752562,48.8913755],[22.4755416,48.8914377],[22.4758031,48.8915144],[22.4765072,48.8917979],[22.4767037,48.8918544],[22.4769046,48.8918883],[22.477088,48.8918947],[22.4772781,48.8918876],[22.477543,48.8918691],[22.4783104,48.8918355],[22.4791177,48.8918454],[22.4793006,48.8918522],[22.4795135,48.8918352],[22.4796947,48.8917933],[22.4800867,48.8916249],[22.4806972,48.8913821],[22.4808898,48.8913071],[22.4812286,48.891175],[22.4814449,48.8910805],[22.4816877,48.8909003],[22.4821034,48.8905626],[22.4824358,48.8902788],[22.4826888,48.89008],[22.4829814,48.8898997],[22.4832683,48.8897819],[22.4839403,48.8894523],[22.4842641,48.8892467],[22.4853447,48.8883909],[22.4855443,48.8882018],[22.4857387,48.8878786],[22.4859655,48.8876205],[22.4861841,48.8874431],[22.4863885,48.8873143],[22.4868964,48.887028],[22.4875059,48.8866843],[22.4881415,48.8862729],[22.4887275,48.8858371],[22.489032,48.8856301],[22.4900443,48.8849418],[22.4906733,48.8845722],[22.490986,48.8843397],[22.4920259,48.883236],[22.4928693,48.8821785],[22.4931335,48.8820561],[22.4935578,48.8819607],[22.4941236,48.8817673],[22.4942204,48.8817061],[22.4942576,48.8816474],[22.4942092,48.8815274],[22.4938854,48.8813463],[22.493677,48.8811946],[22.4935919,48.8810681],[22.4935802,48.880969],[22.493672,48.880889],[22.4938035,48.880847],[22.4939454,48.8808433],[22.4948523,48.8809258],[22.4951508,48.8809009],[22.4952402,48.8808348],[22.4952588,48.8807564],[22.4951918,48.880683],[22.4948791,48.8806047],[22.4947316,48.8805391],[22.4945966,48.8804246],[22.4944921,48.8803134],[22.4942576,48.8798092],[22.4942427,48.879606],[22.4942799,48.8793686],[22.4944027,48.8792535],[22.4948345,48.8791091],[22.495069,48.8790822],[22.4953105,48.8790731],[22.4957873,48.8791361],[22.4965615,48.8792095],[22.4969039,48.8792021],[22.4971793,48.8791654],[22.4976706,48.8789941],[22.498013,48.8789084],[22.4982847,48.8788864],[22.4985715,48.8789209],[22.4989733,48.8789451],[22.4992636,48.8789084],[22.4995055,48.8788717],[22.4997586,48.8787322],[22.5001489,48.8783942],[22.5005589,48.8780492],[22.5008678,48.8778534],[22.5010651,48.8777702],[22.5016494,48.8776478],[22.5023045,48.8775915],[22.5027027,48.8774667],[22.5029409,48.8773149],[22.5030972,48.8771656],[22.5032163,48.8768253],[22.5034471,48.8766564],[22.5037914,48.8764162],[22.5039161,48.8762109],[22.503957,48.8759955],[22.5038156,48.8753199],[22.503864,48.8750114],[22.5039868,48.8748009],[22.5041692,48.874632],[22.5045637,48.8744435],[22.5047672,48.8742967],[22.5049954,48.8739025],[22.5050389,48.8736952],[22.504952,48.8735817],[22.5047782,48.8734233],[22.504694,48.8732709],[22.5047014,48.8731583],[22.5047721,48.8730432],[22.5049396,48.8729306],[22.5052523,48.8728107],[22.5054719,48.8727739],[22.5056654,48.8727691],[22.5059297,48.872818],[22.5062288,48.8728497],[22.5065279,48.8728116],[22.5068192,48.8726883],[22.5072026,48.8724704],[22.5074408,48.8723749],[22.5078688,48.8722268],[22.5087652,48.8718416],[22.5091439,48.8717088],[22.5095412,48.8716087],[22.509834,48.8714838],[22.5100573,48.8712851],[22.510236,48.8709721],[22.5103923,48.8707077],[22.5106082,48.8705315],[22.5108694,48.8704116],[22.5114591,48.8701892],[22.5117387,48.8700318],[22.5118755,48.8698483],[22.5121124,48.8691696],[22.5124583,48.8685151],[22.5127114,48.8681886],[22.5127445,48.8681459],[22.5128905,48.8680695],[22.5133006,48.8679158],[22.51348,48.8678894],[22.5136906,48.8678964],[22.513938,48.8679448],[22.5141275,48.8680124],[22.5144933,48.8681803],[22.5147459,48.8682582],[22.5150723,48.8683101],[22.5157592,48.8685334],[22.5161619,48.8686391],[22.5163566,48.8687152],[22.516604,48.8688797],[22.5169435,48.8692086],[22.5172225,48.8694198],[22.5178304,48.8697383],[22.5180989,48.8698387],[22.5182147,48.8698595],[22.5183805,48.8698543],[22.5185068,48.8698093],[22.5188621,48.869586],[22.5191095,48.8694008],[22.5191779,48.8692969],[22.5191885,48.8691324],[22.5192306,48.8689593],[22.5193359,48.8687897],[22.5195306,48.8686131],[22.5197254,48.8684884],[22.5201564,48.868349],[22.5203301,48.8682434],[22.5206038,48.8679162],[22.5207486,48.8678244],[22.5212407,48.8677188],[22.5213408,48.8676808],[22.5214302,48.8675994],[22.5215355,48.8674436],[22.5216592,48.8673397],[22.5218355,48.8672272],[22.5221461,48.8670489],[22.522426,48.8668433],[22.5226961,48.8665866],[22.5231862,48.8662329],[22.5236281,48.8658953],[22.5242419,48.8654168],[22.524628,48.8651612],[22.5250792,48.8649245],[22.5253247,48.8647604],[22.5255864,48.8645105],[22.5256737,48.864468],[22.5257656,48.8644823],[22.5258446,48.8645288],[22.5258586,48.8645992],[22.5258337,48.8647174],[22.5255518,48.8651951],[22.5253547,48.8654531],[22.5253496,48.8655187],[22.5253968,48.8655792],[22.5254937,48.8655984],[22.5256028,48.865575],[22.5265394,48.86493],[22.5267155,48.8647743],[22.5268918,48.8645391],[22.5273107,48.86412],[22.5274317,48.8640438],[22.5275502,48.8640161],[22.5276636,48.8640528],[22.527755,48.8641219],[22.5278472,48.8642502],[22.5279102,48.8644421],[22.5279338,48.8646291],[22.5278976,48.8656176],[22.5279265,48.8657042],[22.528003,48.8657455],[22.5280976,48.8657524],[22.528184,48.8656985],[22.5286424,48.8651467],[22.5291372,48.8645822],[22.5292186,48.8644772],[22.5292582,48.8643191],[22.5295447,48.8631724],[22.5296996,48.8625321],[22.5298653,48.8615663],[22.5300021,48.8612893],[22.5300878,48.8611184],[22.5301203,48.860955],[22.5301068,48.8607471],[22.5301204,48.860557],[22.53025,48.860164],[22.5303075,48.8597566],[22.5303628,48.8595628],[22.5304568,48.859457],[22.5305334,48.8593946],[22.5306344,48.8593392],[22.5310466,48.8591989],[22.5311421,48.859141],[22.5313128,48.8590067],[22.5320339,48.8582627],[22.5322339,48.857951],[22.5323818,48.857513],[22.5326049,48.8571799],[22.5329706,48.8566649],[22.5333366,48.8563859],[22.5334737,48.856267],[22.5335561,48.8561575],[22.5336166,48.8559183],[22.5336939,48.8556923],[22.5338318,48.8554601],[22.5340516,48.855199],[22.5341472,48.8551319],[22.534238,48.855089],[22.5342451,48.8550874],[22.5343474,48.8550645],[22.5344499,48.8550415],[22.534567,48.8549949],[22.5346811,48.85492],[22.5349841,48.8546528],[22.5350803,48.8546002],[22.5351745,48.854561],[22.5352845,48.8545487],[22.5353953,48.8545509],[22.5355346,48.8545687],[22.5358703,48.8546832],[22.5360167,48.8547375],[22.5361297,48.8547658],[22.5363308,48.8547989],[22.536537,48.8548232],[22.536631,48.8548535],[22.5367093,48.8549007],[22.536764,48.8549387],[22.5367849,48.854958],[22.5368166,48.8549871],[22.5368887,48.8550735],[22.5369354,48.8551478],[22.5369953,48.8551957],[22.5372122,48.8553155],[22.5374353,48.8554301],[22.5375335,48.8554708],[22.5376557,48.8555093],[22.5380636,48.855639],[22.5383341,48.8557157],[22.5384265,48.855765],[22.5384972,48.8558054],[22.538545,48.8558627],[22.5386009,48.8559448],[22.5386246,48.8561118],[22.5386148,48.856467],[22.5386198,48.8565349],[22.538624,48.8565847],[22.5386453,48.8566452],[22.5386745,48.8567085],[22.5387163,48.8567749],[22.5387733,48.8568392],[22.5388505,48.8568949],[22.5389554,48.8569507],[22.5391402,48.8570167],[22.5392421,48.8570476],[22.5393453,48.857067],[22.5395386,48.8570793],[22.5397182,48.8570596],[22.5398441,48.8570245],[22.5400682,48.856929],[22.5402401,48.8568558],[22.5404115,48.8567867],[22.5406286,48.8567177],[22.5411945,48.8565247],[22.5417161,48.8564123],[22.5419706,48.85638],[22.5422518,48.8563671],[22.5425982,48.8563469],[22.5428603,48.8563387],[22.5429981,48.8563437],[22.5431799,48.8563533],[22.5433169,48.8563829],[22.5434717,48.8564287],[22.5438629,48.8565673],[22.5439895,48.8566041],[22.5441103,48.856622],[22.5442276,48.8566211],[22.5445032,48.856564],[22.5446085,48.8565491],[22.5447023,48.8565428],[22.5450067,48.8565315],[22.5452667,48.8565461],[22.5454508,48.8565514],[22.5456021,48.8565358],[22.5457615,48.8565073],[22.5459813,48.8564326],[22.5464705,48.8562611],[22.5466576,48.8562097],[22.5468143,48.8561883],[22.5469808,48.8561815],[22.5473769,48.856176],[22.5481441,48.856148],[22.5485534,48.8561402],[22.548721,48.8561299],[22.5488282,48.8561193],[22.548882,48.8561081],[22.549271,48.8560272],[22.5495271,48.8560061],[22.5497477,48.8560135],[22.5499453,48.8560424],[22.5502093,48.8561088],[22.550577,48.8562392],[22.5508869,48.8563682],[22.5510495,48.856412],[22.5511786,48.8564317],[22.5512208,48.8564381]]}},
{"type":"Feature","properties":{"full_id":"w203600285","ref":"С-071315","length_km":3.91029,"name:uk":"Хустська міська громада","lenght_roads":3.9103,"id_roads":"65585"},"geometry":{"type":"LineString","coordinates":[[23.3757241,48.2588166],[23.3754465,48.2590285],[23.3753849,48.2591334],[23.3754145,48.2592597],[23.3755036,48.2594976],[23.3755106,48.2596271],[23.375437,48.2597662],[23.3749801,48.2602329],[23.3745332,48.2606197],[23.3740096,48.2611085],[23.3738628,48.2611298],[23.3736393,48.261117],[23.3734159,48.261049],[23.3733073,48.2609385],[23.3730903,48.2607557],[23.3728796,48.260624],[23.3726689,48.2604752],[23.3724263,48.2603349],[23.3722283,48.2602712],[23.372082,48.2602637],[23.3714816,48.2604922],[23.3710482,48.2606394],[23.3708405,48.2606905],[23.3704207,48.2606845],[23.3703123,48.2607026],[23.3701227,48.2607717],[23.3695855,48.2610873],[23.3693469,48.2611763],[23.3683509,48.2614101],[23.3681338,48.2614866],[23.3673856,48.2617425],[23.3670513,48.2618314],[23.3661014,48.2620842],[23.3653343,48.2622449],[23.3651157,48.262303],[23.3647439,48.262414],[23.3645362,48.2625343],[23.363859,48.2630993],[23.3631096,48.2638085],[23.3626994,48.2641138],[23.3623511,48.2643796],[23.3619087,48.264596],[23.3614999,48.2647011],[23.3609065,48.2648424],[23.3604279,48.2650528],[23.358893,48.2659483],[23.3581706,48.2662849],[23.3566357,48.2670843],[23.3558501,48.2677515],[23.3554709,48.2681782],[23.3551639,48.2688333],[23.3550646,48.269224],[23.3551097,48.2694283],[23.3551368,48.2696086],[23.3550736,48.2697348],[23.3548298,48.269867],[23.3545138,48.2700714],[23.3525196,48.2719431],[23.3516207,48.2727868],[23.3513408,48.2729911],[23.3509435,48.2732015],[23.3498871,48.2738565],[23.3495801,48.274121],[23.3490564,48.2746618],[23.3486574,48.2752142],[23.3486436,48.2752278],[23.3485233,48.2753459],[23.3482296,48.2755542],[23.3481718,48.2755911],[23.3479231,48.2757496],[23.3473849,48.2760993],[23.3471412,48.2762883],[23.3468347,48.27659],[23.3464819,48.2768928],[23.3463469,48.2770079],[23.3463011,48.2770782],[23.3460201,48.2776731],[23.3460047,48.2777075],[23.3459028,48.2782822],[23.3456472,48.2795601],[23.3455195,48.2797896],[23.3454812,48.2799425],[23.3455131,48.280087],[23.3457238,48.2803802],[23.3457812,48.2805076],[23.3457557,48.280992],[23.3457493,48.2812172],[23.3458579,48.2814254],[23.3459855,48.2815273],[23.346126,48.2816038],[23.3461707,48.2817228],[23.3461388,48.2818757],[23.3461189,48.2819185],[23.3460558,48.2819947],[23.3458464,48.282231],[23.3457795,48.2823784],[23.3457729,48.2824191],[23.345781,48.2824816],[23.34584,48.2825907]]}},
{"type":"Feature","properties":{"full_id":"w77350300","ref":"С-070110","length_km":4.30433,"name:uk":"Косоньська сільська громада","lenght_roads":4.3043,"id_roads":"66860"},"geometry":{"type":"LineString","coordinates":[[22.4246436,48.2689586],[22.4247167,48.2691069],[22.4248345,48.2692422],[22.4249466,48.2693675]]}},
{"type":"Feature","properties":{"full_id":"w202867195","ref":"С-070206","length_km":1.8549,"name:uk":"Ставненська сільська громада","lenght_roads":1.8549,"id_roads":"92796"},"geometry":{"type":"LineString","coordinates":[[22.6388414,49.0072856],[22.6390214,49.007382],[22.6392851,49.0076323],[22.6395792,49.0078765],[22.6410348,49.0090207],[22.641085,49.0090646],[22.6417907,49.0096818],[22.6421783,49.0099869],[22.6425562,49.0102411],[22.6428919,49.0104025],[22.6432645,49.0105557],[22.6436116,49.0106706],[22.643971,49.0107814],[22.6443798,49.0108423],[22.644807,49.0108709],[22.6454255,49.0108308],[22.6465619,49.0107054],[22.6473143,49.0105907],[22.6482155,49.0104064],[22.6484415,49.0103448],[22.6491943,49.0101394],[22.6497167,49.0100319],[22.6499379,49.0100277],[22.6502699,49.0100801],[22.6512002,49.0103365],[22.6519993,49.0106059],[22.6521381,49.0106203],[22.652527,49.010629],[22.652803,49.0105758],[22.653214,49.0104662],[22.6539487,49.0102356],[22.6545221,49.0100466],[22.6549171,49.009953],[22.6554501,49.0098988],[22.6562006,49.0098501],[22.6569228,49.0097873],[22.6575837,49.0097002],[22.6577836,49.0096701],[22.6582289,49.0095681],[22.658447,49.0095454],[22.6586285,49.0095505],[22.6591467,49.0096011],[22.659452,49.0096877],[22.6595869,49.0097058],[22.6601622,49.0097069],[22.660262,49.0097211],[22.660396,49.0097444],[22.6605799,49.0098313],[22.6607716,49.0099305],[22.6609512,49.0100623]]}},
{"type":"Feature","properties":{"full_id":"w165948059","ref":"С-071104","length_km":7.62916,"name:uk":"Вільховецька сільська громада","lenght_roads":7.6292,"id_roads":"75857"},"geometry":{"type":"LineString","coordinates":[[23.7484341,48.1065184],[23.7483425,48.106576],[23.7483149,48.1066156],[23.7483238,48.1066875],[23.748334,48.1068492],[23.7483255,48.1069123],[23.7483114,48.1070177],[23.7479889,48.1075387],[23.7476354,48.1081032],[23.7465727,48.109523],[23.7451699,48.1113145],[23.7450798,48.1114645],[23.7450171,48.1115898],[23.7449366,48.1118405],[23.7448999,48.111967],[23.744513,48.1133],[23.7443673,48.1134255],[23.7426567,48.1142563],[23.7423965,48.1143959],[23.7421422,48.1145504],[23.7420532,48.1145893],[23.7419647,48.1146073],[23.7417474,48.1146198],[23.7414765,48.1146126],[23.7412995,48.1146073],[23.7411922,48.1146252],[23.741064,48.1146434],[23.7409374,48.1146807],[23.7408194,48.1147254],[23.74046,48.1149009],[23.7401386,48.1150672],[23.739717,48.1153164],[23.7394729,48.1154865],[23.7392342,48.1156208],[23.7381521,48.1161142],[23.7372869,48.1165072],[23.737134,48.1165824],[23.7369731,48.1166827],[23.7368122,48.1168027],[23.7366164,48.1169244],[23.7364232,48.1170032],[23.7362382,48.1170462],[23.7360588,48.1170756],[23.7357259,48.1170874],[23.7355408,48.1170749],[23.7353718,48.1170552],[23.7347013,48.1170086],[23.734425,48.117005],[23.7340844,48.1170301],[23.7335187,48.1171014],[23.7331242,48.1171894],[23.7326896,48.1173453],[23.7323034,48.1175261],[23.7319789,48.1176994],[23.7317616,48.1178896],[23.7314638,48.1182119],[23.7313378,48.1183641],[23.7311983,48.1185521],[23.7310901,48.1188358],[23.7309284,48.1193534],[23.7308174,48.1197089],[23.7307852,48.1198217],[23.7307531,48.1199005],[23.7306726,48.1199864],[23.7305358,48.1200724],[23.7301523,48.1202443],[23.7293414,48.1205738],[23.7289882,48.1206758],[23.7286395,48.1207331],[23.7283983,48.1207486],[23.7279153,48.1207796],[23.7273547,48.1208136],[23.7271427,48.1208208],[23.7268799,48.1208298],[23.7266949,48.1208226],[23.726483,48.1207975],[23.7258339,48.1206973],[23.7256247,48.1206794],[23.7254489,48.1206705],[23.7252089,48.1206704],[23.7249434,48.1206865],[23.7243104,48.1207581],[23.7232424,48.1208072],[23.7225214,48.1208136],[23.7222505,48.120828],[23.722052,48.1208602],[23.7219917,48.1208767],[23.7218803,48.1209085],[23.7210974,48.1212262],[23.7201499,48.1214506],[23.7195548,48.1216015],[23.7189675,48.1217376],[23.7182808,48.1219041],[23.7180018,48.1219399],[23.7177384,48.1219322],[23.7164703,48.1218629],[23.7155168,48.1218485],[23.7151813,48.1218434],[23.7147403,48.1218146],[23.7142575,48.1217465],[23.7132436,48.1215782],[23.7129325,48.1215424],[23.7125677,48.1215173],[23.711881,48.1215317],[23.7114787,48.1215245],[23.7111515,48.1214744],[23.7106579,48.1213705],[23.7100357,48.1212111],[23.7096843,48.1211449],[23.7092364,48.1210804],[23.7088233,48.1210697],[23.70848,48.1210733],[23.7080374,48.1211001],[23.7074822,48.1211288],[23.7072059,48.1211413],[23.7069136,48.1211359],[23.7066641,48.1211162],[23.7064764,48.1210966],[23.7052077,48.1209569],[23.7020604,48.1208763],[23.7014043,48.1212129],[23.700884,48.1215782],[23.7003529,48.1218933],[23.7001008,48.1220545],[23.6998699,48.1222971],[23.6997521,48.122477],[23.6996448,48.1226811],[23.699277,48.123421],[23.6991031,48.1238715],[23.6983564,48.1257294],[23.6977982,48.126989],[23.6973535,48.1280068],[23.6967004,48.1293263],[23.6964905,48.1296134],[23.6962813,48.1299213],[23.6955234,48.1308937],[23.6946966,48.1317059],[23.692812,48.1335563],[23.6921024,48.1342177],[23.6918288,48.1344253],[23.6916143,48.1345542],[23.6907399,48.1350268],[23.6903268,48.1352917],[23.6899742,48.135529],[23.6897045,48.135775],[23.6894363,48.136065],[23.6892056,48.1363514],[23.6890032,48.1366818],[23.6888838,48.137139],[23.6887604,48.1376903],[23.6886316,48.1382595],[23.6885834,48.1383741],[23.6884868,48.1385029],[23.6882683,48.1386507],[23.686915,48.1393156],[23.6856973,48.139942],[23.6831989,48.1412568],[23.6819529,48.1417784],[23.6812931,48.1420039],[23.6810088,48.1421256],[23.6808318,48.1422437],[23.6807206,48.1424059],[23.6806923,48.1424818],[23.6806896,48.1425874],[23.6806977,48.1428487],[23.6806977,48.1430277],[23.6806789,48.1430814],[23.6806358,48.1431482],[23.6805341,48.1432013],[23.6803758,48.1432281],[23.6799037,48.1432782],[23.6797374,48.1433158],[23.679657,48.1433516],[23.6795957,48.1434311],[23.6795899,48.1435306],[23.6796248,48.143638],[23.6797121,48.1438352],[23.6797267,48.1439315],[23.6797348,48.1439923],[23.6797079,48.1440782],[23.6796221,48.1441391],[23.679585863308017,48.144162403530537]]}},
{"type":"Feature","properties":{"full_id":"w121531706","ref":"С-070217","length_km":0.79322,"name:uk":"Великоберезнянська селищна громада","lenght_roads":0.7932,"id_roads":"68246"},"geometry":{"type":"LineString","coordinates":[[22.5128905,48.8680695],[22.5128045,48.8680644],[22.5127431,48.8680608],[22.512601,48.8680297],[22.5123484,48.8680072],[22.5118843,48.8680079],[22.5117246,48.8679829],[22.5115746,48.8679293],[22.5113904,48.8678289],[22.5112009,48.8676869],[22.5110982,48.867583],[22.5110324,48.8674376],[22.5110455,48.8672854],[22.5112719,48.8664508],[22.5113404,48.8659539],[22.5115112,48.8654293],[22.5116693,48.86509],[22.5117068,48.8648562],[22.5116779,48.8647079],[22.5115807,48.8645819],[22.5090533,48.8629778],[22.5086612,48.8626886]]}},
{"type":"Feature","properties":{"full_id":"w300755591","ref":"С-070726","length_km":0.6665,"name:uk":"Кольчинська селищна громада","lenght_roads":0.6665,"id_roads":"83573"},"geometry":{"type":"LineString","coordinates":[[22.7500197,48.479857],[22.749215,48.4798916],[22.7472417,48.4799593],[22.7469989,48.4800157],[22.7468272,48.480102],[22.7466664,48.4802817],[22.7466462,48.4803321],[22.7466286,48.4803758],[22.7466727,48.4804657],[22.7467989,48.4805744],[22.7469345,48.4806977],[22.7470259,48.4808419],[22.7470858,48.4809695],[22.7470921,48.48112],[22.7469849,48.4812558],[22.746318,48.4819041],[22.746098,48.482105],[22.7456804,48.48244],[22.7455385,48.4826156],[22.7454502,48.4827619],[22.7454218,48.4828957],[22.7454691,48.4830838],[22.7455984,48.4832468],[22.7457554,48.4834274]]}},
{"type":"Feature","properties":{"full_id":"w527578408","ref":"С-070735","length_km":3.56396,"name:uk":"Великоберезька сільська громада","lenght_roads":3.564,"id_roads":"49135"},"geometry":{"type":"LineString","coordinates":[[22.8126864,48.2827399],[22.8124082,48.2833666],[22.8120781,48.283831],[22.8118713,48.2840489],[22.8117841,48.2841407],[22.8111397,48.2848195],[22.8105836,48.2854292],[22.8101299,48.2859618],[22.8096044,48.2866293],[22.8089033,48.2874936],[22.8085724,48.2879547],[22.8082334,48.2884727],[22.8080472,48.2888747],[22.8080012,48.2889892],[22.8079699,48.2890876],[22.8079322,48.2892154],[22.8079276,48.2892696],[22.8108451,48.3080571],[22.811486949794404,48.313902357372861]]}},
{"type":"Feature","properties":{"full_id":"w164699718","ref":"С-071212","length_km":5.11372,"name:uk":"Сюртівська сільська громада","lenght_roads":5.1137,"id_roads":"50971"},"geometry":{"type":"LineString","coordinates":[[22.2329189,48.4906203],[22.2335152,48.4905568],[22.2343634,48.4904965],[22.2352771,48.4904169],[22.2375352,48.4901943],[22.2380637,48.4901426],[22.2417623,48.4897654],[22.2420814,48.4897264],[22.2423184,48.48968],[22.2424689,48.4896242],[22.2426158,48.4895569],[22.2441968,48.4885876],[22.2462401,48.4873348],[22.2466267,48.487141],[22.2471923,48.4869503],[22.2493408,48.4862004],[22.2532429,48.4849429],[22.2535674,48.4848367],[22.2550985,48.4843356],[22.2554917,48.4842627],[22.2558728,48.4842453],[22.2567278,48.484333],[22.257045,48.4843513],[22.2589178,48.4844979],[22.2601451,48.4846004],[22.2652165,48.4850239],[22.2655705,48.48506],[22.266052,48.4851024],[22.2682558,48.4852704],[22.2687865,48.4853431],[22.2693071,48.4854444],[22.2697779,48.4855866],[22.2700182,48.4857043],[22.2701185,48.4857784],[22.2716625,48.4873548],[22.272148,48.4877471],[22.2723497,48.4878564],[22.2728073,48.4881044],[22.2742233,48.4889295],[22.2745286,48.4890137],[22.2755201,48.4891525],[22.2802981,48.4898212],[22.2812804,48.4899886],[22.2817828,48.490096],[22.2847313,48.4908507],[22.2875608,48.4915288],[22.2917269,48.4925398],[22.2926926,48.4927671],[22.2930312,48.4927776],[22.2959191,48.4921065]]}},
{"type":"Feature","properties":{"full_id":"w179743420","ref":"С-071003","length_km":8.95696,"name:uk":"Полянська сільська громада","lenght_roads":8.957,"id_roads":"56079"},"geometry":{"type":"LineString","coordinates":[[22.8992348,48.6579701],[22.8992575,48.6583074],[22.899287,48.6585607],[22.8993058,48.6587964],[22.8993376,48.6589546],[22.8993997,48.6590781],[22.8994399,48.6591879],[22.8994479,48.6593066],[22.899429,48.659412],[22.8993272,48.6596858],[22.8993004,48.6598204],[22.8992772,48.6599489],[22.8992334,48.6608267],[22.8992052,48.6610809],[22.8992186,48.6612785],[22.8992387,48.6614468],[22.8992753,48.6615905],[22.8993272,48.6619561],[22.8993407,48.6624042],[22.8993304,48.6626666],[22.8993246,48.6627587],[22.8993116,48.6628535],[22.8992768,48.6629642],[22.8992208,48.6630839],[22.8991225,48.663198],[22.8990031,48.6633078],[22.8988587,48.663398],[22.8987407,48.663457],[22.8982677,48.6636505],[22.8981491,48.6637056],[22.8980322,48.663756],[22.8978632,48.6638589],[22.8977157,48.6639988],[22.8975956,48.664104],[22.8969589,48.6649426],[22.8968744,48.6650988],[22.8967899,48.6654275],[22.8967348,48.6655628],[22.8965324,48.6658703],[22.8964814,48.6660226],[22.8964764,48.6661525],[22.8964921,48.6663876],[22.896466,48.6666538],[22.8964159,48.6669878],[22.8964155,48.6671254],[22.8964194,48.6672335],[22.8964163,48.6673255],[22.8964331,48.667532],[22.8964304,48.667787],[22.8964332,48.6679517],[22.8964197,48.6681183],[22.8964018,48.6682318],[22.8963339,48.6683698],[22.8961649,48.668678],[22.8960925,48.6689278],[22.8960574,48.6691968],[22.8960952,48.6694628],[22.8961462,48.6697018],[22.8962293,48.6700083],[22.8963337,48.6702516],[22.8965163,48.6705822],[22.8966021,48.670731],[22.8966692,48.6708567],[22.8967148,48.6711154],[22.8967389,48.671351],[22.8969253,48.6721889],[22.8970233,48.6724243],[22.897101,48.6726209],[22.8971485,48.6728231],[22.8971627,48.6729521],[22.8971647,48.6730926],[22.8971224,48.6734286],[22.8970903,48.6736464],[22.8970206,48.6739405],[22.8969544,48.674162],[22.8968784,48.6743443],[22.8967952,48.6745055],[22.8965726,48.6748367],[22.8964117,48.6750882],[22.8963264,48.6753052],[22.8961944,48.6756568],[22.8961327,48.6757984],[22.8960925,48.6758976],[22.8960028,48.6760711],[22.8959128,48.6762014],[22.8957894,48.6763732],[22.8955622,48.6766752],[22.8953711,48.6767637],[22.8952691,48.6768832],[22.8952106,48.6769701],[22.8951604,48.677055],[22.8951368,48.677142],[22.8951296,48.6772639],[22.8951295,48.6773774],[22.8951105,48.6776264],[22.8950679,48.6777891],[22.8949851,48.6779504],[22.8944559,48.6788756],[22.8943532,48.6790484],[22.8942998,48.6792199],[22.8942659,48.6794043],[22.8942841,48.6795602],[22.8942699,48.6801955],[22.8942499,48.6803499],[22.8942053,48.6804923],[22.8940514,48.6807573],[22.8940111,48.6808724],[22.8940035,48.6809982],[22.8940406,48.6811398],[22.8941014,48.6813066],[22.8941962,48.681517],[22.8943161,48.6817155],[22.8945227,48.6819726],[22.8947305,48.682213],[22.8948372,48.6823511],[22.8948892,48.6824493],[22.8949455,48.6826071],[22.895033,48.6829779],[22.8951947,48.6834345],[22.8954116,48.6839679],[22.8954568,48.6841485],[22.8954953,48.6843536],[22.8955105,48.6846178],[22.8954783,48.684786],[22.895414,48.6849295],[22.8953308,48.6850835],[22.8951873,48.6852809],[22.8950787,48.6853916],[22.8948936,48.6855404],[22.8944658,48.6858755],[22.8938877,48.6862557],[22.893366,48.6866005],[22.8932776,48.6867143],[22.8932253,48.6868436],[22.8932225,48.6870136],[22.8932766,48.6872522],[22.8933138,48.6876741],[22.8933459,48.6878689],[22.8933562,48.6880267],[22.8933486,48.6881947],[22.893321,48.6883577],[22.893299,48.6885072],[22.8932696,48.6886117],[22.8932105,48.6887436],[22.8931284,48.6888483],[22.8930255,48.6889552],[22.8928524,48.6891313],[22.8926834,48.6892801],[22.8925681,48.6893774],[22.8923415,48.6895386],[22.8921684,48.6896599],[22.8919968,48.6897652],[22.891843,48.6898806],[22.8917755,48.6899636],[22.8917535,48.6900437],[22.8916947,48.6903454],[22.8916589,48.6905636],[22.8914871,48.6910985],[22.8914596,48.6913674],[22.8915385,48.6919521],[22.8916097,48.6924329],[22.891683,48.6927026],[22.8917661,48.6929133],[22.8919232,48.6932782],[22.8919995,48.693448],[22.892021,48.6936162],[22.8920183,48.6939119],[22.892037,48.694197],[22.8920799,48.6945284],[22.8921069,48.6946932],[22.892155,48.6948555],[22.8922032,48.6949481],[22.8922972,48.6950945],[22.8925467,48.6953743],[22.8927647,48.6956628],[22.8928819,48.6958735],[22.8929812,48.6961161],[22.8931153,48.6966047],[22.8931797,48.6967835],[22.8932179,48.696874],[22.8933613,48.6969149],[22.8939896,48.6970455],[22.8942512,48.6971079],[22.8944177,48.6972048],[22.8949607,48.6975035],[22.8953999,48.6976865],[22.8957342,48.6978544],[22.896063,48.6980865],[22.8964305,48.6983089],[22.8975876,48.6988923],[22.8977817,48.6989726],[22.8986569,48.6991582],[22.8987346,48.6991726],[22.8988946,48.6992045],[22.8990292,48.6992275],[22.8993994,48.699306],[22.8997242,48.6994231],[22.9000872,48.6995695],[22.9005183,48.699766],[22.9007167,48.6999099],[22.9009164,48.7000854],[22.9010754,48.7002537],[22.9011453,48.7004215],[22.9011333,48.7005999],[22.9010849,48.7007315],[22.9007155,48.7011014],[22.9005535,48.7013287],[22.9005419,48.7014603],[22.9005772,48.7016341],[22.9007585,48.7019053],[22.9008902,48.702086],[22.9011512,48.7023687],[22.9013604,48.7024997],[22.9016627,48.7026312],[22.9018539,48.7027635],[22.9020479,48.7029342],[22.9022133,48.7031618],[22.9022562,48.7032892],[22.9023692,48.7037155],[22.9024306,48.7038769],[22.9026014,48.7041787],[22.9028034,48.7043814],[22.9029912,48.7045265],[22.9031602,48.704631],[22.9037985,48.7049814],[22.9044265,48.705296],[22.9045549,48.7053903],[22.9047078,48.7055319],[22.9049841,48.7058488],[22.9054078,48.706401],[22.9054566,48.7064881],[22.9057056,48.7074613],[22.9057237,48.7075868],[22.9058362,48.7083686],[22.9059246,48.7086501],[22.9060699,48.709113],[22.9060676,48.7091926],[22.9060033,48.7093835],[22.9056707,48.710033],[22.9054964,48.7104454],[22.9054258,48.7109223],[22.9051624,48.7116908],[22.9050887,48.711987],[22.905027,48.7123622],[22.9049677,48.7129212],[22.9049794,48.7134129],[22.9050055,48.7136877],[22.9050685,48.7139859],[22.9051745,48.7143089],[22.9053816,48.7147016],[22.9055607,48.7149814],[22.9057297,48.7151726],[22.9058873,48.7152929],[22.9063637,48.715476],[22.9066133,48.7155886],[22.9071698,48.7159363],[22.9080929,48.7167531],[22.909102,48.7174758],[22.90934,48.7177386],[22.9095787,48.7180607],[22.9099795,48.7185029],[22.9102117,48.7186942],[22.9118386,48.7196484],[22.9119872,48.71974],[22.9128643,48.720281],[22.9143181,48.7211928],[22.9145003,48.7213277],[22.9146239,48.7214644],[22.9148464,48.7218616],[22.9150378,48.7221658],[22.9156566,48.7232843],[22.9157344,48.7233511],[22.9160696,48.7234436],[22.9163116,48.7234735],[22.9174642,48.723521],[22.9178131,48.7235798],[22.918269,48.7236839],[22.9191785,48.7237787],[22.9199455,48.7238089],[22.9205731,48.7237904],[22.9208579,48.7238273],[22.9213641,48.7239192],[22.9216725,48.7239171],[22.9223742,48.723827],[22.9230797,48.7237357],[22.9235637,48.7237391],[22.9240209,48.7237402],[22.9243097,48.7237701]]}},
{"type":"Feature","properties":{"full_id":"w202638576","ref":"С-070738","length_km":3.24499,"name:uk":"Кольчинська селищна громада","lenght_roads":3.245,"id_roads":"27056"},"geometry":{"type":"LineString","coordinates":[[22.7291158,48.6054389],[22.7292135,48.6054787],[22.7293369,48.6055017],[22.7295193,48.6055053],[22.7297909,48.6055184],[22.729919,48.6055381],[22.7299967,48.6055674],[22.7300531,48.6055904],[22.7301615,48.6056487],[22.7303991,48.6057607],[22.730564,48.6058605],[22.7307571,48.6057908],[22.7310049,48.6056785],[22.7312024,48.6055718],[22.7313796,48.6054591],[22.7314438,48.6053865],[22.73148,48.6053031],[22.7314733,48.6051798],[22.7314199,48.6050648],[22.7310455,48.6046274],[22.7309999,48.604528],[22.730987,48.6044344],[22.7310007,48.6041814],[22.7310267,48.6037015],[22.7310659,48.6028693],[22.7311984,48.6025203],[22.7312373,48.6024777],[22.7313204,48.602405],[22.7313619,48.6023625],[22.7313808,48.6023207],[22.7313875,48.6022799],[22.7313593,48.6022134],[22.7313083,48.6021389],[22.7312654,48.6020547],[22.7312543,48.6019937],[22.7311126,48.6006075],[22.7308899,48.5995067],[22.730616,48.5981991],[22.7306029,48.5980965],[22.7306136,48.5980167],[22.7306592,48.597928],[22.7307075,48.5978837],[22.7307635,48.597852],[22.730914,48.5978198],[22.7310026,48.5978286],[22.7310874,48.597852],[22.7311501,48.597912],[22.7311957,48.5980308],[22.7312681,48.5981284],[22.7313861,48.5982561],[22.7316732,48.5984935],[22.732727,48.5994735],[22.7329016,48.5996273],[22.7330652,48.5997497],[22.7333665,48.5999397],[22.7335775,48.6000477],[22.7337545,48.6001381],[22.7339154,48.6002056],[22.7340748,48.6002578],[22.7342829,48.6003084],[22.7345002,48.6003439],[22.7347583,48.6003621],[22.734932,48.6003652],[22.7350903,48.6003474],[22.735211,48.6003208],[22.7353214,48.6002781],[22.7354792,48.6001949],[22.735573,48.600108],[22.7357864,48.5999092],[22.7361149,48.5995652],[22.7365227,48.5992346],[22.7368927,48.5988876],[22.7371395,48.5987368],[22.7372628,48.5986694],[22.7375292,48.598538],[22.7378476,48.5984495],[22.7380874,48.5984085],[22.7382901,48.5984016],[22.7384323,48.5984193],[22.7385771,48.5984477],[22.7387503,48.5985068],[22.7388856,48.598579],[22.7389526,48.5986535],[22.7389821,48.5987457],[22.7389722,48.5988687],[22.7389473,48.5990437],[22.7389553,48.5991129],[22.7389848,48.5991679],[22.7390438,48.5992477],[22.7391439,48.5993306],[22.7395642,48.5995085],[22.7396319,48.5995649],[22.7396876,48.5996113],[22.7397944,48.5997359],[22.7402307,48.6004725],[22.7405539,48.6007661],[22.7409152,48.6010433],[22.7412084,48.6012095],[22.7415034,48.6013372],[22.7419674,48.6015038],[22.7429971,48.6018846],[22.7442741,48.6023535],[22.7454636,48.602742],[22.7457422,48.6028363],[22.7458566,48.602875],[22.7460444,48.6029176],[22.7462547,48.6029508],[22.7463868,48.6029581],[22.7466479,48.6029726],[22.7470374,48.602975],[22.7476845,48.6029065],[22.7480431,48.6028686],[22.7489855,48.6027481],[22.7496191,48.6026693],[22.7500865,48.6026568],[22.7502917,48.602627],[22.7506122,48.6025504],[22.7509431,48.602432],[22.751331,48.60235],[22.7516662,48.6022933],[22.7519855,48.6022453],[22.7522539,48.6021778],[22.7523825,48.6021159],[22.7524764,48.602029],[22.7525917,48.6018888],[22.7527354,48.6017504],[22.7528143,48.6016831],[22.7529425,48.6016134],[22.7533492,48.6014882]]}},
{"type":"Feature","properties":{"full_id":"w203292522","ref":"С-071331","length_km":5.35635,"name:uk":"Хустська міська громада","lenght_roads":5.3563,"id_roads":"97747"},"geometry":{"type":"LineString","coordinates":[[23.1241623,48.2254895],[23.1242214,48.2254906],[23.1244621,48.2255024],[23.1246036,48.2255047],[23.1247311,48.2254953],[23.1248655,48.2254764],[23.1256194,48.225342],[23.125814,48.2253114],[23.1259875,48.2252949],[23.1261397,48.2252925],[23.1262792,48.2252969],[23.1266008,48.2253251],[23.1270582,48.2253901],[23.1271261,48.2253976],[23.1271884,48.2254002],[23.1272777,48.225401],[23.1276916,48.2253903],[23.1277788,48.2253857],[23.1278594,48.2253789],[23.1279729,48.2253669],[23.1280513,48.2253608],[23.1281982,48.2253543],[23.128305,48.2253507],[23.1283823,48.225353],[23.1285542,48.2253668],[23.1285981,48.2253735],[23.1286501,48.2253883],[23.1288433,48.2254466],[23.1288924,48.2254608],[23.1289491,48.2254754],[23.1290855,48.2255065],[23.1291448,48.225516],[23.1291958,48.2255196],[23.1295355,48.2254652],[23.1297688,48.2254052],[23.1303013,48.2252457],[23.1310733,48.2250304],[23.1316537,48.2248311],[23.1320726,48.2246477],[23.132839,48.2242565],[23.1329942,48.2241773],[23.1336584,48.2237786],[23.1343585,48.2233281],[23.1346338,48.2230929],[23.1348373,48.2228457],[23.1350826,48.2226902],[23.1356511,48.2224829],[23.1359563,48.222451],[23.1362256,48.2224869],[23.136447,48.2225626],[23.1367282,48.2226105],[23.1369542,48.2226073],[23.1370783,48.2225712],[23.1380279,48.222237],[23.1386039,48.2219839],[23.1386803,48.221946],[23.1387353,48.2219083],[23.1387996,48.2218458],[23.1388433,48.2217753],[23.1388829,48.2217088],[23.1389299,48.2216432],[23.1391853,48.2213209],[23.1392076,48.2212812],[23.1392209,48.2212421],[23.1392236,48.2212],[23.1392173,48.2211615],[23.1388368,48.2199366],[23.1387544,48.2196712],[23.1387509,48.2196063],[23.1387544,48.2195399],[23.1387668,48.2194824],[23.1387917,48.2194289],[23.1388194,48.2193833],[23.1388574,48.2193363],[23.1389148,48.2192861],[23.1389776,48.2192386],[23.1400023,48.2184975],[23.140124,48.2184132],[23.1402257,48.2183491],[23.1403766,48.2182591],[23.1404602,48.2182103],[23.1407893,48.2180267],[23.1422515,48.2172223],[23.1438214,48.2163928],[23.1460374,48.2152183],[23.1461084,48.2151786],[23.1493525,48.2133514],[23.1501495,48.2129025],[23.1502102,48.2128697],[23.150963,48.2124883],[23.1510243,48.2124521],[23.1510782,48.2124106],[23.1511044,48.2123689],[23.1511186,48.2123245],[23.1511186,48.2122713],[23.1511085,48.2122081],[23.151103021398693,48.212187954726446]]}},
{"type":"Feature","properties":{"full_id":"w300750575","ref":"С-070734","length_km":1.18502,"name:uk":"Батівська селищна громада","lenght_roads":1.185,"id_roads":"42439"},"geometry":{"type":"LineString","coordinates":[[22.515815,48.3540023],[22.526316694593753,48.362038768789077]]}},
{"type":"Feature","properties":{"full_id":"w165723539","ref":"С-070112","length_km":4.23051,"name:uk":"Берегівська міська громада","lenght_roads":4.2305,"id_roads":"31634"},"geometry":{"type":"LineString","coordinates":[[22.6661805,48.1742651],[22.6663767,48.1741645],[22.6665853,48.1739866],[22.666651,48.1738418],[22.6670855,48.172384],[22.6676306,48.1704947],[22.6682683,48.1682843],[22.668335,48.1680131],[22.6683387,48.1677396],[22.6683038,48.1647277],[22.6682891,48.1638099],[22.6682806,48.1636254],[22.6682781,48.1635989],[22.6682389,48.1631908],[22.6682174,48.1630745],[22.6681423,48.1628562],[22.6680028,48.1625163],[22.6676134,48.1615186],[22.6673827,48.1608147],[22.6673141,48.1605786],[22.6673061,48.1605584],[22.6672122,48.1602926],[22.6667111,48.1587854],[22.6666671,48.158582],[22.6664793,48.1578197],[22.6664051,48.1575628],[22.6663274,48.1573746],[22.666098,48.1569073],[22.6653308,48.1554223],[22.6639344,48.1527135],[22.6638722,48.1526092],[22.663781,48.1524947],[22.6636903,48.1524207],[22.6629817,48.1519507],[22.6620021,48.1512818],[22.6618123,48.1511418],[22.6617104,48.1510309],[22.6616085,48.1508591],[22.6614368,48.1505513],[22.6612168,48.1501361],[22.6610345,48.1497693],[22.6609272,48.1495313],[22.6607933,48.1491939],[22.6606434,48.1487398],[22.6604632,48.1481963],[22.6602593,48.1475949],[22.6600727,48.1471558],[22.6598986,48.1468242],[22.6596139,48.1462818],[22.6561722,48.1398845],[22.6561512,48.1398528],[22.6561166,48.1398328],[22.6560737,48.1398216],[22.6560268,48.1398208],[22.6559624,48.1398118],[22.6558927,48.1397881],[22.6558085,48.1397141],[22.6557438,48.139593],[22.6556969,48.1394015],[22.6554206,48.1384457],[22.6553235,48.1382324]]}},
{"type":"Feature","properties":{"full_id":"w39020485","ref":"О-070602","length_km":9.72086,"name:uk":"Колочавська сільська громада","lenght_roads":9.7209,"id_roads":"50666"},"geometry":{"type":"LineString","coordinates":[[23.6981421,48.4263729],[23.6983556,48.4263403],[23.6985777,48.4261788],[23.6987788,48.4260329],[23.6988709,48.4259844],[23.6989647,48.4259524],[23.6991605,48.425931],[23.7000115,48.4259132],[23.7003533,48.4258723],[23.7004665,48.4258429],[23.7018325,48.4254042],[23.7024262,48.4253078],[23.7027857,48.4252521],[23.7031093,48.425218],[23.7032534,48.4251888],[23.7034184,48.4251381],[23.703735,48.4250012],[23.7039054,48.4249352],[23.7039384,48.4249297],[23.7040668,48.4249085],[23.7041892,48.4249124],[23.7043203,48.4249467],[23.7047556,48.4251014],[23.7050323,48.4252308],[23.7052941,48.425374],[23.7058733,48.4257342],[23.7063475,48.4259846],[23.7067447,48.4261525],[23.7069694,48.426236],[23.7072006,48.4262892],[23.7072693,48.4263015],[23.7073682,48.4263192],[23.7074741,48.4263082],[23.7075558,48.4262819],[23.7076284,48.4262387],[23.708092,48.4257561],[23.7082328,48.4255774],[23.7083129,48.4254288],[23.7085659,48.4248742],[23.7086706,48.4247369],[23.7087793,48.4246647],[23.7091393,48.4245158],[23.7098161,48.424271],[23.7098833,48.4242441],[23.71029,48.4240467],[23.7103262,48.4240295],[23.7111096,48.4237057],[23.711598,48.4235038],[23.7123062,48.4231968],[23.7124531,48.4231116],[23.7126768,48.4229819],[23.7129908,48.4227529],[23.7131309,48.4226114],[23.7132698,48.4224428],[23.7134406,48.4220755],[23.7137971,48.4214981],[23.7139848,48.4212892],[23.7141003,48.4211743],[23.714189,48.4211014],[23.7142401,48.4210594],[23.7145334,48.4208383],[23.7147193,48.4207365],[23.714889,48.4206726],[23.715422,48.4205252],[23.7157068,48.4204366],[23.7160514,48.4203172],[23.7163082,48.4202201],[23.7165803,48.4201108],[23.7170877,48.4199166],[23.7172993,48.4198472],[23.7174893,48.4198024],[23.7188831,48.4195167],[23.7192126,48.4194504],[23.719388,48.4194261],[23.7195554,48.4194054],[23.7201368,48.419329],[23.7205564,48.4192781],[23.7207425,48.4192469],[23.721034,48.4191819],[23.7214949,48.4190675],[23.7219477,48.4189425],[23.7220627,48.418905],[23.7221777,48.4188604],[23.72233,48.4187962],[23.7224424,48.4187334],[23.7225549,48.4186636],[23.7226684,48.4186071],[23.722798,48.4185559],[23.7230405,48.4184769],[23.7233207,48.4184122],[23.7237013,48.4183221],[23.7239265,48.4182824],[23.7241356,48.4182498],[23.7243403,48.418238],[23.7245397,48.4182369],[23.7247598,48.4182455],[23.7249907,48.4182612],[23.7264371,48.4184093],[23.7275671,48.4185281],[23.7286867,48.4186801],[23.7288746,48.4186857],[23.7289761,48.418683],[23.7292986,48.4186748],[23.7296572,48.418674],[23.7300088,48.4187013],[23.7303905,48.4187511],[23.7309668,48.4188657],[23.7314,48.4189863],[23.7316788,48.4190204],[23.7321633,48.4190179],[23.7329092,48.4189661],[23.7346918,48.4188576],[23.7355395,48.4187823],[23.7363009,48.4187045],[23.7371622,48.4186599],[23.737556,48.4186519],[23.7380495,48.4186418],[23.739306,48.418549],[23.740052,48.4185195],[23.7409716,48.4185254],[23.7414885,48.4185111],[23.7418153,48.4184924],[23.7422234,48.4184691],[23.7426142,48.4184086],[23.7434263,48.4181386],[23.7440068,48.4179878],[23.7443796,48.4179296],[23.7447133,48.4178775],[23.7453956,48.4177423],[23.7455831,48.4177052],[23.7458674,48.41766],[23.7461986,48.4176525],[23.7466703,48.4176723],[23.7469105,48.4176763],[23.7471507,48.4176641],[23.747678,48.4176139],[23.7478706,48.4175933],[23.7480391,48.417562],[23.748181,48.4175261],[23.7485363,48.4174068],[23.7487092,48.4173621],[23.7488842,48.4173316],[23.74918,48.4173001],[23.7494707,48.4172962],[23.7497614,48.4173119],[23.750001,48.4173271],[23.7502972,48.4173587],[23.7505329,48.4173791],[23.7506963,48.4173802],[23.7508437,48.4173706],[23.7510409,48.4173433],[23.7518845,48.4171725],[23.7522334,48.4171399],[23.7523677,48.4171215],[23.752508,48.4170861],[23.7526593,48.4170267],[23.7528898,48.4168832],[23.7534014,48.4164404],[23.7537129,48.4162021],[23.7541452,48.4159295],[23.7545291,48.4157031],[23.7549434,48.4155143],[23.7551361,48.4154518],[23.755318,48.4153965],[23.7557375,48.4153216],[23.7561544,48.4152474],[23.7564239,48.4152086],[23.7565704,48.4151786],[23.7567482,48.4151137],[23.7572655,48.4149041],[23.7579454,48.414672],[23.7587737,48.4143752],[23.7590353,48.4142926],[23.7593,48.4142211],[23.7596008,48.414173],[23.760621,48.4140609],[23.7611045,48.414015],[23.761296,48.4139902],[23.7614691,48.4139572],[23.7621937,48.4138344],[23.7623992,48.4137911],[23.7625019,48.4137392],[23.7625831,48.4136874],[23.7627761,48.413564],[23.7629017,48.4134872],[23.7630078,48.4134221],[23.7631751,48.4133639],[23.7634585,48.4133035],[23.7640335,48.4131751],[23.7643976,48.4130718],[23.7645561,48.4130177],[23.7646772,48.412969],[23.764825,48.4128857],[23.7650739,48.4127642],[23.7654582,48.4124992],[23.7656389,48.4123998],[23.7658658,48.4122975],[23.76623,48.4121553],[23.7664241,48.412056],[23.7666781,48.4119147],[23.7669639,48.411748],[23.7671663,48.4116576],[23.7673063,48.4116049],[23.7674832,48.4115487],[23.7678531,48.4114589],[23.7685496,48.4112088],[23.7687732,48.4111818],[23.7689092,48.411147],[23.7690251,48.4111061],[23.7692018,48.411016],[23.7695558,48.4108557],[23.7700532,48.4106881],[23.7709481,48.4104081],[23.7713061,48.4102852],[23.7715091,48.4101933],[23.77199,48.4099307],[23.7728026,48.4096521],[23.7729349,48.4096205],[23.7730261,48.4095767],[23.7730876,48.4095099],[23.7730996,48.4094405],[23.7730735,48.4093852],[23.7729629,48.4093379],[23.7728582,48.409312],[23.7727274,48.4093132],[23.7723448,48.4093739],[23.7720044,48.4094624],[23.7713284,48.4096464],[23.7705737,48.4098215],[23.7698519,48.4098932],[23.7690565,48.4099476],[23.7688418,48.4099443],[23.76872,48.409919],[23.7686575,48.4098916],[23.7685953,48.4098595],[23.7685702,48.4098031],[23.7686021,48.409745],[23.76866,48.4097145],[23.7687677,48.4097195],[23.7690411,48.4097964],[23.769159,48.4098001],[23.7694588,48.4097457],[23.7701702,48.4095513],[23.7706267,48.4093789],[23.7710568,48.4091774],[23.7715336,48.4089638],[23.7717757,48.408789],[23.7720853,48.4086679],[23.7724215,48.4086013],[23.7727787,48.4085108],[23.7733721,48.4083662],[23.7736516,48.4082969],[23.7738239,48.408233],[23.7740615,48.4081232],[23.7741801,48.408],[23.7742962,48.4078717],[23.7743873,48.4077306],[23.7744865,48.4074859],[23.7746455,48.4071074],[23.7746784,48.4069268],[23.7746907,48.4067357],[23.7746415,48.4064672],[23.7744284,48.4057801],[23.774402,48.4055975],[23.7744136,48.4055026],[23.7744462,48.4054373],[23.7745044,48.4053864],[23.7745686,48.4053572],[23.7746495,48.4053449],[23.7748502,48.4053528],[23.775395,48.4054314],[23.7756064,48.40543],[23.7758256,48.4053941],[23.7759402,48.4053318],[23.7760337,48.4052619],[23.7761028,48.4051711],[23.7761179,48.4050772],[23.7760915,48.4049878],[23.7759829,48.4049005],[23.7758315,48.4048491],[23.775674,48.4048145],[23.7749851,48.4047631],[23.7748213,48.4047166],[23.77475,48.4046431],[23.7747529,48.4045724],[23.7747894,48.4044992],[23.7748643,48.4044385],[23.7758317,48.404124],[23.7759402,48.4040569],[23.7759874,48.4039891],[23.7760259,48.4038655],[23.7760178,48.403698],[23.7759555,48.4035369],[23.7756774,48.4032752],[23.7754459,48.4030845],[23.7754014,48.4030478],[23.7749977,48.402777],[23.7748641,48.4026948],[23.7748328,48.4026405],[23.7748504,48.4025375],[23.7749023,48.402464],[23.7750437,48.4023308],[23.7753312,48.4021402],[23.7756464,48.4018054],[23.7759347,48.4014411],[23.7760119,48.4014183],[23.7761166,48.4014262],[23.7780617,48.4022247],[23.7782308,48.4022567],[23.7783693,48.4022671],[23.778542,48.4022477],[23.7787228,48.4022142],[23.7788796,48.4021506],[23.7790865,48.4019931],[23.7792258,48.4018499],[23.7794089,48.4016641],[23.7796473,48.4014178],[23.7798581,48.4011378],[23.7799668,48.4009624],[23.7801199,48.4007367],[23.7805366,48.4003138],[23.7806041,48.4002307],[23.780618,48.4001124],[23.780621,48.3999839],[23.7805941,48.3999067],[23.780496,48.3996429],[23.7804588,48.3995464],[23.7804758,48.3994053],[23.7804994,48.3991538],[23.7804859,48.398981],[23.7804419,48.3988666],[23.7802908,48.3986185],[23.7802237,48.3984369],[23.7802345,48.3980736],[23.7802345,48.3980309],[23.7802613,48.3979792],[23.7803179,48.3979378],[23.7804088,48.3979329],[23.7804893,48.3979721],[23.7805563,48.3980219],[23.7806877,48.3981626],[23.7807414,48.3982909],[23.7807736,48.3983657],[23.7808111,48.3984494],[23.7808648,48.3985046],[23.7809452,48.3985402],[23.7810391,48.3985758],[23.7811249,48.3986043],[23.7815165,48.3986951],[23.7816067,48.3987442],[23.7820047,48.3990994],[23.7822059,48.3992311],[23.7823829,48.3993077],[23.7826055,48.3993487],[23.7829462,48.3993647],[23.7831098,48.3993505],[23.78337,48.3993077],[23.7836355,48.3992525],[23.7842149,48.3992009],[23.7847191,48.3991492],[23.7852475,48.3991047],[23.7856927,48.3990922],[23.7862372,48.3990673],[23.7866771,48.3989765],[23.7874281,48.3987557],[23.7876856,48.3987076],[23.7879431,48.3986773],[23.7889083,48.3987335],[23.7889823,48.3987498],[23.7894736,48.3988597],[23.78960392974022,48.398888856240852]]}},
{"type":"Feature","properties":{"full_id":"w82264835","ref":"О-070106","length_km":12.16878,"name:uk":"Чопська міська громада","lenght_roads":12.1688,"id_roads":"10008"},"geometry":{"type":"LineString","coordinates":[[22.2719611,48.422083],[22.2720605,48.4217926],[22.2721946,48.4215488],[22.2723448,48.4212479],[22.2725169,48.4209461],[22.2730905,48.4198061],[22.2739246,48.4182111],[22.2742411,48.4175952],[22.2744209,48.4172747],[22.274563,48.4170825],[22.2746274,48.4170095],[22.2747561,48.4169365],[22.2759926,48.4164576],[22.2766846,48.4161995],[22.2784029,48.4151543],[22.2802755,48.4139191],[22.2803405,48.4138727],[22.2804231,48.4137982],[22.2805504,48.4136312],[22.2810153,48.4127754],[22.2818308,48.4114243],[22.2820297,48.4110719],[22.2820701,48.4108961],[22.2820962,48.4106382],[22.2821,48.4104206],[22.2820807,48.41025],[22.2820541,48.4101071],[22.2819659,48.4100181],[22.2818845,48.4099301],[22.2817654,48.4098301],[22.2816674,48.409744],[22.2816189,48.4097015],[22.2815517,48.4096501],[22.2813623,48.409543],[22.2811106,48.4094583],[22.2802154,48.4092369],[22.279194,48.4089991],[22.2789539,48.4089316],[22.278503,48.4087625],[22.2783579,48.4087081],[22.2779968,48.4085452],[22.2774476,48.4083067],[22.2772593,48.408198],[22.2770812,48.4080923],[22.2768475,48.4079267],[22.2733917,48.4054209],[22.2713334,48.4039221],[22.2712448,48.4035408],[22.27119,48.4031123],[22.2709046,48.4015751],[22.2707921,48.4008005],[22.270714,48.4004332],[22.2706087,48.4000817],[22.2704365,48.3997123],[22.2702698,48.3994476],[22.2700406,48.3991667],[22.269667,48.398849],[22.269182,48.3985446],[22.2688508,48.3984113],[22.2685552,48.3983106],[22.2680968,48.3982075],[22.2667732,48.397939],[22.2697357,48.3945297],[22.26988,48.3943636],[22.272016,48.3919108],[22.2725089,48.3913611],[22.272715,48.3912527],[22.2735129,48.3909113],[22.2751994,48.3901613],[22.2759658,48.3897754],[22.2766394,48.3893507],[22.2781521,48.3884116],[22.2783255,48.3882891],[22.2785157,48.3881236],[22.2787863,48.3878318],[22.2789153,48.3876589],[22.2791143,48.3872211],[22.2795319,48.3862118],[22.2799481,48.3852061],[22.2801098,48.3848908],[22.2802491,48.3846773],[22.2804631,48.3844084],[22.2806275,48.3842656],[22.2809195,48.3841313],[22.2813037,48.384021],[22.2840797,48.3833601],[22.284386,48.383253],[22.2844871,48.3831792],[22.2845685,48.3830911],[22.2845725,48.3830414],[22.2846076,48.3829811],[22.2846587,48.382774],[22.2846017,48.382569],[22.2845265,48.382457],[22.2844227,48.3823432],[22.2842312,48.3822446],[22.2791605,48.3803517],[22.2779613,48.3798911],[22.2770732,48.3795314],[22.2754442,48.3786854],[22.2754256,48.3786758],[22.2741401,48.3779816],[22.273396,48.3774609],[22.2735222,48.3771799],[22.2740716,48.3762779],[22.2740771,48.376102],[22.2736703,48.3755031],[22.2732805,48.3749779],[22.2717867,48.3735366],[22.2703657,48.3721224],[22.2699513,48.3716598],[22.2696747,48.3712254],[22.269499,48.3709662],[22.2694212,48.3708281],[22.2694105,48.3707782],[22.2694221,48.3707377],[22.2694601,48.3707114],[22.2695097,48.3706909],[22.2696559,48.3706636],[22.2701395,48.3706001],[22.2704485,48.3705412],[22.2707852,48.3704736],[22.2716434,48.370298],[22.2725307,48.3700852],[22.2733427,48.3698771],[22.2738091,48.3697953],[22.2742929,48.3697454],[22.2748404,48.369705],[22.2755741,48.3696842],[22.2758585,48.3696824],[22.276111,48.3696946],[22.2774582,48.3698507],[22.2777949,48.3698722],[22.2781682,48.3698861],[22.2784258,48.3698823],[22.2788003,48.3698537],[22.2790789,48.3697896],[22.2792031,48.3697424],[22.279525,48.3695316],[22.2799723,48.3692412],[22.2809505,48.3686029],[22.2811325,48.368513],[22.2815519,48.3683524],[22.2827239,48.3679338],[22.2846347,48.3671877],[22.288145,48.3658112],[22.2888439,48.36554],[22.2890921,48.3654431],[22.2892498,48.3653257],[22.2894359,48.3652632],[22.2896715,48.3652235],[22.290127,48.3651951],[22.2906957,48.3651901],[22.2921442,48.365208],[22.2926207,48.3651844],[22.2930438,48.3651414],[22.2934914,48.3650886],[22.2943699,48.3649472],[22.2970965,48.3645837],[22.2981351,48.3644909],[22.2984014,48.3644696],[22.2986495,48.3644624],[22.2991214,48.3644595],[22.299451,48.3644872],[22.2997845,48.3645477],[22.3002126,48.3646685],[22.3007014,48.364817],[22.301251,48.3650049],[22.3018609,48.3651619],[22.3033061,48.3654668],[22.3077328,48.3663515],[22.3119845,48.3672325],[22.3154688,48.3679082],[22.3169006,48.3682539],[22.3173002,48.3683684],[22.3178637,48.3685428],[22.3193614,48.3690626],[22.3205538,48.3694613],[22.3207921,48.36953],[22.3210195,48.3695982],[22.3215689,48.3697216],[22.3224077,48.3698498],[22.326841173869923,48.370190577574867]]}},
{"type":"Feature","properties":{"full_id":"w151906898","ref":"С-070102","length_km":3.71716,"name:uk":"Батівська селищна громада","lenght_roads":3.7172,"id_roads":"36795"},"geometry":{"type":"LineString","coordinates":[[22.4068678,48.3202768],[22.40616,48.3199868],[22.4048808,48.3197037],[22.4037947,48.3194897],[22.403088,48.3192615],[22.4026915,48.3191636],[22.4026491,48.3190739],[22.402582,48.3188439],[22.402492,48.3184215],[22.4025297,48.3181101],[22.4025656,48.317888],[22.4027001,48.3173605],[22.4028061,48.3171743],[22.4029438,48.3169993],[22.4023475,48.3167883],[22.4016795,48.3165782],[22.401003,48.3162633],[22.4008062,48.3161525],[22.4001578,48.3158708],[22.3995293,48.3156724],[22.3985568,48.3153879],[22.3953442,48.3144516],[22.3941386,48.3141288],[22.3898742,48.3128769],[22.3894491,48.3127652],[22.38921,48.3127231],[22.3890476,48.3127141],[22.3889091,48.312729],[22.3820136,48.313912],[22.3787038,48.3144784],[22.3769215,48.3147906],[22.3752589,48.3150904],[22.3749557,48.3151445],[22.3746353,48.3151631],[22.3744081,48.3151363],[22.3741963,48.3150786],[22.3740034,48.3149994],[22.3714557,48.313884],[22.3709571,48.3136657],[22.3705615,48.3135129],[22.3701569,48.313403],[22.3697339,48.3133422],[22.3694006,48.3133317],[22.369024,48.3133485],[22.3650191,48.3138288],[22.3634568,48.3140345]]}},
{"type":"Feature","properties":{"full_id":"w112024530","ref":"С-071229","length_km":2.81564,"name:uk":"Баранинська сільська громада","lenght_roads":2.8156,"id_roads":"15174"},"geometry":{"type":"LineString","coordinates":[[22.3981282,48.547665],[22.3981565,48.5477671],[22.398178,48.5478345],[22.3982128,48.5479072],[22.3983854,48.5480755],[22.3985899,48.5482147],[22.3989451,48.5484222],[22.3992455,48.548598],[22.3995747,48.5487454],[22.4000056,48.5489037],[22.4003586,48.5489957],[22.4008388,48.5490899],[22.4013174,48.5491533],[22.4018239,48.5491728],[22.4023139,48.5491751],[22.4027061,48.5491555],[22.404187,48.5489616],[22.4042849,48.5489425],[22.4052188,48.5488199],[22.405487,48.5487791],[22.4057412,48.5487298],[22.4061576,48.5486122],[22.4068308,48.5483618],[22.4085008,48.5477422],[22.4102683,48.547298],[22.4114495,48.546952],[22.4126966,48.5466558],[22.4135645,48.5464568],[22.4140486,48.5463572],[22.4143624,48.5463341],[22.4146534,48.5463181],[22.4152636,48.5462861],[22.4158856,48.5462459],[22.4162642,48.5461974],[22.4165421,48.546152],[22.4168086,48.5460837],[22.4171102,48.5459823],[22.4173155,48.5458831],[22.4175337,48.5457618],[22.4181014,48.5454392],[22.4185283,48.5452508],[22.4188578,48.5451337],[22.4192279,48.5450075],[22.420097,48.5447111],[22.4210894,48.5443773],[22.4214615,48.5442832],[22.4217151,48.544241],[22.4219922,48.5442341],[22.4222749,48.5442565],[22.4238271,48.5444328],[22.4241796,48.5444216],[22.4247047,48.5443873],[22.4252522,48.5443133],[22.4257792,48.5442346],[22.4269366,48.5440221],[22.4280685,48.5438055],[22.4303765,48.543361],[22.43071,48.5433207],[22.4309912,48.543312],[22.4312791,48.5433242],[22.4316997,48.5433882],[22.4321025,48.5434716],[22.4324814,48.5435577],[22.4326091,48.5434196],[22.432728,48.543075],[22.432762,48.5429764]]}},
{"type":"Feature","properties":{"full_id":"w204578510","ref":"С-070518","length_km":1.58478,"name:uk":"Іршавська міська громада","lenght_roads":1.5848,"id_roads":"92610"},"geometry":{"type":"LineString","coordinates":[[23.0845916,48.2894893],[23.0850565,48.2891193],[23.0855901,48.2887513],[23.0861941,48.288433],[23.0863081,48.2883726],[23.0856071,48.2875529],[23.0862107,48.2871483],[23.0865766,48.2867955],[23.086774,48.2865448],[23.086725,48.2863732],[23.0869894,48.2854416],[23.0861602,48.2850977],[23.0854812,48.2853016],[23.0853249,48.2852736],[23.0851146,48.2851337],[23.0847,48.2847778],[23.0845437,48.2845539],[23.0845017,48.284346],[23.0843154,48.2838301],[23.0842072,48.2835582],[23.0842132,48.2834143],[23.0845398,48.2825251],[23.0845941,48.2823804],[23.085349,48.2805],[23.085435,48.2802831],[23.0858335,48.2792775],[23.0863919,48.2778685],[23.0864457,48.2777112],[23.086477516935684,48.277630380074207]]}},
{"type":"Feature","properties":{"full_id":"w429888274","ref":"С-071320","length_km":1.82808,"name:uk":"Хустська міська громада","lenght_roads":1.8281,"id_roads":"38844"},"geometry":{"type":"LineString","coordinates":[[23.3837981,48.2620394],[23.3839542,48.2620842],[23.3843028,48.2621806],[23.3852226,48.2624074],[23.3857435,48.2625238],[23.3859291,48.2626131],[23.3864791,48.2629201],[23.386585,48.2629773],[23.3874475,48.2633392],[23.3881093,48.2636661],[23.3882679,48.2636821],[23.3885064,48.2636718],[23.3891595,48.2637848],[23.3891931,48.2637906],[23.3901175,48.2640586],[23.391938,48.2646956],[23.3920875,48.2647383],[23.392632,48.2648938],[23.3931508,48.2650784],[23.3936599,48.265313],[23.3938739,48.2654243],[23.3941794,48.2656614],[23.3943859,48.2659348],[23.3946562,48.2661698],[23.3949948,48.2664251],[23.3953865,48.2667203],[23.3959041,48.267135],[23.3964867,48.2677025],[23.3970076,48.2680518],[23.3975609,48.2683837],[23.3980974,48.2687398],[23.398585,48.2691403],[23.3988204,48.2693337],[23.399222,48.2696507],[23.3994581,48.269777],[23.3997686,48.2698743],[23.4002904,48.2699841],[23.4010248,48.2700789],[23.4014581,48.2701476],[23.4020668,48.2703009],[23.4023587,48.270392],[23.402951,48.2707494],[23.4032138,48.2709054],[23.4033795,48.2709655],[23.403454,48.2710317],[23.4034685,48.2710835]]}},
{"type":"Feature","properties":{"full_id":"w122522105","ref":"С-070510","length_km":6.64482,"name:uk":"Іршавська міська громада","lenght_roads":6.6448,"id_roads":"80195"},"geometry":{"type":"LineString","coordinates":[[22.960812,48.441857],[22.9606018,48.4418248],[22.9602749,48.4418177],[22.9596364,48.4418432],[22.9590011,48.4418923],[22.9584386,48.4419564],[22.9581884,48.4420097],[22.9579224,48.4421038],[22.9576772,48.4422222],[22.9573159,48.442408],[22.9571825,48.4424581],[22.9570738,48.4424769],[22.9569331,48.442483],[22.9568105,48.4424739],[22.956501,48.4423883],[22.9562089,48.442314],[22.9560384,48.4422916],[22.9557636,48.4422713],[22.9552272,48.4422614],[22.9546464,48.4422476],[22.9536849,48.4422143],[22.953161,48.4421821],[22.9528646,48.4421451],[22.9527247,48.4420951],[22.9525718,48.4420026],[22.9519922,48.4415682],[22.9519275,48.4415243],[22.9514111,48.4411743],[22.9510322,48.4409119],[22.9508391,48.4407512],[22.9506192,48.4405239],[22.9504341,48.440314],[22.9502187,48.4400079],[22.9499599,48.4394998],[22.9495999,48.4387748],[22.9494619,48.4384044],[22.9492681,48.4378807],[22.9490854,48.4373993],[22.9489415,48.437034],[22.948804,48.4366492],[22.9485677,48.4362985],[22.9482497,48.4357911],[22.9481676,48.4355966],[22.9481284,48.4353938],[22.9481268,48.4349939],[22.9481004,48.4347762],[22.9480469,48.4346908],[22.9479704,48.4346565],[22.9478565,48.4346392],[22.9477599,48.4346639],[22.9476687,48.4347158],[22.9475794,48.4348104],[22.9474263,48.4349277],[22.9472691,48.4349791],[22.9471282,48.4349933],[22.9469526,48.4349809],[22.9467938,48.4349172],[22.9463798,48.4346418],[22.9462257,48.4345538],[22.9460629,48.4344808],[22.9459199,48.4344328],[22.9456936,48.434364],[22.9450476,48.4341845],[22.9449124,48.4341212],[22.9448251,48.4340737],[22.944549,48.4338733],[22.9444152,48.4337744],[22.9442623,48.4336427],[22.9439654,48.4333594],[22.9438198,48.4332102],[22.9436412,48.433003],[22.9422189,48.4315553],[22.9412118,48.4306875],[22.94039,48.4302028],[22.9400033,48.4300567],[22.9396004,48.4299961],[22.9392835,48.429989],[22.9384081,48.4302064],[22.9380428,48.4302313],[22.9378092,48.4301653],[22.9368988,48.4293475],[22.936555,48.4291194],[22.9354486,48.4286525],[22.935121,48.4284921],[22.9344983,48.4278498],[22.9350915,48.4270232],[22.9352383,48.4267044],[22.9354234,48.4263025],[22.9359357,48.4254747],[22.9363365,48.4246499],[22.9368351,48.4239588],[22.9375222,48.422902],[22.9375326,48.4226653],[22.9373858,48.4224077],[22.9362738,48.4215399],[22.9361298,48.4213672],[22.9360214,48.4212439],[22.9359087,48.4210374],[22.9358014,48.4207383],[22.935721,48.4204535],[22.9356888,48.4202257],[22.9357261,48.4200849],[22.9357418,48.419838],[22.9357102,48.4195741],[22.9356566,48.4194139],[22.9355631,48.4192477],[22.9344827,48.417997],[22.9347221,48.4178601],[22.9358014,48.4174469],[22.9372124,48.4168993],[22.937829,48.4167486],[22.9381167,48.4166776],[22.9382851,48.4166137],[22.9384246,48.4165425],[22.9385522,48.4164638],[22.9387036,48.416336],[22.9390231,48.4160191],[22.9391381,48.4158411],[22.9392078,48.4157023],[22.9392623,48.4154783],[22.9393274,48.4149693],[22.9393063,48.414816],[22.9388752,48.4139149],[22.938725,48.4135766],[22.9385783,48.413211],[22.9385579,48.4131103],[22.9385802,48.413014],[22.9387,48.412923],[22.9398612,48.412289],[22.9404114,48.4121502],[22.9406636,48.4119984],[22.9410742,48.4115513],[22.9414824,48.4111067],[22.9415712,48.4109074],[22.9418235,48.4100288],[22.9418435,48.4098218],[22.9418311,48.4096491],[22.9417828,48.4094853],[22.9417399,48.4093553],[22.9415843,48.4089636],[22.9414448,48.4086645],[22.941053,48.407999],[22.9408923,48.4075232],[22.9408612,48.4073257],[22.9409042,48.4071688],[22.9410081,48.4069915],[22.94148,48.4063528],[22.9416333,48.4060419],[22.9421532,48.4053675],[22.9421464,48.4052911],[22.9421125,48.4051921],[22.9420456,48.4051212],[22.9419115,48.4050464],[22.9418114,48.4049848],[22.9417113,48.4048915],[22.9416702,48.4047401],[22.9417248,48.4042872],[22.9417649,48.4038215],[22.9417399,48.4036754],[22.9416648,48.4035792],[22.9415284,48.403496],[22.9413751,48.403451],[22.9409101,48.4033046],[22.9407131,48.4032131],[22.9407793,48.403093],[22.9408434,48.4028676],[22.9411647,48.4020113],[22.9414846,48.4013494],[22.9414448,48.4012928],[22.941364,48.4012449],[22.9412644,48.4012214],[22.9411337,48.4012465],[22.9409688,48.401323],[22.9390517,48.402239],[22.9388819,48.4022912],[22.9387188,48.402324],[22.9385443,48.4023429]]}},
{"type":"Feature","properties":{"full_id":"w184276983","ref":"С-070717","length_km":10.65266,"name:uk":"Верхньокоропецька сільська громада","lenght_roads":0.0,"id_roads":"39630"},"geometry":{"type":"LineString","coordinates":[[22.746933494963823,48.376759574918125],[22.746933494963837,48.37675957491814]]}},
{"type":"Feature","properties":{"full_id":"w814903757","ref":"С-070722","length_km":4.12802,"name:uk":"Чинадіївська селищна громада","lenght_roads":4.128,"id_roads":"28518"},"geometry":{"type":"LineString","coordinates":[[22.8845155,48.4702279],[22.8846449,48.4705615],[22.8851534,48.4713662],[22.8863351,48.4728368],[22.8877704,48.475146],[22.887942,48.4756298],[22.8881298,48.4763185],[22.8883638,48.4767569],[22.8887269,48.4769363],[22.8903097,48.4774068],[22.8937631,48.4784754],[22.8947196,48.4788446],[22.8953613,48.4789276],[22.8958819,48.4789569],[22.8960608,48.4790034],[22.8961968,48.4790997],[22.8962757,48.4792345],[22.8962527,48.4794226],[22.8960688,48.4796694],[22.8958182,48.4799141],[22.8938717,48.4832506],[22.8933567,48.484095],[22.8933014,48.4842109],[22.8932998,48.4843196],[22.8933478,48.4844134],[22.8934494,48.4844929],[22.8942521,48.4849796],[22.8948938,48.4854205],[22.8949602,48.4855407],[22.8949933,48.4857122],[22.8950452,48.4858032],[22.8957329,48.486535],[22.8958308,48.4867156],[22.8958992,48.4869666],[22.8959348,48.48723],[22.895929,48.4878361],[22.895928,48.4879398],[22.8959336,48.4880777],[22.8959671,48.4882032],[22.8960529,48.4884048],[22.8963732,48.4889266],[22.8964525,48.4890417],[22.8967029,48.4894051],[22.8967902,48.4895248],[22.8974183,48.4903868],[22.897631,48.4906324],[22.8977421,48.490715],[22.8978905,48.4907976],[22.9004112,48.4916642],[22.9005513,48.4917294],[22.9006261,48.4917868],[22.9006728,48.4918504],[22.9007133,48.4919904],[22.9006986,48.4920744],[22.9006278,48.4921892],[22.8998433,48.4929193],[22.8998073,48.4930617],[22.8998553,48.4932722],[22.9001227,48.4938833],[22.9002968,48.4944078],[22.9004763,48.4956029],[22.9005295,48.4956922],[22.9006948,48.4958124],[22.901714,48.4962181],[22.9019118,48.4963209],[22.9020068,48.4964051],[22.902047,48.4965165],[22.9020068,48.4966376],[22.9017782,48.4967547],[22.9014194,48.4968365],[22.9009197,48.4968921],[22.9005174,48.4969829],[22.9001617,48.4971233],[22.8997457,48.4973021],[22.8991917,48.4976499],[22.89897,48.4978536],[22.8988879,48.4980203],[22.8988702,48.4981469],[22.8988805,48.4982674],[22.8989185,48.4984564],[22.898994,48.4986826],[22.899046,48.4988654],[22.8990514,48.4990111]]}},
{"type":"Feature","properties":{"full_id":"w163596835","ref":"С-071001","length_km":1.89087,"name:uk":"Свалявська міська громада","lenght_roads":1.8909,"id_roads":"32934"},"geometry":{"type":"LineString","coordinates":[[22.9894992,48.545615],[22.9897111,48.5456653],[22.9898505,48.5457119],[22.9924544,48.5463047],[22.9935382,48.5465563],[22.9951937,48.5469402],[22.9963131,48.5471796],[22.9972234,48.5473986],[22.9979077,48.5475608],[22.9990627,48.5478373],[23.0047002,48.5491344],[23.0057785,48.5493817],[23.0064805,48.5495422],[23.0098919,48.5503224],[23.0109776,48.5505707],[23.0120576,48.5508208]]}},
{"type":"Feature","properties":{"full_id":"w27517039","ref":"О-070301","length_km":11.58801,"name:uk":"Королівська селищна громада","lenght_roads":11.588,"id_roads":"44414"},"geometry":{"type":"LineString","coordinates":[[23.1072711,48.1332304],[23.1071728,48.1331689],[23.1071025,48.1331309],[23.1070284,48.1330983],[23.1069352,48.1330709],[23.1068503,48.1330564],[23.1067742,48.1330488],[23.1066886,48.1330467],[23.1064635,48.1330585]]}},
{"type":"Feature","properties":{"full_id":"w279310488","ref":"С-070311","length_km":2.29448,"name:uk":"Пийтерфолвівська сільська громада","lenght_roads":2.2945,"id_roads":"60009"},"geometry":{"type":"LineString","coordinates":[[23.0174361,48.0701149],[23.0177749,48.0704003],[23.0178987,48.0705046],[23.0184503,48.0709693],[23.0185363,48.071028],[23.0185725,48.0710487],[23.0186488,48.0710923],[23.0187733,48.0711477],[23.0189904,48.0712389],[23.0191874,48.0713158],[23.0195949,48.0714669],[23.0198129,48.0715464],[23.0204188,48.0717667],[23.0204995,48.0717933],[23.020737,48.0718677],[23.0210001,48.0719501],[23.0211831,48.0720075],[23.0212582,48.072031],[23.0214263,48.0720837],[23.0216205,48.0721446],[23.0216348,48.0721499],[23.0217344,48.0721865],[23.0217893,48.0722114],[23.0218441,48.0722427],[23.0218931,48.0722773],[23.0219372,48.0723219],[23.0219817,48.0723809],[23.022048,48.0724823],[23.0220931,48.0725661],[23.0221875,48.0727898],[23.0222021,48.0728406],[23.0222094,48.0728941],[23.0222054,48.072933],[23.0221897,48.072979],[23.022157,48.0730418],[23.0221061,48.0731117],[23.0220256,48.0731834],[23.0219462,48.0732357],[23.0214813,48.0735161],[23.0213995,48.0735709],[23.0213246,48.0736257],[23.020624,48.0741989],[23.0205453,48.0742722],[23.0204717,48.0743507],[23.0204175,48.0744333],[23.0201953,48.0748759],[23.0201587,48.0749573],[23.0201393,48.0750239],[23.0201337,48.0750854],[23.0201393,48.075467],[23.0201324,48.0755606],[23.02012,48.0756377],[23.0200988,48.0757209],[23.0200738,48.0757923],[23.0200389,48.0758784],[23.0199994,48.0759547],[23.0199599,48.0760293],[23.0199122,48.0761076],[23.0198533,48.0761821],[23.0196601,48.0764076],[23.0194744,48.0766244],[23.0194469,48.0766564],[23.0193878,48.0767252],[23.0193508,48.0767739],[23.0193227,48.0768157],[23.0192967,48.0768664],[23.0192791,48.0769118],[23.0192665,48.0769584],[23.0192409,48.0771286],[23.0191573,48.077725],[23.0191058,48.0780359],[23.019023,48.0785352],[23.0188861,48.079211],[23.0187543,48.0798093],[23.0187183,48.0799725],[23.0186489,48.0802875],[23.0186114,48.0804576],[23.0184916,48.0809641],[23.0184492,48.0811435],[23.0183584,48.0815275],[23.0183294,48.0816592],[23.0181692,48.0823836],[23.0181459,48.0825093],[23.0180221,48.0834308],[23.0180049,48.0835902],[23.0179954,48.0836976],[23.017992,48.0837784],[23.0179971,48.0838791],[23.0180111,48.083972],[23.0180432,48.0840897],[23.0181103,48.0842776],[23.0181547,48.084351],[23.018202,48.0844183],[23.018259,48.0844891],[23.0183641,48.0846052],[23.0184159,48.0846777],[23.0184632,48.0847517],[23.0185024,48.084829],[23.0185426,48.0849241],[23.0185942,48.0850487],[23.0186149,48.0851199],[23.0186421,48.0852306],[23.0186558,48.0853231],[23.0186652,48.0854071],[23.0186682,48.0854883],[23.0186634,48.0855973],[23.0186382,48.0859656],[23.0186191,48.0860871],[23.0185911,48.0861885],[23.0185514,48.0862977],[23.0185023,48.08641],[23.0184393,48.0865301],[23.0182572,48.0868358],[23.0181964,48.086931],[23.0179607,48.0872814],[23.0178882,48.0873911],[23.0174442,48.0882343]]}},
{"type":"Feature","properties":{"full_id":"w148639632","ref":"О-070704","length_km":12.23795,"name:uk":"Великолучківська сільська громада","lenght_roads":12.238,"id_roads":"13784"},"geometry":{"type":"LineString","coordinates":[[22.5375006,48.4862002],[22.5373326,48.4857022],[22.5372985,48.4856011],[22.5360237,48.4818224],[22.5360009,48.4817549],[22.5359475,48.4815964],[22.5354665,48.4801708],[22.5341633,48.4762091],[22.5339836,48.4749858],[22.5338629,48.4746977],[22.5337544,48.4745016],[22.5334451,48.4738566],[22.5326881,48.4724998],[22.5326747,48.4722882],[22.5327793,48.4714026],[22.5327525,48.4711501],[22.5326613,48.4705953],[22.532672,48.4703837],[22.5328516,48.4700374],[22.5331217,48.4695813],[22.5367516,48.470606],[22.5369072,48.4706255],[22.5370896,48.4706006],[22.5374031,48.4704457],[22.5382313,48.4700365],[22.5437727,48.4672987],[22.5441164,48.4672357],[22.5433716,48.4623084],[22.5432748,48.4621654],[22.5431658,48.4620627],[22.5429881,48.4619657],[22.5426149,48.4618822],[22.5423696,48.4617981],[22.5420963,48.4616396],[22.5410297,48.460668],[22.5409605,48.4605558],[22.5409011,48.4603937],[22.5413359,48.4578849],[22.541796,48.4552301],[22.5422927,48.4524143],[22.5429546,48.4486612],[22.5437255,48.4442905],[22.5437313,48.4438451],[22.543716,48.4437056],[22.5436966,48.4435289],[22.5434358,48.4414912],[22.5433848,48.4410785],[22.5433338,48.4406658],[22.5432778,48.43975],[22.5433099,48.4389014],[22.5434978,48.4375574],[22.5441045,48.4332172],[22.5445903,48.4297854],[22.5448301,48.4280909],[22.5454579,48.4235058],[22.54716,48.4236084],[22.5642917,48.4246406],[22.5643786,48.4246458],[22.5644243,48.4244886],[22.5650988,48.4221092],[22.5651461,48.4220061],[22.565223,48.4218138],[22.5652662,48.421725],[22.5653762,48.4215505],[22.5656768,48.4211079],[22.5659473,48.4207108],[22.5666597,48.4197609],[22.5667548,48.4196672],[22.5668987,48.4195779],[22.5670177,48.4195248],[22.5672027,48.4194607],[22.5679617,48.4192582],[22.5673326,48.4172566],[22.5673335,48.4172089],[22.5673529,48.4171661],[22.5674803,48.4170877],[22.5679323,48.4171839],[22.5680627,48.4172],[22.5681858,48.4172089],[22.5682931,48.4172115],[22.5684057,48.4172106],[22.5724792,48.4170987],[22.5726344,48.4170959],[22.5725771,48.4161084],[22.5725373,48.4156732],[22.5724659,48.4148915],[22.5724515,48.4147498],[22.5724189,48.4143568],[22.5723045,48.4129765],[22.5720578,48.4103091],[22.5718513,48.40787],[22.5717297,48.4064345],[22.5714075,48.4026285],[22.571348462245819,48.401931502036462]]}},
{"type":"Feature","properties":{"full_id":"w165511048","ref":"С-070609","length_km":4.33168,"name:uk":"Пилипецька сільська громада","lenght_roads":4.3317,"id_roads":"97245"},"geometry":{"type":"LineString","coordinates":[[23.4154486,48.6103973],[23.4154771,48.6102678],[23.4154895,48.6098662],[23.4154908,48.6098244],[23.4155704,48.6094675],[23.4157379,48.6092611],[23.4159247,48.6090753],[23.4163055,48.6087413],[23.4165354,48.608588],[23.4166433,48.6085161],[23.4169951,48.6083333],[23.4173699,48.6081051],[23.4174522,48.6080038],[23.4174749,48.6078912],[23.4174238,48.6077692],[23.4172478,48.6076641],[23.4169474,48.6075578],[23.4160139,48.6073073],[23.4155258,48.6072285],[23.4150714,48.6072108],[23.4144981,48.6072352],[23.4142,48.6072239],[23.4139298,48.6071655],[23.4137776,48.6071139],[23.4136282,48.6070291],[23.4134759,48.6069258],[23.4131613,48.6066115],[23.4127391,48.6061526],[23.4124327,48.6057738],[23.412181,48.6053388],[23.4116782,48.6043002],[23.4114282,48.6037995],[23.4112535,48.6035891],[23.4110004,48.6034299],[23.4108057,48.6033055],[23.4105735,48.6031477],[23.4102054,48.6028135],[23.4088156,48.6020112],[23.408693,48.6019509],[23.4082589,48.6018151],[23.4078659,48.6017037],[23.4077749,48.6016919],[23.4064684,48.6016212],[23.4053454,48.6014933],[23.4045799,48.6013444],[23.4040829,48.6012052],[23.4035837,48.6009902],[23.4033943,48.6008916],[23.4029922,48.6006151],[23.4025058,48.600166],[23.4021332,48.5998028],[23.4016114,48.5995692],[23.401157,48.5994726],[23.4008051,48.5993412],[23.4005597,48.5991606],[23.4000423,48.5986341],[23.3998365,48.5983247],[23.3995866,48.5978722],[23.3995467,48.5974693],[23.3995711,48.5972203],[23.3996183,48.597151],[23.399693,48.5970999],[23.399502,48.5969384],[23.3992428,48.5967441],[23.3989721,48.5966107],[23.3985688,48.5965193],[23.3982779,48.5964902],[23.3979928,48.5964241],[23.3977912,48.5963212],[23.3974802,48.5961155],[23.3970539,48.5959212],[23.3965597,48.5957436],[23.3963373,48.5956159],[23.3958494,48.595152],[23.3954905,48.5949568],[23.3951219,48.5948121],[23.3947014,48.5947054],[23.3944998,48.5946178],[23.3943499,48.5945056],[23.3938489,48.5940234],[23.3936703,48.5938863],[23.3933612,48.5937629],[23.3928523,48.5936501],[23.3922936,48.5936539],[23.3920459,48.5936577],[23.391595,48.5935508],[23.3911497,48.5934981],[23.3899146,48.5933567],[23.3890218,48.5936006],[23.3887881,48.5936499],[23.3875056,48.5936865],[23.3869086,48.5937362],[23.3863766,48.593858],[23.3859964,48.5939151],[23.3855356,48.5939266],[23.3852303,48.5939647],[23.3848917,48.5939761],[23.384481,48.5939178],[23.3838798,48.5937884],[23.3836634,48.5936266],[23.3834353,48.5935296],[23.3831828,48.5934811],[23.3825986,48.593422],[23.3818468,48.5933288],[23.3815195,48.5932738],[23.3798995,48.5928044],[23.3786585,48.5924953],[23.3763618,48.5919232],[23.376106,48.5918415],[23.3758727,48.5917431],[23.3755361,48.5915475],[23.3753578,48.5913909],[23.3753065,48.5913458],[23.3752237,48.591273]]}},
{"type":"Feature","properties":{"full_id":"w205403382","ref":"О-070104","length_km":6.42181,"name:uk":"Косоньська сільська громада","lenght_roads":6.4218,"id_roads":"55619"},"geometry":{"type":"LineString","coordinates":[[22.3818976,48.2761034],[22.3822715,48.275983],[22.3829616,48.2757288],[22.3832005,48.2756602],[22.3834959,48.2756317],[22.3838661,48.2756646],[22.3843596,48.2757244],[22.3846777,48.2757615],[22.3850181,48.2757702],[22.3867994,48.2757381],[22.3881186,48.2757161],[22.3900074,48.2756839],[22.3921243,48.2756495],[22.3934399,48.275628],[22.393747,48.2756227],[22.3939294,48.2756084],[22.3940964,48.2755542],[22.3942636,48.2754846],[22.3945865,48.2753214],[22.3949584,48.2751375],[22.3951255,48.275053],[22.397054,48.2740399],[22.3989114,48.2730684],[22.4003885,48.272291],[22.4024996,48.2711705],[22.4028777,48.2709637],[22.4031291,48.2708534],[22.4039014,48.2704885],[22.4046404,48.2701787],[22.4066098,48.2693069],[22.4076125,48.2688528],[22.4081254,48.2685952],[22.4087461,48.2682807],[22.4094081,48.2679956],[22.410002,48.267731],[22.4103862,48.2675558],[22.410664,48.2674363],[22.4108738,48.2673438],[22.4112019,48.2672077],[22.4114746,48.2671109],[22.4117108,48.2670768],[22.4119646,48.2670595],[22.4123448,48.2670298],[22.4126172,48.2670152],[22.4130301,48.2669935],[22.4133914,48.2669584],[22.415134,48.2668739],[22.4158341,48.2668214],[22.4163996,48.2667876],[22.4168792,48.2667569],[22.4174455,48.2667259],[22.4178824,48.2667056],[22.418121,48.2666963],[22.418347,48.2666983],[22.4186253,48.2666333],[22.4187271,48.2666033],[22.4190526,48.2664898],[22.4193156,48.2663538],[22.419522,48.2662268],[22.4197447,48.2660708],[22.419955,48.2659592],[22.4202139,48.2658604],[22.4204161,48.2658331],[22.4206265,48.2658266],[22.4207189,48.2658473],[22.420811,48.2659171],[22.4208848,48.2659654],[22.4210195,48.2660889],[22.4213582,48.2663624],[22.4217616,48.2666967],[22.4218739,48.2667745],[22.4220048,48.2668581],[22.4221142,48.2669889],[22.4223303,48.2671959],[22.4224827,48.2673284],[22.4227377,48.2675383],[22.4231313,48.2678479],[22.4235753,48.2681719],[22.4239434,48.2684566],[22.4243253,48.2687002],[22.4244881,48.2688275],[22.4246436,48.2689586],[22.4248158,48.2690113],[22.4249795,48.2690579],[22.42509,48.2691085],[22.4253882,48.2691374],[22.4257546,48.2691699],[22.4259489,48.2692136],[22.4261486,48.2692517],[22.4263152,48.269275],[22.4265075,48.2693006],[22.4266742,48.2693091],[22.4268281,48.2693048],[22.4274614,48.2692309],[22.4284725,48.2690876],[22.4292451,48.2689746],[22.429463,48.2689149],[22.4297522,48.2688115],[22.430347,48.2685502],[22.4317301,48.2679796],[22.4328719,48.2675093],[22.4337685,48.2671425],[22.4345846,48.2668166],[22.4353677,48.2665013],[22.4364283,48.2660596],[22.437658,48.26556],[22.4385614,48.2651909],[22.4395363,48.264794],[22.4398254,48.2646674],[22.4401389,48.2644983],[22.4406642,48.2641883],[22.4414182,48.2637472],[22.4424479,48.2631251],[22.4436276,48.2624301],[22.4446259,48.261842],[22.4454577,48.2613503],[22.4483681,48.2596046],[22.449614,48.2588573],[22.4527128,48.2569984],[22.4529496,48.2568543],[22.4532901,48.2566472],[22.4535856,48.2564728],[22.454471,48.2559202]]}},
{"type":"Feature","properties":{"full_id":"w122239704","ref":"С-070705","length_km":2.19348,"name:uk":"Верхньокоропецька сільська громада","lenght_roads":2.1935,"id_roads":"74780"},"geometry":{"type":"LineString","coordinates":[[22.776468820194637,48.443441313858081],[22.7765253,48.4434507],[22.7765966,48.4434625],[22.776697,48.443823],[22.7768775,48.4443575],[22.7769833,48.4445084],[22.7771835,48.444657],[22.7778671,48.4450078],[22.7786463,48.4453749],[22.7789431,48.4454945],[22.7798951,48.4458562],[22.7802705,48.4460222],[22.7803961,48.446103],[22.7805731,48.4462394],[22.7807071,48.4463758],[22.7807879,48.446485],[22.7808621,48.4466213],[22.780921,48.446819],[22.7810452,48.4474478],[22.781077,48.4479499],[22.7811257,48.4481765],[22.781236,48.4484746],[22.7813608,48.4487383],[22.7815286,48.4489939],[22.781709,48.4492823],[22.7819565,48.4500357],[22.7820064,48.4501407],[22.7820562,48.4502129],[22.7830507,48.4508042],[22.7836684,48.4512886],[22.7839223,48.4514496],[22.7841566,48.4515676],[22.7843941,48.4516377],[22.7846642,48.4516878],[22.7850053,48.451744],[22.7854713,48.4517938],[22.7857467,48.4517882],[22.7860621,48.4517498]]}},
{"type":"Feature","properties":{"full_id":"w418201659","ref":"О-070305","length_km":5.38332,"name:uk":"Вилоцька селищна громада","lenght_roads":1.2554,"id_roads":"87785"},"geometry":{"type":"LineString","coordinates":[[22.9183464,48.2414842],[22.9204895,48.2404477]]}},
{"type":"Feature","properties":{"full_id":"w287097208","ref":"С-070626","length_km":1.25938,"name:uk":"Пилипецька сільська громада","lenght_roads":1.2594,"id_roads":"68622"},"geometry":{"type":"LineString","coordinates":[[23.3608592,48.5970671],[23.3610803,48.5970624],[23.361288,48.5970484],[23.3614799,48.5970162],[23.3616954,48.5969705],[23.3619593,48.5968903],[23.3621903,48.5968031],[23.3628157,48.5964042],[23.3633428,48.5960777],[23.3635475,48.595932],[23.3640314,48.5955129],[23.3644256,48.5952522],[23.3647335,48.5951039],[23.3650487,48.5950002],[23.3656314,48.5948226],[23.3671177,48.5942061],[23.3684108,48.5937327],[23.3697497,48.5932618],[23.3738514,48.5917297],[23.3742462,48.5914991],[23.3744313,48.5913905],[23.3745879,48.5913359],[23.3748157,48.5912967],[23.3752237,48.591273]]}},
{"type":"Feature","properties":{"full_id":"w86165669","ref":"О-070110","length_km":6.03603,"name:uk":"Берегівська міська громада","lenght_roads":6.036,"id_roads":"13902"},"geometry":{"type":"LineString","coordinates":[[22.6512978,48.2060171],[22.6516896,48.206273],[22.6518528,48.2063507],[22.6520322,48.2064362],[22.6529523,48.2067612],[22.6530999,48.2068133],[22.6536799,48.2070182],[22.6542657,48.2071812],[22.6547699,48.2071966],[22.6556799,48.2071149],[22.6566546,48.2070028],[22.6578227,48.2067766],[22.6583656,48.2066877],[22.6588949,48.2065582],[22.6596343,48.2063629],[22.6604231,48.2060355],[22.6610736,48.2057983],[22.6618105,48.2057803],[22.661947,48.2057923],[22.6623166,48.2058246],[22.6628797,48.2059594],[22.664107,48.2065057],[22.6656147,48.2072301],[22.6660892,48.2073832],[22.6665033,48.2074895],[22.6674951,48.2076615],[22.6681994,48.2077682],[22.6709757,48.2083145],[22.670992,48.2083177],[22.6737,48.2088506],[22.6774258,48.2095829],[22.6779523,48.2097102],[22.6784497,48.2098645],[22.6791146,48.2101299],[22.6796814,48.2103974],[22.6800102,48.2105525],[22.6802885,48.2106799],[22.6807611,48.2109069],[22.6813842,48.2111914],[22.6820785,48.2114512],[22.683523,48.2119044],[22.6846203,48.2122486],[22.688562,48.2134871],[22.6892406,48.2136801],[22.6895168,48.2137677],[22.6897877,48.2138428],[22.6901096,48.2139035],[22.6905307,48.2139554],[22.6920319,48.214092],[22.6928335,48.2142127],[22.6934701,48.2143503],[22.6964975,48.2152338],[22.6972354,48.215437],[22.69907,48.2159656],[22.7034616,48.2171849],[22.705189,48.2176782],[22.7068998,48.2181864],[22.7072854,48.2183068],[22.7084452,48.2186575],[22.7129116,48.2199266],[22.7141958,48.2203481],[22.7162035,48.2209697],[22.7163555,48.2210305],[22.7164941,48.2211138],[22.716582,48.2211881],[22.7166631,48.2212849],[22.7167408,48.2214402],[22.7169547,48.2219454],[22.7184194,48.225222],[22.7185142,48.2253267],[22.7186782,48.225415],[22.7189128,48.2254895],[22.7195717,48.2256263],[22.721845176672694,48.226012227620117]]}},
{"type":"Feature","properties":{"full_id":"w165664459","ref":"С-070517","length_km":2.92753,"name:uk":"Зарічанська сільська громада","lenght_roads":2.9275,"id_roads":"71126"},"geometry":{"type":"LineString","coordinates":[[23.0396048,48.2778097],[23.0399013,48.2779535],[23.040774,48.2781731],[23.0409069,48.2782077],[23.0410419,48.2782587],[23.041191,48.2783663],[23.0414696,48.2786231],[23.0418672,48.278987],[23.0421029,48.2791548],[23.0423154,48.2792364],[23.0425815,48.2792874],[23.0427736,48.2793506],[23.043092,48.2795549],[23.0432507,48.2796108],[23.0434186,48.2796421],[23.0436163,48.279653],[23.0437986,48.2796515],[23.0442353,48.2795887],[23.0444336,48.2795829],[23.0446196,48.2795984],[23.0450369,48.2796294],[23.0457479,48.2796349],[23.0460678,48.2796422],[23.0462566,48.2796752],[23.0464268,48.2797207],[23.0471542,48.2800068],[23.0474298,48.2801329],[23.0476716,48.2802488],[23.047752,48.2803253],[23.047808,48.2804095],[23.0479062,48.2806488],[23.0480219,48.2810574],[23.0480846,48.2812416],[23.0481713,48.2813944],[23.048304,48.2815387],[23.0484737,48.2816624],[23.0486379,48.2817642],[23.04876,48.2818194],[23.0489293,48.2818739],[23.0490687,48.2819043],[23.0495048,48.2819783],[23.0502929,48.2821493],[23.050582,48.2822194],[23.050815,48.2822491],[23.0510184,48.2822413],[23.051312,48.2822188],[23.0517735,48.2821829],[23.0520396,48.2821896],[23.0522248,48.2822048],[23.0525307,48.2822995],[23.0529606,48.2824513],[23.0542989,48.2827494],[23.0545527,48.2828429],[23.0548974,48.2829866],[23.0552548,48.2832215],[23.0556555,48.2834061],[23.0557608,48.2834701],[23.0558503,48.2835472],[23.0559434,48.2836722],[23.0560292,48.2837975],[23.0561499,48.2839456],[23.0563037,48.2841207],[23.0565747,48.2843579],[23.0569572,48.284643],[23.0574782,48.2849524],[23.0578761,48.2851992],[23.0582348,48.2853414],[23.0585622,48.2854491],[23.058698,48.2855179],[23.0588413,48.2856064],[23.0589933,48.2857103],[23.0590776,48.2857363],[23.0592113,48.2857468],[23.0593505,48.2857304],[23.0598958,48.2855611],[23.0599779,48.2855356],[23.0601012,48.2855237],[23.0602326,48.2855261],[23.0603049,48.2855435],[23.0603852,48.2855699],[23.0604842,48.2856171],[23.0606123,48.2856844],[23.0611308,48.2859978],[23.0615696,48.2862543],[23.0616392,48.2863067],[23.0616901,48.2863591],[23.0617617,48.2864574],[23.0618012,48.286511],[23.0618444,48.2865533],[23.0618997,48.2865885],[23.0624553,48.2868985],[23.0626362,48.2869926],[23.0627089,48.2870179],[23.0627988,48.2870404],[23.0630095,48.2870718],[23.0639587,48.2872447],[23.0642482,48.2872788],[23.0645565,48.2872842],[23.0649494,48.2872945],[23.0652056,48.2873182],[23.0654592,48.2873659],[23.065771,48.2874546],[23.0659219,48.2874975],[23.0665315,48.2877109],[23.067054,48.2878642],[23.0680382,48.2881046],[23.0685532,48.288226],[23.0689112,48.2882933],[23.069145,48.2883155],[23.0693874,48.2883331],[23.0712863,48.2883933],[23.071969,48.2884074],[23.0722396,48.2884354],[23.0724819,48.2884731],[23.072678148443995,48.288516799932324]]}},
{"type":"Feature","properties":{"full_id":"w239485156","ref":"С-070805","length_km":2.04145,"name:uk":"Дубриницько-Малоберезнянська сільська громада","lenght_roads":2.0415,"id_roads":"32770"},"geometry":{"type":"LineString","coordinates":[[22.4937461,48.8163815],[22.4934675,48.818165],[22.4934577,48.818226],[22.4933266,48.8188116],[22.4930757,48.8193597],[22.492988,48.8194873],[22.4927508,48.8198327],[22.4926132,48.8199974],[22.4925341,48.8201555],[22.4924258,48.8204521],[22.4923574,48.8207486],[22.4922806,48.8208487],[22.4921447,48.8209458],[22.4905918,48.821778],[22.490221,48.8219971],[22.4899578,48.8220707],[22.4896577,48.8221162],[22.487842,48.8221585],[22.4874772,48.8222123],[22.4873051,48.8222703],[22.4864924,48.822544],[22.4863368,48.8225935],[22.4862512,48.822639],[22.4860443,48.8227922],[22.4859354,48.8228946],[22.4858406,48.8229837],[22.4857018,48.8231678],[22.4856357,48.8232554],[22.4854722,48.8235802],[22.485449,48.8237325],[22.4854693,48.8238761],[22.4855751,48.8240009],[22.4857203,48.8241029],[22.48734,48.8245165],[22.4875948,48.8245854],[22.4878745,48.8246833],[22.4884826,48.8249668],[22.488643,48.8250159],[22.4888179,48.8250216],[22.4893285,48.824973],[22.4909908,48.8249807],[22.4922722,48.8250053],[22.4927362,48.8249954],[22.4930316,48.8250304],[22.4933217,48.8251181],[22.4936646,48.8252794],[22.4939874,48.8254326],[22.4946566,48.8258392],[22.4951372,48.8261199],[22.4952283,48.8261906],[22.4952707,48.8262593],[22.4954048,48.8268044]]}},
{"type":"Feature","properties":{"full_id":"w270364290","ref":"С-070816","length_km":1.01164,"name:uk":"Тур'є-Реметівська сільська громада","lenght_roads":1.0116,"id_roads":"63325"},"geometry":{"type":"LineString","coordinates":[[22.6761198,48.6783253],[22.6764195,48.6784846],[22.6767696,48.6786524],[22.6770741,48.678804],[22.677506,48.6790581],[22.6776575,48.6791855],[22.6777876,48.6793079],[22.6778294,48.6794206],[22.677874,48.6796433],[22.678206,48.6798111],[22.678391,48.6799134],[22.6785152,48.6799653],[22.6786298,48.6800002],[22.6787472,48.6800218],[22.6789981,48.6800745],[22.6791541,48.680118],[22.6792623,48.6801639],[22.6796992,48.6803883],[22.6797539,48.6804237],[22.6798626,48.6805609],[22.6799099,48.6807976],[22.6799172,48.6810017],[22.6799005,48.6811541],[22.6798663,48.6816976],[22.6798984,48.6819914],[22.679948,48.6821519],[22.6801483,48.6825828],[22.6801908,48.6827018],[22.6801952,48.6827848],[22.6801215,48.6829946],[22.6797801,48.6838646],[22.6796704,48.6840912],[22.6796396,48.684183],[22.6796268,48.6842579],[22.6799582,48.6844003],[22.6808846,48.6848158],[22.6810437,48.684933],[22.6812088,48.6850735],[22.6812717,48.6851915],[22.6813039,48.6852871],[22.6813576,48.6854217],[22.6814105,48.6855695]]}},
{"type":"Feature","properties":{"full_id":"w203292503","ref":"С-071317","length_km":6.0392,"name:uk":"Хустська міська громада","lenght_roads":6.0392,"id_roads":"58258"},"geometry":{"type":"LineString","coordinates":[[23.3972622,48.1190685],[23.3973944,48.1195274],[23.3979534,48.1206604],[23.3980974,48.1208825],[23.3982376,48.1210129],[23.3982768,48.1211008],[23.3982899,48.1212121],[23.3983065,48.121814],[23.3981988,48.1219468],[23.397685,48.1221846],[23.3974116,48.1223561],[23.3975993,48.1225607],[23.3978278,48.1228971],[23.3979567,48.1231943],[23.3977399,48.1234677],[23.3973415,48.1235893],[23.396908,48.123781],[23.3965389,48.1242307],[23.3964686,48.124481],[23.3964276,48.1247821],[23.3960986,48.1250856],[23.395876,48.1252146],[23.395626,48.1254085],[23.3953472,48.1256386],[23.3950364,48.1261694],[23.3947745,48.1266264],[23.3940539,48.1277253],[23.3943335,48.1278781],[23.3950307,48.1284529],[23.3953936,48.1287828],[23.3956504,48.1292584],[23.3962145,48.1297935],[23.3946236,48.1327631],[23.3942637,48.1332218],[23.3910531,48.1339999],[23.3906254,48.1341368],[23.3901157,48.1343284],[23.388454,48.1349925],[23.3882385,48.1351142],[23.3880645,48.1352579],[23.387932,48.1354459],[23.3871034,48.1368643],[23.3870003,48.1370876],[23.3869175,48.1373337],[23.3866026,48.1387851],[23.3864949,48.1391058],[23.3861552,48.1400071],[23.3861138,48.1402835],[23.3860475,48.1406263],[23.3860171,48.141245],[23.3859701,48.1422029],[23.3858763,48.1423828],[23.3857006,48.142547],[23.3853608,48.1426955],[23.3830426,48.1433745],[23.3807479,48.1440467],[23.3786179,48.1446706],[23.3784599,48.1447177],[23.3783108,48.1447771],[23.3782016,48.1445901],[23.3779907,48.1443399],[23.3719444,48.1392106],[23.3701354,48.1374868],[23.3695144,48.1369521],[23.3690037,48.1365912],[23.3683927,48.1361166],[23.367912,48.1357958],[23.3653973,48.1344009],[23.3590163,48.1308612],[23.3589251,48.1308196],[23.3588111,48.1307726],[23.358625,48.1306969],[23.3584316,48.1306741],[23.3582875,48.1306639],[23.3581366,48.1306682],[23.3580132,48.1306777],[23.3578702,48.1307008],[23.3576202,48.1307744],[23.3573855,48.1308683],[23.3572058,48.1309453]]}},
{"type":"Feature","properties":{"full_id":"w77350295","ref":"С-070109","length_km":2.2424,"name:uk":"Косоньська сільська громада","lenght_roads":2.2424,"id_roads":"61518"},"geometry":{"type":"LineString","coordinates":[[22.3866654,48.2953293],[22.3862444,48.2946056],[22.3859481,48.2940097],[22.3856182,48.2932556],[22.3854975,48.2929204],[22.3853165,48.2924593],[22.3852013,48.2921393],[22.3849351,48.2913295],[22.3846424,48.2907564],[22.3834793,48.2888923],[22.3824603,48.2873123],[22.3814232,48.2855927],[22.3811555,48.2851364],[22.3810391,48.2849284],[22.3810025,48.2846089],[22.381024,48.2842273],[22.3810935,48.2822941],[22.3811193,48.2813292],[22.3811379,48.2807802],[22.3811736,48.2796204],[22.381223,48.2787374],[22.3812635,48.2783263],[22.3814092,48.2779219],[22.3816573,48.2775092],[22.3816883,48.2773565],[22.3816867,48.2772266],[22.3816654,48.27708],[22.3816397,48.2769505],[22.3815671,48.2768149],[22.3815269,48.2767401],[22.3816189,48.2767098],[22.3819388,48.2765855],[22.3819693,48.2765739],[22.3819343,48.2764672],[22.3819116,48.2762933],[22.3818976,48.2761034]]}},
{"type":"Feature","properties":{"full_id":"w41996252","ref":"О-070401","length_km":11.58623,"name:uk":"Полянська сільська громада","lenght_roads":11.5862,"id_roads":"42453"},"geometry":{"type":"LineString","coordinates":[[22.9676396,48.6231181],[22.9677213,48.6231909],[22.9678821,48.6233411],[22.9679731,48.623425],[22.9692526,48.6246425],[22.9696088,48.6249691],[22.9698085,48.6251012],[22.9700634,48.625201],[22.9701653,48.6252382],[22.9703978,48.6253254],[22.9709432,48.6255114],[22.9713297,48.6257112],[22.971565,48.6259133],[22.9716962,48.6260789],[22.9720003,48.6265892],[22.9723128,48.6271674],[22.9726419,48.6277612],[22.9726935,48.6278533],[22.9727343,48.6279256],[22.9730141,48.6284205],[22.9732394,48.6288236],[22.9738332,48.6298165],[22.9741068,48.6303257],[22.9741957,48.6305902],[22.974228,48.6307465],[22.9743001,48.6314284],[22.974347,48.6324193],[22.9743943,48.6334173],[22.9743969,48.6336309],[22.9743939,48.6338381],[22.97437,48.6340936],[22.9743514,48.6342925],[22.9742557,48.6353156],[22.9742519,48.6353552],[22.9741909,48.6359909],[22.9742,48.6361562],[22.9742359,48.6362998],[22.9749164,48.637903],[22.9756305,48.6395041],[22.9758543,48.6397529],[22.9761401,48.639933],[22.9764113,48.6400695],[22.977132,48.6403613],[22.9774437,48.6404915],[22.9777333,48.6406421],[22.9779375,48.6407625],[22.9781306,48.6408996],[22.9783262,48.6410852],[22.9784484,48.6412736],[22.9785164,48.641443],[22.9785659,48.6416345],[22.9786687,48.6418558],[22.9788054,48.642045],[22.9795349,48.642755],[22.9802762,48.6434526],[22.9804427,48.6436501],[22.9805826,48.6438915],[22.9806494,48.6440748],[22.9806875,48.6442831],[22.9806985,48.6445573],[22.9807009,48.6450551],[22.9807386,48.6452737],[22.9808117,48.6455303],[22.9813066,48.6464231],[22.9815533,48.6468705],[22.9816637,48.6471673],[22.981688,48.6472526],[22.9817421,48.6474429],[22.981762,48.6475128],[22.9817752,48.6475593],[22.9818557,48.6498126],[22.9818605,48.6499475],[22.9818963,48.6503791],[22.9819757,48.6507542],[22.9822419,48.6520121],[22.9822536,48.6520675],[22.9822975,48.6524307],[22.9824675,48.6532508],[22.9825907,48.6535774],[22.9828798,48.653946],[22.9835004,48.654615],[22.9840863,48.6553184],[22.984655,48.6562026],[22.9849903,48.6565445],[22.9853139,48.656858],[22.985402,48.6569821],[22.9854587,48.6571275],[22.9854802,48.6573982],[22.985543,48.6584059],[22.9855068,48.6586293],[22.9853759,48.6593505],[22.9853245,48.6597514],[22.9853256,48.6599861],[22.9853638,48.6602254],[22.9854758,48.6605893],[22.9855746,48.6608812],[22.9855932,48.660936],[22.9856683,48.6612558],[22.985687,48.6613251],[22.9857038,48.6613878],[22.9858554,48.6623257],[22.9858539,48.662396],[22.985862,48.6624876],[22.9858593,48.6626967],[22.9858534,48.6627673],[22.9857895,48.6631591],[22.9856998,48.6637295],[22.98562,48.6642263],[22.9854583,48.6654369],[22.9854128,48.6662592],[22.9854007,48.6666533],[22.9853872,48.6670079],[22.98533,48.6674317],[22.9852304,48.66764],[22.985115,48.6678994],[22.9846856,48.6688547],[22.9846509,48.6689409],[22.9845545,48.6691749],[22.9845397,48.6692971],[22.9845517,48.6694003],[22.9845717,48.6695035],[22.9846599,48.669693],[22.9847621,48.6699038],[22.9848937,48.6700999],[22.9853135,48.6706132],[22.9858303,48.6712051],[22.9873198,48.6729554],[22.9874872,48.6731187],[22.9876213,48.6732214],[22.987937,48.6733922],[22.9881003,48.6734835],[22.9882363,48.6735817],[22.9884206,48.6737386],[22.9887384,48.6741028],[22.9889034,48.6743231],[22.9889788,48.6744517],[22.991419,48.6784735],[22.9916946,48.6789336],[22.9917307,48.6790372],[22.9917573,48.6791404],[22.9917589,48.6791847],[22.9917437,48.679223],[22.9916496,48.6793533],[22.9915473,48.6794794],[22.9914672,48.6796159],[22.9914101,48.6797454],[22.9914015,48.6798165],[22.9914039,48.6798825],[22.9914223,48.6799851],[22.9914469,48.6800776],[22.9915601,48.6803553],[22.9918807,48.6809752],[22.9919478,48.6811496],[22.9919883,48.6813413],[22.9920942,48.6835677],[22.9922019,48.684983],[22.9922444,48.6852251],[22.9923126,48.6854483],[22.9925405,48.6861407],[22.9927432,48.6870113],[22.9928643,48.687421],[22.992908,48.6876759],[22.9928838,48.6878388],[22.9927839,48.6880208],[22.9925942,48.6882107],[22.9923671,48.6883844],[22.9917198,48.6888233],[22.9912796,48.6892065],[22.9911109,48.6894059],[22.9909714,48.6896502],[22.99093,48.6899256],[22.9907959,48.6909533],[22.9907396,48.6918138],[22.9907584,48.6920794],[22.9907504,48.6922848],[22.9906431,48.6926336],[22.9905975,48.6929505],[22.9905672,48.6936301],[22.9902273,48.6947211],[22.9899748,48.69529],[22.9899216,48.6954309],[22.9899146,48.6956133],[22.9899629,48.695978],[22.9899736,48.6961887],[22.9899121,48.6963576],[22.9890843,48.6973656],[22.9889291,48.697536],[22.9886457,48.697767],[22.9885655,48.6978245],[22.988308,48.6980051],[22.9881752,48.6981581],[22.9880747,48.6982742],[22.988013,48.6983999],[22.9879325,48.6986672],[22.9878957,48.6990702],[22.9878697,48.699354],[22.9878065,48.6996356],[22.9877294,48.6998859],[22.9877233,48.7000551],[22.9878271,48.7004946],[22.9878788,48.7006959],[22.9878627,48.7008907],[22.9878093,48.701032],[22.9876767,48.7012109],[22.9874044,48.7014698],[22.9869861,48.7018254],[22.9867807,48.7020235],[22.9866599,48.7021779],[22.9865753,48.702367],[22.9865632,48.7025508],[22.9865806,48.7028149],[22.9866799,48.7033901],[22.9867393,48.7036153],[22.9868824,48.7039581],[22.9869401,48.7042221],[22.9869669,48.7050151],[22.986977,48.7051788],[22.9871546,48.7057054],[22.987278,48.7059568],[22.9873853,48.7061869],[22.9874765,48.706325],[22.987616,48.7064913],[22.9877716,48.7066082],[22.9879325,48.7067462],[22.988029,48.7068772],[22.988131,48.7070825],[22.9882275,48.7072312],[22.9883134,48.707341],[22.9885118,48.7075003],[22.9886728,48.70761],[22.9888294,48.7077498],[22.9889732,48.7079357],[22.9891019,48.7081481],[22.9892414,48.7083994],[22.9894074,48.7087614],[22.9897725,48.7094508],[22.9898585,48.7096004],[22.9900257,48.7098139],[22.9901171,48.7099104],[22.9902486,48.7100106],[22.9905411,48.7101852],[22.990803,48.7103162],[22.9910739,48.7104224],[22.9916435,48.7105767],[22.9928522,48.7107746],[22.9930748,48.7108525],[22.9932143,48.7109286],[22.9933346,48.7110186],[22.9934242,48.7111057],[22.9934825,48.7112154],[22.9935114,48.7113397],[22.9935277,48.7114505],[22.9934798,48.7116067],[22.993425850344714,48.711683682191904]]}},
{"type":"Feature","properties":{"full_id":"w148957375","ref":"С-070731","length_km":1.05243,"name:uk":"Великодобронська сільська громада","lenght_roads":1.0524,"id_roads":"48846"},"geometry":{"type":"LineString","coordinates":[[22.4885973,48.395589],[22.4882727,48.3935356],[22.4870654,48.3863858],[22.4870394,48.3862555],[22.487025892952197,48.386182604831745]]}},
{"type":"Feature","properties":{"full_id":"w168570135","ref":"О-070602","length_km":7.6508,"name:uk":"Вільховецька сільська громада","lenght_roads":7.6508,"id_roads":"19659"},"geometry":{"type":"LineString","coordinates":[[23.707178119153099,48.047567971725734],[23.7072262,48.0476308],[23.7074448,48.0480523],[23.707566,48.0483737],[23.7076245,48.0486578],[23.7076228,48.0490651],[23.7075618,48.0495648],[23.7074008,48.0504082],[23.7073601,48.0508296],[23.7073682,48.0510656],[23.7074172,48.0512331],[23.7075677,48.0514646],[23.7082281,48.05248],[23.7087444,48.0532738],[23.7094615,48.0545192],[23.709816,48.0551348],[23.7109384,48.0580682],[23.7109835,48.0581913],[23.7110284,48.0583135],[23.7110284,48.0586949],[23.7109885,48.0590985],[23.7111393,48.0595153],[23.7113756,48.0598641],[23.7116581,48.0601362],[23.7118311,48.0604155],[23.711902,48.0607526],[23.7119774,48.061134],[23.7121985,48.0614775],[23.7124563,48.0616971],[23.7129441,48.0621007],[23.7135668,48.0625907],[23.7138399,48.0628147],[23.7141238,48.0631561],[23.7143499,48.0638524],[23.7144209,48.0642204],[23.71431,48.0645264],[23.7142461,48.0648035],[23.714279,48.0650409],[23.7145096,48.0654533],[23.7146736,48.0657992],[23.7146895,48.0661687],[23.7145524,48.0670425],[23.7146421,48.0676032],[23.7147542,48.0681415],[23.7150269,48.0686768],[23.715832,48.0699017],[23.7158648,48.0699572],[23.7161365,48.0703857],[23.7162933,48.0706397],[23.7164225,48.0709004],[23.7164891,48.0711451],[23.7165187,48.0713864],[23.7165021,48.0720893],[23.7165486,48.0728069],[23.7167692,48.0736286],[23.7170833,48.0742798],[23.7179006,48.0753572],[23.718524,48.076204],[23.7185947,48.0763001],[23.7189618,48.0768039],[23.7196712,48.0779588],[23.7212991,48.080842],[23.7215394,48.0812676],[23.7219581,48.0816933],[23.72287,48.0825033],[23.7233287,48.0828849],[23.724128,48.0834279],[23.7249923,48.0839058],[23.7258875,48.0844008],[23.7265527,48.0847359],[23.7270436,48.0850136],[23.7271911,48.0851032],[23.7273118,48.0852206],[23.7274191,48.0854096],[23.7277155,48.086009],[23.7279086,48.0862616],[23.7280856,48.0865572],[23.7281728,48.0868323],[23.728205,48.087024],[23.7282653,48.0872345],[23.7283525,48.0873904],[23.728732,48.087643],[23.729066,48.0878096],[23.7292685,48.0878759],[23.7296493,48.0879449],[23.7300678,48.0880246],[23.7304768,48.0881241],[23.7306281,48.0881746],[23.7307455,48.0882138],[23.7308738,48.0882567],[23.7313324,48.0886043],[23.7319788,48.0891776],[23.732848,48.0899467],[23.7336391,48.0906467],[23.7348917,48.0918238],[23.7350419,48.0920047],[23.735117,48.0921176],[23.7354791,48.0928862],[23.7356615,48.0932874],[23.7357098,48.0934881],[23.7357393,48.0937156],[23.7358036,48.0938732],[23.735978,48.0940148],[23.7362945,48.0942154],[23.7373995,48.094932],[23.7375497,48.0950485],[23.7376758,48.0951399],[23.7377751,48.0953118],[23.7378529,48.0955931],[23.7379253,48.0958385],[23.7380057,48.0960212],[23.738231,48.096306],[23.7385744,48.0965568],[23.739996,48.0974633],[23.7401462,48.0975922],[23.7403061,48.0977947],[23.7403768,48.0978842],[23.7405056,48.098049],[23.7409723,48.0984897],[23.7415248,48.0990558],[23.742243,48.0996198],[23.742587,48.0999192],[23.743464,48.1005855],[23.7447152,48.1017823],[23.7454489,48.1025128],[23.7468668,48.1037129],[23.7470359,48.1039329],[23.7471572,48.1041317],[23.747231,48.1043165],[23.7478441,48.1059626],[23.7479607,48.1061388],[23.7482236,48.1063575],[23.748291,48.1064239],[23.7484341,48.1065184],[23.7486139,48.1066371],[23.7488218,48.1067652],[23.748909,48.1068346],[23.7490817,48.106993],[23.749188,48.107189],[23.749290969089671,48.107458340442882]]}},
{"type":"Feature","properties":{"full_id":"w203352223","ref":"С-070907","length_km":1.49291,"name:uk":"Великобичківська селищна громада","lenght_roads":1.4929,"id_roads":"22261"},"geometry":{"type":"LineString","coordinates":[[24.0690057,47.9872302],[24.0691327,47.986943],[24.069161,47.9865919],[24.0692264,47.9863246],[24.069466,47.985756],[24.0696838,47.9853769],[24.0697274,47.9852457],[24.0697346,47.9851048],[24.0695386,47.9847209],[24.0694198,47.9843727],[24.0694528,47.9842585],[24.0696863,47.983028],[24.069829,47.9827914],[24.0699888,47.9825435],[24.0701412,47.9823783],[24.0704172,47.9822131],[24.070635,47.9821693],[24.0707512,47.9820673],[24.0707584,47.9819506],[24.0706858,47.9817611],[24.0704752,47.981518],[24.0704172,47.981382],[24.0703954,47.9810417],[24.0703663,47.9808813],[24.0702792,47.9806675],[24.0700686,47.9804245],[24.0699307,47.9802203],[24.0698798,47.9800794],[24.0699162,47.9799239],[24.0699379,47.9797537],[24.0698246,47.9794322],[24.0697955,47.9792378],[24.0698754,47.9789461],[24.0698681,47.978708],[24.0697302,47.9785719],[24.0693889,47.9782268],[24.0692292,47.9778379],[24.0691929,47.977522],[24.0690622,47.9772206],[24.0689169,47.9767978],[24.0689024,47.9764964],[24.0690113,47.9762339],[24.0692582,47.975918],[24.0696793,47.9756846],[24.0704635,47.9751062],[24.0707421,47.9749584]]}},
{"type":"Feature","properties":{"full_id":"w93123355","ref":"О-070103","length_km":8.45348,"name:uk":"Великоберезька сільська громада","lenght_roads":8.4535,"id_roads":"49905"},"geometry":{"type":"LineString","coordinates":[[22.7901366,48.2549901],[22.7900772,48.2551598],[22.7904401,48.2608096],[22.790511,48.2610325],[22.7911965,48.262178],[22.7929283,48.2651024],[22.7934632,48.265967],[22.7936048,48.2661832],[22.7937673,48.2663844],[22.7940546,48.2666469],[22.7945148,48.2669737],[22.7948212,48.2671484],[22.795326,48.267378],[22.7968804,48.2680772],[22.798307,48.2686778],[22.799171,48.2691449],[22.7999824,48.269558],[22.8001256,48.2696595],[22.8002568,48.2697481],[22.8003926,48.2699037],[22.800822,48.2704545],[22.8023811,48.2723246],[22.8027953,48.2728405],[22.8034587,48.2736503],[22.8037958,48.2740794],[22.8042222,48.2745918],[22.8044755,48.2749251],[22.8046111,48.2752386],[22.8047694,48.2755415],[22.8049437,48.275786],[22.8052918,48.2762725],[22.8054427,48.2765046],[22.8057558,48.2769678],[22.8059274,48.2772444],[22.8061286,48.2776354],[22.8064916,48.2784624],[22.8065126,48.2786225],[22.8065255,48.2787055],[22.8065282,48.278768],[22.8065175,48.2788117],[22.8064719,48.2788609],[22.8063861,48.2789456],[22.8062842,48.2790527],[22.8058107,48.2794704],[22.8057852,48.2795453],[22.8057839,48.2795945],[22.8058295,48.2796765],[22.8059008,48.2797881],[22.806087,48.2801041],[22.8065503,48.2806126],[22.8068555,48.2809019],[22.8070205,48.2810787],[22.8071158,48.2811752],[22.8072337,48.2813143],[22.8073142,48.2813553],[22.8074133,48.2813955],[22.8075609,48.2814544],[22.8078533,48.2815392],[22.8079954,48.2815633],[22.8082207,48.2816124],[22.8088457,48.2818123],[22.8091944,48.2819551],[22.8094666,48.2820795],[22.8096852,48.2821452],[22.8099025,48.2821996],[22.8103933,48.2822906],[22.8112669,48.2824352],[22.8113776,48.2824559],[22.8118778,48.2825632],[22.8122465,48.2826376],[22.8125122,48.2826932],[22.8126864,48.2827399],[22.8141028,48.2830242],[22.8149232,48.2831843],[22.8155941,48.2832866],[22.8159106,48.2833285],[22.8162942,48.2833169],[22.8166187,48.2833],[22.8169513,48.2832224],[22.8176273,48.2830718],[22.817933,48.283018],[22.8180618,48.2830099],[22.818287,48.2830287],[22.8186545,48.2830974],[22.8196121,48.2832741],[22.8212844,48.2835811],[22.8226531,48.2838369],[22.8253332,48.2843379],[22.8294216,48.2850574],[22.8304669,48.2852405],[22.8575172,48.3002912],[22.8615496,48.3025345],[22.8624754,48.3030291],[22.864888152378839,48.303558060545413]]}},
{"type":"Feature","properties":{"full_id":"w151081523","ref":"С-070702","length_km":13.00305,"name:uk":"Великолучківська сільська громада","lenght_roads":13.003,"id_roads":"46057"},"geometry":{"type":"LineString","coordinates":[[22.4359657,48.4626416],[22.4359774,48.4624854],[22.4359785,48.4624313],[22.4359891,48.4622287],[22.4360077,48.4616568],[22.4360624,48.4612276],[22.4362174,48.4606608],[22.4362522,48.4604894],[22.4362068,48.4603317],[22.4361588,48.4602575],[22.4361161,48.4601914],[22.4359539,48.460034],[22.4357528,48.4598556],[22.4351817,48.4595579],[22.4344765,48.459203],[22.4337328,48.4588146],[22.4314186,48.4576527],[22.4295968,48.4566693],[22.4285299,48.456164],[22.4280471,48.455979],[22.4275583,48.4558476],[22.4270707,48.455762],[22.4265552,48.4556981],[22.4259978,48.4556944],[22.425507,48.4557067],[22.4250001,48.4557584],[22.424447,48.4558334],[22.4239004,48.4559648],[22.4220008,48.456552],[22.420612,48.4570036],[22.4186861,48.4577084],[22.4165457,48.4584977],[22.414378,48.459277],[22.4133372,48.4596826],[22.4122354,48.4601144],[22.4089921,48.4611446],[22.4070716,48.461913],[22.4046861,48.4629025],[22.4044216,48.4630122],[22.4030703,48.4635527],[22.4016321,48.4642251],[22.3999911,48.4649968],[22.3990121,48.4654431],[22.3985368,48.4656266],[22.3979661,48.4657882],[22.3969597,48.466057],[22.3934029,48.46696],[22.3931142,48.4670333],[22.3930657,48.4674298],[22.3936558,48.4697275],[22.3939208,48.4706075],[22.3940366,48.4709919],[22.3942236,48.47162],[22.3943156,48.471929],[22.3943424,48.4720535],[22.3943397,48.472146],[22.3942974,48.47225],[22.394219,48.47237],[22.3940822,48.4724821],[22.3938435,48.472649],[22.3936612,48.4727364],[22.393519,48.4727666],[22.3932641,48.4727646],[22.3916629,48.4726866],[22.391396,48.4726661],[22.391113,48.4726616],[22.3908528,48.4726811],[22.3903004,48.4727542],[22.3894287,48.4728983]]}},
{"type":"Feature","properties":{"full_id":"w203476463","ref":"С-070406","length_km":3.62472,"name:uk":"Нижньоворітська сільська громада","lenght_roads":3.6247,"id_roads":"73026"},"geometry":{"type":"LineString","coordinates":[[23.1410086,48.7455632],[23.1410861,48.7456264],[23.1412955,48.745757],[23.1416294,48.7458727],[23.1420142,48.7459772],[23.1424896,48.746063],[23.1428518,48.746119],[23.1431064,48.7461787],[23.1433102,48.7462795],[23.1435082,48.7464548],[23.1436217,48.7466455],[23.1436837,48.7467496],[23.1440192,48.747413],[23.1443553,48.7477877],[23.1444434,48.7479144],[23.1446274,48.7484157],[23.1448115,48.7487429],[23.1450356,48.7490226],[23.1451011,48.7490684],[23.1452997,48.7492073],[23.1463482,48.7500041],[23.1476649,48.7512388],[23.1479762,48.7514627],[23.1483667,48.7516903],[23.1489552,48.7519515],[23.1499129,48.7522792],[23.1503157,48.7524309],[23.1505635,48.7525739],[23.1513078,48.7532494],[23.151796,48.7537242],[23.1524042,48.7542625],[23.1528228,48.7544743],[23.1534367,48.7550223],[23.1536848,48.7552439],[23.1538366,48.7555007],[23.1539894,48.7556835],[23.1546384,48.7560824],[23.1547421,48.7561854],[23.1548157,48.7562916],[23.1547987,48.7564894],[23.1548779,48.7566834],[23.1550307,48.7568923],[23.1551948,48.7570266],[23.1556073,48.7571828],[23.1572632,48.7577495],[23.1575652,48.7578306],[23.1577288,48.7578681],[23.1585216,48.7579851],[23.1590226,48.7580684],[23.1595666,48.7581698],[23.1599631,48.7582142],[23.1604284,48.7583615],[23.160734,48.7585443],[23.161266,48.7589995],[23.1615489,48.7593539],[23.1621561,48.760249],[23.1622281,48.7603552],[23.1630355,48.7618599],[23.1633006,48.7623684],[23.1637855,48.7632189],[23.1641906,48.7637843],[23.1647091,48.764362],[23.16516,48.7649589],[23.1655043,48.7653581],[23.1659429,48.7658665],[23.1659836,48.7659443],[23.1660515,48.7661556],[23.1662092,48.7665241],[23.1663625,48.7667293],[23.1664807,48.7668416],[23.1665775,48.7669064],[23.1667386,48.7669886],[23.1669589,48.7670631],[23.1670694,48.7670855],[23.16717,48.7673295],[23.16728,48.7676442],[23.1673658,48.7678457],[23.1674617,48.7680597],[23.1675104,48.7681626],[23.1675935,48.7683033],[23.1676768,48.7683768],[23.1678352,48.7684999],[23.1683615,48.7687796],[23.1686785,48.7690295],[23.1695726,48.7697942],[23.1694476,48.7700855]]}},
{"type":"Feature","properties":{"full_id":"w294504934","ref":"С-071101","length_km":13.89003,"name:uk":"Тячівська міська громада","lenght_roads":13.89,"id_roads":"88250"},"geometry":{"type":"LineString","coordinates":[[23.6020354,48.0237813],[23.6034009,48.0242236],[23.6076268,48.0254206],[23.6081361,48.0255659],[23.6084277,48.0256968],[23.6087492,48.0258837],[23.6092202,48.0262127],[23.6098296,48.0266837],[23.6101884,48.0269678],[23.6103716,48.0271884],[23.6106483,48.0275061],[23.6109772,48.0278127],[23.6113137,48.0281229],[23.611695,48.0284108],[23.6118282,48.0284934],[23.6120721,48.0284843],[23.6123648,48.0284241],[23.6130342,48.0282938],[23.6133986,48.028295],[23.6137764,48.028355],[23.6142394,48.0285026],[23.6146437,48.0287099],[23.615146,48.0292122],[23.6160923,48.0302008],[23.6182227,48.0321683],[23.6213681,48.0352881],[23.6214341,48.0353586],[23.621468,48.0353975],[23.6217831,48.0357235],[23.6219394,48.0358852],[23.6222452,48.0362259],[23.6224517,48.0365201],[23.6226207,48.036807],[23.6229319,48.0372554],[23.6231706,48.0376159],[23.623194,48.0377433],[23.6232966,48.037936],[23.6233404,48.0381466],[23.6233467,48.0383271],[23.6233681,48.0384796],[23.6233535,48.0386825],[23.6232786,48.0390785],[23.6232422,48.0393199],[23.6231865,48.0396706],[23.6231916,48.0398151],[23.6232131,48.0401482],[23.6232376,48.0402747],[23.6233947,48.0405907],[23.6234415,48.0406974],[23.6235325,48.040918],[23.6235536,48.0414181],[23.6236037,48.0415387],[23.6238177,48.0417366],[23.6242381,48.0420674],[23.6247676,48.0424766],[23.6250372,48.0426961],[23.6251652,48.0428176],[23.6252321,48.0429363],[23.6253819,48.0432792],[23.6253971,48.0436557],[23.6251617,48.0441576],[23.6250181,48.04439],[23.624948,48.0445678],[23.6248487,48.0449892],[23.6247468,48.0452267],[23.6246493,48.0454013],[23.6245278,48.0458159],[23.624535,48.0461032],[23.6244777,48.0463383],[23.6242959,48.0464836],[23.6238974,48.04675],[23.6235318,48.0469893],[23.6229975,48.0473316],[23.6228298,48.0475714],[23.6227657,48.047679],[23.6226493,48.0479802],[23.6226012,48.0481674],[23.6226176,48.0483669],[23.6227141,48.0487238],[23.622747,48.0489979],[23.6228026,48.0492473],[23.6228845,48.0493648],[23.62346,48.0499279],[23.6237731,48.0502626],[23.6238992,48.0504133],[23.6239541,48.0505111],[23.6240397,48.0507915],[23.6240356,48.0510033],[23.6239985,48.0511825],[23.6239142,48.0513823],[23.6237084,48.0518886],[23.6236364,48.0522242],[23.6235851,48.0527312],[23.623609,48.0529555],[23.6236973,48.0531888],[23.623808,48.0533932],[23.6239235,48.0535648],[23.6242733,48.0539576],[23.6243981,48.0540583],[23.6244866,48.0541121],[23.6247736,48.0542529],[23.6252203,48.0544277],[23.6254039,48.0545406],[23.6257285,48.0548221],[23.6259672,48.0550444],[23.6260986,48.0551233],[23.6262247,48.0551699],[23.6264071,48.0551878],[23.6265627,48.0551869],[23.6272278,48.0551645],[23.6275443,48.0551681],[23.6278394,48.0551968],[23.6283495,48.0552798],[23.6288318,48.0553582],[23.6290705,48.0554173],[23.6293629,48.0555356],[23.6299396,48.0558601],[23.6306021,48.0563012],[23.6333111,48.0579577],[23.6334211,48.058015],[23.6341989,48.0582777],[23.6343894,48.05837],[23.6351268,48.0587568],[23.6356848,48.0590495],[23.6358485,48.0591212],[23.6360228,48.0591731],[23.6370313,48.0593811],[23.6380463,48.0595129],[23.6383027,48.0595317],[23.6385073,48.0595237],[23.6405056,48.0592207],[23.6425851,48.0586729],[23.6427818,48.0585816],[23.6435169,48.058223],[23.6444342,48.0577695],[23.6447534,48.0576475],[23.6450458,48.0575507],[23.6454374,48.0574898],[23.6459148,48.0574593],[23.6463842,48.0574575],[23.6465671,48.0574618],[23.647036,48.0575256],[23.6473364,48.0575991],[23.6481464,48.0579254],[23.648369,48.0579917],[23.648546,48.0579989],[23.6487956,48.0579756],[23.6500803,48.0575418],[23.650327,48.0574198],[23.6505577,48.0572101],[23.6510057,48.0568264],[23.6513034,48.056649],[23.651585,48.0565092],[23.6519095,48.0564069],[23.6520705,48.0563818],[23.6522394,48.0563657],[23.6523199,48.0563657],[23.6525238,48.0564087],[23.6527625,48.0565037],[23.6529824,48.0566472],[23.6533472,48.0568587],[23.6535269,48.0569071],[23.6536798,48.0569071],[23.6544818,48.0566777],[23.654647,48.0566572],[23.6548626,48.0566597],[23.6549749,48.0566778],[23.6555017,48.0567629],[23.6559918,48.0568802],[23.6565685,48.0570667],[23.6567885,48.0571671],[23.6570272,48.0573051],[23.6573464,48.0575382],[23.6574379,48.0576035],[23.6577122,48.0579092],[23.6579418,48.0581208],[23.6581258,48.0582356],[23.6588245,48.0585488],[23.6596668,48.0589022],[23.6599401,48.059019],[23.6603355,48.0591335],[23.6614954,48.0593912],[23.6628446,48.0597031],[23.6639039,48.0599443],[23.6644328,48.0600892],[23.6677326,48.0611424],[23.6680382,48.061243],[23.6686743,48.0614344],[23.6688605,48.0614932],[23.6690863,48.0615804],[23.6692113,48.0616487],[23.6695457,48.0618851],[23.6698723,48.0621456],[23.6700746,48.0623356],[23.6702136,48.0625256],[23.6703229,48.0627333],[23.670389,48.0629779],[23.670528,48.0636482],[23.6705876,48.063965],[23.670647,48.0641111],[23.6707386,48.0642534],[23.6711329,48.0646621],[23.6715835,48.065051],[23.6723291,48.0657432],[23.673749,48.0669134],[23.6749817,48.0680357],[23.6749868,48.0680407],[23.6752866,48.0683325],[23.6754389,48.0684788],[23.6755036,48.0685828],[23.6755409,48.0687524],[23.6755049,48.068876],[23.6753974,48.0690148],[23.6752769,48.0691288],[23.6750892,48.0692614],[23.6747088,48.0694799],[23.6737359,48.0700382],[23.6736193,48.070093],[23.6734694,48.0701473],[23.6732728,48.0701626],[23.67237,48.0701472],[23.6716479,48.0701217],[23.6705461,48.0700542],[23.6700568,48.0700514],[23.6697543,48.0700608],[23.6694794,48.0701096],[23.6692286,48.0702113],[23.6689371,48.0703804],[23.6678365,48.0713799],[23.666742,48.0724197],[23.6657178,48.0733793],[23.6652866,48.0737917],[23.665023,48.0740315],[23.6648359,48.0741415],[23.664427,48.0743061],[23.6642743,48.0743649],[23.6640177,48.0744964],[23.6636517,48.074672],[23.6633127,48.0748383],[23.6631291,48.0749841],[23.6629925,48.0751536],[23.6629356,48.0752658],[23.662891,48.0754416],[23.6627917,48.0771959],[23.6628208,48.0776542],[23.6628583,48.0778962],[23.6629233,48.0781397],[23.6631519,48.0792029],[23.663266,48.0794032],[23.6635342,48.0797491],[23.6641489,48.0804191],[23.6643218,48.0805751],[23.6646688,48.0808332],[23.665055,48.0810572],[23.6656377,48.0813015],[23.6661655,48.0815159],[23.6669426,48.0819533],[23.6673215,48.0821557],[23.6676192,48.0823689],[23.6677936,48.0825499],[23.6679758,48.082767],[23.6680914,48.0829577],[23.6681645,48.0832079],[23.6681526,48.0834829],[23.668069,48.0837372],[23.6679625,48.0840013],[23.6677292,48.0842987],[23.6673764,48.084607],[23.6669433,48.084976],[23.6668682,48.0850692],[23.6667931,48.0852054],[23.666607,48.085615],[23.6661655,48.0866549],[23.6658149,48.087682],[23.6658409,48.0877711],[23.6659294,48.0878482],[23.6665973,48.0881563],[23.6667958,48.0882746],[23.6667641,48.0883898],[23.6645041,48.09018],[23.6644462,48.0902687],[23.6644385,48.0903636],[23.6644853,48.0904754],[23.6645738,48.0906042],[23.6647274,48.0906945],[23.6648924,48.0906862],[23.6651344,48.0906921],[23.6653414,48.0907636],[23.6663037,48.0913994],[23.6665464,48.0916776],[23.6666097,48.0918472],[23.6666321,48.0920931],[23.6666777,48.0923307],[23.6667379,48.0924961],[23.6668412,48.0927146],[23.6666483,48.0932104],[23.6666644,48.0933645],[23.6666483,48.0936386],[23.6664793,48.0943838],[23.6666375,48.0949311],[23.6667824,48.0955841],[23.6668467,48.0967216],[23.6670023,48.0971157],[23.6669862,48.0977158],[23.6670265,48.0979845],[23.6672115,48.0981923],[23.667233,48.0985596],[23.6676246,48.0990916],[23.6676407,48.0993227],[23.6678553,48.0995842],[23.6678713,48.0996612],[23.6681868,48.0998661],[23.6685526,48.1000947],[23.6694431,48.1003634],[23.6697489,48.1006715],[23.6702961,48.1018429],[23.6706713,48.1022847],[23.670680646320186,48.102311298707939]]}},
{"type":"Feature","properties":{"full_id":"w150908325","ref":"С-070602","length_km":3.32131,"name:uk":"Міжгірська селищна громада","lenght_roads":3.3213,"id_roads":"92937"},"geometry":{"type":"LineString","coordinates":[[23.4565329,48.5489712],[23.457029,48.5490204],[23.4573474,48.5490739],[23.4578839,48.5491733],[23.4581512,48.5491885],[23.4583831,48.549159],[23.458964,48.5489595],[23.4592652,48.548827],[23.459461,48.5487471],[23.4596515,48.5486957],[23.4600538,48.548653],[23.460432,48.5486158],[23.4608918,48.5485684],[23.4610405,48.5485271],[23.4612501,48.5484684],[23.4616899,48.5483441],[23.4621996,48.5482162],[23.4625423,48.5481286],[23.4631115,48.5479499],[23.4634178,48.5478522],[23.4635937,48.5477646],[23.463688,48.5477018],[23.4637298,48.5476529],[23.4638722,48.5475357],[23.4640691,48.547451],[23.465285,48.547197],[23.4658024,48.5471059],[23.4662765,48.5470079],[23.466534,48.5469609],[23.4667708,48.5469307],[23.4671772,48.5469126],[23.467214,48.54692],[23.4672654,48.5469399],[23.4674025,48.5470298],[23.4676091,48.5471339],[23.4679864,48.5472577],[23.4681696,48.5473065],[23.4684451,48.5473636],[23.4687389,48.5473666],[23.4689356,48.5473284],[23.4691292,48.5472541],[23.4693879,48.5470585],[23.4696454,48.5468348],[23.4702493,48.5464231],[23.470695,48.5461978],[23.4712601,48.5459449],[23.4714156,48.5458689],[23.4716185,48.5457549],[23.4727449,48.5449686],[23.4732553,48.5446326],[23.473654,48.5444906],[23.4738212,48.5444044],[23.4750573,48.5435846],[23.4755617,48.5432358],[23.4757295,48.5431468],[23.4759632,48.5430669],[23.4763518,48.5429934],[23.4770453,48.5429303],[23.4775464,48.5428459],[23.4780362,48.5426901],[23.4789626,48.5422776],[23.4794901,48.5420866],[23.4799925,48.5419651],[23.4809652,48.5418844],[23.482737,48.5418122],[23.4838156,48.5417373],[23.4844788,48.5417448],[23.4849653,48.5418239],[23.4853934,48.5418936],[23.4867732,48.5421355],[23.4884571,48.542425],[23.4890631,48.5425242],[23.4897562,48.5426818],[23.4899413,48.5427923],[23.489906,48.5429027],[23.4896412,48.5436119],[23.4894488,48.5443356],[23.4895014,48.5445368],[23.4895499,48.5446112],[23.4897132,48.5447081],[23.4899489,48.544781],[23.4909508,48.5449283],[23.4910461,48.5449402],[23.4910992,48.5449503],[23.4912522,48.5449954],[23.4915701,48.5451726],[23.4916316,48.5452039],[23.4918302,48.5453049],[23.4919787,48.5453322],[23.4923419,48.5453991],[23.4937728,48.5455392]]}},
{"type":"Feature","properties":{"full_id":"w151906954","ref":"С-070111","length_km":1.67427,"name:uk":"Косоньська сільська громада","lenght_roads":1.6743,"id_roads":"72509"},"geometry":{"type":"LineString","coordinates":[[22.4622883,48.2891319],[22.4628045,48.28916],[22.4629017,48.2891653],[22.4664282,48.2893575],[22.4667043,48.2894106],[22.4664543,48.289677],[22.4570872,48.2996606]]}},
{"type":"Feature","properties":{"full_id":"w122282942","ref":"С-071104","length_km":0.56553,"name:uk":"Углянська сільська громада","lenght_roads":0.0,"id_roads":"80848"},"geometry":{"type":"LineString","coordinates":[[23.575554211707985,48.16698426622446],[23.575554211707988,48.16698426622446]]}},
{"type":"Feature","properties":{"full_id":"w203095439","ref":"О-071101","length_km":11.0743,"name:uk":"Великобичківська селищна громада","lenght_roads":11.0743,"id_roads":"22735"},"geometry":{"type":"LineString","coordinates":[[23.933010406485607,48.129862257739646],[23.933118,48.1298438],[23.9333002,48.1298607],[23.9335333,48.1299525],[23.9339897,48.1300988],[23.9341798,48.1301568],[23.9343492,48.1301654],[23.9349234,48.130184],[23.9353081,48.1302183],[23.9356989,48.130265],[23.9362368,48.1303665],[23.9367686,48.1304968],[23.9369045,48.1305226],[23.9370405,48.130532],[23.9372247,48.1305446],[23.9374169,48.1305552],[23.93759,48.1306017],[23.9379236,48.1308304],[23.9380948,48.1309003],[23.9383732,48.1309554],[23.9387688,48.1310046],[23.9394726,48.1311531],[23.9404091,48.1313548],[23.9405922,48.1313687],[23.9407015,48.1313532],[23.940805,48.1313102],[23.9408873,48.1312599],[23.9409789,48.1311563],[23.9410267,48.1310807],[23.9411114,48.1309023],[23.9411896,48.130755],[23.9412896,48.1306414],[23.9415416,48.1304029],[23.9417136,48.1302675],[23.9418584,48.1301998],[23.9419902,48.1301342],[23.9420845,48.130071],[23.9421613,48.1299998],[23.9422988,48.1298187],[23.9424444,48.1296744],[23.9425621,48.1295845],[23.9426688,48.1295149],[23.9428439,48.1293275],[23.942968,48.1291626],[23.9431056,48.1289448],[23.9435275,48.1282826],[23.9436128,48.1281593],[23.9437143,48.1280615],[23.9438865,48.1279924],[23.9440199,48.1279871],[23.9441295,48.1279852],[23.9442816,48.1279772],[23.9444597,48.1279772],[23.9445928,48.1279738],[23.9447414,48.1279409],[23.9448604,48.1279022],[23.9449303,48.127855],[23.9450094,48.1277656],[23.9450872,48.1274777],[23.9452308,48.127278],[23.9454563,48.127082],[23.9459752,48.1267033],[23.9461318,48.1265726],[23.9462485,48.1264268],[23.9463253,48.1262433],[23.9464447,48.1258688],[23.9465146,48.1257206],[23.9466157,48.1255686],[23.9467382,48.1254269],[23.9468384,48.1252847],[23.9469149,48.1250766],[23.9471856,48.1243845],[23.9472628,48.1242173],[23.9475127,48.1238635],[23.947651,48.1236882],[23.9477346,48.1234891],[23.9477892,48.1232536],[23.9477953,48.1230576],[23.9477866,48.1228467],[23.9475947,48.1222589],[23.9475067,48.121945],[23.9475167,48.121869],[23.9475452,48.1218012],[23.9476282,48.1217277],[23.9477587,48.1216658],[23.9480295,48.1215304],[23.9481724,48.1214022],[23.9482115,48.1212809],[23.9482294,48.1211879],[23.9482355,48.1208463],[23.9482366,48.120459],[23.9482327,48.1201989],[23.9482277,48.1200478],[23.9482248,48.1199169],[23.9482743,48.1197752],[23.9483586,48.1196447],[23.9484581,48.1195329],[23.9485005,48.1194046],[23.9484852,48.119315],[23.9484203,48.1192206],[23.9483471,48.1191231],[23.9481937,48.1188774],[23.9478193,48.1181805],[23.9477776,48.1180843],[23.9477494,48.1179392],[23.9477944,48.1178208],[23.947886,48.1177283],[23.9480151,48.1175943],[23.9480856,48.1174704],[23.9481524,48.117347],[23.9481718,48.1172114],[23.9481508,48.1170757],[23.9480875,48.1167416],[23.9480818,48.1166154],[23.9481115,48.1164869],[23.9481946,48.1161201],[23.9483062,48.1158577],[23.9483822,48.1156316],[23.9484279,48.1154043],[23.9484299,48.1149679],[23.9483941,48.1148416],[23.9481655,48.1142677],[23.9480757,48.1139645],[23.9479647,48.1136203],[23.9479303,48.1130925],[23.9478735,48.1125199],[23.9477831,48.112008],[23.9476601,48.1114614],[23.947565,48.111043],[23.9474241,48.1106711],[23.9473871,48.110496],[23.9473642,48.1103446],[23.9473711,48.1100599],[23.9473569,48.1098414],[23.9473289,48.1096247],[23.9472558,48.109447],[23.947159,48.1092759],[23.9470404,48.1091213],[23.9465893,48.1085907],[23.9463771,48.1083127],[23.9462371,48.1080659],[23.946124,48.1077915],[23.9459838,48.1074151],[23.9459041,48.1072054],[23.9458045,48.1069225],[23.9457481,48.1067717],[23.94559,48.1066109],[23.945437,48.106442],[23.945268,48.1062539],[23.9450989,48.1060982],[23.9444186,48.1055446],[23.9436364,48.1049436],[23.9433143,48.1046662],[23.9431652,48.104535],[23.9430139,48.1043637],[23.9428843,48.1041992],[23.9427687,48.1039477],[23.9426168,48.1035427],[23.9425296,48.1033191],[23.9424746,48.103121],[23.9424491,48.1029636],[23.9424552,48.102799],[23.942935,48.101695],[23.9434185,48.1006164],[23.9441475,48.0990647],[23.9443377,48.0987239],[23.9445041,48.0984816],[23.9446542,48.0982843],[23.9447994,48.0981374],[23.945064,48.0979168],[23.9460045,48.0972821],[23.9464517,48.0969938],[23.9468178,48.0966641],[23.9475135,48.0959637],[23.9484694,48.0949987],[23.9497307,48.0937454],[23.9502604,48.0931996],[23.9510985,48.0923559],[23.9527168,48.090536],[23.9529254,48.0902314],[23.9530878,48.089942],[23.9532042,48.0895963],[23.9533096,48.0892234],[23.9534106,48.0889007],[23.9538027,48.0878316],[23.954254,48.0868339],[23.9543649,48.0865542],[23.9548679,48.0858569],[23.9553568,48.0852276],[23.9557677,48.0846373],[23.9559311,48.0844229],[23.9562623,48.083896],[23.9564055,48.0836328],[23.9566371,48.0832064],[23.9570617,48.0824645],[23.9571693,48.0822354],[23.9572301,48.0820905],[23.9572998,48.0818833],[23.9576529,48.0806669],[23.9581187,48.0789481],[23.9581473,48.0787721],[23.9581609,48.0786177],[23.9581628,48.0784586],[23.9581432,48.0781373],[23.9579836,48.0772829],[23.9579542,48.0771241],[23.9578952,48.0767868],[23.957897,48.0766794],[23.9579323,48.0765557],[23.9581079,48.0762237],[23.9582917,48.0759529],[23.9583385,48.0758859],[23.9584568,48.0756705],[23.9585369,48.0755566],[23.9586697,48.0752999],[23.9586882,48.0751409],[23.9586837,48.0750055],[23.9586521,48.0748664],[23.9586195,48.0747889],[23.9585964,48.0747615],[23.9580461,48.0740184],[23.9572527,48.0730876],[23.9559637,48.0715113],[23.9559172,48.0713978],[23.9558758,48.0712661],[23.9558716,48.0711262],[23.9559135,48.0709909],[23.956069,48.070517],[23.9561853,48.0700391],[23.956199,48.0697047],[23.9562216,48.0693839],[23.9563321,48.0683553],[23.9563748,48.0680362],[23.9564267,48.0676446],[23.9564987,48.0672064],[23.9565801,48.0669678],[23.9567443,48.0666099],[23.956946,48.0662582],[23.9571102,48.0658877],[23.9571597,48.0656994],[23.9571671,48.0654955],[23.9570221,48.0647185],[23.9570018,48.0645501],[23.9569985,48.0644695],[23.9570059,48.0643817],[23.9570239,48.0642871],[23.9570527,48.0642104],[23.9571207,48.0640532],[23.9573784,48.0635018],[23.9575989,48.0629335],[23.9576558,48.0627075],[23.9577127,48.0624054],[23.9577517,48.0622289],[23.9578669,48.0619165],[23.9580022,48.0615265],[23.9580575,48.0613423],[23.9580803,48.0611364],[23.9580716,48.0608971],[23.9579591,48.0598628],[23.9579546,48.0598026],[23.9579172,48.0594526],[23.9578217,48.0585593],[23.957756,48.0579112],[23.9577573,48.0576351],[23.9577929,48.0572519],[23.9578406,48.0568688],[23.9578056,48.0567325],[23.9577493,48.0566168],[23.9576822,48.0565155],[23.9575902,48.0564131],[23.9570202,48.0558162],[23.9569049,48.0556962],[23.9565562,48.0553178],[23.9564704,48.0552174],[23.956398,48.0551385],[23.9563229,48.0550579],[23.9562504,48.0549826],[23.9561727,48.0548768],[23.956119,48.0548033],[23.956052,48.054685],[23.9559849,48.0545057],[23.9558669,48.0540915],[23.9558531,48.0540228],[23.9556268,48.0530084],[23.9555265,48.0525245],[23.9554431,48.0521606],[23.9553065,48.0516227],[23.9552449,48.0513662],[23.9551803,48.0511152],[23.9550998,48.0507728],[23.9549496,48.050217],[23.9549066,48.0501004],[23.9548691,48.049966],[23.9548506,48.0499061],[23.9548423,48.0497365],[23.9548611,48.0495841],[23.9548825,48.0494245],[23.9549033,48.0492098],[23.9549006,48.048853],[23.9548932,48.0479219],[23.9549281,48.0473535],[23.9548986,48.0469339],[23.9548799,48.046803],[23.9547833,48.0464211],[23.9547752,48.046317],[23.9547967,48.0462292],[23.9548826,48.0460535],[23.9550754,48.0457468],[23.9553924,48.04533],[23.955604,48.0450511],[23.9558226,48.04474],[23.9559889,48.044471],[23.9560908,48.044324]]}},
{"type":"Feature","properties":{"full_id":"w203292501","ref":"С-070315","length_km":1.84594,"name:uk":"Виноградівська міська громада","lenght_roads":1.8459,"id_roads":"82656"},"geometry":{"type":"LineString","coordinates":[[23.1277729,48.2124736],[23.1277872,48.2125676],[23.1277942,48.212634],[23.1277873,48.212791],[23.1277693,48.2129106],[23.1274937,48.2139054],[23.1274544,48.2140509],[23.1272717,48.2147733],[23.1272483,48.2148406],[23.1272187,48.2149038],[23.1271753,48.2149752],[23.1271304,48.2150314],[23.1270756,48.2150908],[23.1270065,48.2151472],[23.1269237,48.2152038],[23.1268256,48.2152671],[23.1259316,48.2158366],[23.1230429,48.2176766],[23.1225193,48.2180255],[23.1224499,48.2180747],[23.1223821,48.2181221],[23.1220847,48.218367],[23.1219781,48.2184456],[23.1219239,48.2184833],[23.1218639,48.2185243],[23.1218056,48.2185622],[23.1213885,48.218814],[23.1213532,48.2188366],[23.1213069,48.2188676],[23.1212587,48.218901],[23.1212047,48.2189428],[23.1211646,48.2189818],[23.1211297,48.2190232],[23.121103,48.2190665],[23.1210546,48.2191606],[23.1210112,48.219258],[23.1209808,48.2193411],[23.1208434,48.2198385],[23.1207956,48.2200283],[23.1207501,48.2202231],[23.1207349,48.2202864],[23.1207301,48.2203408],[23.1207334,48.2203931],[23.1207496,48.2204521],[23.1209055,48.2208508],[23.1209331,48.2209069],[23.1209625,48.2209528],[23.120992,48.220986],[23.121037,48.2210251],[23.1210911,48.2210608],[23.1211938,48.2211161],[23.1213309,48.2211898],[23.1213782,48.2212161],[23.1214251,48.2212443],[23.1216786,48.2214086],[23.1217846,48.2214847],[23.1218583,48.2215425],[23.1219255,48.221599],[23.1223762,48.2220069],[23.1224343,48.2220599],[23.1224855,48.2221128],[23.1225358,48.222171],[23.1225721,48.2222333],[23.122594,48.2222837],[23.1226193,48.2223653],[23.1226342,48.2224117],[23.122795,48.2229013],[23.1228244,48.2229843],[23.1228575,48.2230622],[23.1229632,48.223269],[23.1230212,48.2233738],[23.1230304,48.2233947],[23.1230632,48.2234685],[23.1230831,48.2235286],[23.1230915,48.2235837],[23.1230901,48.223664],[23.1230733,48.2237397],[23.1230705,48.2237519],[23.1229798,48.2239622],[23.122951,48.2240613],[23.1229099,48.2241603],[23.1228533,48.2242645],[23.1227947,48.2243487],[23.1225667,48.2246524],[23.1225297,48.2247284],[23.1225082,48.2248208],[23.1225082,48.224909],[23.1225328,48.2249891],[23.122579,48.2250835],[23.1229567,48.2256745],[23.1230112,48.2257382],[23.1230634,48.2257797],[23.1231196,48.2258098],[23.1232977,48.2258772],[23.1233331,48.2258254],[23.1233602,48.2257962],[23.123403,48.225767],[23.123776,48.2255608],[23.1238334,48.2255331],[23.1238852,48.2255118],[23.1239737,48.2254953],[23.1240905,48.2254882],[23.1241623,48.2254895]]}},
{"type":"Feature","properties":{"full_id":"w126707046","ref":"О-070703","length_km":10.32031,"name:uk":"Чинадіївська селищна громада","lenght_roads":10.3203,"id_roads":"76215"},"geometry":{"type":"LineString","coordinates":[[22.8469566,48.4982546],[22.8467761,48.4983117],[22.8466419,48.4983868],[22.8449917,48.4997046],[22.8444549,48.5001367],[22.8443387,48.5002363],[22.8436352,48.5008014],[22.842585,48.5016122],[22.8415594,48.5025129],[22.8405125,48.5035089],[22.8398227,48.5040491],[22.8395667,48.5042352],[22.8392364,48.5045061],[22.8389749,48.5047461],[22.8386745,48.5050918],[22.8381861,48.5056887],[22.8380455,48.5058222],[22.837897,48.5059429],[22.8378643,48.5059695],[22.8376745,48.5060971],[22.8375315,48.5062309],[22.8369129,48.5071576],[22.8353033,48.5095688],[22.8351903,48.509808],[22.8351284,48.5099905],[22.8348177,48.511055],[22.834278,48.5130344],[22.834177,48.513488],[22.8339944,48.5145231],[22.8339464,48.5148698],[22.833917,48.5152283],[22.8339269,48.5161266],[22.8339692,48.5163766],[22.8340383,48.5166266],[22.8341945,48.5171368],[22.8345523,48.518233],[22.8347196,48.5185534],[22.8348164,48.5186873],[22.8352903,48.5193518],[22.8354622,48.5196739],[22.8358214,48.520545],[22.8358448,48.5207137],[22.8358362,48.5209127],[22.8357801,48.5212477],[22.8357898,48.5213763],[22.8358179,48.5214625],[22.835891,48.5215886],[22.8363142,48.5220791],[22.8366734,48.5225288],[22.8368522,48.5227849],[22.8370632,48.5232228],[22.837383,48.5238865],[22.8374729,48.5240588],[22.837567,48.5241941],[22.8378211,48.5244581],[22.8384569,48.5252807],[22.8391397,48.526294],[22.8392123,48.526377],[22.8394188,48.5265636],[22.8408168,48.527525],[22.8413026,48.527823],[22.8414814,48.5279599],[22.8417382,48.5282463],[22.842331,48.5290912],[22.8426518,48.529545],[22.8429059,48.5298645],[22.8432439,48.5302714],[22.8442508,48.531475],[22.8445378,48.5318337],[22.8446692,48.5320185],[22.8448081,48.5322184],[22.8448704,48.5323524],[22.8449227,48.5325266],[22.8449745,48.5329192],[22.8451146,48.5344949],[22.8451467,48.5349508],[22.8451897,48.5353637],[22.8452859,48.5359105],[22.8453067,48.5363324],[22.8452861,48.5364942],[22.8452432,48.5366309],[22.8451671,48.5368099],[22.8447683,48.5374475],[22.8444958,48.5378832],[22.8444144,48.5380535],[22.8443737,48.5382203],[22.8443205,48.5386662],[22.8442964,48.5388811],[22.8442553,48.5390498],[22.8439943,48.5397522],[22.8439263,48.5399352],[22.8436786,48.5406017],[22.8436044,48.5408612],[22.8435673,48.5412408],[22.8435511,48.5418387],[22.8435239,48.5421185],[22.8434819,48.5423286],[22.8434488,48.5424026],[22.8433776,48.542506],[22.8431994,48.5427649],[22.8430733,48.5429818],[22.8430304,48.5431271],[22.843006,48.5433538],[22.8430089,48.5436492],[22.8430495,48.5439772],[22.8430974,48.5441446],[22.8431798,48.5443709],[22.8433167,48.5446106],[22.8433626,48.5447476],[22.843386,48.544873],[22.8433918,48.5450033],[22.8433418,48.5459469],[22.8432691,48.5469751],[22.8432503,48.5472592],[22.8432114,48.5475074],[22.8430988,48.5480639],[22.8429982,48.5485216],[22.8428176,48.5492535],[22.8426683,48.5499243],[22.8425205,48.5506314],[22.8424591,48.5511246],[22.8424296,48.5512844],[22.8423673,48.5514879],[22.8418945,48.5525554],[22.841818,48.5527562],[22.8417671,48.5529853],[22.8417496,48.5531799],[22.8416571,48.5544731],[22.8415142,48.5558835],[22.8414908,48.5560673],[22.841394,48.556272],[22.8413379,48.5563607],[22.8411233,48.5567402],[22.841058,48.5569033],[22.8410536,48.5570526],[22.8410739,48.5572292],[22.8411351,48.5574086],[22.8412521,48.5576828],[22.8420919,48.5592808],[22.8422748,48.5598804],[22.8423237,48.5600612],[22.8423465,48.5602037],[22.8423223,48.5603688],[22.8422786,48.5605596],[22.8420964,48.5609711],[22.8417537,48.5616274],[22.8415147,48.5620415],[22.8413468,48.5622524],[22.8411153,48.5625433],[22.8410509,48.5626391],[22.8410031,48.56277],[22.8409956,48.5628224],[22.8409678,48.5630154],[22.8409132,48.5632356],[22.8407773,48.5635888],[22.8405565,48.5641337],[22.8404031,48.5646951],[22.840273,48.5653924],[22.8401763,48.5660642],[22.8401185,48.5664445],[22.8400446,48.5667112],[22.8400236,48.5669098],[22.8400639,48.5672648],[22.8400088,48.5675387],[22.839919,48.567847],[22.8398998,48.5680653],[22.8399298,48.5682215],[22.8399931,48.568398],[22.8401095,48.5685942],[22.8402516,48.5687877],[22.8405064,48.5690947],[22.8406199,48.5692296],[22.8410161,48.5695775],[22.8411099,48.5697088],[22.8411766,48.5698229],[22.8412467,48.5699697],[22.8413298,48.5701516],[22.8414517,48.5706175],[22.8415069,48.5709255],[22.8415874,48.5711264],[22.8416095,48.5711739],[22.8416303,48.5712076],[22.8417926,48.5713132],[22.841979,48.5713922],[22.8422713,48.571473],[22.8424229,48.5715191],[22.8425424,48.571575],[22.8426334,48.5716353],[22.842675,48.5717011],[22.8426898,48.5718262],[22.8426831,48.5719504],[22.8426697,48.5720276],[22.8426656,48.5721102],[22.8426803,48.5721802],[22.842707,48.5722356],[22.8427794,48.5723397],[22.8428642,48.5724091],[22.84299,48.5724692],[22.8434998,48.5727206],[22.8436419,48.5728244],[22.843774,48.572961],[22.8441433,48.5733522],[22.8442765,48.5734869],[22.8450074,48.5742069],[22.8453478,48.5744989],[22.8455999,48.5746089],[22.8458322,48.5747908],[22.8461616,48.5750163],[22.8463617,48.5751661],[22.8466113,48.5753317],[22.8485235,48.5762387],[22.8488918,48.576554],[22.8491455,48.5767322],[22.8492283,48.5768016],[22.8492424,48.576939],[22.8493159,48.5771181],[22.8494811,48.577246],[22.8499237,48.5773099],[22.8505245,48.5773613],[22.8508551,48.5774711],[22.8511883,48.5775752],[22.8516859,48.5776863],[22.8518676,48.5778575],[22.8522009,48.5780215],[22.8524959,48.5781191],[22.8528178,48.5782344],[22.8529733,48.578277],[22.8531221,48.5783035],[22.8533036,48.5783034],[22.8534094,48.5782993],[22.8535226,48.5782949],[22.8537324,48.5782666],[22.8544767,48.5781133],[22.855034,48.5780206],[22.8553914,48.5779611],[22.8554276,48.5779548],[22.8563221,48.5777996],[22.857287,48.5776306],[22.8574047,48.5776108],[22.8580561,48.577501]]}},
{"type":"Feature","properties":{"full_id":"w165948056","ref":"С-071113","length_km":19.44386,"name:uk":"Нересницька сільська громада","lenght_roads":19.4439,"id_roads":"54859"},"geometry":{"type":"LineString","coordinates":[[23.7744877,48.1214593],[23.7745352,48.1216198],[23.7745619,48.122399],[23.7745619,48.1226146],[23.7748586,48.1228251],[23.7762007,48.1239102],[23.7772127,48.1246123],[23.7781871,48.1253855],[23.7784266,48.1256174],[23.7786306,48.1258665],[23.7787395,48.1260736],[23.7788034,48.1263269],[23.7787431,48.1268134],[23.7787444,48.1272322],[23.778888,48.127662],[23.7789691,48.1278912],[23.7790989,48.1281698],[23.7793252,48.1284694],[23.7795893,48.1287491],[23.7798849,48.1290983],[23.7800393,48.1293676],[23.7800816,48.1294771],[23.7800816,48.1295901],[23.7800363,48.1298349],[23.7799314,48.1301684],[23.7798848,48.130469],[23.7799845,48.1307903],[23.780286,48.1312415],[23.7808152,48.1318574],[23.7809327,48.1320404],[23.7809533,48.1321304],[23.7809624,48.1323087],[23.780584,48.1343383],[23.7802618,48.1364204],[23.7802666,48.1365519],[23.7803364,48.1367416],[23.7803891,48.1368871],[23.780318,48.137243],[23.7802184,48.1374003],[23.7800742,48.1375934],[23.7794658,48.1382138],[23.778888,48.1390686],[23.7784569,48.1396013],[23.7777065,48.1403716],[23.7770966,48.1410168],[23.7756808,48.1422812],[23.7754554,48.1424825],[23.7747303,48.1433115],[23.7744208,48.143723],[23.7731877,48.145403],[23.7727489,48.1458893],[23.7723212,48.1463714],[23.7722039,48.1465069],[23.7720215,48.1466679],[23.7718601,48.1467667],[23.7702317,48.1475769],[23.7700113,48.1476865],[23.7695226,48.1480571],[23.7693304,48.1482054],[23.7681036,48.1491519],[23.7679265,48.1493048],[23.7673169,48.1497997],[23.7667772,48.1502971],[23.7659846,48.1509954],[23.7658397,48.1511406],[23.7656057,48.1513995],[23.7654857,48.1515555],[23.7652656,48.1518453],[23.7652049,48.1519252],[23.7649554,48.1521364],[23.7643504,48.1526128],[23.7637984,48.1530976],[23.7634599,48.1533894],[23.7633445,48.1535183],[23.7633126,48.1535719],[23.7631018,48.153914],[23.7630482,48.1539978],[23.7629986,48.154055],[23.762953,48.1541015],[23.7629074,48.1541266],[23.7628403,48.1541588],[23.762784,48.1541982],[23.7626271,48.1543207],[23.7621943,48.1547653],[23.7620652,48.1548754],[23.7618774,48.155015],[23.7616855,48.1551386],[23.7612294,48.1553918],[23.7608241,48.1556199],[23.7601412,48.1560534],[23.759961,48.1561745],[23.7597853,48.1563024],[23.7596073,48.1564403],[23.7594151,48.1565892],[23.7591255,48.1568392],[23.7588769,48.1570938],[23.7587932,48.1571999],[23.7587446,48.1572615],[23.7587252,48.1573011],[23.7586458,48.1574632],[23.7584978,48.1577625],[23.7584042,48.1580433],[23.7583259,48.1583746],[23.758294,48.1586464],[23.7582842,48.1589048],[23.758292,48.1594578],[23.7582512,48.1597007],[23.7581097,48.1601625],[23.7580955,48.1602924],[23.7581119,48.1604168],[23.7582511,48.1608292],[23.7582806,48.1609419],[23.7582978,48.1610668],[23.7582993,48.161162],[23.7582845,48.1613398],[23.7582135,48.1616414],[23.7581347,48.1619697],[23.7578141,48.1629721],[23.7576449,48.1636416],[23.7575725,48.1642805],[23.7575644,48.1646149],[23.7575803,48.1647086],[23.7576001,48.1648251],[23.7576771,48.1650943],[23.757841,48.1654255],[23.7579336,48.1655747],[23.7581332,48.1658863],[23.7582403,48.1660085],[23.7585564,48.166294],[23.75864,48.1664128],[23.758706,48.1665443],[23.7587312,48.1666472],[23.7587385,48.1667934],[23.758766,48.1673233],[23.7588063,48.1676133],[23.7588974,48.1679698],[23.758986,48.1683108],[23.7590546,48.1685414],[23.7592572,48.1692009],[23.7593508,48.16947],[23.7594059,48.1696516],[23.7594312,48.1698099],[23.7594232,48.170012],[23.7593897,48.1702567],[23.7593025,48.170969],[23.7592214,48.1711617],[23.7589907,48.1715291],[23.7585168,48.1721448],[23.7569966,48.1741815],[23.7568161,48.1744822],[23.7567329,48.1746449],[23.7566235,48.1748213],[23.7565854,48.1749543],[23.7565747,48.1750456],[23.756607,48.1752943],[23.756666,48.1756291],[23.7569163,48.1767317],[23.7570749,48.1771848],[23.7570807,48.1775259],[23.7570495,48.1777687],[23.7570036,48.1779648],[23.7568766,48.1782692],[23.7567085,48.1784768],[23.7564403,48.1786978],[23.7554977,48.1794164],[23.7553972,48.1795259],[23.7553489,48.1795956],[23.755306,48.1796762],[23.7552894,48.1797893],[23.7552235,48.1804138],[23.7552041,48.1805293],[23.7551735,48.1806214],[23.7549198,48.1810533],[23.754783,48.1812911],[23.7546913,48.1815013],[23.7545613,48.1819402],[23.7545013,48.1820852],[23.754454,48.1821781],[23.7542978,48.1824421],[23.7542438,48.1825752],[23.7542117,48.1827987],[23.7542009,48.182949],[23.7542205,48.1831221],[23.7542438,48.1832673],[23.7542868,48.1834282],[23.7543377,48.1835946],[23.7543861,48.1837237],[23.7544665,48.18387],[23.754681,48.1841919],[23.7547481,48.1843153],[23.7548152,48.1844584],[23.7549251,48.1847415],[23.7551479,48.1852484],[23.7552336,48.1854813],[23.7552481,48.185742],[23.7552121,48.1858961],[23.7551486,48.1860404],[23.7550231,48.1862612],[23.7548243,48.1865272],[23.7545028,48.1867915],[23.7543189,48.186919],[23.7541653,48.1870456],[23.75404,48.1871766],[23.7540475,48.1873499],[23.7541205,48.1876343],[23.7541768,48.1877684],[23.7542051,48.187969],[23.7541719,48.1882532],[23.7541183,48.188702],[23.7540748,48.1899446],[23.754158,48.1910425],[23.7541987,48.1912693],[23.7542599,48.1915325],[23.7543726,48.1916648],[23.7545249,48.1918295],[23.7547632,48.1920439],[23.7550646,48.1922691],[23.755504,48.1924831],[23.7558372,48.1926096],[23.7564145,48.1927259],[23.7570843,48.192734],[23.7573633,48.1927895],[23.7576124,48.1928603],[23.7578541,48.1929486],[23.7581591,48.1930881],[23.758841,48.1934648],[23.7598008,48.1940097],[23.7602386,48.19432],[23.7607779,48.1947984],[23.7609923,48.1950334],[23.7611855,48.1953266],[23.7613796,48.1957614],[23.7616253,48.1962242],[23.7616962,48.1966715],[23.7617801,48.1970642],[23.7618425,48.1972629],[23.7619519,48.1974671],[23.7621108,48.1978082],[23.7622543,48.1981619],[23.7622997,48.1984444],[23.7622827,48.1987189],[23.7621711,48.1991169],[23.7615027,48.200285],[23.7613651,48.2006544],[23.7612597,48.2010243],[23.7612498,48.2013087],[23.7612946,48.2016382],[23.7614375,48.202081],[23.7614465,48.2023237],[23.7614358,48.2023938],[23.7613542,48.2026273],[23.7611496,48.2030081],[23.7609842,48.2032251],[23.7607549,48.2034607],[23.7601427,48.2039607],[23.7596271,48.2043192],[23.7587523,48.204758],[23.7585713,48.2049092],[23.7584655,48.2051618],[23.7582921,48.2056876],[23.7581428,48.2060958],[23.7578211,48.2066557],[23.7574214,48.2074453],[23.7573957,48.2075011],[23.7573284,48.2077603],[23.7573249,48.2080603],[23.7574307,48.20905],[23.7573927,48.2092492],[23.7573351,48.2093894],[23.7572641,48.2095145],[23.7569655,48.2100208],[23.7568984,48.2101405],[23.7568027,48.210311],[23.7566686,48.2107256],[23.7565913,48.2113805],[23.7565787,48.2125631],[23.7565774,48.2126095],[23.7565666,48.2134031],[23.7565425,48.2136784],[23.7564944,48.2138212],[23.7564165,48.214],[23.7563312,48.2141347],[23.755904,48.2148328],[23.7557163,48.2152432],[23.7556763,48.2153262],[23.7554401,48.2158159],[23.7551543,48.2162845],[23.7542707,48.2172314],[23.7540617,48.2174762],[23.7539639,48.2176326],[23.7532689,48.2188437],[23.7527134,48.2198576],[23.7522107,48.2212059],[23.7522019,48.2212266],[23.7519087,48.2219131],[23.7518299,48.2220976],[23.7512173,48.2235271],[23.7509612,48.2241246],[23.7506803,48.2244721],[23.7502564,48.2249966],[23.7500033,48.2253231],[23.7498965,48.2254852],[23.7498102,48.2256162],[23.7497565,48.2257609],[23.7496438,48.2262727],[23.7495693,48.2265758],[23.74933,48.2269699],[23.7491771,48.2272796],[23.7490443,48.2277268],[23.7490304,48.2279479],[23.7490315,48.2282736],[23.7490835,48.2284961],[23.7492426,48.2287775],[23.7494009,48.228981],[23.7497348,48.2292745],[23.7502607,48.2295739],[23.7508564,48.2298973],[23.7513931,48.2302313],[23.7521581,48.2308976],[23.7523749,48.2312772],[23.7523709,48.2314195],[23.752216,48.2315733],[23.7520391,48.2317367],[23.7508242,48.2327245],[23.750787,48.2328857],[23.7507608,48.2337434],[23.7507796,48.2339691],[23.7509494,48.234217],[23.7512869,48.234508],[23.7519043,48.2348081],[23.7525403,48.2352033],[23.7526828,48.235368],[23.7527813,48.2355416],[23.7529351,48.2359279],[23.7529575,48.2361477],[23.7528491,48.2368277],[23.7528893,48.2377405],[23.7530102,48.2383512],[23.7530825,48.238673],[23.7531045,48.2389666],[23.7531629,48.239234],[23.7532943,48.2395655],[23.7534231,48.2398842],[23.7534901,48.2402236],[23.7536203,48.2406416],[23.7536699,48.2407462],[23.7537364,48.2408606],[23.7539744,48.2412645],[23.7543574,48.24181],[23.7546545,48.242285],[23.7547749,48.242578],[23.7548773,48.2428593],[23.754901,48.2430121],[23.7549203,48.2431753],[23.7549082,48.2435973],[23.7549022,48.2436672],[23.7548781,48.2439475],[23.7548339,48.2441839],[23.754563,48.2448608],[23.7544701,48.2451783],[23.7544025,48.2460779],[23.7543297,48.2462809],[23.7542147,48.2465447],[23.7538799,48.2469925],[23.753753,48.24714],[23.7536699,48.2472061],[23.7535735,48.2472743],[23.753237,48.2474452],[23.7524612,48.247806],[23.7522215,48.2479598],[23.7519983,48.2481389],[23.7512976,48.2487936],[23.7511298,48.2490065],[23.7509703,48.2492693],[23.7509233,48.2496012],[23.750838,48.2498528],[23.7506121,48.2501621],[23.7504649,48.2504838],[23.7502863,48.2509719],[23.7500998,48.2511926],[23.7499289,48.2514047],[23.7497592,48.2515802],[23.7495827,48.251722],[23.7493434,48.2519123],[23.7490489,48.2521113],[23.7478731,48.2527997],[23.7455861,48.2542116],[23.7452629,48.2545058],[23.745025,48.2549124],[23.7448895,48.2551776],[23.7448333,48.2555229],[23.744722,48.2557305],[23.7444752,48.2560092],[23.7442875,48.2562831],[23.7438675,48.2570986],[23.7437002,48.2576137],[23.7434989,48.2578664],[23.7432522,48.2580628],[23.7430068,48.2583763],[23.7427372,48.2587878],[23.7424736,48.2590934],[23.7421998,48.2593592],[23.7420505,48.2595343],[23.7419717,48.2597086],[23.741852,48.26002],[23.7417632,48.2605697],[23.7416535,48.2608236],[23.7412854,48.2613931],[23.7411708,48.2615914],[23.7411075,48.2619011],[23.7409147,48.2636305],[23.7409114,48.2636552],[23.7409002,48.263737],[23.7408051,48.2644373],[23.7407577,48.2646947],[23.7406361,48.2649755],[23.7404707,48.2652161],[23.7402722,48.2654296],[23.7393656,48.2663516],[23.7388399,48.2669069],[23.7387568,48.2669765],[23.7385717,48.2670979],[23.7384188,48.2672264],[23.7382579,48.2674836],[23.738188,48.2676811],[23.7381596,48.2677615]]}},
{"type":"Feature","properties":{"full_id":"w801052960","ref":"С-070723","length_km":1.62383,"name:uk":"Кольчинська селищна громада","lenght_roads":1.6238,"id_roads":"95407"},"geometry":{"type":"LineString","coordinates":[[22.7169128,48.6313226],[22.7164328,48.6314621],[22.7161217,48.6315525],[22.7160561,48.6315671],[22.7159375,48.6315935],[22.7157874,48.6316269],[22.7153251,48.6316713],[22.7147779,48.6316748],[22.7136517,48.6316662],[22.7131686,48.6317032],[22.7127171,48.6317833],[22.712321,48.6318787],[22.7119063,48.6320021],[22.7112068,48.6322669],[22.7108565,48.6323413],[22.7105024,48.6323786],[22.7097593,48.6324452],[22.7094886,48.6324743],[22.7092203,48.6325221],[22.7087411,48.6326419],[22.7085042,48.6327189],[22.7083138,48.6327951],[22.7082298,48.6328314],[22.7079298,48.6329609],[22.7074072,48.6332649],[22.7069466,48.6335796],[22.70686,48.6336549],[22.7067339,48.6337116],[22.7066508,48.6337275],[22.7065357,48.6337208],[22.7063477,48.6337045],[22.7061359,48.6336471],[22.7057454,48.6335672],[22.7049993,48.6334565],[22.7045694,48.6334262],[22.7042663,48.6334014],[22.7039566,48.6333411],[22.7037352,48.6332755],[22.7035153,48.6331709],[22.7031154,48.6329854],[22.7025779,48.6328049],[22.702315,48.6327278],[22.7020077,48.6326578],[22.7015962,48.6325771],[22.7012629,48.6325026],[22.7010832,48.632461],[22.7009739,48.6324442],[22.7008654,48.6324399],[22.7007271,48.6324548],[22.7006172,48.6324796],[22.7004978,48.6325106],[22.7004045,48.6325484],[22.7002564,48.63264],[22.700136,48.6327334],[22.6998138,48.6330096],[22.6995864,48.6331886],[22.6994906,48.6332454],[22.699374,48.6332746],[22.699144,48.6333153],[22.6989153,48.6333402],[22.6986326,48.6333398],[22.6980972,48.6333136],[22.6976263,48.6332754],[22.6967714,48.6332127]]}},
{"type":"Feature","properties":{"full_id":"w165511054","ref":"С-070611","length_km":2.47961,"name:uk":"Міжгірська селищна громада","lenght_roads":2.4796,"id_roads":"31705"},"geometry":{"type":"LineString","coordinates":[[23.4434618,48.5855456],[23.4430218,48.5854226],[23.4429006,48.5854147],[23.4427428,48.5854208],[23.4425452,48.5854667],[23.4419408,48.5856923],[23.441527,48.5858189],[23.4413749,48.5858466],[23.4411977,48.5858588],[23.4410745,48.5858537],[23.4409136,48.5858165],[23.440699,48.5857455],[23.4405729,48.5857118],[23.4403634,48.5857224],[23.4397951,48.5858448],[23.4393446,48.5859265],[23.4391218,48.5859495],[23.438926,48.5859442],[23.4385804,48.5859205],[23.4383172,48.5858892],[23.4381009,48.5858404],[23.4377337,48.5857134],[23.437431,48.5855963],[23.436563,48.5853569],[23.435775,48.5851813],[23.4354982,48.585128],[23.4351648,48.5850853],[23.4342318,48.5849969],[23.4333504,48.5848873],[23.4333632,48.5847922],[23.4333419,48.5846495],[23.4331865,48.5840551],[23.4331039,48.5837514],[23.4330332,48.5836181],[23.43297,48.5835272],[23.4328857,48.5834495],[23.4327715,48.5833784],[23.4323063,48.5831621],[23.4317959,48.5829409],[23.4315473,48.5828196],[23.431153,48.5825943],[23.430559,48.5822267],[23.4304288,48.5821489],[23.4303025,48.5820374],[23.4302357,48.5819289],[23.4302016,48.5818093],[23.4300903,48.5807979],[23.4300211,48.5803763],[23.4299636,48.5799952],[23.4299391,48.5798682],[23.4298522,48.5796469],[23.4297931,48.5793595],[23.4296429,48.5789247],[23.4296011,48.578757],[23.4294041,48.577813],[23.4292355,48.5772064],[23.429203,48.5769532],[23.4291736,48.5765876],[23.4291547,48.5763409],[23.429152,48.5760467],[23.4290728,48.5755385],[23.4290689,48.5753969],[23.4290663,48.5751236],[23.4290723,48.5747012],[23.4291097,48.5744529],[23.4291989,48.5741839],[23.4293873,48.5738362],[23.4294368,48.5736197],[23.4295959,48.5727936],[23.4296359,48.5725958],[23.4296304,48.5723757],[23.4295813,48.5720641],[23.4295686,48.5720178],[23.4294527,48.5718514],[23.4292547,48.5715303],[23.4291977,48.5713949],[23.4291481,48.5712709],[23.4291521,48.5711961],[23.4291816,48.5711322],[23.4292138,48.571063],[23.4292735,48.5710114],[23.4295507,48.5707762]]}},
{"type":"Feature","properties":{"full_id":"w98185959","ref":"О-071002","length_km":16.59575,"name:uk":"Свалявська міська громада","lenght_roads":16.5958,"id_roads":"36961"},"geometry":{"type":"LineString","coordinates":[[22.9815076,48.551149],[22.9815314,48.5510972],[22.981697,48.550731],[22.9818679,48.5503444],[22.9822443,48.5495949],[22.9824087,48.5492055],[22.9826389,48.5485989],[22.9826602,48.5485378],[22.9826827,48.5484989],[22.9827453,48.5484462],[22.9834626,48.548197],[22.9838442,48.5480792],[22.9848633,48.5477268],[22.9861852,48.5472539],[22.9862899,48.5472165],[22.9864287,48.5471668],[22.9865379,48.5471098],[22.9866894,48.5470308],[22.9876168,48.5465136],[22.9876766,48.5464761],[22.9877369,48.5464217],[22.9877394,48.5463563],[22.9877648,48.5463159],[22.98829,48.5457849]]}},
{"type":"Feature","properties":{"full_id":"w203476487","ref":"С-070621","length_km":1.26909,"name:uk":"Міжгірська селищна громада","lenght_roads":1.2691,"id_roads":"12367"},"geometry":{"type":"LineString","coordinates":[[23.4209605,48.6863228],[23.4215466,48.6869173],[23.4216996,48.6870322],[23.4218667,48.6871392],[23.422181,48.6873279],[23.4224508,48.6875375],[23.4227587,48.6877964],[23.4228576,48.6878845],[23.4232724,48.6881601],[23.423727,48.6885799],[23.4239137,48.6887011],[23.42408,48.6887834],[23.4243556,48.6889375],[23.4247461,48.6892069],[23.4249061,48.6892978],[23.4251109,48.6894],[23.4256336,48.6896527],[23.4262201,48.6899465],[23.4268431,48.6902126],[23.4272276,48.6904018],[23.4273952,48.6904965],[23.4275528,48.6905837],[23.4277641,48.6906672],[23.4279051,48.6906912],[23.4281078,48.6907241],[23.4282428,48.6907736],[23.428349,48.6908333],[23.428465,48.6909316],[23.428515,48.6909896],[23.4285489,48.6910311],[23.4291977,48.6914331],[23.4298655,48.6918251],[23.4304389,48.69216],[23.4307319,48.6922493],[23.4314972,48.6924327],[23.4318316,48.6924866],[23.4320301,48.6924929],[23.4322761,48.6924697],[23.432513,48.6924393],[23.4325629,48.6924329],[23.4326926,48.6924176],[23.4328002,48.6924153],[23.4329098,48.6924353],[23.4330177,48.6924823],[23.4331201,48.6925579],[23.4332069,48.6926768],[23.433307,48.6928608],[23.4334268,48.6929893],[23.4336112,48.6930983],[23.4336809,48.6931407],[23.4337306,48.6931709],[23.4338417,48.6932391]]}},
{"type":"Feature","properties":{"full_id":"w203891779","ref":"С-070414","length_km":13.15599,"name:uk":"Нижньоворітська сільська громада","lenght_roads":13.156,"id_roads":"69077"},"geometry":{"type":"LineString","coordinates":[[23.0986131,48.7705191],[23.0984712,48.7704352],[23.0982843,48.7702737],[23.0982522,48.7702044],[23.0978139,48.7692587],[23.0976389,48.7689094],[23.0974634,48.768559],[23.097383,48.7683911],[23.09734,48.7682824],[23.097324,48.7681666],[23.097336,48.7680764],[23.0973923,48.7678696],[23.0976954,48.7669038],[23.0977155,48.7668398],[23.0978014,48.7665923],[23.0981836,48.7654326],[23.0982801,48.7651797],[23.0983311,48.7649396],[23.0983271,48.7648031],[23.0983114,48.7647197],[23.098215,48.7645672],[23.0980296,48.7643007],[23.0978509,48.7640358],[23.0976149,48.7636928],[23.097513,48.7635169],[23.0974191,48.7632985],[23.0970838,48.7623296],[23.0969045,48.7618288],[23.096298,48.7601349],[23.0953574,48.7575244],[23.095061,48.7566825],[23.0949196,48.756313],[23.0949006,48.7562634]]}},
{"type":"Feature","properties":{"full_id":"w420918957","ref":"О-070108","length_km":7.44434,"name:uk":"Виноградівська міська громада","lenght_roads":7.4443,"id_roads":"22543"},"geometry":{"type":"LineString","coordinates":[[22.920995317107156,48.170636880403272],[22.9210452,48.170645],[22.9240389,48.1711337],[22.9266671,48.171563],[22.9284621,48.1718562],[22.9287593,48.1719038],[22.9288826,48.1719206],[22.9290076,48.1719316],[22.9291428,48.1719344],[22.9292883,48.1719312],[22.9294788,48.1719196],[22.9296694,48.1719027],[22.9298709,48.1718797],[22.9304062,48.1718144],[22.9305289,48.1718039],[22.930641,48.1717977],[22.9308362,48.1717901],[22.9308954,48.1717878],[22.9313398,48.1717765],[22.9314587,48.1717783],[22.9315729,48.1717868],[22.9316647,48.1717947],[22.9317379,48.1717982],[22.9318132,48.1717986],[22.931874,48.1717979],[22.9319857,48.1717954],[22.9320692,48.1717955],[22.9321887,48.1717979],[22.9335297,48.1718416],[22.9348953,48.1718756],[22.9372222,48.1719374],[22.9410592,48.1720467],[22.9415025,48.1720578],[22.9441452,48.1721239],[22.946594,48.1721831],[22.9487657,48.1722606],[22.9488788,48.1722627],[22.9492898,48.1722716],[22.9493962,48.1722721],[22.9494896,48.1722695],[22.9495609,48.1722664],[22.949693,48.1722529],[22.9498294,48.1722324],[22.9499841,48.1722024],[22.9501458,48.172167],[22.9503829,48.1721073],[22.9505415,48.1720651],[22.9506774,48.1720229],[22.9508203,48.1719741],[22.9509659,48.1719105],[22.9511094,48.1718435],[22.9531225,48.1708341],[22.9533789,48.1707094],[22.9534886,48.1706514],[22.953596,48.1705862],[22.9536605,48.1705317],[22.9537148,48.1704719],[22.9537416,48.1704206],[22.9537748,48.1703129],[22.9538695,48.1700055],[22.9539679,48.1697143],[22.9540512,48.1695041],[22.9540998,48.1693796],[22.9541496,48.1692127],[22.9541787,48.1690923],[22.9542021,48.1689974],[22.9542427,48.1688094],[22.9542637,48.1686431],[22.9542967,48.1683986],[22.9543105,48.1682667],[22.9543554,48.1677428],[22.9543608,48.16764],[22.9543615,48.1675208],[22.9543611,48.1672931],[22.9543647,48.1671965],[22.9543738,48.1671018],[22.9543955,48.1669821],[22.9544097,48.1668748],[22.9544216,48.1666843],[22.9544288,48.1664121],[22.9544334,48.1663018],[22.9544468,48.166199],[22.9544675,48.1661041],[22.9545005,48.1660131],[22.9545957,48.16579],[22.9546432,48.1656791],[22.9547217,48.1655213],[22.9548089,48.1653753],[22.9548866,48.1652551],[22.9549414,48.1651703],[22.9550318,48.1650482],[22.9551116,48.1649514],[22.9551844,48.1648826],[22.9552607,48.164824],[22.9553345,48.1647778],[22.9554211,48.1647281],[22.9555335,48.1646705],[22.9556582,48.1646108],[22.9557981,48.164548],[22.9559493,48.1644826],[22.9560954,48.1644255],[22.9561748,48.1643985],[22.956228,48.1643805],[22.9563842,48.1643359],[22.9565576,48.164295],[22.9566917,48.1642654],[22.9569855,48.1642059],[22.9571785,48.1641716],[22.9580116,48.1640493],[22.957665,48.1633135],[22.9574759,48.162826],[22.9574151,48.1626572],[22.9573781,48.1625229],[22.9573655,48.1624032],[22.9574049,48.1617927],[22.9573971,48.1616764],[22.9573391,48.1611689],[22.9573224,48.1610355],[22.9573256,48.1609772],[22.9573402,48.160927],[22.9573665,48.1608727],[22.9574237,48.1607845],[22.9574969,48.1606973],[22.957611,48.1606135],[22.9577015,48.1605558],[22.958048,48.1603962],[22.9582246,48.1603173],[22.9588021,48.1600698],[22.9590041,48.1599754],[22.9591447,48.1599002],[22.9592141,48.1598475],[22.9592593,48.1597927],[22.9592801,48.1597286],[22.959277,48.1596594],[22.9591243,48.1592114],[22.9591,48.1591401],[22.9590782,48.1590763],[22.9590636,48.1590334],[22.9590496,48.1589842],[22.958898,48.1584498],[22.9588447,48.1583013],[22.9586712,48.1579144],[22.9586404,48.1578467],[22.9585527,48.1576335],[22.9585235,48.1575632],[22.9584909,48.1574947],[22.9583354,48.1571682],[22.9582854,48.1570731],[22.957998,48.1564955],[22.9579844,48.156453],[22.9579748,48.1564232],[22.9579476,48.1563161],[22.9579298,48.1562196],[22.957928,48.1561048],[22.9579392,48.155981],[22.9579647,48.1558828],[22.9580069,48.1557843],[22.9580597,48.1556791],[22.9584141,48.1551047],[22.9585149,48.1549316],[22.9585883,48.1548245],[22.9586797,48.1547252],[22.9587622,48.1546664],[22.958885,48.1546008],[22.9595332,48.154367],[22.9596606,48.1543038],[22.9597458,48.1542526],[22.9598276,48.1541939],[22.9599067,48.154119],[22.9600532,48.1539523],[22.9615203,48.1522819],[22.9615541,48.1522391],[22.9615859,48.1521915],[22.9616124,48.1521442],[22.9616324,48.1520882],[22.9616395,48.1520393],[22.9616395,48.1519795],[22.9616368,48.1519416],[22.9616242,48.1517642],[22.9616225,48.1517402],[22.9615449,48.1507476],[22.9613827,48.1490147],[22.9613537,48.1479444],[22.9612819,48.1458254],[22.9612811,48.1457901],[22.9612585,48.1447621],[22.9612545,48.1447054],[22.9612453,48.1446589],[22.9612279,48.1446103],[22.9611934,48.1445344],[22.9609388,48.144062],[22.9608755,48.1439597],[22.9608153,48.1438761],[22.9607487,48.1438021],[22.9605508,48.1435925],[22.9605029,48.1435391],[22.9604498,48.1434754],[22.9604181,48.1434358],[22.9603838,48.1433914],[22.9603529,48.1433428],[22.9603196,48.1432734],[22.959779,48.1420752],[22.9594731,48.1414141],[22.9594568,48.1413476],[22.9594652,48.1412943],[22.9595085,48.1412289],[22.9595717,48.1411784],[22.9596462,48.1411457],[22.9597455,48.1411151],[22.960374,48.1409824],[22.9609845,48.1408579],[22.9611789,48.1408314],[22.9613689,48.1408078],[22.9615809,48.1407887],[22.9626612,48.1407194],[22.9650323,48.140636],[22.9654005,48.1406183],[22.965748,48.1406006],[22.9663488,48.1405667],[22.9669696,48.140524],[22.9675749,48.1404798],[22.968107,48.1404408],[22.9687344,48.1403948],[22.9690007,48.1403744],[22.9691955,48.1403565],[22.9693292,48.1403423],[22.9694645,48.1403262],[22.9696518,48.1402984],[22.9698008,48.1402709],[22.9699657,48.140233],[22.9701402,48.1401898],[22.9707351,48.1400428],[22.9712739,48.1399094],[22.9715017,48.1398648],[22.9716498,48.1398425],[22.9718295,48.1398237],[22.9719839,48.1398128],[22.9721317,48.1398105],[22.9722862,48.1398133],[22.9724028,48.1398199],[22.9727642,48.1398418],[22.9732438,48.1398812],[22.9737389,48.1399196],[22.9738638,48.1399283],[22.9739859,48.1399335],[22.974209,48.1399379],[22.9743812,48.1399332],[22.9744825,48.1399279],[22.9745549,48.1399241],[22.9746984,48.1399114],[22.9748389,48.1398922],[22.9749789,48.1398598],[22.9751389,48.1398126],[22.975692,48.1396264],[22.9759468,48.1395406],[22.9763113,48.1394335],[22.97639,48.1394075],[22.9764626,48.1393794],[22.9765229,48.1393502],[22.9766005,48.1393104]]}},
{"type":"Feature","properties":{"full_id":"w151906908","ref":"О-070109","length_km":11.52822,"name:uk":"Батівська селищна громада","lenght_roads":11.5282,"id_roads":"90128"},"geometry":{"type":"LineString","coordinates":[[22.4051047,48.3674326],[22.4040623,48.3674567]]}},
{"type":"Feature","properties":{"full_id":"w93117158","ref":"С-070717","length_km":0.59971,"name:uk":"Горондівська сільська громада","lenght_roads":0.5997,"id_roads":"56045"},"geometry":{"type":"LineString","coordinates":[[22.645599,48.3484696],[22.645821,48.3484294],[22.6490256,48.348055],[22.6522691,48.3470639],[22.6531362,48.3468812],[22.653261118383643,48.346857540062537]]}},
{"type":"Feature","properties":{"full_id":"w152195038","ref":"С-070103","length_km":8.39863,"name:uk":"Берегівська міська громада","lenght_roads":8.3986,"id_roads":"25083"},"geometry":{"type":"LineString","coordinates":[[22.7176042,48.2769146],[22.7188351,48.2839158],[22.7059086,48.2847906],[22.6989122,48.2852608],[22.6892473,48.2859346],[22.6778579,48.286733],[22.6776311,48.286733],[22.6774621,48.286655],[22.6775554,48.2837057],[22.6776279,48.2823112],[22.6777247,48.2804502],[22.6734113,48.2803059],[22.6720398,48.2802854],[22.6715015,48.2802729],[22.6487978,48.2818359],[22.6487245,48.2818409],[22.6484771,48.2818974],[22.6423019,48.2834053],[22.6377194,48.2845083],[22.6275142,48.286951]]}},
{"type":"Feature","properties":{"full_id":"w187205227","ref":"С-070113","length_km":4.60194,"name:uk":"Берегівська міська громада","lenght_roads":4.6019,"id_roads":"50419"},"geometry":{"type":"LineString","coordinates":[[22.7176042,48.2769146],[22.7169758,48.2732722],[22.7163985,48.2699955],[22.7163898,48.2699463],[22.7162973,48.2694213],[22.7154338,48.2644862],[22.7149377,48.2621289],[22.7149284,48.2620849],[22.7149722,48.2620287],[22.7152028,48.2620098],[22.715591,48.2621079],[22.7193272,48.2618278],[22.7244126,48.2615278],[22.7457765,48.2599736],[22.7458852,48.2599444],[22.7459555,48.2599032],[22.745968091158385,48.259856534830526]]}},
{"type":"Feature","properties":{"full_id":"w151111846","ref":"О-071203","length_km":7.4988,"name:uk":"Сюртівська сільська громада","lenght_roads":7.4988,"id_roads":"63332"},"geometry":{"type":"LineString","coordinates":[[22.1542355,48.5111495],[22.1545624,48.511203],[22.155061,48.5113116],[22.1555222,48.5114041],[22.1560791,48.5115421],[22.1566493,48.5118012],[22.1569107,48.5118962],[22.1573773,48.5120016],[22.1578896,48.5121144],[22.1585065,48.5122299],[22.1592884,48.5123854],[22.1598959,48.5124938],[22.1600233,48.5125169],[22.160132,48.5125375],[22.160431,48.5125942],[22.1606469,48.512675],[22.1608052,48.5127719],[22.1609111,48.5128802],[22.1610814,48.5130721],[22.1611364,48.5131645],[22.1612196,48.513344],[22.1612704,48.5135085],[22.1613992,48.5140742],[22.1614502,48.514241],[22.161524,48.5143549],[22.1616414,48.514491],[22.1619398,48.5148107],[22.162349,48.5152524],[22.1627947,48.5157088],[22.1643734,48.5173706],[22.1650641,48.5181189],[22.1659027,48.5189914],[22.1664115,48.5195364],[22.1667476,48.5198964],[22.167618,48.5206642],[22.1677002,48.520755],[22.1682166,48.5212994],[22.1690106,48.5221439],[22.1696453,48.5228179],[22.1701044,48.5233053],[22.1702099,48.5234006],[22.1703692,48.5235936],[22.1704262,48.5237178],[22.1704429,48.5238378],[22.1704064,48.5239722],[22.1702975,48.5242152],[22.1701325,48.5245482],[22.1700925,48.524735],[22.1700868,48.524938],[22.1700974,48.5250683],[22.1701364,48.5251713],[22.1702158,48.5252567],[22.1703481,48.5253905],[22.170639,48.525563],[22.1708966,48.5256676],[22.17127,48.5258153],[22.1718443,48.525986],[22.1722311,48.5260781],[22.1724503,48.5261485],[22.1725865,48.5262406],[22.1726584,48.5263222],[22.1727169,48.5264428],[22.1727708,48.5267987],[22.1728303,48.5269407],[22.1729569,48.527046],[22.173209,48.5271729],[22.1739191,48.5273665],[22.1742638,48.5274623],[22.1743334,48.5275043],[22.1744117,48.5277518],[22.1744261,48.5279153],[22.1744177,48.5291269],[22.1744522,48.5296277],[22.1745063,48.5299454],[22.1746055,48.5302085],[22.1747496,48.5304374],[22.1749364,48.5306864],[22.175071,48.5309091],[22.1751523,48.531129],[22.1752288,48.5316149],[22.1753405,48.5318219],[22.1756444,48.5321952],[22.1760187,48.5326374],[22.1765252,48.5331839],[22.1780625,48.5349366],[22.1792837,48.5362931],[22.1794015,48.5364183],[22.1795476,48.5365348],[22.1796685,48.5366175],[22.1818477,48.5380079],[22.1828721,48.5386484],[22.185373,48.5402582],[22.1888204,48.5424236],[22.1911032,48.5438921],[22.1915075,48.5441419],[22.1916281,48.5442079],[22.1933247,48.5451683],[22.1968201,48.5471701],[22.1969805,48.5472482],[22.1971625,48.5472983],[22.1973797,48.5473325],[22.199524,48.5473039],[22.1996813,48.5473197],[22.1997814,48.5473818],[22.1998233,48.547474],[22.1998461,48.5480571],[22.1999076,48.5482399],[22.2000274,48.5484967],[22.2003167,48.5495266],[22.2004062,48.5496638],[22.2005421,48.5498285],[22.2007733,48.5501614],[22.2007415,48.5503253],[22.2006968,48.5505155],[22.2006288,48.5510228],[22.2006471,48.5511874],[22.20089,48.551827],[22.2009766,48.5520679],[22.2010774,48.5526144],[22.2010774,48.552795],[22.201019,48.5530123],[22.200906,48.5532239],[22.200754,48.553439],[22.2005107,48.5536776],[22.1998309,48.5542574],[22.199654,48.5544433],[22.1995228,48.5546466],[22.1994457,48.554867],[22.1993696,48.5559371],[22.1990362,48.5596699],[22.1989408,48.5609942],[22.1987809,48.5627792],[22.198679944689893,48.563953219025848]]}},
{"type":"Feature","properties":{"full_id":"w86146403","ref":"О-071302","length_km":3.32432,"name:uk":"Вишківська селищна громада","lenght_roads":3.3243,"id_roads":"75684"},"geometry":{"type":"LineString","coordinates":[[23.3864379,48.0445354],[23.387086,48.0446177],[23.3875607,48.0446494],[23.3880658,48.0446587],[23.3884145,48.0446349],[23.3887971,48.044606],[23.3897534,48.04449],[23.3928875,48.0441038],[23.394899,48.0438656],[23.3951013,48.0438602],[23.3952842,48.0438723],[23.3955474,48.0439189],[23.3965069,48.0442818],[23.3969789,48.0444286],[23.3976177,48.0445363],[23.3979554,48.0446184],[23.3984378,48.0447965],[23.3989772,48.0450778],[23.3997161,48.0455125],[23.4001306,48.0457164],[23.4008694,48.0459765],[23.4014403,48.0463006],[23.4018124,48.0465432],[23.4020993,48.0466966],[23.4025989,48.046874],[23.4040349,48.0471917],[23.4049062,48.0474164],[23.4050397,48.0474508],[23.4054545,48.047613],[23.4056935,48.0477991],[23.4058567,48.0479597],[23.4059486,48.0481553],[23.4060917,48.0482993],[23.4063681,48.0484253],[23.4082603,48.0489538],[23.4093508,48.049337],[23.4101942,48.0496334],[23.4104584,48.0496921],[23.4132521,48.0497982],[23.4133968,48.0497962],[23.4142025,48.04983],[23.4144082,48.0498172],[23.4147263,48.0497845],[23.4158885,48.0495957],[23.4167603,48.0494236],[23.4172645,48.0493429],[23.4179512,48.0492084],[23.4199977,48.0486229]]}},
{"type":"Feature","properties":{"full_id":"w122118911","ref":"С-071305","length_km":1.66403,"name:uk":"Драгівська сільська громада","lenght_roads":1.664,"id_roads":"34965"},"geometry":{"type":"LineString","coordinates":[[23.51042589177295,48.216347083153273],[23.5104743,48.2163103],[23.5106415,48.2161536],[23.5106763,48.2161008],[23.5107425,48.2159921],[23.5108132,48.215663],[23.5108933,48.2146901],[23.5109957,48.2132159],[23.5110638,48.2128751],[23.51129,48.2125001],[23.5143386,48.2090358],[23.5161719,48.2068573],[23.5164382,48.2065909],[23.5167477,48.2063713],[23.5170665,48.2062479],[23.5173061,48.2062024],[23.5176671,48.2062158],[23.5180699,48.2063077],[23.5196734,48.2067478],[23.5199809,48.2068104],[23.5202566,48.2068313],[23.5205632,48.2068099],[23.5207314,48.2067628]]}},
{"type":"Feature","properties":{"full_id":"w202867202","ref":"О-070202","length_km":3.53898,"name:uk":"Ставненська сільська громада","lenght_roads":3.539,"id_roads":"83789"},"geometry":{"type":"LineString","coordinates":[[22.7308106,48.9979392],[22.730788,48.9980553],[22.7308038,48.9981899],[22.7308491,48.9983592],[22.7309372,48.9986147],[22.7309851,48.9987585],[22.7310081,48.9988966],[22.7310259,48.999106],[22.7310403,48.9991977],[22.7310696,48.9992823],[22.7311015,48.9993675],[22.7311886,48.9995098],[22.7316467,49.0001452],[22.7316988,49.0002383],[22.7317533,49.0003804],[22.7317786,49.0004776],[22.7317846,49.0005366],[22.7317824,49.0006474],[22.7317605,49.0007565],[22.731685,49.0009092],[22.7316182,49.0010362],[22.731338,49.001485],[22.7311699,49.0017791],[22.7310979,49.0019121],[22.7308846,49.0022565],[22.7306195,49.0027072],[22.7305721,49.0028319],[22.730545,49.0029499],[22.7305316,49.003008],[22.7305303,49.0031045],[22.7305904,49.0033366],[22.730697,49.0036799],[22.7306855,49.0038897],[22.7306433,49.0040994],[22.7305386,49.0042856],[22.7303966,49.0044809],[22.7294457,49.0055508],[22.7286414,49.0065081],[22.7283252,49.0068733],[22.7277007,49.0074161],[22.7274254,49.0077037],[22.7271871,49.0079913],[22.7271209,49.0081137],[22.7269547,49.0086352],[22.7268884,49.0090092],[22.7268314,49.0091566],[22.7267155,49.0093289],[22.7265436,49.0094982],[22.7263201,49.0096409],[22.7260639,49.0097499],[22.7257533,49.0098688],[22.7249296,49.0101294],[22.7246512,49.010266],[22.724535,49.0103586],[22.7244113,49.0104722],[22.7243024,49.0106272],[22.7242424,49.0108216],[22.7238849,49.012141],[22.7238342,49.0125185],[22.7238301,49.0127612],[22.7238471,49.0129304],[22.723903,49.0132639],[22.724009,49.0140076],[22.7240315,49.0142048],[22.7239983,49.0144129],[22.723892,49.0146318],[22.7237506,49.0148138],[22.7234242,49.0151624],[22.723374,49.0152774],[22.7233821,49.0154184],[22.7234312,49.0155711],[22.7238382,49.01641],[22.7244094,49.0174501],[22.7247069,49.0180673],[22.7249145,49.0185571],[22.7249676,49.0187333],[22.7250043,49.0188866],[22.7249703,49.0191762],[22.7245355,49.020145],[22.7243784,49.0203318],[22.7241914,49.0205066],[22.7237811,49.0209023],[22.7235702,49.0211375],[22.7234965,49.0212702],[22.7234698,49.0224042],[22.7234605,49.0225389],[22.7234504,49.0226024],[22.7233456,49.0228127],[22.7227334,49.0238243],[22.7226455,49.0239982],[22.7223309,49.0246672],[22.7222632,49.0248321],[22.7221772,49.0251258],[22.7221192,49.0253766],[22.7220515,49.0258345],[22.721974,49.0260633],[22.7218485,49.0263247],[22.7216095,49.0266844],[22.7215457,49.026783],[22.7214232,49.0270793],[22.7213482,49.0272587]]}},
{"type":"Feature","properties":{"full_id":"w122282941","ref":"С-071104","length_km":8.91685,"name:uk":"Углянська сільська громада","lenght_roads":8.9168,"id_roads":"25724"},"geometry":{"type":"LineString","coordinates":[[23.575554211707988,48.16698426622446],[23.5783353,48.1667171],[23.5787114,48.1666829],[23.5792278,48.1666783],[23.5812205,48.1667734],[23.5822274,48.166903],[23.5830917,48.1671282],[23.5835488,48.1672716],[23.5838643,48.1673227],[23.5842591,48.16737],[23.5846439,48.1674094],[23.585447,48.1674694],[23.5870483,48.1675327],[23.5881455,48.1674949],[23.5897355,48.1673945],[23.5897971,48.1673868],[23.5908266,48.1672467],[23.5912138,48.1671785],[23.5922016,48.1668917],[23.5927526,48.1667189],[23.593728,48.1662975],[23.5943454,48.1660204],[23.5952449,48.1655574],[23.5956073,48.1653305],[23.5959767,48.1650751],[23.5966621,48.1645687],[23.5970524,48.164368],[23.597528,48.1642018],[23.5988329,48.1638457],[23.5992557,48.1637554],[23.5995839,48.1636897],[23.599887,48.163659],[23.6002513,48.1636532],[23.6005811,48.1636515],[23.6008096,48.1636493],[23.6011064,48.1636642],[23.601295,48.1636726],[23.6016415,48.1636831],[23.601936,48.1636459],[23.6021856,48.163568],[23.6028105,48.1631693],[23.6033541,48.1628605],[23.604113,48.1625368],[23.6050334,48.162204],[23.6053856,48.1620766],[23.606589,48.1617007],[23.6071543,48.1615225],[23.6074655,48.1614275],[23.6078299,48.1612309],[23.611069,48.1588349],[23.6116834,48.1584137],[23.612065,48.1582335],[23.6123935,48.1581747],[23.6127682,48.158149],[23.6133212,48.1581445],[23.6138375,48.1581258],[23.6147137,48.1580051],[23.6148953,48.1579748],[23.6154139,48.1578883],[23.6160812,48.1577496],[23.6162337,48.1577059],[23.6183795,48.1571641],[23.6196476,48.1568082],[23.6205228,48.1564944],[23.6210479,48.1562244],[23.6214855,48.1558303],[23.6219669,48.1553936],[23.6227983,48.154575],[23.6231859,48.1542433],[23.6236256,48.1539298],[23.6240345,48.1537284],[23.6242747,48.1536578],[23.624503,48.1536243],[23.6247522,48.1536205],[23.6256369,48.1536525],[23.6259651,48.1536525],[23.626502,48.1536647],[23.6266458,48.1535952],[23.6267677,48.1534921],[23.6273275,48.1528019],[23.6275861,48.15251],[23.6278635,48.1521404],[23.6281117,48.1517191],[23.6281639,48.1515552],[23.6281727,48.1514096],[23.6280377,48.1510323],[23.6280325,48.150911],[23.6280494,48.1508161],[23.6281097,48.1507353],[23.6284186,48.1505426],[23.6290763,48.1502466],[23.6294808,48.1500907],[23.6295485,48.1500646],[23.629762,48.1499854],[23.6299181,48.1499429],[23.6300844,48.1499178],[23.630451,48.1498948],[23.6309856,48.149848],[23.6314411,48.1497957],[23.6316079,48.1497478],[23.6317382,48.1496493],[23.6318876,48.1494647],[23.6320159,48.14933],[23.6323114,48.1491559],[23.6325985,48.1491161],[23.6340751,48.1491503],[23.6351624,48.149132],[23.6360249,48.1491174],[23.6367464,48.1490722],[23.6370198,48.1490296],[23.6371287,48.1490126],[23.6376401,48.1488857],[23.6382263,48.1486903],[23.6393898,48.1481383],[23.6406469,48.1475719],[23.6413681,48.1471146],[23.6419098,48.1467367],[23.6419938,48.1466834],[23.642633,48.1462957],[23.6432448,48.1459245],[23.6437271,48.1456932],[23.6444234,48.1454734],[23.6460598,48.1450307],[23.6477923,48.1444881],[23.6486855,48.1442143],[23.6494661,48.1439964],[23.6499364,48.1438935],[23.6524364,48.1432882],[23.6527656,48.1432173],[23.6538165,48.1430572],[23.6541867,48.1430026],[23.654644,48.1429349],[23.654919,48.1429453],[23.655169,48.1429677],[23.6567394,48.1431454],[23.6574456,48.1432049],[23.6578426,48.1432442],[23.6581834,48.1432873],[23.6583012,48.143314],[23.6583924,48.1433391],[23.6585724,48.1434015],[23.6591343,48.1436466],[23.6593151,48.1437203],[23.6594564,48.1437592],[23.6596557,48.1437955],[23.6598826,48.1438208],[23.6609782,48.143903],[23.6629204,48.1440438],[23.6633482,48.1440379],[23.6660854,48.1437511],[23.6665142,48.1437006],[23.6669916,48.1436111],[23.6683224,48.1432299],[23.6685365,48.1431816],[23.6687458,48.1431601],[23.6693856,48.1431862],[23.6710739,48.1433176],[23.6728403,48.1435083],[23.6738098,48.1435592],[23.6744347,48.1435127],[23.6749873,48.1435181],[23.6753198,48.143536],[23.6756126,48.1435603],[23.6758697,48.1436111],[23.6760789,48.1436666],[23.6764571,48.1437901],[23.6766475,48.1438402],[23.6771303,48.1439297],[23.6774066,48.1439923],[23.6776561,48.1441051],[23.6778345,48.1441956],[23.6780128,48.1443127],[23.6781844,48.1444756],[23.6785668,48.1448453],[23.6786807,48.1449176],[23.6787933,48.144923],[23.6788818,48.1448979],[23.6789278,48.1448474],[23.6790293,48.1446599],[23.6791232,48.1445221],[23.6792332,48.144395],[23.6793789,48.1442955],[23.679585863308013,48.144162403530537]]}},
{"type":"Feature","properties":{"full_id":"w165723541","ref":"С-070107","length_km":3.91437,"name:uk":"Великобийганська сільська громада","lenght_roads":3.9144,"id_roads":"85315"},"geometry":{"type":"LineString","coordinates":[[22.6294226,48.152159],[22.629202,48.1521001],[22.6290706,48.1520616],[22.6288573,48.1520124],[22.6270477,48.1519685],[22.6268229,48.1519775],[22.626633,48.152],[22.6258829,48.1521302],[22.6249107,48.1522687],[22.624556,48.1523052],[22.6242426,48.1523256],[22.6216516,48.1524437],[22.6214679,48.1524446],[22.6213985,48.1524408],[22.6213374,48.1524314],[22.6212573,48.1524025],[22.6211581,48.1523452],[22.6204124,48.1518165],[22.6197949,48.1513529],[22.6191384,48.1509092],[22.618162,48.150324],[22.6173601,48.1498677],[22.6172125,48.1497908],[22.6170355,48.1497335],[22.6165473,48.1496709],[22.6159682,48.1496314],[22.615622,48.1496172],[22.6151499,48.1496404],[22.6140462,48.149755],[22.6128354,48.1498167],[22.6126152,48.1498355],[22.6115477,48.1500068],[22.6114924,48.1500102],[22.6114431,48.1500028],[22.6114056,48.1499878],[22.6113747,48.1499679],[22.6113063,48.1499071],[22.6112165,48.1498113],[22.6111293,48.1497156],[22.6108745,48.1493971],[22.6101008,48.1484896],[22.6093325,48.1475184],[22.607833,48.1455724],[22.6072054,48.1447401],[22.6068534,48.1442556],[22.606719,48.1440706],[22.6066176,48.1438971],[22.606202,48.1427912],[22.6057093,48.1416853],[22.6054809,48.1377262],[22.60539,48.1364374],[22.6053639,48.135387],[22.6054019,48.1352855],[22.6054665,48.1352372],[22.6055713,48.1352057],[22.6056921,48.1351955],[22.6066985,48.1351781],[22.6081799,48.1351539],[22.6097105,48.135177],[22.6110248,48.1351968],[22.611338923707471,48.135226799185958]]}},
{"type":"Feature","properties":{"full_id":"w204578541","ref":"С-071010","length_km":2.26881,"name:uk":"Свалявська міська громада","lenght_roads":2.2688,"id_roads":"15609"},"geometry":{"type":"LineString","coordinates":[[23.1189762,48.511124],[23.1189581,48.5110876],[23.1188147,48.510926],[23.118732,48.5108715],[23.1186341,48.5108226],[23.1183699,48.5106938],[23.1181262,48.5105859],[23.1180494,48.5105463],[23.1179528,48.5104895],[23.1177764,48.5103147],[23.1177109,48.5102209],[23.1176473,48.510132],[23.1174722,48.5098843],[23.1170573,48.509311],[23.1169456,48.509131],[23.1168587,48.5089517],[23.1167131,48.508603],[23.1165135,48.5080772],[23.1164709,48.5079706],[23.1164575,48.5078569],[23.1164051,48.5075],[23.1163931,48.5072971],[23.1164088,48.5068601],[23.1163988,48.5067947],[23.1162016,48.5061547],[23.116041,48.5057104],[23.1159825,48.5055724],[23.1155536,48.5049852],[23.1154636,48.5048889],[23.1153535,48.504831],[23.1152325,48.5047584],[23.1151497,48.5047071],[23.1151217,48.5046724],[23.115106,48.5046244],[23.1151257,48.5044726],[23.1151471,48.5043604],[23.1151476,48.5042549],[23.1151271,48.5041117],[23.1151043,48.5040424],[23.1150716,48.5039683],[23.1149878,48.5038362],[23.1148192,48.5035821],[23.1147798,48.5035328],[23.1147189,48.5034486],[23.1146417,48.5033306],[23.1145103,48.5031296],[23.1143176,48.5028726],[23.1142446,48.502698],[23.1142118,48.5025362],[23.1141469,48.5020855],[23.1140906,48.5018976],[23.1139265,48.5016209],[23.1138544,48.5014349],[23.1137617,48.5011841],[23.1137289,48.501098],[23.1137128,48.500964],[23.1136886,48.5008468],[23.1136166,48.5004716],[23.1135796,48.5003343],[23.1135204,48.50024],[23.1134507,48.500137],[23.1133461,48.500057],[23.1132629,48.4999859],[23.1131422,48.4999255],[23.112933,48.4998295],[23.1125244,48.4997143],[23.1123202,48.4996506],[23.1120937,48.4995375],[23.1116756,48.4992895],[23.1111974,48.4990152],[23.1108649,48.4988193],[23.1104894,48.4986044],[23.1101492,48.4983874],[23.1100631,48.4983259],[23.1099859,48.4982598],[23.1099451,48.4981979],[23.1099155,48.4981215],[23.1097754,48.4974347],[23.1096957,48.4972473],[23.1096274,48.4970606],[23.1095762,48.4969645],[23.1094312,48.4968288],[23.1092178,48.49671],[23.1090106,48.4966153],[23.1087394,48.4965137],[23.1086453,48.4964673],[23.1084427,48.4963764],[23.1082626,48.4962948],[23.108045,48.4961842],[23.1078695,48.4960653],[23.1077244,48.4959522],[23.1075876,48.4958364],[23.1073745,48.4956469],[23.1071441,48.4954546],[23.1069905,48.4953189],[23.1068859,48.4951917],[23.1067618,48.4949862],[23.1066848,48.4948311],[23.1066321,48.4946855],[23.1065828,48.4945946],[23.1065143,48.4944638],[23.1064273,48.4943405],[23.1063248,48.4942274],[23.10619,48.4940941],[23.1061247,48.4940133],[23.1060605,48.4939364],[23.1059718,48.4938388],[23.1059208,48.4937825],[23.1058678,48.4937363]]}},
{"type":"Feature","properties":{"full_id":"w41999838","ref":"О-070603","length_km":12.32582,"name:uk":"Колочавська сільська громада","lenght_roads":12.3258,"id_roads":"91336"},"geometry":{"type":"LineString","coordinates":[[23.654950276333317,48.392371159073861],[23.655057,48.3923816],[23.6554089,48.3924042],[23.6560179,48.3924349],[23.656231,48.3924436],[23.6565662,48.3924572],[23.6569523,48.392497],[23.657176,48.3925301],[23.6573978,48.392595],[23.657621,48.3927045],[23.6577351,48.3927788],[23.6578501,48.3929088],[23.6580199,48.3931055],[23.6582023,48.3934528],[23.6583973,48.3938642],[23.6586199,48.3942661],[23.6587112,48.3944234],[23.6588241,48.3945608],[23.658863,48.3946082],[23.6590837,48.3948389],[23.6594676,48.395099],[23.6596055,48.3952547],[23.659731,48.3954348],[23.6598273,48.3956237],[23.6599194,48.3959314],[23.6600778,48.3965916],[23.6602287,48.3971919],[23.6604429,48.3979219],[23.6606655,48.3983697],[23.6608941,48.3986678],[23.6611719,48.3989332],[23.6616061,48.3992405],[23.6618843,48.3993858],[23.6624067,48.3996238],[23.663268,48.3999214],[23.6638104,48.4002181],[23.6642614,48.4005777],[23.6647171,48.4009674],[23.6649218,48.401063],[23.6651221,48.4011259],[23.6652951,48.4011664],[23.6659326,48.4012414],[23.6703658,48.4015729],[23.6706471,48.4016104],[23.6710898,48.4016771],[23.6716706,48.4017647],[23.6719859,48.4018026],[23.6729395,48.4018835],[23.6734718,48.4019522],[23.673839,48.4020185],[23.674247,48.402116],[23.674638,48.4022188],[23.6748049,48.4022905],[23.6749536,48.402399],[23.6752313,48.4026662],[23.6755447,48.4030189],[23.6756498,48.4031951],[23.6757467,48.4033878],[23.6758134,48.403585],[23.6758701,48.4038108],[23.6760371,48.4045581],[23.6763358,48.4058917],[23.6764071,48.406195],[23.6764115,48.4063272],[23.6764007,48.4064703],[23.6763237,48.4068448],[23.6758904,48.4078824],[23.6757918,48.408083],[23.6756274,48.4084905],[23.6755881,48.4086757],[23.6755655,48.4088853],[23.6755687,48.4090608],[23.6756136,48.4093601],[23.6757161,48.409634],[23.6758321,48.4098152],[23.6759895,48.4100064],[23.676154,48.4101749],[23.67632,48.4102963],[23.6768058,48.4106057],[23.6774653,48.4109599],[23.6780211,48.411277],[23.6790884,48.4118858],[23.6806823,48.412819],[23.6814933,48.4132619],[23.6817724,48.4134559],[23.6820197,48.4136462],[23.6822963,48.413919],[23.6825809,48.4142504],[23.6830205,48.4149052],[23.6831968,48.4151326],[23.6834255,48.415393],[23.6836585,48.4156269],[23.6838922,48.4158274],[23.6842092,48.416043],[23.6856882,48.4169472],[23.6877799,48.4182529],[23.6905164,48.4199461],[23.6907947,48.4201612],[23.6910013,48.4203748],[23.6911904,48.4206091],[23.6915435,48.4212406],[23.692523,48.4231395],[23.6927443,48.4234466],[23.6929671,48.4236382],[23.6932282,48.4237966],[23.6940941,48.4242597],[23.6943015,48.4243582],[23.6943715,48.4243915],[23.6950282,48.4247265],[23.6970733,48.4257697],[23.6980394,48.4262594],[23.6981001,48.4263146],[23.6981327,48.4263599],[23.6981421,48.4263729],[23.6981073,48.4264332],[23.6980491,48.4264936],[23.6979207,48.4265881],[23.6973541,48.4270048],[23.6959182,48.4280976],[23.6953319,48.4285438],[23.6938746,48.4295347],[23.6929431,48.4301681],[23.6922097,48.4306315],[23.6918465,48.4309023],[23.6916936,48.4310343],[23.691554,48.4311887],[23.6914229,48.4315106],[23.6910676,48.432212],[23.6908447,48.4327104],[23.6907343,48.4330849],[23.6906521,48.4335983],[23.6906431,48.4336544],[23.690562,48.4338943],[23.6904223,48.4341541],[23.6899638,48.4347716],[23.6891984,48.4359446],[23.6891873,48.4359611],[23.6882537,48.4373444],[23.6877201,48.4382265],[23.6876782,48.4382812],[23.6874903,48.4385128],[23.6874825,48.4385241],[23.687452,48.4385684],[23.6871172,48.4389386],[23.6869779,48.4390336],[23.6869206,48.4390506],[23.686772,48.4390947],[23.6865649,48.4391368],[23.6860352,48.4392188],[23.685787,48.4392756],[23.6855939,48.439329],[23.6852567,48.4394388],[23.6850624,48.4395107],[23.6848364,48.4396219],[23.6846918,48.4397055],[23.6845425,48.4398201],[23.684147,48.4401859],[23.6839244,48.440366],[23.6832076,48.4408857],[23.6828374,48.4411918],[23.6823398,48.441653],[23.6815216,48.4424249],[23.6811629,48.4427075],[23.6803558,48.4432008],[23.6786893,48.44439],[23.6780438,48.4448148],[23.6774757,48.445119],[23.6768202,48.4454701],[23.6757614,48.4460362],[23.6756229,48.4461103],[23.6751651,48.4463579],[23.6750074,48.446424],[23.6746211,48.4465628],[23.6736476,48.4468526],[23.673043,48.4470118],[23.6719835,48.4472628],[23.6686318,48.4482102],[23.668245,48.448281],[23.6680007,48.4483021],[23.6670466,48.4483844],[23.6654258,48.4483721],[23.6650709,48.4483973],[23.6646262,48.4484838],[23.6643157,48.4486378],[23.664027,48.4488354],[23.6635425,48.4492102],[23.6614031,48.4503702],[23.6611987,48.4504438],[23.6610332,48.4504844],[23.6602665,48.4506205],[23.6599848,48.4507074],[23.6585385,48.4514908],[23.6584699,48.451529],[23.6578585,48.4518689],[23.6573822,48.4520912],[23.6570893,48.4521907],[23.6569893,48.4522247],[23.6558548,48.452465],[23.6556224,48.4525181],[23.6540923,48.4528677],[23.653195,48.453133],[23.6524251,48.4534092],[23.6521044,48.4535644],[23.6510455,48.4541378],[23.6507106,48.4543709],[23.6505343,48.4545337],[23.6502922,48.45478],[23.648833,48.45658],[23.6476026,48.4580593],[23.6472848,48.4583991],[23.6470932,48.4585644],[23.6468563,48.4587165],[23.6465261,48.4588295],[23.6414506,48.4599908],[23.6408026,48.4602081],[23.6406241,48.4602969],[23.640463,48.4603879],[23.6400556,48.4606454],[23.6397135,48.460931],[23.63938,48.4612605],[23.6391621,48.4615846],[23.638978,48.4621665],[23.6387091,48.4630163],[23.6384441,48.4638536],[23.6380691,48.4650388],[23.637935,48.4653234],[23.63783,48.4655464],[23.6375688,48.4661009],[23.63687342268295,48.467429639200404]]}},
{"type":"Feature","properties":{"full_id":"w203476427","ref":"С-070606","length_km":9.65826,"name:uk":"Пилипецька сільська громада","lenght_roads":9.6583,"id_roads":"40265"},"geometry":{"type":"LineString","coordinates":[[23.3484764,48.6705448],[23.349933,48.6726457],[23.3500294,48.6728873],[23.3500576,48.6731595],[23.3500401,48.6736062],[23.3500214,48.6736958],[23.3499679,48.673836],[23.3498617,48.6739784],[23.3494744,48.6743071],[23.3491276,48.6746036],[23.349054,48.6746726],[23.3489886,48.6747556],[23.3489166,48.67488],[23.3488393,48.6751106],[23.3487944,48.6753402],[23.3487287,48.6756974],[23.3486971,48.6760256],[23.3487045,48.6761919],[23.3486938,48.6765423],[23.3486769,48.6769153],[23.3486268,48.6773853],[23.3485776,48.6778758],[23.348458,48.6789588],[23.3484419,48.679202],[23.348466,48.6793566],[23.3485536,48.6795386],[23.34865,48.6796827],[23.3487656,48.6798375],[23.3491492,48.6802323],[23.3493485,48.6804347],[23.349877,48.6808641],[23.350094,48.6810121],[23.3507277,48.681444],[23.3508379,48.6815295],[23.3513487,48.6818983],[23.3517591,48.6822134],[23.3520488,48.6824676],[23.352317,48.6827727],[23.3526046,48.6832061],[23.3527902,48.6834153],[23.3529287,48.6835528],[23.3530991,48.6836499],[23.3534475,48.6837802],[23.3536825,48.6838995],[23.3537766,48.6839803],[23.3538271,48.6840461],[23.3538815,48.6842017],[23.3539957,48.6845533],[23.3540411,48.6846928],[23.3542944,48.6852257],[23.3543368,48.6852999],[23.3543721,48.6853615],[23.3545087,48.6855848],[23.3546999,48.6857462],[23.3549574,48.6859118],[23.3550388,48.6859591],[23.3554738,48.6862117],[23.3556739,48.6863297],[23.355846,48.6864487],[23.3559478,48.6865609],[23.3561001,48.6867647],[23.3561994,48.686892],[23.3564046,48.687155],[23.3565068,48.6872861],[23.3567259,48.6875744],[23.3569235,48.687861],[23.3570118,48.6879906],[23.3570828,48.6881263],[23.3572276,48.6883497],[23.3573727,48.6885519],[23.3575006,48.6886589],[23.3575827,48.6887259],[23.3576797,48.6887841],[23.3579023,48.6889001],[23.358031,48.6889646],[23.3581714,48.6890626],[23.358246,48.6891251],[23.3584948,48.6894343],[23.3587342,48.689744],[23.359061,48.690135],[23.3592401,48.6903789],[23.359322,48.6905091],[23.3594066,48.690719],[23.3595341,48.69104],[23.3596224,48.6912496],[23.3596809,48.6913778],[23.3597311,48.6914827],[23.3598492,48.6917288],[23.3598767,48.6918077],[23.359954,48.6920289],[23.3600287,48.6921538],[23.3601717,48.6922381],[23.3602296,48.6922647],[23.3606301,48.6923826],[23.3610206,48.6925156],[23.3615014,48.6926973],[23.3619704,48.6929296],[23.3623049,48.6930828],[23.3626478,48.6932682],[23.3628732,48.6934239],[23.3631093,48.6935994],[23.3632531,48.6937164],[23.3634188,48.6938408],[23.3635802,48.6939926],[23.3636613,48.6940817],[23.3636711,48.6941071],[23.3636989,48.6941796],[23.3637125,48.6942815],[23.3637233,48.6944394],[23.3636767,48.6947422],[23.3636472,48.6948998],[23.3636069,48.6950462],[23.3635962,48.6951264],[23.3636051,48.6952091],[23.3637102,48.6956727],[23.3637567,48.6959022],[23.3638,48.6961151],[23.3638483,48.696351],[23.36388,48.696613],[23.3638719,48.6967613],[23.3638599,48.6969184],[23.3637686,48.6971127],[23.3636448,48.6973225],[23.3634721,48.6975639],[23.3632946,48.6977707],[23.3631842,48.6978743],[23.3631136,48.6979337],[23.3628668,48.6981239],[23.3626307,48.698333],[23.3625444,48.6984903],[23.3625257,48.6985245],[23.3624268,48.698682],[23.3623652,48.6988059],[23.3622877,48.6989417],[23.3621869,48.699083],[23.3621129,48.6992023],[23.3620714,48.6992821],[23.3620586,48.6993549],[23.3620596,48.6994548],[23.3620732,48.6996024],[23.3620859,48.6998192],[23.3621588,48.6999984],[23.3622095,48.700094],[23.3622387,48.7001379],[23.3623517,48.7002515],[23.3625446,48.7003755],[23.362825,48.7005553],[23.3631296,48.7006919],[23.3634425,48.7008189],[23.364043,48.7010409],[23.3645393,48.7012507],[23.3647801,48.7013705],[23.3648915,48.7014592],[23.3649245,48.7015004],[23.3649927,48.7015856],[23.3651019,48.7018576],[23.3651171,48.7018867],[23.365235,48.702112],[23.3654079,48.7024171],[23.3654942,48.7025351],[23.36551,48.7025593],[23.3656084,48.7027106],[23.3658566,48.7029954],[23.3658556,48.7030792],[23.3658681,48.703158],[23.3658695,48.7032252],[23.3658495,48.7033185],[23.3657501,48.7034869],[23.3655346,48.7038355],[23.3652645,48.7042407],[23.3651237,48.7044283],[23.364993,48.7045224],[23.3649429,48.7045769],[23.3649078,48.704615],[23.3648497,48.7047061],[23.364749,48.7049151],[23.3646387,48.7052406],[23.3646252,48.7054243],[23.3646217,48.7055329],[23.3646226,48.7056727],[23.3646488,48.7058836],[23.3646906,48.706038],[23.3647444,48.7061547],[23.3648393,48.7063335],[23.3649674,48.7065588],[23.3651411,48.706814],[23.3652634,48.7070269],[23.365296,48.7071027],[23.3654574,48.7073627],[23.3656301,48.7074939],[23.3658103,48.7078377],[23.3659098,48.7080127],[23.3660098,48.7083974],[23.3660438,48.7086184],[23.3660176,48.7088193],[23.36597,48.7090967],[23.3658846,48.7094854],[23.3657975,48.7099482],[23.3656491,48.7101971],[23.3654925,48.7103852],[23.3653763,48.7105661],[23.3652916,48.7107181],[23.3652448,48.710843],[23.3652386,48.7109708],[23.3653019,48.7111809],[23.3653604,48.7113056],[23.365426,48.7113982],[23.3654751,48.7114675],[23.3656464,48.7117273],[23.3656707,48.7118413],[23.3656713,48.7120144],[23.3656364,48.7121613],[23.3654783,48.7126409],[23.3652688,48.7130576],[23.365173,48.7132749],[23.3650876,48.713542],[23.3650119,48.7138217],[23.3650123,48.7139558],[23.3650577,48.7141055],[23.3651076,48.7142084],[23.3651238,48.7142338],[23.3651837,48.7143275],[23.3652819,48.7144891],[23.3653192,48.7145793],[23.3653248,48.7145967],[23.3653473,48.7146677],[23.3653267,48.7148104],[23.3652866,48.714939],[23.3651897,48.7151518],[23.3650823,48.7153246],[23.3649328,48.7155288],[23.3648407,48.7156256],[23.3647423,48.7157643],[23.3646885,48.7158839],[23.3646771,48.7161034],[23.3646544,48.7163174],[23.3646119,48.7164815],[23.3645307,48.7166491],[23.3643666,48.7168444],[23.3641967,48.717017],[23.3640805,48.717168],[23.3640433,48.7172788],[23.3640341,48.717402],[23.3640674,48.717519],[23.3641642,48.71777],[23.3641714,48.717941],[23.36414,48.7180965],[23.3641013,48.7181944],[23.3640107,48.7183048],[23.3638442,48.7184318],[23.3636284,48.7185314],[23.3633056,48.7186492],[23.3624619,48.7190033],[23.3622857,48.7190556],[23.3621079,48.7191077],[23.3619949,48.7191225],[23.3618698,48.719139],[23.3614001,48.719158],[23.360603,48.7191648],[23.3601339,48.7192162],[23.3599801,48.7192384],[23.359764,48.7192613],[23.3595009,48.719284],[23.3590156,48.7192949],[23.3589131,48.7193065],[23.3588462,48.7193289],[23.358772,48.7193648],[23.3586715,48.7194315],[23.3585466,48.7195725],[23.3584361,48.7197506],[23.3583821,48.7199418],[23.3583606,48.7200853],[23.3583749,48.7202014],[23.3584669,48.7203978],[23.3586073,48.7206071],[23.3587548,48.7208248],[23.3590273,48.7211717],[23.3591702,48.721351],[23.359352,48.7215253],[23.3594835,48.7217167],[23.3595476,48.7218606],[23.3595553,48.7219333],[23.3595472,48.721992],[23.3594991,48.7221222],[23.3593937,48.7222611],[23.358987,48.7227518],[23.3587552,48.7230037],[23.3584303,48.7233233],[23.3581599,48.7236082],[23.357961,48.7238277],[23.357778,48.7240993],[23.3575921,48.7244553],[23.3574218,48.724806],[23.3572494,48.7251853],[23.3571991,48.7254129],[23.357194,48.7255447],[23.3571918,48.7257225],[23.3571911,48.7257739],[23.3571625,48.7259883],[23.357133,48.7260818],[23.3571073,48.7261636],[23.3569612,48.7265152],[23.3569311,48.7266093],[23.3569221,48.726715],[23.3569583,48.7268287],[23.3569863,48.7268859],[23.3570211,48.7269566],[23.3572382,48.7272246],[23.3574632,48.7274277],[23.3577663,48.7276804],[23.3578625,48.7278079],[23.3579233,48.7279706],[23.3579937,48.728251],[23.3580254,48.728453],[23.3579912,48.7286166],[23.35792,48.7287121],[23.3578436,48.7287929],[23.3573979,48.7292214],[23.3570731,48.7296044],[23.3567688,48.7299392],[23.3566431,48.7300641],[23.356567,48.7301356],[23.3565362,48.7301603],[23.3563644,48.7302983],[23.3562258,48.7304125],[23.3561249,48.7304997],[23.3559646,48.7306523],[23.3554462,48.7312754],[23.35507,48.7317493],[23.3549756,48.731915],[23.3549212,48.7320787],[23.3548836,48.7322366],[23.3548701,48.7325414],[23.3548657,48.7327706],[23.3547852,48.7330466],[23.3547697,48.733132],[23.3547872,48.7332504],[23.3548408,48.733356],[23.3550108,48.7336499],[23.3550557,48.7337964],[23.3550493,48.7338395],[23.3550452,48.7338666],[23.3550083,48.7339463],[23.3549615,48.7340122],[23.3548206,48.7342095],[23.3544928,48.7346145],[23.3543497,48.7348333],[23.3541832,48.7349967],[23.3539796,48.7351736],[23.3538169,48.7353151],[23.3535838,48.7355165],[23.353444,48.7356902],[23.353255,48.7359727],[23.353032,48.7362669],[23.3529237,48.7364721],[23.3529112,48.7366559],[23.3529338,48.7367245],[23.352949,48.7367707],[23.3530233,48.736927],[23.3530819,48.7370222],[23.3531107,48.7371549],[23.3531721,48.737331],[23.3532367,48.7374881],[23.3533182,48.7376357],[23.3533579,48.7377076],[23.3534939,48.7379404],[23.353647,48.7381426],[23.3537378,48.7382997],[23.3537798,48.7384486],[23.3537485,48.7386242],[23.3536913,48.7388904],[23.353675,48.7389849],[23.3536401,48.7392537],[23.3536179,48.7393362],[23.3535305,48.7396604],[23.3534679,48.7398071],[23.3533261,48.7399975],[23.3531709,48.7401803],[23.3530119,48.7403196],[23.3528415,48.7404523],[23.3526016,48.7406681],[23.3524744,48.7408129],[23.3524036,48.7409158],[23.3523853,48.7410081],[23.3523809,48.7411363],[23.3523902,48.7413528],[23.3523641,48.7414796],[23.352298,48.7416084],[23.3522079,48.7417061],[23.35206,48.7418176],[23.351856,48.7419289],[23.3515016,48.7420867],[23.3513155,48.74219],[23.3512352,48.7422501],[23.3511756,48.7423182],[23.3511347,48.7423677],[23.3510974,48.7424319],[23.3510649,48.7425251],[23.3510555,48.7426507],[23.3510273,48.7428155],[23.3510395,48.742906],[23.3510943,48.7430282],[23.3512068,48.7431436],[23.3513667,48.743262],[23.3514133,48.7433342],[23.3513989,48.7434983],[23.3513124,48.7437615],[23.3512319,48.7439908],[23.3512228,48.7442552],[23.3512559,48.7444143],[23.3513175,48.7445157],[23.3514676,48.7446439],[23.3516045,48.7447837],[23.3515202,48.7451219],[23.3514752,48.7452782],[23.3514751,48.7455588],[23.3513448,48.7456564],[23.3512983,48.745692],[23.3512778,48.7457498]]}},
{"type":"Feature","properties":{"full_id":"w47386725","ref":"О-071207","length_km":1.44511,"name:uk":"Баранинська сільська громада","lenght_roads":1.4451,"id_roads":"48239"},"geometry":{"type":"LineString","coordinates":[[22.3089394,48.5919427],[22.3087742,48.5909383]]}},
{"type":"Feature","properties":{"full_id":"w305297499","ref":"С-070407","length_km":3.37561,"name:uk":"Нижньоворітська сільська громада","lenght_roads":3.3756,"id_roads":"75503"},"geometry":{"type":"LineString","coordinates":[[23.053498,48.8323352],[23.0537814,48.8323988],[23.0539459,48.8324526],[23.0540872,48.8325027],[23.0544448,48.8327078],[23.0545474,48.8327497],[23.0546647,48.8327793],[23.0548009,48.8327921],[23.0552361,48.8327866],[23.0556089,48.8327819],[23.0557933,48.8328027],[23.0559475,48.8328327],[23.0560893,48.8328869],[23.0562472,48.8329497],[23.0564457,48.8329903],[23.0568427,48.833015],[23.0573885,48.8330088],[23.0581918,48.833032],[23.0610779,48.8333557],[23.0625826,48.8336294],[23.0636468,48.8338571],[23.0640994,48.833979],[23.064491,48.8340708],[23.0650717,48.8341582],[23.0654579,48.8342156],[23.0658728,48.8342686],[23.0662894,48.8343091],[23.0666936,48.8343369],[23.0669224,48.8343334],[23.0670351,48.8343299],[23.0671249,48.8343312],[23.0673194,48.8343341],[23.0674556,48.8343361],[23.0679078,48.8343364],[23.068004,48.8343493],[23.068103,48.8343689],[23.0682031,48.8344001],[23.0684185,48.8344826],[23.0684931,48.8345112],[23.0685834,48.8345316],[23.068753,48.8345426],[23.0690447,48.8345365],[23.0690847,48.834533],[23.0690423,48.8346398],[23.0690117,48.8348076],[23.0690117,48.8349216],[23.0690533,48.835012],[23.0691112,48.8350851],[23.0692174,48.8352007],[23.0694373,48.8354273],[23.0695186,48.8355466],[23.0695508,48.8357041],[23.0694371,48.8365557],[23.0694108,48.8368362],[23.0694169,48.837035],[23.0694375,48.8371334],[23.0694732,48.8372248],[23.069547,48.8373228],[23.0697548,48.837465],[23.0698501,48.8375576],[23.0698997,48.8376282],[23.0699158,48.8377306],[23.0700445,48.8380819],[23.0701062,48.8382761],[23.0701652,48.8383838],[23.0703288,48.838571],[23.0704844,48.8386981],[23.0708217,48.8389227],[23.0709498,48.8389924],[23.0710785,48.8390481],[23.0712133,48.8390939],[23.0713548,48.8391394],[23.0715908,48.8391871],[23.0717213,48.8391783],[23.0718676,48.8391627],[23.0723912,48.8390804],[23.0725725,48.8390794],[23.0727509,48.8391032],[23.0729118,48.8391482],[23.0730486,48.8392153],[23.0738868,48.8397493],[23.0741268,48.8398862],[23.0743072,48.8399757],[23.0744219,48.8400274],[23.0745707,48.8400742],[23.0752395,48.840262],[23.0761614,48.8405293],[23.0769395,48.840633],[23.0774604,48.8406726],[23.0779634,48.8406532],[23.0784414,48.8406447],[23.0795886,48.8407587],[23.0802424,48.8408313],[23.0804808,48.8408913],[23.0805722,48.8409436],[23.0806678,48.8410139],[23.0807781,48.8412576],[23.0808411,48.8415013],[23.0809316,48.8416356],[23.081046,48.8417435],[23.0811971,48.8418333],[23.081348,48.841901],[23.0815083,48.8419498],[23.0816605,48.8419771],[23.0818328,48.8419904],[23.0820651,48.8419925],[23.0825772,48.8419687],[23.0827743,48.8419674],[23.0829529,48.8419863],[23.0831944,48.8420515],[23.0834804,48.8421481],[23.0836326,48.8421793],[23.0838203,48.8421949],[23.0845463,48.8421748],[23.0846612,48.8421819],[23.084774,48.8422027],[23.0848731,48.8422313],[23.0849776,48.8422826],[23.0851424,48.8424107],[23.0852902,48.8425456],[23.0853978,48.8426734],[23.08551,48.8428223],[23.0855551,48.8428671],[23.0856064,48.8429009],[23.0856697,48.8429277],[23.0857621,48.8429547],[23.0858602,48.8429745],[23.0859811,48.8429839],[23.0860592,48.8429814],[23.0863264,48.8429356],[23.0864757,48.8429198],[23.0866295,48.8429127],[23.0867493,48.8429172],[23.086823,48.8429268],[23.0868928,48.8429435],[23.0873147,48.8430769],[23.0874373,48.8431104],[23.0875544,48.8431298],[23.0877216,48.8431334],[23.087952,48.8431054],[23.0884651,48.8429876],[23.0888415,48.8429693],[23.0891365,48.8429825],[23.0893684,48.8430062],[23.0897308,48.8430642],[23.0898325,48.8431096],[23.0899116,48.8431652],[23.0899854,48.843249],[23.0900094,48.8433416],[23.0900163,48.8434432],[23.0899642,48.8435729],[23.0899521,48.8436925]]}},
{"type":"Feature","properties":{"full_id":"w151906900","ref":"С-070109","length_km":3.04411,"name:uk":"Батівська селищна громада","lenght_roads":3.0441,"id_roads":"55064"},"geometry":{"type":"LineString","coordinates":[[22.4029438,48.3169993],[22.4049672,48.31479],[22.4052177,48.3145124],[22.4058222,48.3138346],[22.4059035,48.3137058],[22.4059074,48.3135589],[22.4058454,48.3133888],[22.4043751,48.309712],[22.4043038,48.3096063],[22.4041614,48.3094896],[22.3939762,48.303086],[22.3938276,48.3030049],[22.3835209,48.2963729],[22.383437722787459,48.296263953160256]]}},
{"type":"Feature","properties":{"full_id":"w203600326","ref":"С-070305","length_km":9.35809,"name:uk":"Королівська селищна громада","lenght_roads":9.3581,"id_roads":"47573"},"geometry":{"type":"LineString","coordinates":[[23.0963617,48.1219066],[23.0988996,48.121606],[23.0990296,48.121587],[23.0992128,48.121558],[23.0993867,48.1215246],[23.1058015,48.1203182],[23.1063554,48.1202312],[23.106509,48.1202029],[23.1068558,48.1201311],[23.1069105,48.1201189],[23.1072682,48.120016],[23.1075742,48.1199273],[23.1076214,48.1199136],[23.1077098,48.119888],[23.1078371,48.1198511],[23.1078804,48.1198382],[23.1083578,48.1196957],[23.1089555,48.1195106],[23.1124443,48.1184162],[23.1126405,48.1183476],[23.1128226,48.1182728],[23.1130141,48.1181855],[23.1132056,48.1180889],[23.1162521,48.1164887],[23.1163839,48.1164231],[23.116555,48.1163483],[23.11662,48.1163218],[23.1167235,48.1162826],[23.1168061,48.1162566],[23.1168905,48.1162335],[23.116981,48.1162136],[23.1191415,48.1157729],[23.1191606,48.115769],[23.1193549,48.1157295],[23.1195728,48.1156792],[23.1197124,48.1156399],[23.1198219,48.1156042],[23.1199075,48.1155689],[23.1199844,48.1155328],[23.1208276,48.1151165],[23.120935,48.1150628],[23.1221371,48.114519],[23.1222312,48.1144812],[23.1223221,48.1144513],[23.1224091,48.1144297],[23.122494,48.1144173],[23.122591,48.1144147],[23.1227089,48.1144188],[23.1228479,48.114432],[23.1244707,48.1146205],[23.1245937,48.1146315],[23.1262879,48.1147753],[23.126445,48.1147934],[23.1265737,48.1148087],[23.126645,48.1148193],[23.1267265,48.1148366],[23.1268064,48.1148606],[23.1268856,48.1148882],[23.1269948,48.1149287],[23.1271018,48.114973],[23.1271228,48.1149817],[23.127542,48.115161],[23.1277495,48.1152548],[23.1278756,48.1153047],[23.1279877,48.1153328],[23.1280951,48.1153489],[23.1282028,48.1153588],[23.1292073,48.1154373],[23.1300072,48.1155232],[23.1300843,48.1155287],[23.1301564,48.1155317],[23.1302389,48.1155322],[23.1302993,48.1155309],[23.1303688,48.1155275],[23.1304304,48.1155217],[23.1305113,48.1155097],[23.1308849,48.1154442],[23.1309504,48.1154285],[23.1310117,48.1154092],[23.1310656,48.1153861],[23.1311146,48.115355],[23.1311475,48.1153202],[23.1312008,48.1152493],[23.1312458,48.1151977],[23.1312989,48.1151592],[23.1313694,48.1151193],[23.1314397,48.1150878],[23.1315092,48.1150627],[23.1318725,48.1149594],[23.1319456,48.1149369],[23.1320162,48.1149126],[23.1324577,48.1147574],[23.1325455,48.1147326],[23.1326386,48.1147129],[23.1327503,48.1146933],[23.1328438,48.1146852],[23.1329454,48.1146879],[23.1330511,48.1146988],[23.1338168,48.1148001],[23.1339613,48.1148142],[23.134125,48.1148235],[23.134261,48.1148282],[23.1357062,48.1148413],[23.1358983,48.1148367],[23.1361557,48.1148252],[23.1363156,48.1148162],[23.1364964,48.1148023],[23.1366758,48.1147887],[23.1368457,48.1147734],[23.1369916,48.1147605],[23.1375348,48.1147099],[23.1377497,48.1146887],[23.1378674,48.1146744],[23.1388326,48.114548],[23.1389879,48.1145257],[23.1397804,48.1144064],[23.1398304,48.1144003],[23.1403129,48.1143408],[23.1403533,48.1143358],[23.1404705,48.1143291],[23.1405342,48.1143242],[23.1405971,48.1143183],[23.1406766,48.1143089],[23.1407541,48.1142986],[23.1409294,48.1142755],[23.141098,48.1142517],[23.1415031,48.1141877],[23.1416271,48.1141732],[23.1417317,48.1141687],[23.1418372,48.1141728],[23.1419558,48.1141862],[23.1420549,48.1142102],[23.1422119,48.1142583],[23.1422571,48.1142675],[23.142334,48.1142759],[23.1424249,48.1142848],[23.1425111,48.1142979],[23.1426294,48.1143223],[23.1427328,48.114347],[23.1522014,48.1168326],[23.1523073,48.1168627],[23.1527203,48.11698],[23.1530903,48.1170875],[23.1531814,48.1171139],[23.1533559,48.117161],[23.1635443,48.1198418],[23.1657217,48.1204095],[23.1699599,48.1215146],[23.1701758,48.1215702],[23.1703696,48.1216145],[23.1705709,48.1216532],[23.1707588,48.1216835],[23.1709321,48.1217035],[23.1710855,48.1217163],[23.1712432,48.1217208],[23.1714486,48.1217163],[23.1716402,48.1217014],[23.1718267,48.1216804],[23.1720156,48.1216494],[23.1761997,48.1208338],[23.1785041,48.1204185],[23.1787547,48.1203658],[23.1789896,48.1203095],[23.1792181,48.1202428],[23.1794595,48.1201632],[23.1795985,48.1200936],[23.1797571,48.1200013],[23.1798877,48.1199155],[23.1799479,48.119854],[23.1800106,48.119789],[23.1830072,48.11655],[23.1830852,48.1164636],[23.1833917,48.1161077],[23.1834627,48.11603],[23.1835806,48.1159167],[23.1836466,48.115858],[23.183734,48.1157903],[23.1838149,48.1157338],[23.18389,48.1156868],[23.1849844,48.1150251],[23.1852099,48.1148947],[23.1854717,48.1147433],[23.1855834,48.1146765],[23.1874573,48.1135195],[23.1880064,48.113184],[23.1895108,48.112265],[23.189854,48.1120571],[23.1901333,48.111891],[23.1903355,48.1117887],[23.1904697,48.111731],[23.1906697,48.1116585],[23.1908446,48.1116012],[23.1910062,48.1115592],[23.1911924,48.1115249],[23.1913847,48.1115016],[23.191595,48.1114845],[23.1946359,48.1113463],[23.1948678,48.1113315],[23.1951319,48.1113129],[23.1953373,48.1112913],[23.1955365,48.1112604],[23.1957447,48.1112223],[23.1975288,48.1108766],[23.197631,48.110855],[23.1977036,48.1108366],[23.1977973,48.1108065],[23.1978859,48.1107706],[23.1979735,48.1107306],[23.1980683,48.11068],[23.1981426,48.1106363],[23.1982437,48.1105655],[23.1983088,48.1105038],[23.1983627,48.1104442],[23.1984098,48.1103835],[23.1984483,48.1103207],[23.1984752,48.1102601],[23.1984946,48.1101818],[23.1985069,48.1101023],[23.1985105,48.1100131],[23.1985091,48.1097203],[23.198526,48.1096092],[23.1985497,48.109539],[23.1985819,48.1094628],[23.1986286,48.1093745],[23.1987296,48.1092649],[23.1988447,48.1091735],[23.1989555,48.1091029],[23.1990744,48.109039],[23.200381,48.1084177],[23.2006712,48.1082905],[23.2007652,48.1082555],[23.2008572,48.1082241],[23.2009442,48.1081978],[23.201026,48.1081794],[23.201106,48.1081635],[23.2011721,48.1081549],[23.2012524,48.1081508],[23.2013421,48.1081565],[23.2014826,48.1081801],[23.2016147,48.1082094],[23.2017231,48.1082421],[23.2018258,48.1082801],[23.2018943,48.1083107],[23.2019557,48.1083381],[23.2035745,48.1091387],[23.2037352,48.1092088],[23.2040098,48.1093286],[23.2041705,48.1093914],[23.2043078,48.1094349],[23.204457,48.1094718],[23.20464,48.1095089],[23.2048025,48.1095358],[23.2059146,48.1096918],[23.20605,48.1097108],[23.2066216,48.109791],[23.2066698,48.109798],[23.2071884,48.1098732]]}},
{"type":"Feature","properties":{"full_id":"w193308191","ref":"С-071208","length_km":5.55801,"name:uk":"Холмківська сільська громада","lenght_roads":5.558,"id_roads":"53880"},"geometry":{"type":"LineString","coordinates":[[22.2123728,48.5820763],[22.213949,48.581353],[22.2154541,48.5806249],[22.2168687,48.5799717],[22.2183595,48.5792827],[22.2186254,48.5791566],[22.2192582,48.5788413],[22.2196665,48.5786379],[22.2224915,48.577177],[22.2235365,48.5766366],[22.2236388,48.5765837],[22.2280759,48.5743055],[22.2343535,48.5710254],[22.2365199,48.5699621],[22.2390912,48.5686247],[22.241833,48.5671987],[22.2419705,48.5673244],[22.2421244,48.5674494],[22.2422558,48.5675523],[22.2423711,48.5676322],[22.2425294,48.567729],[22.2427818,48.5678673],[22.2433623,48.5680848],[22.2438746,48.5682561],[22.2444109,48.5684784],[22.2446591,48.5685889],[22.2448227,48.5686794],[22.2449568,48.5687717],[22.2467188,48.5702095],[22.2469477,48.5704254],[22.2474207,48.5710715],[22.2474807,48.571134],[22.2475945,48.5712164],[22.2486815,48.5718832],[22.2489717,48.5720699],[22.2494974,48.5718079],[22.2498575,48.5715818],[22.2503844,48.5711934],[22.2514562,48.5704381],[22.2514761,48.5704236],[22.2515349,48.5703705],[22.2518919,48.5701106],[22.2521879,48.5699045],[22.2530353,48.5693218],[22.254204,48.568488],[22.254398,48.5683362],[22.2544823,48.5682811],[22.2546162,48.568188],[22.2549536,48.5679661],[22.2551465,48.5678363],[22.2552985,48.5677552],[22.2558923,48.5675036],[22.2591923,48.5661321],[22.2596803,48.565923],[22.2597781,48.5658884],[22.259918,48.565833],[22.2601211,48.5658053],[22.2606456,48.5658037],[22.2608123,48.5657862],[22.2611836,48.5657472],[22.2616354,48.5657084],[22.2618229,48.5656852],[22.2623961,48.5656196],[22.2627606,48.5655867],[22.2629599,48.565582],[22.2630791,48.5655892],[22.2632088,48.5656122],[22.2633581,48.5656487],[22.26358,48.5657236],[22.2640657,48.5659382],[22.2645007,48.5660905],[22.2647893,48.566168],[22.2651449,48.5661863],[22.2653692,48.5661696],[22.2653812,48.5660998],[22.265394,48.5660445],[22.2654236,48.5659342],[22.265476,48.5657849],[22.2656423,48.5653263],[22.2657738,48.5650856],[22.2658182,48.5650281],[22.265889,48.5648983],[22.2660387,48.5645534],[22.2663555,48.5636775],[22.2665673,48.5630438],[22.2666344,48.5627829],[22.266688,48.5626604],[22.266743,48.5625947],[22.2668268,48.562533],[22.2669697,48.5624723],[22.2670475,48.5624545],[22.2671268,48.5624417],[22.2678309,48.5624101],[22.268182,48.5623766],[22.2685736,48.5623267],[22.2687205,48.5623061]]}},
{"type":"Feature","properties":{"full_id":"w208537198","ref":"С-071116","length_km":0.69708,"name:uk":"Солотвинська селищна громада","lenght_roads":0.6971,"id_roads":"42057"},"geometry":{"type":"LineString","coordinates":[[23.8532331,47.96819],[23.8531328,47.9680391],[23.8529733,47.9679659],[23.8524933,47.9677105],[23.8520192,47.9674675],[23.8516449,47.9674135],[23.8512907,47.9673557],[23.8512014,47.9673229],[23.8509221,47.9671089],[23.8500814,47.9667368],[23.849581,47.9665092],[23.8488554,47.9660407],[23.848128,47.9652425],[23.8480355,47.9645468],[23.8478721,47.9641461],[23.847705,47.9639185],[23.8475707,47.9636895]]}},
{"type":"Feature","properties":{"full_id":"w809098580","ref":"С-070815","length_km":0.35881,"name:uk":"Тур'є-Реметівська сільська громада","lenght_roads":0.3588,"id_roads":"28911"},"geometry":{"type":"LineString","coordinates":[[22.8112956,48.659716],[22.811493,48.6595352],[22.8118293,48.6593097],[22.8121206,48.6591667],[22.8122735,48.6591047],[22.8124128,48.6590126],[22.8128872,48.6585906],[22.8130165,48.6585005],[22.8131192,48.6583966],[22.813215,48.6582702],[22.8132981,48.6581249],[22.813392,48.6579832],[22.8135225,48.657853],[22.8136964,48.6577449],[22.8138962,48.657635],[22.8141001,48.6575287],[22.8142911,48.6574035],[22.8144085,48.6572936]]}},
{"type":"Feature","properties":{"full_id":"w165664461","ref":"О-070501","length_km":3.77305,"name:uk":"Зарічанська сільська громада","lenght_roads":3.7731,"id_roads":"92561"},"geometry":{"type":"LineString","coordinates":[[23.0594429,48.2684921],[23.0596373,48.2684362],[23.0597985,48.2683852],[23.0600158,48.2682941],[23.0603403,48.2681603],[23.0606454,48.2680574],[23.0608807,48.267988],[23.061678,48.2677348],[23.062369,48.2675522],[23.0630212,48.2673758],[23.0639141,48.2671774],[23.0652747,48.2669138],[23.065453,48.2668769],[23.0657476,48.2668087],[23.0658424,48.266789],[23.0661399,48.2667315],[23.0662646,48.2667391],[23.0663458,48.2667466],[23.0664471,48.2667668],[23.067318,48.2671854],[23.0673918,48.2672488],[23.0674495,48.2673121],[23.0676789,48.2676541],[23.0677605,48.2678157],[23.0678781,48.2680621],[23.0679543,48.2682077],[23.0680694,48.2683132],[23.068123,48.268358],[23.0682124,48.2684069],[23.0683279,48.2684566],[23.0688692,48.2685762],[23.0697765,48.2687703],[23.0708046,48.2689942],[23.0716403,48.269169],[23.0720749,48.2692514],[23.0735376,48.2694535],[23.0742761,48.2695542],[23.0743165,48.2695609],[23.0752762,48.2697156],[23.0756133,48.269774],[23.0757291,48.2697913],[23.0758008,48.2698033],[23.0771394,48.269997],[23.0789951,48.2702714],[23.0805602,48.2705028],[23.0808666,48.2705337],[23.081289,48.2705221],[23.0824192,48.2703727],[23.0853488,48.2700304],[23.0879888,48.2697192],[23.0890962,48.2695859],[23.0913935,48.269322],[23.0941598,48.268963],[23.0944377,48.2689302],[23.0955195,48.2688419],[23.0969777,48.2688002],[23.0987087,48.2687287],[23.0995074,48.2686864],[23.1029475,48.2685066],[23.1030938,48.2685166],[23.1034061,48.268571],[23.10758322247872,48.269228799325617]]}},
{"type":"Feature","properties":{"full_id":"w246698662","ref":"С-070518","length_km":1.13421,"name:uk":"Зарічанська сільська громада","lenght_roads":1.1342,"id_roads":"47713"},"geometry":{"type":"LineString","coordinates":[[23.0941598,48.268963],[23.0941589,48.2690619],[23.0939498,48.2692976],[23.0933168,48.2698802],[23.091985,48.2709588],[23.0918334,48.2710883],[23.0917368,48.2711722],[23.0916736,48.2712293],[23.0888661,48.2737636],[23.0872364,48.2757027],[23.086477516935684,48.277630380074207]]}},
{"type":"Feature","properties":{"full_id":"w203292473","ref":"С-071307","length_km":3.87538,"name:uk":"Хустська міська громада","lenght_roads":3.8754,"id_roads":"68771"},"geometry":{"type":"LineString","coordinates":[[23.2438347,48.1838969],[23.2438113,48.1846593],[23.2437439,48.1849094],[23.2436546,48.1852017],[23.2435977,48.1857215],[23.2434678,48.1862141],[23.243543,48.1864755],[23.2437684,48.1872584],[23.2437804,48.187297],[23.2438114,48.1874918],[23.2439515,48.1880444],[23.2438804,48.1882375],[23.2438286,48.1885363],[23.2439377,48.188697],[23.2441444,48.1887506],[23.2445004,48.1887966],[23.2448449,48.1888961],[23.2451348,48.1890184],[23.2453136,48.1891534],[23.245395,48.1892808],[23.2454054,48.1894328],[23.2453482,48.189665],[23.2453583,48.1898812],[23.2454145,48.1901493],[23.2454139,48.190357],[23.2453212,48.1905808],[23.2452092,48.1907443],[23.2452963,48.191018],[23.2452716,48.1915665],[23.2453014,48.191867],[23.2454336,48.1921179],[23.2455478,48.1925272],[23.2455827,48.1928364],[23.245632,48.1930333],[23.2456416,48.1933531],[23.2456672,48.1935243],[23.2457702,48.1937564],[23.2459471,48.1940623],[23.2460643,48.1944849],[23.2460851,48.194569],[23.2466635,48.1952709],[23.2469364,48.1955467],[23.2473254,48.1955824],[23.247568,48.1956628],[23.2481352,48.1959899],[23.2484465,48.1961288],[23.2486936,48.1961667],[23.2491123,48.196206],[23.2495143,48.1961766],[23.2501631,48.1961544],[23.2503861,48.19617],[23.2509604,48.1962551],[23.2516308,48.1962954],[23.2515373,48.1958187],[23.2514822,48.1949686],[23.251479,48.1946992],[23.2518671,48.194271],[23.2523146,48.1939321],[23.2526201,48.1936573],[23.2526445,48.1936353],[23.2526465,48.1932008],[23.2528144,48.1929682],[23.2530604,48.1926382],[23.2532769,48.1921225],[23.2535219,48.1912306],[23.2536746,48.190504],[23.2539092,48.1900988],[23.2540615,48.1897567],[23.2543833,48.1895767],[23.2547173,48.1893132],[23.2548404,48.1890791],[23.2551258,48.1888408],[23.2555433,48.188526],[23.2553736,48.188292],[23.2553503,48.1881491],[23.2553991,48.1880127],[23.2555494,48.1878342],[23.2559547,48.187432],[23.2564239,48.1869912],[23.2569338,48.1863181],[23.2574666,48.1857727],[23.2577608,48.1857192],[23.2584248,48.185608],[23.2587567,48.1855472],[23.2590313,48.1854461],[23.2592186,48.185396],[23.2594644,48.1853878],[23.2596081,48.1853254],[23.2599064,48.1853028],[23.2604317,48.1853002],[23.2606773,48.1852622],[23.2618816,48.1851728],[23.2623442,48.1848837],[23.2628386,48.1844415],[23.263176,48.1840416],[23.2633258,48.1837676],[23.2635704,48.1831504],[23.2637454,48.1825707],[23.2637888,48.1824351],[23.2638246,48.1823114],[23.2638707,48.1821982],[23.2639266,48.1820979],[23.264155,48.1817034],[23.2641716,48.1816449],[23.2641528,48.1815979],[23.2640231,48.1814585]]}},
{"type":"Feature","properties":{"full_id":"w203292510","ref":"С-070521","length_km":5.0906,"name:uk":"Білківська сільська громада","lenght_roads":5.0906,"id_roads":"82982"},"geometry":{"type":"LineString","coordinates":[[23.1152777,48.2704405],[23.1155825,48.2693099],[23.11585,48.2683174],[23.1158525,48.2682171],[23.1158241,48.2681463],[23.1157353,48.2680774],[23.1134844,48.2665396],[23.112493,48.2658235],[23.1123492,48.2656676],[23.1122173,48.2654597],[23.1115542,48.2637275],[23.1102256,48.2599465],[23.1091154,48.2569614],[23.1090272,48.2566442],[23.1089987,48.2563755],[23.1091029,48.2559248],[23.1091967,48.2555704],[23.1092871,48.2549652],[23.1092593,48.2544435],[23.1089661,48.2533573],[23.1087435,48.2528912],[23.1083679,48.2525156],[23.1080409,48.2520217],[23.1079296,48.2515209],[23.1079505,48.2507906],[23.1078949,48.2501854],[23.1078111,48.2499279],[23.1077157,48.2497375],[23.1075324,48.2493717],[23.1074562,48.2491002],[23.1074118,48.2488312],[23.1073895,48.2482387],[23.1074451,48.2471582],[23.1075229,48.246825],[23.1076475,48.2467109],[23.1079977,48.2465221],[23.1082589,48.2463223],[23.1085313,48.2460372],[23.1086703,48.2457596],[23.1087162,48.2455192],[23.1087435,48.244942],[23.1091623,48.2432754],[23.1093667,48.2427885],[23.1095475,48.2425634],[23.1097126,48.2424325],[23.1097833,48.2422912],[23.1097676,48.2421446],[23.1095977,48.2418624],[23.1096003,48.2416561],[23.1097401,48.2415137],[23.1099484,48.241286],[23.1099798,48.2411813],[23.1100152,48.2409196],[23.1100899,48.2407887],[23.1102157,48.2406342],[23.1102825,48.2405138],[23.1103061,48.240307],[23.1103096,48.2399257],[23.1103122,48.2396404],[23.1103161,48.2392145],[23.1103828,48.2390072],[23.1105384,48.2388147],[23.1107856,48.2385766],[23.111347,48.238236],[23.1116916,48.2380138],[23.1120362,48.2377251],[23.1123364,48.2374511],[23.1127088,48.2371623],[23.1136148,48.236148],[23.1140039,48.2355445],[23.1146987,48.2351298],[23.1150993,48.2349609],[23.1157795,48.2343851],[23.1161964,48.2340321],[23.1164701,48.2338003],[23.1176915,48.2327662],[23.1182209,48.2323044],[23.1188714,48.2318699],[23.1191435,48.2317032],[23.1195393,48.2314607],[23.1202126,48.2310301],[23.1209338,48.2306116],[23.1213679,48.2303628],[23.1217599,48.230155],[23.1219972,48.2299728],[23.1220294,48.2299425],[23.1220723,48.2298942],[23.1221515,48.2297906],[23.1221743,48.229754],[23.1221917,48.2297173],[23.1222038,48.2296816],[23.122205855181541,48.229670312986947]]}},
{"type":"Feature","properties":{"full_id":"w161163149","ref":"О-071208","length_km":6.53125,"name:uk":"Ужгородська міська громада","lenght_roads":0.0884,"id_roads":"34672"},"geometry":{"type":"LineString","coordinates":[[22.2571157,48.6093824],[22.2560603,48.6091004]]}},
{"type":"Feature","properties":{"full_id":"w203292509","ref":"С-070508","length_km":6.99085,"name:uk":"Білківська сільська громада","lenght_roads":6.9908,"id_roads":"92234"},"geometry":{"type":"LineString","coordinates":[[23.1500092,48.2767664],[23.1502755,48.2768256],[23.1505161,48.2768401],[23.1508584,48.2768335],[23.1517654,48.2768107],[23.1521525,48.2768113],[23.1525008,48.2768574],[23.152785,48.2769476],[23.1530184,48.2770537],[23.1532973,48.2772158],[23.1534281,48.2772857],[23.1536061,48.2773573],[23.1553799,48.2779558],[23.1562724,48.2782189],[23.1564017,48.2782772],[23.1565284,48.2783627],[23.1568793,48.2786],[23.1570034,48.2786594],[23.1571501,48.2786998],[23.1582263,48.2789393],[23.1585296,48.2787],[23.1587371,48.2785016],[23.1588814,48.2783668],[23.1589517,48.278311],[23.159008,48.2782718],[23.1591157,48.2782139],[23.159295,48.2781272],[23.1597186,48.2779961],[23.1599662,48.2778975],[23.1601265,48.2778023],[23.1602503,48.2776651],[23.1603414,48.277544],[23.1604323,48.277365],[23.1605263,48.277239],[23.1605986,48.2771722],[23.1606732,48.2771292],[23.1608346,48.2770633],[23.1610277,48.2770217],[23.1614619,48.2769633],[23.1620383,48.2769136],[23.1624411,48.2768815],[23.1627631,48.2768419],[23.1631235,48.2767607],[23.1633323,48.2767838],[23.1636488,48.2767997],[23.1638004,48.276803],[23.1643001,48.2767644],[23.1646112,48.2767348],[23.1648594,48.2767165],[23.1651906,48.2767045],[23.1658704,48.2767644],[23.1664193,48.2767848],[23.1668614,48.2767962],[23.167361,48.276758],[23.1681648,48.2765991],[23.1684145,48.276542],[23.1686189,48.276515],[23.1688883,48.2765112],[23.1691655,48.2765313],[23.1694108,48.276515],[23.1702893,48.2764844],[23.1707293,48.2764474],[23.1711719,48.2764483],[23.1717707,48.2764348],[23.172253,48.2764004],[23.1727239,48.2763316],[23.1730913,48.2763136],[23.1735497,48.2763284],[23.1737521,48.2763341],[23.1741067,48.2763791],[23.1742296,48.2764171],[23.1743154,48.276476],[23.1745178,48.2766667],[23.1746694,48.276783],[23.1747697,48.2768437],[23.1748894,48.2768865],[23.1749951,48.2769067],[23.1752029,48.2769357],[23.1757089,48.2769573],[23.1760933,48.2769196],[23.1763002,48.2768955],[23.1764291,48.2768817],[23.1766543,48.2768705],[23.1768757,48.2768763],[23.1773871,48.2768962],[23.1775904,48.2769222],[23.177777,48.2769627],[23.1781841,48.2770569],[23.178431,48.277099],[23.1786016,48.2771008],[23.1787698,48.2770722],[23.1790109,48.2770034],[23.1791479,48.2769076],[23.1793795,48.2765769],[23.1795581,48.2764094],[23.1796879,48.2762885],[23.1797695,48.276177],[23.1798261,48.2760149],[23.1798193,48.2758762],[23.1798166,48.2757887],[23.1798423,48.2757177],[23.1799154,48.2755988],[23.180568,48.2748664],[23.1807561,48.2747143],[23.1817504,48.2741721],[23.1821962,48.2739409],[23.1823794,48.2738458],[23.1825084,48.2737789],[23.1829218,48.2735993],[23.1829841,48.2735753],[23.1833295,48.2734426],[23.1836475,48.2733632],[23.1844844,48.2730039],[23.1850463,48.2727051],[23.1853862,48.2724729],[23.1856297,48.2722627],[23.1859018,48.2720248],[23.1862383,48.2717667],[23.1863883,48.2716098],[23.186631,48.2713331],[23.186855,48.2710846],[23.1870789,48.2708935],[23.1872684,48.2707827],[23.1877737,48.270626],[23.1882732,48.2704846],[23.1887268,48.2702973],[23.188945,48.2702056],[23.1892392,48.2701331],[23.1894916,48.2700839],[23.1896657,48.2700724],[23.1899096,48.2700566],[23.1903862,48.2700298],[23.1908054,48.2700031],[23.1910564,48.2699584],[23.1911532,48.2699412],[23.1915781,48.2698075],[23.1926517,48.2694624],[23.1930821,48.2692408],[23.1935449,48.2689273],[23.1939716,48.2686385],[23.1940321,48.2685976],[23.1942839,48.2683382],[23.1945518,48.2679436],[23.19565,48.2660495],[23.1958449,48.2658009],[23.1960885,48.2656441],[23.1963971,48.2655522],[23.1967326,48.2654963],[23.1970122,48.2655016],[23.1975175,48.2654766],[23.198002,48.2654589],[23.1984454,48.2654099],[23.1988656,48.2653414],[23.1993772,48.265163],[23.19984,48.2649468],[23.2002704,48.2646819],[23.2005786,48.2644392],[23.201015,48.2641755],[23.2014628,48.2639653],[23.2024689,48.2636297],[23.2032875,48.2633088],[23.2036545,48.2631649],[23.2039814,48.2630876],[23.2047535,48.2628893],[23.2058415,48.2626281],[23.2067483,48.2625594],[23.2076009,48.2624371],[23.2085438,48.2622941],[23.2086611,48.2622958],[23.2088636,48.2623038],[23.2090312,48.2623627],[23.2091667,48.2624217],[23.209223,48.2625034],[23.2092391,48.2625449],[23.2092465,48.2626029],[23.2092418,48.2626636],[23.2091305,48.2628297],[23.2089737,48.2630466],[23.2088864,48.2631573],[23.2088341,48.2632671],[23.208812,48.2633711],[23.2088166,48.2634448],[23.2088475,48.2635609],[23.2089467,48.263668],[23.2092497,48.2638573],[23.2094912,48.2640108],[23.2096481,48.2640983],[23.209848,48.2641742],[23.2098879,48.264186],[23.2101417,48.2642608],[23.2104206,48.2643099],[23.2107693,48.2643184],[23.2111864,48.2643019],[23.2115445,48.2643037],[23.2117255,48.2643599],[23.2118147,48.2644416],[23.211861,48.2645108],[23.2119133,48.2646724],[23.2119736,48.264983],[23.2120353,48.2651625],[23.2121332,48.2653053],[23.2122539,48.2654589],[23.2123424,48.2655482],[23.2124564,48.2656374],[23.21262,48.2657062],[23.2129365,48.2658329],[23.2132731,48.2659704],[23.2134314,48.2660642],[23.2135655,48.2661914],[23.2136118,48.2662686],[23.2136279,48.2663454],[23.2136152,48.2664367],[23.2135923,48.2665311],[23.2135382,48.2666278],[23.2134756,48.2667426],[23.2134475,48.2668408],[23.2134619,48.2669331],[23.2135246,48.267002],[23.2135735,48.267048],[23.2137009,48.2671319],[23.2138459,48.2672189],[23.2141928,48.2673419],[23.2145006,48.2674797],[23.2147939,48.2676345],[23.2150313,48.2677925],[23.2153773,48.2680665],[23.2154766,48.2681728],[23.2155342,48.2683174],[23.2155396,48.2684673],[23.2155369,48.2687021],[23.2155611,48.2688976],[23.215604,48.2690904],[23.2155879,48.2691628],[23.2152953,48.2694652],[23.2146014,48.2700948],[23.2143682,48.2702559],[23.2141593,48.2704002],[23.2138459,48.2705418],[23.2135157,48.2706982],[23.2133081,48.2707617],[23.2132745,48.2709516],[23.2132521,48.2711006],[23.2133305,48.2713092],[23.2134144,48.2714135],[23.2135991,48.2715104],[23.2139181,48.2716519],[23.2141307,48.271786],[23.2142595,48.2719499],[23.2143602,48.2720877],[23.2144441,48.2723783],[23.2145113,48.2725347],[23.2146232,48.2726837],[23.2149337,48.2729997],[23.2151101,48.2731791],[23.2152388,48.2733691],[23.215569,48.2736485]]}},
{"type":"Feature","properties":{"full_id":"w28758686","ref":"О-070901","length_km":8.93062,"name:uk":"Рахівська міська громада","lenght_roads":8.9306,"id_roads":"78544"},"geometry":{"type":"LineString","coordinates":[[24.15640670058573,48.05761291894769],[24.1563111,48.0574062],[24.1560649,48.057077],[24.1556562,48.0567446],[24.1552179,48.0564417],[24.1546663,48.056399],[24.1542075,48.0563418],[24.1537947,48.0562903],[24.153737878365117,48.05628375130857]]}},
{"type":"Feature","properties":{"full_id":"w204054767","ref":"С-070303","length_km":5.84282,"name:uk":"Виноградівська міська громада","lenght_roads":5.8428,"id_roads":"66591"},"geometry":{"type":"LineString","coordinates":[[23.0418086,48.2677791],[23.0417428,48.2677459],[23.041604,48.2676797],[23.0415454,48.2676551],[23.0414783,48.2676373],[23.0413974,48.2676224],[23.0413081,48.26761],[23.041236,48.2676012],[23.0411722,48.267597],[23.0410958,48.2675958],[23.0410267,48.2675965],[23.0409166,48.2676031],[23.0407815,48.2676128],[23.0406406,48.2676224],[23.0404713,48.2676319],[23.0401864,48.2676455],[23.0400131,48.2676503],[23.0398827,48.2676524],[23.0397399,48.2676524],[23.0396154,48.2676526],[23.0395335,48.2676544],[23.0394267,48.2676588],[23.0393037,48.2676632],[23.0377198,48.2676897],[23.0376447,48.2676895],[23.0375847,48.2676867],[23.0375216,48.2676782],[23.0374629,48.2676652],[23.0371528,48.2675904],[23.0370901,48.2675826],[23.0370304,48.267579],[23.0369605,48.2675788],[23.0366744,48.2675834],[23.0365841,48.2675849],[23.0364843,48.2675845],[23.0363818,48.2675807],[23.0362874,48.2675741],[23.035959,48.2675374],[23.035836,48.2675277],[23.0354392,48.2675031],[23.0352905,48.2674879],[23.0351789,48.2674761],[23.0350841,48.267462],[23.0349892,48.2674444],[23.034893,48.2674239],[23.0347903,48.2673959],[23.0347045,48.2673674],[23.0346277,48.267334],[23.0345287,48.2672827],[23.034197,48.2670933],[23.0341508,48.2670645],[23.0338315,48.2668484],[23.0337937,48.2668235],[23.0337457,48.2667985],[23.0336938,48.2667765],[23.0336406,48.2667594],[23.0335731,48.2667423],[23.0335016,48.2667308],[23.0334245,48.2667233],[23.0332949,48.2667165],[23.0328312,48.266688],[23.032745,48.2666791],[23.0326438,48.2666635],[23.0325443,48.2666415],[23.0324588,48.2666176],[23.0323726,48.2665884],[23.032266,48.2665458],[23.03218,48.2665075],[23.0319434,48.2663992],[23.0316174,48.2662482],[23.0314936,48.2661955],[23.0310882,48.2660234],[23.030871,48.2659201],[23.0307988,48.265884],[23.0307285,48.2658438],[23.0306645,48.2658015],[23.0306181,48.2657622],[23.0305695,48.2657227],[23.0303469,48.2655733],[23.0303099,48.2655456],[23.0302757,48.2655175],[23.0302441,48.2654882],[23.0302099,48.2654525],[23.0298609,48.2650515],[23.0294071,48.2645352],[23.0293846,48.2645095],[23.0293577,48.264485],[23.0293403,48.2644692],[23.0292803,48.2644258],[23.0292144,48.2643882],[23.0290711,48.2643176],[23.0290514,48.264307],[23.0289726,48.2642645],[23.0288771,48.2642037],[23.0287879,48.2641384],[23.0285716,48.2639612],[23.0284699,48.2638695],[23.0284496,48.2638448],[23.028412,48.2637992],[23.0283644,48.2637207],[23.0283197,48.2636267],[23.0282538,48.263466],[23.0282034,48.2633423],[23.0281496,48.2632061],[23.0281301,48.2631164],[23.0281121,48.2630171],[23.0280987,48.2628978],[23.0280851,48.2627805],[23.0280745,48.2626711],[23.0280697,48.2625735],[23.0280801,48.2618969],[23.0280839,48.261848],[23.0280891,48.2617956],[23.0281359,48.2615534],[23.0281554,48.2614821],[23.0281814,48.2614161],[23.028216,48.2613446],[23.0282555,48.2612738],[23.0283033,48.2612003],[23.028355,48.2611372],[23.0284242,48.2610721],[23.0285277,48.2609729],[23.0285815,48.2609223],[23.0286588,48.2608445],[23.0288109,48.2606812],[23.0288787,48.2606044],[23.0289174,48.2605372],[23.0289432,48.2604666],[23.0289489,48.2604048],[23.0289488,48.2601916],[23.0289603,48.2601029],[23.0289815,48.2600175],[23.0290231,48.2599107],[23.0294605,48.2590621],[23.0295132,48.2589528],[23.0295785,48.2588584],[23.0296555,48.2587543],[23.0297424,48.258647],[23.0298489,48.2585289],[23.0300224,48.2583545],[23.0301039,48.2582735],[23.0301795,48.2581905],[23.0302491,48.2581022],[23.0302984,48.2580372],[23.03033,48.2579955],[23.0306959,48.2575194],[23.0307702,48.2574218],[23.0308509,48.2573245],[23.030946,48.2572261],[23.0310416,48.2571361],[23.0314129,48.256817],[23.0315329,48.2566998],[23.0316347,48.2565898],[23.0317251,48.2564677],[23.0317673,48.256407],[23.031804,48.2563628],[23.0319073,48.2562302],[23.031982,48.2560721],[23.032034,48.255977],[23.0321009,48.2558791],[23.0322046,48.255724],[23.0286898,48.2545879],[23.028654,48.2545763],[23.0286274,48.2545669],[23.0285749,48.2545467],[23.0284599,48.2544984],[23.0283961,48.2544761],[23.0283196,48.2544622],[23.0282367,48.2544621],[23.0281696,48.2544756],[23.0281036,48.254497],[23.0280401,48.2545221],[23.0279568,48.2545781],[23.0278767,48.2546421],[23.0275156,48.2549294],[23.0269653,48.2553931],[23.0267045,48.2556129],[23.0255466,48.2565358],[23.0253241,48.2567006],[23.0243361,48.257413],[23.0242384,48.2574799],[23.0241643,48.2575297],[23.0240849,48.2575792],[23.0239933,48.2576336],[23.0238857,48.2576915],[23.0237596,48.2577566],[23.0236518,48.2578043],[23.0235208,48.2578544],[23.023379,48.2579102],[23.0231956,48.2579787],[23.0230889,48.258017],[23.0229191,48.2580732],[23.0225061,48.2582055],[23.0223835,48.2582417],[23.0222574,48.258275],[23.0221455,48.2583021],[23.0220726,48.2583165],[23.0220039,48.2583288],[23.0219168,48.2583414],[23.0218541,48.2583481],[23.0217674,48.2583534],[23.0216286,48.2583544],[23.021497,48.2583503],[23.0213346,48.2583384],[23.02117,48.258324],[23.0191139,48.2581448],[23.0185718,48.2580991],[23.0185153,48.258094],[23.0181423,48.2580606],[23.017892,48.2580383],[23.0177378,48.2580263],[23.0175992,48.2580178],[23.0174889,48.2580105],[23.0171773,48.2579836],[23.01707,48.2579739],[23.0166684,48.2579333],[23.0165285,48.2579169],[23.0164101,48.2579029],[23.0162966,48.2578873],[23.0161894,48.2578705],[23.016078,48.2578493],[23.0159643,48.2578253],[23.0158745,48.2578047],[23.0157794,48.2577802],[23.015681,48.257753],[23.014666,48.2574693],[23.0144312,48.2573998],[23.0142608,48.2573407],[23.0142034,48.2573172],[23.0141159,48.2572765],[23.0140268,48.2572299],[23.0139358,48.2571781],[23.0138348,48.2571118],[23.0137411,48.2570488],[23.0133538,48.2567862],[23.013175,48.256665],[23.0130852,48.2566013],[23.012969,48.2565201],[23.012912,48.2564792],[23.0128821,48.2564577],[23.0128592,48.2564413],[23.012436,48.2561305],[23.0122577,48.2559923],[23.0120933,48.2558558],[23.0119401,48.2557191],[23.0117926,48.2555804],[23.0116874,48.2554791],[23.0115764,48.2553682],[23.0114534,48.2552395],[23.0113741,48.2551529],[23.0112902,48.2550592],[23.0111546,48.2549078],[23.0110536,48.2547271],[23.0110342,48.2546434],[23.0110196,48.2545803],[23.0109969,48.2541415],[23.0109902,48.2540745],[23.0109719,48.2540093],[23.0109293,48.2539451],[23.0108771,48.2538912],[23.0108142,48.2538399],[23.0107454,48.2537984],[23.010672,48.2537617],[23.0105709,48.2537207],[23.0103851,48.2536484],[23.0095412,48.2533237],[23.0092258,48.2532147],[23.0089531,48.2531293],[23.0088419,48.253097],[23.0086102,48.2530329],[23.0084973,48.2530008],[23.0084211,48.2529793],[23.0083187,48.2529471],[23.0081813,48.2528993],[23.0078027,48.2527513],[23.0077143,48.2527136],[23.0076461,48.2526822],[23.0075041,48.2526122],[23.0074602,48.2525883],[23.0073768,48.2525362],[23.0073137,48.2524883],[23.0072632,48.2524449],[23.0068649,48.2520838],[23.0067591,48.251981],[23.0063977,48.2516392],[23.0058922,48.2511888],[23.0057526,48.2510795],[23.005632,48.2509991],[23.0055172,48.2509382],[23.0054216,48.2508972],[23.0052933,48.2508515],[23.0051258,48.2507898],[23.0049768,48.2507203],[23.0048322,48.2506465],[23.0047098,48.2505709],[23.0045977,48.2504866],[23.0045007,48.2503944],[23.0044685,48.2503584],[23.0043989,48.2502825],[23.004343,48.2502179],[23.0042791,48.2501198],[23.0042147,48.2500081],[23.0041875,48.2499524],[23.004168,48.2499124],[23.0041417,48.2498334],[23.0041183,48.2497234],[23.0040676,48.249456],[23.0040377,48.2493988],[23.0039983,48.2493535],[23.0039397,48.2493063],[23.0038589,48.2492518],[23.0037718,48.2492122],[23.0036801,48.2491759],[23.0035627,48.2491401],[23.0034825,48.2491265],[23.0033284,48.2491706],[23.0032768,48.2491834],[23.0032102,48.2491947],[23.0030896,48.2492135],[23.0030039,48.2492227],[23.0029176,48.2492246],[23.0028197,48.2492226],[23.0027483,48.2492172],[23.0027034,48.2492123],[23.0026237,48.2492006],[23.0025232,48.2491831],[23.0024062,48.2491571],[23.0021519,48.2490857],[23.0019111,48.2490162],[23.0008996,48.2487244],[23.0006805,48.248657],[23.0004673,48.2485858],[22.996355,48.2472141],[22.9961193,48.2471355],[22.9959633,48.2470839],[22.9958909,48.2470587],[22.9958267,48.2470262],[22.9957712,48.2469942],[22.9957157,48.2469528],[22.9956756,48.2469127],[22.9956426,48.2468703],[22.9956219,48.2468335],[22.995604,48.2467911],[22.9955283,48.2465696],[22.9955114,48.2465318],[22.9954906,48.2464986],[22.9954671,48.2464684],[22.9954378,48.2464396],[22.9953995,48.2464106],[22.9953575,48.2463818],[22.9953066,48.2463567],[22.995253,48.2463372],[22.9951751,48.2463168],[22.9951034,48.2463007],[22.9944891,48.2461813],[22.9943959,48.2461633],[22.994307,48.2461535],[22.9942259,48.2461491],[22.9941444,48.2461465],[22.9939067,48.2461408],[22.9938159,48.2461317],[22.9937354,48.2461176],[22.9936604,48.2460991],[22.9935873,48.2460762],[22.9933886,48.2459968]]}},
{"type":"Feature","properties":{"full_id":"w432752384","ref":"О-070303","length_km":4.139,"name:uk":"Пийтерфолвівська сільська громада","lenght_roads":4.139,"id_roads":"70570"},"geometry":{"type":"LineString","coordinates":[[22.881164,47.9980269],[22.8815465,47.9980053],[22.8821569,47.9979709],[22.8822688,47.9979606],[22.8823772,47.9979447],[22.882469,47.9979253],[22.8825723,47.9978963],[22.8829756,47.9977686],[22.8834831,47.9976079],[22.8847243,47.9972149],[22.8858929,47.996845],[22.8882596,47.9960956],[22.8882936,47.9960848],[22.8884868,47.9960236],[22.8908802,47.9952658],[22.892525,47.994745],[22.8931393,47.9945505],[22.8938287,47.9943322],[22.8941551,47.9942289],[22.894458,47.994133],[22.8947763,47.9940322],[22.8986448,47.9928065],[22.9014039,47.9919337],[22.9022486,47.9916816],[22.90242,47.9916371],[22.9025766,47.9916023],[22.9027137,47.9915744],[22.9028469,47.9915524],[22.9029781,47.9915356],[22.9031333,47.9915197],[22.9032989,47.9915073],[22.9050178,47.9913993],[22.9076142,47.9912361],[22.9076695,47.9912326],[22.9134903,47.9908668],[22.9168594,47.990655],[22.9169748,47.9906423],[22.9170795,47.9906271],[22.9171771,47.9906081],[22.9172643,47.9905873],[22.9173448,47.9905633],[22.9174305,47.990535],[22.9175638,47.9904812],[22.9176063,47.9904587],[22.9176555,47.9904287],[22.9190584,47.9894929],[22.9191806,47.9894131],[22.9268665,47.9844343],[22.9269281,47.9844038],[22.9269897,47.9843772],[22.9270476,47.9843581],[22.9271191,47.9843422],[22.9271966,47.9843292],[22.9272778,47.9843219],[22.927725,47.9842936],[22.9279769,47.9842723],[22.9282115,47.9842485],[22.9283965,47.9842277],[22.9285901,47.9841993],[22.9287346,47.9841763],[22.9288356,47.9841576],[22.9289233,47.9841394],[22.9290058,47.9841196],[22.9291045,47.984094],[22.9292962,47.9840401],[22.929376,47.9840164],[22.9294607,47.9839878],[22.9295426,47.9839547],[22.9296324,47.9839152],[22.9298841,47.9838058],[22.9299935,47.9837608],[22.930231,47.9836712],[22.9303217,47.9836343],[22.9303894,47.9835987],[22.9304345,47.9835669]]}},
{"type":"Feature","properties":{"full_id":"w204054774","ref":"С-071311","length_km":1.84469,"name:uk":"Вишківська селищна громада","lenght_roads":1.8447,"id_roads":"23754"},"geometry":{"type":"LineString","coordinates":[[23.3720155,48.0857819],[23.3716838,48.0857254],[23.3705374,48.0853831],[23.3703562,48.08533],[23.3688188,48.0848611],[23.3653365,48.0836029],[23.3652006,48.0835045],[23.3644863,48.082284],[23.3584838,48.0762265],[23.3580992,48.0758732],[23.3569334,48.0749926],[23.3567859,48.0749622],[23.3565748,48.0749505],[23.3561891,48.0749558],[23.3557028,48.0749161],[23.3554632,48.0749203],[23.3552557,48.0749981],[23.3551518,48.0750977]]}},
{"type":"Feature","properties":{"full_id":"w120794350","ref":"С-070701","length_km":3.40975,"name:uk":"Великолучківська сільська громада","lenght_roads":3.4098,"id_roads":"27424"},"geometry":{"type":"LineString","coordinates":[[22.5331217,48.4695813],[22.5318432,48.4692473],[22.5302714,48.4688258],[22.5287178,48.4684846],[22.5268809,48.4680271],[22.5266021,48.4680522],[22.5263876,48.4681019],[22.525953,48.4682407],[22.5257733,48.4682905],[22.5242311,48.4684542],[22.5230616,48.4685502],[22.5227692,48.4685928],[22.5221926,48.4687511],[22.5217608,48.4687903],[22.5212377,48.4687974],[22.5210446,48.468792],[22.5209695,48.4687903],[22.5208113,48.4688436],[22.5207334,48.4688952],[22.520704,48.468937],[22.5206906,48.4689788],[22.5206932,48.4690606],[22.520712,48.469105],[22.5208542,48.4694518],[22.5208461,48.4695621],[22.5207925,48.4696101],[22.5206879,48.4696563],[22.520535,48.4696919],[22.5202373,48.4697257],[22.5196096,48.4697043],[22.5194004,48.4697132],[22.5191591,48.4697399],[22.5185019,48.4699408],[22.5176677,48.4702023],[22.5167772,48.4704779],[22.5165224,48.4705864],[22.5163534,48.4706985],[22.5162354,48.4708852],[22.5160799,48.47099],[22.515707,48.4711857],[22.51542,48.471303],[22.5150102,48.4714253],[22.5148246,48.4714453],[22.5145993,48.4714684],[22.5142854,48.4714755],[22.5139929,48.4714567],[22.51332,48.4713593],[22.5126662,48.4712388],[22.5124079,48.4712373],[22.5121218,48.4743316],[22.5118244,48.4777345],[22.5141298,48.4775924],[22.514298,48.4796371],[22.5145126,48.4822456],[22.514652,48.4835364],[22.5146883,48.4844791],[22.5145814,48.4845969]]}},
{"type":"Feature","properties":{"full_id":"w279380984","ref":"С-070912","length_km":1.07403,"name:uk":"Ясінянська селищна громада","lenght_roads":1.074,"id_roads":"25325"},"geometry":{"type":"LineString","coordinates":[[24.3723555,48.2617425],[24.3724582,48.2622092],[24.3725646,48.2626201],[24.372603,48.2627591],[24.3726218,48.2628734],[24.3726232,48.262992],[24.3725788,48.2631698],[24.3724823,48.2634573],[24.3723862,48.2637122],[24.3723787,48.263883],[24.3723874,48.2639969],[24.3724186,48.2640944],[24.3725091,48.2644144],[24.3725547,48.2645786],[24.3726352,48.2647875],[24.3727181,48.2650735],[24.3727854,48.265225],[24.3728448,48.2652962],[24.3729839,48.2654553],[24.3730693,48.2656307],[24.3731382,48.2658114],[24.373185,48.2660302],[24.3731944,48.2662205],[24.3732065,48.2663605],[24.3732467,48.2665141],[24.3733218,48.2668158],[24.3734704,48.2673442],[24.3735627,48.2675656],[24.373582,48.2676639],[24.3735605,48.267746],[24.3735015,48.2678157],[24.3734305,48.2678633],[24.3730066,48.2681277],[24.3729142,48.2681978],[24.3728157,48.2682941],[24.3728195,48.2684097],[24.3729473,48.2684997],[24.3730187,48.268562],[24.3731564,48.2686407],[24.3733031,48.268728],[24.3734742,48.2688636],[24.3735176,48.268944],[24.3735531,48.2690517],[24.3735125,48.2694652],[24.3733071,48.2699519],[24.3732682,48.2701804],[24.37324,48.2703089],[24.3732226,48.2703924],[24.3732038,48.2704286],[24.3731919,48.2704908],[24.3732117,48.2707504],[24.3732354,48.2708514]]}},
{"type":"Feature","properties":{"full_id":"w808643824","ref":"С-071122","length_km":2.09758,"name:uk":"Нересницька сільська громада","lenght_roads":2.0976,"id_roads":"61692"},"geometry":{"type":"LineString","coordinates":[[23.7399893,48.0725123],[23.7404012,48.0723635],[23.7407744,48.0722354],[23.740966,48.072142],[23.7414424,48.0718369],[23.7422773,48.0710559],[23.7424942,48.0708537],[23.7428372,48.0706684],[23.743049,48.0704763],[23.7434172,48.0697348],[23.7437299,48.069327],[23.7445015,48.0687372],[23.7449403,48.0685485],[23.7453287,48.0683598],[23.745949,48.0681542],[23.7467913,48.0680025],[23.7473309,48.0679284],[23.747573,48.067807],[23.7485403,48.0673103],[23.7497215,48.0668667],[23.750004,48.0667252],[23.7505285,48.0665836],[23.7509759,48.0663961],[23.7514212,48.0662095],[23.7517843,48.0661185],[23.7521071,48.0660915],[23.7534947,48.0660922],[23.7540296,48.0660541],[23.7545788,48.0658491],[23.7549212,48.0656298],[23.7551494,48.0652867],[23.7554633,48.0651437],[23.7559126,48.0650769],[23.7562122,48.0650102],[23.7563834,48.0648624],[23.7564119,48.0646908],[23.7563121,48.0644334],[23.7562336,48.0641903],[23.7562265,48.0638662],[23.7563263,48.0632179],[23.7565118,48.0629986],[23.7579811,48.0613445],[23.7581251,48.0611606],[23.7582664,48.061073],[23.7584832,48.0610291],[23.7588262,48.0610258],[23.7590649,48.0610449]]}},
{"type":"Feature","properties":{"full_id":"w121558865","ref":"О-070201","length_km":11.59852,"name:uk":"Дубриницько-Малоберезнянська сільська громада","lenght_roads":11.5985,"id_roads":"70160"},"geometry":{"type":"LineString","coordinates":[[22.4910668,48.8159983],[22.4913919,48.8160964],[22.4917848,48.816215],[22.4928483,48.8163065],[22.4937461,48.8163815],[22.4945279,48.8164419],[22.4954813,48.8164917],[22.4968245,48.8165339],[22.4978072,48.8165742],[22.4988953,48.8166012],[22.5001416,48.8166495],[22.5008356,48.8167005],[22.5011142,48.8167162],[22.5014023,48.8167119],[22.5017054,48.816701],[22.502088,48.8166828],[22.5027076,48.8166752],[22.502891,48.816688],[22.5036603,48.8167117],[22.5042794,48.8167309],[22.5046891,48.8167436],[22.5052703,48.8167875],[22.5054979,48.816801],[22.5056613,48.8167875],[22.5058301,48.8167598],[22.5059812,48.8167256],[22.5062906,48.8166508],[22.5065891,48.8165989],[22.5067961,48.816565],[22.5070084,48.8165382],[22.5073115,48.8165069],[22.507644,48.816465],[22.5080838,48.8164131],[22.5083215,48.8163838],[22.5085592,48.8163439],[22.5088628,48.8162818],[22.5095292,48.8161098],[22.5098225,48.8160442],[22.5102311,48.8159715],[22.5105618,48.815922],[22.5109604,48.8158839],[22.5112679,48.8158793],[22.5117547,48.8158756],[22.512357,48.8158806],[22.512711,48.8159106],[22.5129681,48.8159494],[22.5132881,48.8160043],[22.5135536,48.8160581],[22.5137838,48.8161125],[22.5140482,48.8161821],[22.514372,48.8162875],[22.5147682,48.8164524],[22.5152228,48.8166514],[22.5156608,48.8168754],[22.5161418,48.8171299],[22.5166212,48.8174055],[22.5169605,48.8176484],[22.5172752,48.8179001],[22.517419,48.8180409],[22.5174923,48.8181549],[22.5175652,48.8182825],[22.51762,48.8184362],[22.5176383,48.818572],[22.51765,48.8187721],[22.5176267,48.8189708],[22.5175732,48.8192035],[22.5173462,48.8198961],[22.5172842,48.8202994],[22.5172566,48.8206804],[22.5172609,48.821135],[22.5173163,48.8214291],[22.5174056,48.8217413],[22.5174582,48.8220117],[22.5175095,48.8224769],[22.5175511,48.8226846],[22.5176913,48.8229568],[22.5178696,48.8231625],[22.5181015,48.8233805],[22.5187288,48.8238676],[22.5191469,48.8241527],[22.5196025,48.8244378],[22.5206998,48.8250666],[22.5217676,48.825729],[22.5224751,48.826268],[22.5229952,48.8266912],[22.5233245,48.8269073],[22.5236013,48.8270615],[22.5238941,48.8271645],[22.5241748,48.8272313],[22.524491,48.8272841],[22.525102,48.827385],[22.5261059,48.827529],[22.5268726,48.8276183],[22.5271636,48.8276463],[22.5275691,48.8276537],[22.5278853,48.8276465],[22.5281193,48.8276302],[22.5282895,48.8276251],[22.5284636,48.8276306],[22.5286492,48.8276483],[22.5288083,48.8276782],[22.5289947,48.8277206],[22.5293045,48.827831],[22.5299249,48.8280704],[22.5301499,48.8281677],[22.5303681,48.8282844],[22.5305154,48.8283996],[22.5306302,48.8285644],[22.5307172,48.828727],[22.5308579,48.8290221],[22.5311992,48.8296846],[22.5313243,48.8299464],[22.5315058,48.8302923],[22.5316232,48.8305431],[22.531721,48.8307671],[22.5318507,48.8310733],[22.5320259,48.8314306],[22.5323812,48.8320912],[22.5325381,48.832296],[22.5326549,48.832455],[22.5328185,48.8326327],[22.5330251,48.8328351],[22.5332419,48.8330037],[22.533507,48.8331547],[22.5339125,48.8333378],[22.5343741,48.8335203],[22.5346883,48.8336133],[22.5349838,48.8336658],[22.5352765,48.8336977],[22.5356041,48.8337262],[22.5359376,48.8337282],[22.5363194,48.8336846],[22.5365942,48.8336402],[22.5368449,48.833587],[22.5371996,48.8334952],[22.5375237,48.8333994],[22.5378046,48.8332834],[22.5380103,48.8331443],[22.5382054,48.8329974],[22.5384811,48.8328809],[22.5387713,48.8327436],[22.5389065,48.8326333],[22.5390175,48.8325231],[22.5390942,48.8324213],[22.539179,48.8322877],[22.5394938,48.8316768],[22.539857,48.8309619],[22.5400937,48.8305714],[22.5403246,48.8302573],[22.5404676,48.8300964],[22.5405538,48.8300071],[22.5406294,48.8299567],[22.5407167,48.8298961],[22.5408039,48.8298602],[22.5408498,48.8298476],[22.5409113,48.8298307],[22.5410051,48.8298224],[22.5411005,48.829837],[22.5412013,48.8298638],[22.5412658,48.8299075],[22.5413626,48.8299896],[22.541542,48.8301565],[22.5417588,48.8303833],[22.5419524,48.8306014],[22.5421647,48.8307674],[22.5423992,48.8309249],[22.5426022,48.8310315],[22.5428294,48.831108],[22.5430039,48.8311666],[22.5431947,48.8312269],[22.543386,48.8312816],[22.5435719,48.8313257],[22.5437549,48.8313588],[22.5440338,48.8313818],[22.5445007,48.8314006],[22.5448775,48.8314085],[22.5452542,48.8314041],[22.5455261,48.8313709],[22.5458189,48.8313196],[22.5461046,48.8312567],[22.5464328,48.8311668],[22.546677,48.8310924],[22.5468785,48.831017],[22.5470441,48.8309211],[22.5472034,48.8308039],[22.547349,48.83065],[22.5474827,48.8304731],[22.5475409,48.8303079],[22.5475829,48.8301727],[22.5476177,48.8299396],[22.5476209,48.8297238],[22.5476161,48.8295168],[22.5475743,48.8293283],[22.5475154,48.8291128],[22.5474036,48.8288281],[22.5473678,48.8286521],[22.5473374,48.8283336],[22.5473099,48.8281027],[22.5473077,48.8279055],[22.5473272,48.8277344],[22.5473674,48.8276209],[22.5473882,48.8275621],[22.5474702,48.8274293],[22.5475763,48.8272948],[22.5477108,48.8271937],[22.5478603,48.8270984],[22.5479742,48.8270465],[22.5481552,48.8269857],[22.5482728,48.8269499],[22.548548,48.8268986],[22.5487593,48.8268595],[22.5488172,48.8268488],[22.5490679,48.8268208],[22.5492641,48.8268033],[22.5494582,48.8267984],[22.5496256,48.8268174],[22.5498196,48.8268621],[22.5500715,48.8269312],[22.5502517,48.8269644],[22.5504607,48.8269634],[22.5506313,48.8269211],[22.5508186,48.8268653],[22.5511528,48.8267389],[22.5514896,48.8266249],[22.5517862,48.8265269],[22.5519957,48.826449],[22.5521537,48.8263955],[22.5522196,48.8263732],[22.5524579,48.8262826],[22.5526062,48.8262365],[22.5527675,48.826207],[22.5529079,48.8261838],[22.5531152,48.8261783],[22.5533966,48.8261763],[22.5538615,48.8261784],[22.5542085,48.826215],[22.5544869,48.8262688],[22.5547969,48.8263487],[22.5550691,48.826434],[22.5552722,48.826519],[22.5554042,48.8265983],[22.5554895,48.8266638],[22.5555379,48.8267556],[22.5556048,48.826858],[22.5556545,48.8269713],[22.5557131,48.8270946],[22.5557766,48.8272942],[22.5558758,48.8275065],[22.5559726,48.8276698],[22.5560718,48.8278166],[22.5562003,48.8279624],[22.5563931,48.8281205],[22.5565876,48.8282554],[22.556993,48.8285007],[22.5572491,48.8286238],[22.5574925,48.8287009],[22.5576814,48.8287541],[22.5578916,48.8287967],[22.5580833,48.8288198],[22.5583769,48.8288181],[22.5586813,48.8288066],[22.5589913,48.8287943],[22.5592824,48.8287873],[22.559539,48.8287639],[22.5597345,48.8287326],[22.5599138,48.8286853],[22.5601543,48.8286015],[22.5607477,48.8283179],[22.5626764,48.827419],[22.5629851,48.8272702],[22.5633765,48.8271092],[22.5636776,48.8269962],[22.5639523,48.8268946],[22.5642357,48.8268193],[22.5645114,48.8267704],[22.5648408,48.8267184],[22.5651253,48.8267015],[22.5654609,48.8266783],[22.5657517,48.826685],[22.5660333,48.8266913],[22.5664558,48.8267666],[22.5667826,48.8268487],[22.5671228,48.8269362],[22.5674712,48.8270436],[22.5677872,48.8271811],[22.5682158,48.8273786],[22.5686336,48.8275818],[22.5688792,48.8277177],[22.5690657,48.8278344],[22.5692393,48.8279714],[22.5694289,48.8281491],[22.570341,48.8289477],[22.5706751,48.8291947],[22.5709129,48.8293524],[22.5711077,48.8294464],[22.5712849,48.8295138],[22.5714809,48.829576],[22.5716823,48.8296039],[22.5719265,48.829639],[22.5723062,48.8296629],[22.5726834,48.8296636],[22.5728299,48.8296527],[22.5729684,48.8296295],[22.5730957,48.8295905],[22.5732257,48.8295339],[22.5733285,48.8294735],[22.5734474,48.8293972],[22.5736677,48.8292465],[22.5738935,48.8290323],[22.5742849,48.8286072],[22.5746338,48.8282633],[22.5749958,48.8279618],[22.5753491,48.827746],[22.5757305,48.8275923],[22.5759171,48.8275304],[22.576122,48.8274883],[22.576341,48.8274566],[22.5765401,48.8274417],[22.5767429,48.8274717],[22.5769119,48.8275125],[22.5770752,48.8275639],[22.5773359,48.827674],[22.5775493,48.8277879],[22.5777856,48.8279357],[22.5779678,48.8280704],[22.578138,48.8282232],[22.5783971,48.8284666],[22.578523,48.8286194],[22.5786288,48.8287795],[22.578696,48.8289464],[22.5787937,48.8292376],[22.5789041,48.8294668],[22.579054,48.8296837],[22.5791999,48.8299037],[22.5793303,48.8300861],[22.5794942,48.8302956],[22.5796574,48.8304472],[22.5798504,48.8306092],[22.5801218,48.8308216],[22.5803908,48.830992],[22.5806532,48.8311465],[22.5808975,48.8312701],[22.5811378,48.8313811],[22.5816368,48.8315915],[22.5828947,48.8321138],[22.583407,48.8323097],[22.5839223,48.8324815],[22.5843643,48.8326285],[22.5845985,48.8326692],[22.5847891,48.8326861],[22.584942,48.8326793],[22.5851152,48.8326698],[22.5853782,48.8326741],[22.585536,48.8326917],[22.5857473,48.8327281],[22.5859719,48.8327889],[22.5862473,48.8328855],[22.5864109,48.8329643],[22.5866105,48.8330793],[22.5867758,48.8332026],[22.5869894,48.833361],[22.5871398,48.8334894],[22.587263,48.8336206],[22.5873422,48.8337477],[22.5873794,48.8338264],[22.5874025,48.8339291],[22.5874089,48.8340396],[22.5873979,48.8341487],[22.5873662,48.8343022],[22.58729,48.8345837],[22.587245,48.8347995],[22.5872143,48.8350988],[22.5872055,48.8352756],[22.5872284,48.8354854],[22.587264,48.8356286],[22.5873422,48.8357929],[22.587446,48.8359842],[22.587562,48.8361237],[22.5877552,48.8363009],[22.588061,48.8365162],[22.5883279,48.8367102],[22.5885636,48.8368607],[22.5886883,48.8369317],[22.588827,48.836997],[22.5890803,48.8370921],[22.5892443,48.8371669],[22.589401,48.8372792],[22.5895716,48.8374098],[22.5897344,48.8375253],[22.589895,48.8375978],[22.5900754,48.8376501],[22.590344,48.8376964],[22.5907107,48.8377422],[22.5909719,48.8377338],[22.5913067,48.8377156],[22.5916609,48.8376655],[22.5919234,48.8376349],[22.5921753,48.8376306],[22.5924264,48.8376481],[22.5926848,48.8376866],[22.5932008,48.8378078],[22.5934101,48.8378776],[22.5935944,48.8379564],[22.5937199,48.8380341],[22.5938448,48.8381438],[22.593927,48.8382517],[22.593998,48.838375],[22.5940373,48.8384844],[22.594057,48.8385957],[22.5940619,48.8387994],[22.5940357,48.8389549],[22.5939937,48.8390992],[22.5937538,48.8397712],[22.5936564,48.8399501],[22.5935494,48.8401543],[22.5934309,48.8402932],[22.593326,48.8403942],[22.5931531,48.8405044],[22.5929707,48.8405985],[22.5926768,48.8407512],[22.5924835,48.8408467],[22.5923983,48.8409086],[22.5923525,48.8409701],[22.5923279,48.8410615],[22.592312,48.8411564],[22.5923007,48.8413062],[22.5922956,48.8415475],[22.592307,48.8416969],[22.5923216,48.8418456],[22.5923554,48.8419623],[22.5924859,48.8422981],[22.592671,48.8427349],[22.5927848,48.8429597],[22.5928773,48.8431425],[22.5929923,48.8434132],[22.5930686,48.8435929],[22.5933782,48.844233],[22.5935422,48.8445852],[22.5936549,48.8447592],[22.5937592,48.844954],[22.5939233,48.8451964],[22.5939883,48.8453017],[22.59408,48.8454504],[22.5943276,48.8458133],[22.5944159,48.8459293]]}},
{"type":"Feature","properties":{"full_id":"w28759620","ref":"С-070906","length_km":10.50026,"name:uk":"Великобичківська селищна громада","lenght_roads":10.5003,"id_roads":"48888"},"geometry":{"type":"LineString","coordinates":[[24.0583284,47.9541561],[24.0581973,47.9545406],[24.058109,47.9548567],[24.0580979,47.9550329],[24.0581169,47.9554388],[24.058109,47.9557244],[24.0580392,47.9560676],[24.0579185,47.956391],[24.0578059,47.9565849],[24.0576529,47.9567573],[24.0574115,47.9569459],[24.0570896,47.9571687],[24.0568214,47.9574434],[24.0564995,47.9578638],[24.0561857,47.9582679],[24.0561328,47.9583507],[24.0561026,47.958435],[24.056104,47.9585136],[24.0561293,47.9585769],[24.0562205,47.9587007],[24.0567227,47.9590464],[24.0570419,47.9592604],[24.0572981,47.9594486],[24.0574998,47.9596751],[24.0577684,47.9600312],[24.0579282,47.9602785],[24.0580395,47.9604969],[24.0580498,47.9608868],[24.0580231,47.9614867],[24.0579818,47.9617691],[24.0578369,47.9619392],[24.0575582,47.9622011],[24.05722,47.9624624],[24.0570448,47.9626386],[24.0569395,47.9629091],[24.0568589,47.9634515],[24.056875,47.9636742],[24.0569662,47.9638969],[24.0571701,47.964213],[24.0574813,47.964601],[24.0578084,47.964856],[24.0583235,47.9653589],[24.0584898,47.9656319],[24.058485,47.965734],[24.0584791,47.9658617],[24.0584253,47.9661742],[24.0583073,47.9664652],[24.0580445,47.9668782],[24.058007,47.9671404],[24.0580659,47.9673308],[24.0582,47.9674528],[24.0585059,47.967496],[24.0588975,47.9674816],[24.0594231,47.9674745],[24.0599435,47.9674456],[24.0604853,47.9674745],[24.0609628,47.9675714],[24.0614121,47.9676787],[24.0617353,47.9678229],[24.0620035,47.9680384],[24.0622288,47.9682862],[24.0623039,47.9684836],[24.0622771,47.9687172],[24.062143,47.9690224],[24.0621269,47.9692667],[24.0621859,47.9694678],[24.062379,47.9697013],[24.0628113,47.9701402],[24.0631997,47.9705345],[24.0634733,47.9707321],[24.0637845,47.9708757],[24.0640365,47.971005],[24.0642565,47.9711631],[24.0645461,47.9714],[24.0651041,47.9721587],[24.0655722,47.9726419],[24.0666799,47.9736097],[24.0668687,47.9737346],[24.0670581,47.9738575],[24.0673624,47.9740497],[24.0676992,47.9743199],[24.0678963,47.9744787],[24.0681457,47.9745776],[24.0686512,47.9747338],[24.069244,47.9748173],[24.0700795,47.9749035],[24.0707421,47.9749584],[24.0714169,47.9750007],[24.0718518,47.9750475],[24.0721674,47.9751127],[24.0724475,47.9752178],[24.0728612,47.9753998],[24.0734999,47.9756835],[24.0742502,47.9759917],[24.0749264,47.9763089],[24.075252,47.9764513],[24.0754891,47.9765286],[24.0758796,47.9766228],[24.0761083,47.9766369],[24.0764272,47.9766647],[24.0770206,47.9767023],[24.0772406,47.9767385],[24.0774144,47.9767726],[24.0778081,47.9768732],[24.0780962,47.9769857],[24.0782983,47.977128],[24.0786664,47.9774435],[24.0790509,47.977737],[24.0792109,47.9778954],[24.079344,47.9781272],[24.0796953,47.9787504],[24.0797638,47.9788708],[24.0798587,47.978948],[24.080111,47.9791032],[24.0805804,47.9793141],[24.0808955,47.979455],[24.0813823,47.9797478],[24.0817057,47.9798537],[24.081869,47.9798906],[24.0819618,47.9798878],[24.0820744,47.9798663],[24.0823197,47.9797738],[24.0824687,47.9797254],[24.0827556,47.9796778],[24.0830507,47.9796311],[24.0832587,47.9796114],[24.0834934,47.9796132],[24.0837159,47.9796418],[24.0842203,47.9797102],[24.0848772,47.9798053],[24.0854272,47.9798753],[24.0857677,47.9798807],[24.0860065,47.9798824],[24.0861781,47.9799095],[24.0864303,47.9799654],[24.0866942,47.9800629],[24.0869544,47.98021],[24.0872971,47.9805238],[24.0875047,47.9806687],[24.0877199,47.9807718],[24.0879673,47.9808466],[24.0882045,47.9809142],[24.0885787,47.9810496],[24.0891931,47.981335],[24.0900508,47.9817809],[24.090245,47.9818827],[24.0905194,47.98201],[24.0907633,47.9821145],[24.0911585,47.9823086],[24.0914428,47.9824701],[24.0917404,47.9825922],[24.0919785,47.9826677],[24.0924428,47.9827538],[24.0927951,47.9828024],[24.0930246,47.9828431],[24.0933529,47.9829346],[24.0936933,47.9830546],[24.0943766,47.983282],[24.0949286,47.9834278],[24.0952656,47.9835122],[24.0955856,47.9835822],[24.0958681,47.9836262],[24.0960971,47.9836421],[24.0963763,47.9836326],[24.0966066,47.9836663],[24.0968325,47.9837371],[24.0970432,47.9838171],[24.0972678,47.9839314],[24.0974506,47.9840233],[24.0976553,47.9840662],[24.0978583,47.9840974],[24.0980654,47.9841304],[24.0984776,47.9842278],[24.0987795,47.9843269],[24.0990395,47.984452],[24.0992644,47.9845896],[24.0996019,47.9849299],[24.0998081,47.9850803],[24.1000045,47.9852075],[24.1002057,47.9853067],[24.1005039,47.9853896],[24.1010181,47.9855125],[24.1013287,47.9857294],[24.1015038,47.9858577],[24.1016832,47.9859585],[24.1019132,47.9860704],[24.1020934,47.9861811],[24.1022637,47.9863723],[24.1023906,47.9865502],[24.1033521,47.9890151],[24.1035299,47.9896152],[24.1035364,47.989801],[24.1035248,47.9899365],[24.1034933,47.9900855],[24.1034143,47.9903029],[24.1033007,47.9906409],[24.1032128,47.9910141],[24.1032033,47.99129],[24.1032446,47.9915405],[24.1033098,47.9917762],[24.1034343,47.9920477],[24.1035293,47.9922],[24.1035468,47.9922279],[24.1036787,47.9923749],[24.1039284,47.9924978],[24.1042583,47.9926145],[24.105508,47.9929422],[24.1060766,47.993085],[24.106294,47.9931899],[24.1064233,47.9932694],[24.1065673,47.9934425],[24.1066005,47.9935384],[24.1066306,47.9936557],[24.1066134,47.9937317],[24.1065739,47.9937851],[24.106446,47.9939263],[24.1062413,47.9940848],[24.1059348,47.9943102],[24.1057573,47.9945186],[24.1056532,47.9946796],[24.1056061,47.9948602],[24.1056098,47.9951598],[24.1055968,47.99558],[24.1055565,47.9958393],[24.105521,47.9960983],[24.1055958,47.9964154],[24.1056814,47.9966351],[24.1057703,47.9967869],[24.1059026,47.9969169],[24.106099,47.9970304],[24.1063507,47.9971809],[24.1066136,47.9973612],[24.1069118,47.997527],[24.1070945,47.9975969],[24.107355,47.9976803],[24.1076023,47.9978358],[24.1077114,47.9979697],[24.1078999,47.9981586],[24.1080658,47.9983157],[24.1082363,47.9984333],[24.1083952,47.9984803],[24.1086205,47.998536],[24.109035,47.9986075],[24.1093369,47.9986293],[24.1097551,47.9986511],[24.1101577,47.9986772],[24.110291,47.9986954],[24.1104176,47.9987563],[24.1104895,47.9988246],[24.1105299,47.9989289],[24.1105472,47.9990316],[24.1105097,47.9992732],[24.110315,48.0002155],[24.1102649,48.0003779],[24.1102673,48.0004951],[24.1102825,48.0005685],[24.1103527,48.0007252],[24.1104639,48.0008642],[24.1122898,48.0026391],[24.1128048,48.0031705],[24.113023,48.0034275],[24.1132093,48.0037123],[24.1133453,48.0038918],[24.1134103,48.004014],[24.1134768,48.0042394],[24.1134737,48.0044736],[24.1135767,48.0048942],[24.1137253,48.0052876],[24.1137775,48.006236],[24.1138047,48.006405],[24.1138465,48.0065132],[24.1137852,48.0065622],[24.1135337,48.0065884],[24.1130084,48.0066555],[24.1122144,48.0067627],[24.1120759,48.0067843],[24.1118418,48.0068209],[24.1116155,48.0068582],[24.1114832,48.0069328],[24.1113181,48.0070653],[24.1111826,48.0072612],[24.1111159,48.0075152],[24.1111315,48.0077582],[24.1111895,48.0080295],[24.1112613,48.0083166],[24.1112921,48.0083686],[24.1113097,48.0084264],[24.1113471,48.0085924],[24.1113556,48.0087335],[24.1113851,48.0089766],[24.1114051,48.0091916],[24.1114825,48.009478],[24.111545,48.0096347],[24.1116024,48.0097379],[24.1116568,48.0098465],[24.1117567,48.0100349],[24.1119232,48.0102831],[24.1121556,48.0105742],[24.1122927,48.0107249],[24.1124973,48.010931],[24.1127242,48.0111719],[24.1129113,48.0114187],[24.1130845,48.0117312],[24.1131835,48.0119139],[24.1132385,48.0120541],[24.1133221,48.0122669],[24.1134583,48.0124969],[24.1136567,48.0127892],[24.1138776,48.0130464],[24.1141161,48.0133621],[24.1143076,48.0136659],[24.114408,48.0138779],[24.1146235,48.0142515],[24.1148192,48.0146803],[24.1148586,48.0148689],[24.1148717,48.0150729],[24.114802,48.0152908],[24.1147428,48.0154418],[24.1146423,48.0156706],[24.1145841,48.0160458],[24.1145568,48.0162149],[24.1144843,48.016409],[24.1143402,48.0165703],[24.1141382,48.0167054],[24.1139362,48.0168288],[24.1138222,48.0169156],[24.1137263,48.0170292],[24.1136035,48.0171858],[24.1135116,48.0173683],[24.1134522,48.017503],[24.1133843,48.0176864],[24.1133619,48.0178292],[24.1134243,48.0180318],[24.1135236,48.0181794],[24.1137007,48.0184035],[24.1138549,48.0186018],[24.1140492,48.0189268],[24.1142738,48.0192812],[24.1144471,48.0196372],[24.1145534,48.0199943],[24.1147374,48.0204299],[24.114864,48.0208437],[24.1149696,48.0212615],[24.1149925,48.0214595],[24.1150251,48.0215614],[24.1150693,48.0216142],[24.1151324,48.0216968]]}},
{"type":"Feature","properties":{"full_id":"w124240603","ref":"С-070618","length_km":4.65456,"name:uk":"Синевирська сільська громада","lenght_roads":4.6546,"id_roads":"29704"},"geometry":{"type":"LineString","coordinates":[[23.7032254,48.6150784],[23.7029515,48.6158379],[23.7029251,48.6159883],[23.7028967,48.6163424],[23.7029066,48.6167668],[23.7029209,48.6174061],[23.7028502,48.6178563],[23.7028637,48.6179782],[23.7029006,48.6180767],[23.7030075,48.6182353],[23.7031414,48.6183547],[23.7033788,48.618499],[23.7037074,48.6186966],[23.7040678,48.6188735],[23.7045356,48.6190414],[23.7048188,48.6191919],[23.7051726,48.6194748],[23.7053521,48.6196109],[23.7055053,48.619804],[23.7055841,48.619956],[23.7056039,48.6200995],[23.705551,48.6203285],[23.7054858,48.6205736],[23.705446,48.620709],[23.705385,48.6209563],[23.7053962,48.6210822],[23.7054236,48.6212577],[23.7055728,48.6215807],[23.7057449,48.6218116],[23.7059957,48.6220366],[23.7062796,48.6222173],[23.7066556,48.6223728],[23.707053,48.6224869],[23.7073461,48.622628],[23.7076763,48.6226926],[23.7080282,48.6227094],[23.7088731,48.6228213],[23.7094175,48.6228498],[23.7096253,48.6228941],[23.7097624,48.6229567],[23.7098908,48.6230554],[23.7099471,48.6231405],[23.7100205,48.6232676],[23.7100747,48.6233853],[23.7101349,48.6235536],[23.710231,48.6236796],[23.7103226,48.6237646],[23.7104648,48.6238497],[23.7106346,48.623945],[23.7108243,48.6240145],[23.7110734,48.6240804],[23.7113204,48.6240873],[23.711572,48.6240877],[23.7118417,48.6240787],[23.7122297,48.6240661],[23.7127069,48.6240305],[23.7129405,48.6240287],[23.7131131,48.6240519],[23.7132463,48.6241014],[23.7133826,48.6241655],[23.7136227,48.6243331],[23.7138096,48.6244639],[23.7140639,48.6245335],[23.7143874,48.624544],[23.7146711,48.6244812],[23.7148778,48.6244258],[23.7152413,48.6243439],[23.7155861,48.6242461],[23.7159446,48.6241865],[23.7163121,48.624144],[23.7167034,48.6241356],[23.716933,48.624152],[23.7171407,48.6241854],[23.7173098,48.62423],[23.7174826,48.6242832],[23.717736,48.6243934],[23.7180234,48.6245485],[23.7182352,48.624667],[23.71842,48.6248184],[23.718557,48.6249285],[23.7186823,48.625035],[23.7187931,48.6251333],[23.7188777,48.6252349],[23.7189586,48.6253398],[23.7190191,48.6254633],[23.7190911,48.6256556],[23.7190862,48.6258981],[23.7190956,48.6260458],[23.7190897,48.6261879],[23.7191773,48.6262863],[23.7193569,48.6263932],[23.7197143,48.6264503],[23.720678,48.6266917],[23.720855,48.6266831],[23.7211678,48.6266124],[23.7216605,48.6264627],[23.7220228,48.6263469],[23.7227472,48.6261152],[23.7230404,48.6259839],[23.7233288,48.625892],[23.7235088,48.6258602],[23.7237489,48.625853],[23.7239771,48.6258691],[23.7241979,48.6259063],[23.7243975,48.6259738],[23.7246716,48.6261412],[23.7250775,48.6264369],[23.725372,48.6265542],[23.7257002,48.6266566],[23.7259252,48.6267476],[23.72609,48.6268529],[23.7262336,48.6269292],[23.7262918,48.6269856],[23.7265202,48.6270911],[23.7266875,48.6271748],[23.7268118,48.6272443],[23.726939,48.6273298],[23.7270167,48.6273919],[23.7270409,48.6274735],[23.72703,48.6275481],[23.7270042,48.6276432],[23.7269572,48.6278153],[23.7269327,48.6279279],[23.7269548,48.6280877],[23.7270858,48.628213],[23.7272954,48.6283285],[23.7277921,48.6285466],[23.7281728,48.6286595],[23.7284119,48.6287455],[23.7286824,48.6288016],[23.7290847,48.6288295],[23.7292104,48.6288607],[23.7293365,48.6289577],[23.7296434,48.6291709],[23.7298652,48.6292683],[23.7301242,48.6293174],[23.7304836,48.6293798],[23.7311769,48.6295288],[23.7315716,48.6296462],[23.7319375,48.6297917],[23.7327962,48.6300628],[23.7331777,48.6302439],[23.7334967,48.6304039],[23.7337049,48.6304806],[23.7339261,48.6305173],[23.7341642,48.6305061],[23.734423,48.6304748],[23.7346599,48.6304778],[23.734873,48.6305106],[23.735103,48.6306039],[23.7353365,48.6307175],[23.7355085,48.6308284],[23.7357092,48.6310154],[23.736357,48.6318187],[23.7366236,48.6319065],[23.7369074,48.6321084],[23.7372744,48.6322795],[23.7375908,48.6324045],[23.7380002,48.6325143],[23.7382313,48.6325489],[23.7385613,48.6325179],[23.7387209,48.6325475],[23.7389903,48.632555],[23.7391516,48.6325088],[23.7397513,48.6323693],[23.740001,48.6323319],[23.7403719,48.6323021],[23.7411276,48.6323215],[23.7415724,48.6322722],[23.7418697,48.6322758],[23.7423016,48.6323455],[23.7426921,48.6324131],[23.7431671,48.6325419],[23.7437794,48.6327523],[23.7444425,48.6328815],[23.7449209,48.6329289],[23.7452381,48.6329843],[23.7455743,48.633028],[23.7458794,48.6329927],[23.7472028,48.6327319],[23.7479782,48.6325594],[23.7482218,48.6325287],[23.7483907,48.6325285]]}},
{"type":"Feature","properties":{"full_id":"w166227514","ref":"О-071303","length_km":8.15325,"name:uk":"Вишківська селищна громада","lenght_roads":8.1532,"id_roads":"88483"},"geometry":{"type":"LineString","coordinates":[[23.5097647,48.0123833],[23.5091223,48.0122992],[23.5082737,48.0121876],[23.5075325,48.0120638],[23.5066415,48.0119429],[23.505703,48.0118809],[23.5046715,48.0118531],[23.5037704,48.0118921],[23.5018054,48.0120719],[23.5006322,48.0121543],[23.499783,48.0121936],[23.4977858,48.0124169],[23.4957339,48.0126645],[23.4938353,48.0129174],[23.491862,48.0131927],[23.4911283,48.0133332],[23.4904723,48.0135039],[23.4899429,48.0137109],[23.489506,48.0139095],[23.4889728,48.0142936],[23.4880899,48.0150601],[23.4866953,48.016151],[23.4852514,48.0172336],[23.4844863,48.017838],[23.4829144,48.0190141],[23.4826772,48.0191806],[23.4802529,48.0209557],[23.478874,48.0219673],[23.4776206,48.0228357],[23.4774149,48.0229788],[23.4771191,48.0231469],[23.4728426,48.0252849],[23.4700402,48.0266499],[23.4671946,48.0280107],[23.4644975,48.0292856],[23.4631059,48.0299106],[23.4616526,48.0305027],[23.4556493,48.032715],[23.4511067,48.0346248],[23.4508226,48.0347688],[23.450557,48.0349252],[23.4500227,48.035304],[23.4495068,48.0356786],[23.4489848,48.036049],[23.4485675,48.0363356],[23.4481008,48.0366139],[23.4466963,48.0373079],[23.4464744,48.0374231],[23.4460923,48.0376128],[23.4453901,48.0379612],[23.4450381,48.0381363],[23.444678,48.0383005],[23.4431449,48.0388514],[23.4390676,48.0402877],[23.4386792,48.0403838],[23.4382833,48.0404671],[23.4375132,48.0405402],[23.4367334,48.0405812],[23.4364122,48.0406273],[23.4361404,48.0407224],[23.4358388,48.0408594],[23.4351166,48.0413079],[23.4340624,48.042011],[23.4331026,48.042705],[23.4328825,48.0429364],[23.4325408,48.043475],[23.4322729,48.0437638],[23.4319929,48.0440261],[23.4311618,48.0447789],[23.4307613,48.0451243],[23.4302659,48.0454608],[23.4292175,48.0461152],[23.4283858,48.0466305],[23.4278317,48.0469148],[23.4235422,48.0488393],[23.4227342,48.0491518],[23.4224421,48.0492503],[23.4222456,48.0493121],[23.4208001,48.0497084],[23.4206873,48.0497304],[23.420534,48.0497603]]}},
{"type":"Feature","properties":{"full_id":"w287097236","ref":"С-070610","length_km":0.02769,"name:uk":"Міжгірська селищна громада","lenght_roads":0.0277,"id_roads":"88306"},"geometry":{"type":"LineString","coordinates":[[23.401099756163067,48.592250318583062],[23.4010013,48.59201]]}},
{"type":"Feature","properties":{"full_id":"w93295596","ref":"С-070704","length_km":1.43065,"name:uk":"Мукачівська міська громада","lenght_roads":0.2457,"id_roads":"38095"},"geometry":{"type":"LineString","coordinates":[[22.7039555,48.4637605],[22.7040293,48.4637041]]}},
{"type":"Feature","properties":{"full_id":"w93178498","ref":"С-070707","length_km":8.66306,"name:uk":"Мукачівська міська громада","lenght_roads":8.6631,"id_roads":"64784"},"geometry":{"type":"LineString","coordinates":[[22.713101036548789,48.409528929060485],[22.7129291,48.4093451],[22.7113999,48.4082223],[22.7109536,48.4077528],[22.7108358,48.407532],[22.7108063,48.4072973],[22.7108358,48.4071366],[22.7109831,48.4063332],[22.7109578,48.4057351],[22.7108694,48.405098],[22.7101477,48.4036585],[22.7100233,48.4031933],[22.7099796,48.4025603],[22.7100493,48.4018816],[22.7102187,48.4015935],[22.7116118,48.3993084],[22.7116664,48.3992181],[22.7121466,48.3984155],[22.7125379,48.3975967],[22.712713,48.3971066],[22.7128708,48.3965848],[22.7131873,48.3958475],[22.7134656,48.395207],[22.7135942,48.394743],[22.7138222,48.3938842],[22.7140091,48.393332],[22.7141313,48.3930283],[22.7142519,48.3929354],[22.7141573,48.3927567],[22.7130664,48.3920911],[22.712546,48.391759],[22.7118678,48.3911458],[22.7112608,48.3906759],[22.7098023,48.3894508],[22.708302,48.3881088],[22.7081003,48.3878844],[22.7081526,48.387449],[22.7081659,48.3871942],[22.7080703,48.3869378],[22.7079499,48.3867571],[22.7076839,48.386558],[22.7062935,48.386039],[22.7056258,48.3857066],[22.6988024,48.3807404],[22.6985597,48.3803617],[22.697739,48.3752395],[22.6976734,48.3751595],[22.697593,48.3750882],[22.6974566,48.3750093],[22.6950977,48.3737838],[22.6931827,48.3723939],[22.6922768,48.371703],[22.6915741,48.3711684],[22.6902931,48.37026],[22.689496,48.3696894],[22.6874167,48.3685527],[22.6872772,48.36846],[22.6871988,48.3683873],[22.6871216,48.3682925],[22.6869178,48.3680217],[22.6857724,48.3662707],[22.6857084,48.3661791],[22.6805347,48.3585736],[22.6802449,48.3582078],[22.6800728,48.3581097],[22.6780356,48.3573594],[22.6778626,48.3573576],[22.6777527,48.3573665],[22.6775895,48.357393],[22.6774811,48.3574203],[22.6773494,48.3574435],[22.6662261,48.3590578],[22.6661063,48.3590976],[22.6660087,48.3591427],[22.6651205,48.359722],[22.6644702,48.3601259],[22.6631912,48.3605642],[22.6626428,48.3607606],[22.6565643,48.362945]]}},
{"type":"Feature","properties":{"full_id":"w128816308","ref":"О-071002","length_km":6.18667,"name:uk":"Хустська міська громада","lenght_roads":6.1867,"id_roads":"76756"},"geometry":{"type":"LineString","coordinates":[[23.3917903,48.2453789],[23.3915668,48.2456809],[23.3912411,48.2461211],[23.3907612,48.2467036],[23.3902396,48.2472636],[23.3901652,48.2473396],[23.3861321,48.25146],[23.384918,48.2529587],[23.3829733,48.2556947],[23.3826206,48.256163],[23.3816414,48.2574609],[23.3815597,48.2576287],[23.3815237,48.2578365],[23.3814144,48.2588244],[23.3813762,48.2591692],[23.381438,48.2592971],[23.3815291,48.2593919],[23.3817278,48.2595217],[23.3831044,48.2600821],[23.3832241,48.2601308],[23.3845358,48.2606648],[23.3846982,48.2607823],[23.3845538,48.2610944],[23.3844262,48.2613235],[23.384274,48.2615479],[23.3840257,48.2618301],[23.3837981,48.2620394],[23.3835676,48.2622362],[23.3829504,48.2627325],[23.3827043,48.262927],[23.382536,48.2631183],[23.3824215,48.26332],[23.3823585,48.2635554],[23.3823356,48.2638127],[23.3823733,48.2640088],[23.3824589,48.2642121],[23.3827133,48.2646595],[23.3828196,48.264843],[23.3829671,48.2651946],[23.3830515,48.2655047],[23.3830985,48.2657694],[23.3830959,48.2660624],[23.3830476,48.2663052],[23.3829342,48.2666432],[23.3827794,48.2670301],[23.3827494,48.2672387],[23.3827672,48.26744],[23.3828116,48.267655],[23.3828473,48.2679254],[23.3827992,48.2683682],[23.3826697,48.2687516],[23.3824879,48.2690167],[23.3824678,48.2690398],[23.3822158,48.2693295],[23.3809139,48.2709823],[23.3806928,48.2713543],[23.3805155,48.2717778],[23.3792113,48.2756374],[23.3791035,48.2759941],[23.379086,48.276119],[23.3790858,48.2763073],[23.3791632,48.2767021],[23.3796022,48.2781796],[23.3797395,48.2786361],[23.3799545,48.2791205],[23.3801235,48.2795011],[23.3802922,48.2798558],[23.3806759,48.2804551],[23.3809025,48.2807012],[23.3812149,48.2809417],[23.3819386,48.281456],[23.382266,48.2817177],[23.38266,48.2821624],[23.3831441,48.2826789],[23.3835881,48.2832526],[23.3839059,48.2836391],[23.3840986,48.283916],[23.3841868,48.2840787],[23.3842399,48.2841955],[23.3842608,48.2842944],[23.384275,48.2844564],[23.3842719,48.2846198],[23.3841608,48.2853374],[23.3840496,48.2859217],[23.383654,48.2870793],[23.3834486,48.287596],[23.3832492,48.2880559],[23.3831763,48.2883117],[23.383166,48.2885343],[23.3831746,48.2886289],[23.3831823,48.2887126],[23.3832492,48.2889101],[23.3834382,48.2893983],[23.383705,48.2897829],[23.3839162,48.2900861],[23.3840167,48.2903761],[23.3841073,48.2910913],[23.3843147,48.2918286],[23.3844048,48.2920058],[23.384512,48.2921641],[23.3854514,48.2932437],[23.3855365,48.2934383],[23.3855148,48.2939006],[23.3853639,48.2942523],[23.3852094,48.2944221],[23.3850091,48.2945567],[23.3847615,48.2946416],[23.3843802,48.2947419],[23.3840037,48.2947875],[23.383431480212217,48.294782266107077]]}},
{"type":"Feature","properties":{"full_id":"w371730909","ref":"О-070110","length_km":13.06536,"name:uk":"Великоберезька сільська громада","lenght_roads":13.0654,"id_roads":"72638"},"geometry":{"type":"LineString","coordinates":[[22.721845176672698,48.226012227620117],[22.7246762,48.2264928],[22.7294153,48.2273076],[22.7360837,48.228463],[22.7363304,48.2285047],[22.7365629,48.228544],[22.7369587,48.2285993],[22.7378228,48.2287078],[22.7386576,48.2287681],[22.7389725,48.2287908],[22.7393174,48.2288717],[22.7402757,48.229175],[22.7408784,48.2294059],[22.741144,48.2295436],[22.7412183,48.2295833],[22.7413157,48.2296668],[22.7417808,48.2301282],[22.741974,48.2302808],[22.7427167,48.2307629],[22.7428806,48.2308514],[22.7431315,48.2309622],[22.743389,48.2310373],[22.7443385,48.2312588],[22.745542,48.2315126],[22.7457333,48.2315911],[22.7458411,48.2316711],[22.7460553,48.2319332],[22.74615,48.2320043],[22.7463287,48.2321307],[22.7465763,48.2322383],[22.7475966,48.2325288],[22.7495126,48.2330846],[22.7519582,48.2337326],[22.7533147,48.2341283],[22.7535063,48.2341935],[22.7539484,48.2343624],[22.7550331,48.23484],[22.7565943,48.2354533],[22.7571541,48.2356646],[22.7573383,48.2357392],[22.7575427,48.2358356],[22.7579798,48.2360792],[22.7581655,48.2361946],[22.7591497,48.2368357],[22.7593937,48.2369634],[22.7596403,48.2370652],[22.759844,48.2371358],[22.7599745,48.237184],[22.7601995,48.2372535],[22.760421,48.2373189],[22.7621027,48.2377158],[22.7629287,48.2379058],[22.7634269,48.2380419],[22.7640655,48.2382602],[22.7643323,48.2383525],[22.7649391,48.2385658],[22.7656281,48.2387877],[22.7659773,48.2389323],[22.7663349,48.2391167],[22.7670119,48.2394796],[22.767327,48.2396696],[22.7675824,48.2398795],[22.7677102,48.2400581],[22.7679349,48.24043],[22.7711713,48.2454181],[22.7712091,48.2454715],[22.77152,48.2459111],[22.773309,48.248601],[22.7747749,48.2508049],[22.7750117,48.25105],[22.7753082,48.2512449],[22.7756774,48.2513908],[22.7771258,48.2519731],[22.7781397,48.2523731],[22.7784508,48.2524838],[22.7787716,48.2525649],[22.7806365,48.2529517],[22.7828979,48.2534625],[22.7847111,48.2538483],[22.7869856,48.254309],[22.7883643,48.2545805],[22.7901366,48.2549901],[22.7916616,48.2553582],[22.7961239,48.2562992],[22.796338,48.2563122],[22.7965896,48.2562946],[22.7967405,48.256252],[22.7968319,48.2561896],[22.7980349,48.2550849],[22.7992718,48.2539238],[22.7995658,48.2536943],[22.7997077,48.2536291],[22.7999612,48.2535683],[22.8003556,48.2535084],[22.801448,48.2534086],[22.8018272,48.2534042],[22.8022234,48.2534239],[22.8026024,48.2534806],[22.8029199,48.2535358],[22.804247,48.2538528],[22.8052933,48.2541558],[22.805993,48.2544336],[22.8067495,48.2547564],[22.8074654,48.255098],[22.8078492,48.2553011],[22.8082247,48.2555404],[22.8086324,48.2558154],[22.8089551,48.2560125],[22.8092493,48.2561458],[22.8095162,48.2562128],[22.8100043,48.2562628],[22.8124122,48.2562474],[22.8126652,48.2562344],[22.8132769,48.2562109],[22.8139327,48.2562133],[22.8156358,48.255989],[22.81603,48.2559629],[22.8165053,48.2559666],[22.8168973,48.2560047],[22.81732,48.2561068],[22.818366,48.2564747],[22.8188165,48.256565],[22.8198082,48.2566376],[22.8212878,48.2568138],[22.8218218,48.2568436],[22.8226217,48.2568759],[22.824388,48.2570428],[22.8260332,48.2571217],[22.8274921,48.2572125],[22.8278373,48.2571928],[22.8287152,48.2569993],[22.8291339,48.2569664],[22.8294452,48.2569614],[22.8299535,48.2569584],[22.8301557,48.2569199],[22.8303608,48.2568644],[22.8314083,48.2564833],[22.8320366,48.2563449],[22.8324747,48.2563067],[22.8326711,48.2563123],[22.8330606,48.2563235],[22.8336484,48.2563599],[22.8343099,48.2564466],[22.8348938,48.2565766],[22.8349363,48.2565862],[22.8364916,48.2569382],[22.83689,48.2570549],[22.8370383,48.2571396],[22.8371849,48.2572865],[22.8372315,48.2573932],[22.8373893,48.2579946],[22.8377016,48.25909],[22.8377999,48.2592726],[22.8378859,48.2594325],[22.8380849,48.2597333],[22.8384767,48.2601366],[22.8388461,48.2604271],[22.8391484,48.2606264],[22.8400072,48.2611252],[22.8408517,48.2616099],[22.8429086,48.2627271],[22.8432014,48.2628353],[22.843461,48.2629021],[22.8439353,48.2630033],[22.8450034,48.2632189],[22.8463891,48.2634347],[22.8469546,48.2636264],[22.8476797,48.2638818],[22.8481678,48.2640311],[22.8498327,48.2644065],[22.8524054,48.264943],[22.8528581,48.2650102],[22.8532639,48.2650383],[22.8540435,48.2650321],[22.8548109,48.2650155],[22.8552857,48.2650196],[22.8556113,48.2650555],[22.8557762,48.2650875],[22.8567901,48.265441],[22.856902,48.2654688],[22.8571104,48.2654699],[22.8573588,48.2654392],[22.8577451,48.2653777],[22.8579671,48.2653716],[22.8581956,48.2653894],[22.858598,48.2654967],[22.8593878,48.2657635],[22.8596002,48.2658643],[22.8603298,48.2662735],[22.8606636,48.266451],[22.8609331,48.2665484],[22.8614381,48.2666665],[22.8618404,48.2667433],[22.8631376,48.2670957],[22.8645663,48.2675254],[22.8653752,48.26778],[22.8669753,48.2682492],[22.8676061,48.2685113],[22.8680375,48.2687396],[22.868795646157217,48.269115350425068]]}},
{"type":"Feature","properties":{"full_id":"w166227516","ref":"С-071107","length_km":4.04091,"name:uk":"Тячівська міська громада","lenght_roads":4.0409,"id_roads":"58562"},"geometry":{"type":"LineString","coordinates":[[23.5125541,48.0327717],[23.5175318,48.041018],[23.5178506,48.0415461],[23.5182071,48.0421366],[23.5187968,48.0430631],[23.5189226,48.0432379],[23.5189562,48.0432846],[23.519563,48.0441279],[23.5207386,48.045672],[23.5209129,48.0459039],[23.5223783,48.0478537],[23.5225547,48.0480629],[23.5233682,48.0490831],[23.5237133,48.0495598],[23.5255185,48.0516479],[23.5256817,48.0518581],[23.5257202,48.0520229],[23.5257347,48.0523684],[23.5258108,48.0525398],[23.5267359,48.0537509],[23.527142,48.0546902],[23.5271639,48.0547409],[23.527845,48.0560353],[23.5278975,48.0562991],[23.5278608,48.0565555],[23.5278688,48.0568487],[23.5279317,48.0570184],[23.5281515,48.0572103],[23.5285358,48.0574763],[23.5288131,48.0577275],[23.5289282,48.0579211],[23.5290633,48.0583944],[23.5290745,48.0587034],[23.5292206,48.0589789],[23.5294411,48.0594445],[23.5297599,48.0593219],[23.5311629,48.0587244],[23.5324454,48.0581593],[23.5328835,48.0579744],[23.5330701,48.0579108],[23.5332298,48.0579129],[23.5333768,48.0579614],[23.5337795,48.0582634],[23.5345658,48.0589583],[23.5352619,48.0595354],[23.5354667,48.0597022],[23.5356224,48.0597253],[23.5357522,48.0597022],[23.5369843,48.0593675],[23.5376139,48.0592312],[23.5379371,48.0592198],[23.5380267,48.0592437]]}},
{"type":"Feature","properties":{"full_id":"w118051473","ref":"О-070102","length_km":21.67823,"name:uk":"Берегівська міська громада","lenght_roads":21.6782,"id_roads":"81284"},"geometry":{"type":"LineString","coordinates":[[22.645147,48.2053713],[22.6452912,48.2053342],[22.6454168,48.2052437],[22.6455318,48.2051141],[22.6461354,48.2036589],[22.6467015,48.2024675],[22.6467392,48.2024044],[22.6467724,48.2023392],[22.6469252,48.2020472],[22.6470824,48.2016637],[22.6472424,48.2011254],[22.6472819,48.2009678],[22.6474611,48.2006991],[22.6475136,48.2006205],[22.6475461,48.2005009],[22.6475162,48.2004101],[22.6474539,48.2003308],[22.6473088,48.2002181],[22.6472178,48.200137],[22.6471681,48.2000669],[22.6471568,48.1999683],[22.6472585,48.1996915],[22.6474067,48.1993418],[22.6476379,48.198796],[22.6476573,48.1985843],[22.6477044,48.1983607],[22.647805,48.1982273],[22.6479978,48.197983],[22.6480565,48.1979016],[22.647335,48.197359],[22.644168,48.1947823],[22.6416085,48.1926606],[22.6395027,48.1908806],[22.6393379,48.1907448],[22.6390269,48.1904356],[22.6387444,48.1901556],[22.6380151,48.1894325],[22.6378215,48.1892829],[22.6367376,48.188454],[22.6345825,48.1868776],[22.6328271,48.1855936],[22.6327141,48.185511],[22.6287772,48.1826312],[22.6279622,48.1820536],[22.627818,48.1820049],[22.6276738,48.1819809],[22.6273085,48.1819938],[22.6271784,48.1819804],[22.6270865,48.1818999],[22.6269945,48.1817416],[22.6268605,48.1813885],[22.6265877,48.1807174],[22.6264411,48.1802161],[22.6263265,48.1797482],[22.6262753,48.1795454],[22.6262509,48.1794281],[22.6262387,48.1793613],[22.6265413,48.1785545],[22.6268062,48.1779173],[22.6273219,48.1764964],[22.6276298,48.1757229],[22.6277014,48.1752406],[22.6277136,48.1747468],[22.6273648,48.1733173],[22.6272432,48.1728392],[22.6270508,48.172382],[22.6269875,48.1718369],[22.626998400900195,48.17176644484023]]}},
{"type":"Feature","properties":{"full_id":"w165740677","ref":"О-070305","length_km":18.54902,"name:uk":"Вилоцька селищна громада","lenght_roads":18.549,"id_roads":"32765"},"geometry":{"type":"LineString","coordinates":[[22.8194132,48.1259364],[22.819676,48.1261219],[22.8197544,48.1261913],[22.8206524,48.1270594],[22.8229455,48.1293003],[22.8270878,48.1332932],[22.8274068,48.1335954],[22.8283238,48.1344673],[22.8286277,48.1347638],[22.8308041,48.1368907],[22.8308601,48.1369475],[22.8309119,48.137008],[22.830965,48.1370801],[22.831002,48.1371476],[22.8310329,48.1372184],[22.8310496,48.1372894],[22.8310541,48.1373592],[22.8310524,48.1374424],[22.8310411,48.1375289],[22.8310245,48.1376522],[22.8310217,48.1377546],[22.8310362,48.1379085],[22.8310569,48.1380249],[22.83109,48.1381194],[22.8311433,48.1382242],[22.8311572,48.1382421],[22.8311952,48.1382907],[22.8312683,48.1383709],[22.831338,48.1384408],[22.8314093,48.1385025],[22.8314851,48.1385558],[22.8315775,48.1386081],[22.8317032,48.1386611],[22.8318038,48.1386976],[22.8319434,48.1387396],[22.8320543,48.1387642],[22.8321697,48.1387838],[22.8322702,48.1387962],[22.8323592,48.1388034],[22.8324577,48.1388076],[22.8325527,48.1388063],[22.8326597,48.1387996],[22.8327592,48.1387883],[22.8328734,48.138773],[22.8330166,48.1387519],[22.8342586,48.1385464],[22.8343703,48.138528],[22.834888,48.1384423],[22.8349881,48.1384249],[22.8350844,48.1384077],[22.8351734,48.1383905],[22.8358176,48.1382575],[22.836504,48.1381239],[22.837049,48.1380178],[22.8373019,48.1379716],[22.8374487,48.1379471],[22.8376123,48.1379226],[22.8378475,48.1378946],[22.8384729,48.1378201],[22.8386104,48.137802],[22.8416133,48.1374231],[22.8416878,48.13742],[22.8417582,48.1374299],[22.8418207,48.1374514],[22.8418763,48.1374934],[22.8419153,48.1375639],[22.841937,48.1376351],[22.8420745,48.1381996],[22.8421205,48.1383335],[22.8421645,48.1384497],[22.842297,48.1387369],[22.8423532,48.1388423],[22.8424754,48.1390532],[22.8426537,48.139338],[22.8427358,48.1394654],[22.8431186,48.1400224],[22.8433514,48.1403612],[22.8436533,48.1408004],[22.8437728,48.1409742],[22.8438466,48.1410848],[22.8446033,48.1422049],[22.844757,48.14243],[22.8482741,48.1475628],[22.848422,48.1477888],[22.852733,48.1541601],[22.8543121,48.1564662],[22.854429,48.1566442],[22.8544731,48.15671],[22.8545233,48.1567807],[22.8545781,48.1568546],[22.8559503,48.1586444],[22.8573851,48.1605028],[22.857435,48.1605684],[22.857501,48.1606561],[22.8576041,48.1607883],[22.8613016,48.165543],[22.8613052,48.1655476],[22.8614271,48.1657052],[22.8623364,48.1668811],[22.8626562,48.1673056],[22.8629477,48.1676841],[22.8629595,48.1676994],[22.8630245,48.1677854],[22.8632619,48.1680958],[22.8635603,48.1685007],[22.8645996,48.1700234],[22.865119,48.1708065],[22.8652125,48.1709521],[22.8654129,48.1712823],[22.8655199,48.1714382],[22.8656246,48.1715799],[22.8660007,48.1720461],[22.8661002,48.1721773],[22.866375,48.1725484],[22.8676457,48.1744859],[22.8677016,48.1745851],[22.867738,48.1746855],[22.8677731,48.1748334],[22.8685517,48.1782707],[22.8691877,48.1803298],[22.8692053,48.1803869],[22.869218,48.180438],[22.8692284,48.1804921],[22.8692418,48.1806268],[22.8692436,48.1806455],[22.8692938,48.1815376],[22.8692993,48.1819873],[22.8693021,48.1822108],[22.8693042,48.1823408],[22.8693103,48.1824618],[22.8693885,48.1829667],[22.8694048,48.1830722],[22.8698926,48.1854812],[22.8707192,48.1899254],[22.870729,48.1899762],[22.8720539,48.197268],[22.8727339,48.2008806],[22.8737667,48.2063669],[22.8737754,48.2064129],[22.8737903,48.2064921],[22.8738312,48.206712],[22.8738679,48.2069145],[22.8740136,48.2077184],[22.87449,48.2103477],[22.8750304,48.2131591],[22.8752156,48.2140921],[22.8752266,48.2141767],[22.8752293,48.2142503],[22.8752218,48.2143296],[22.8752071,48.2143991],[22.875173,48.2144803],[22.875098,48.2146033],[22.8750163,48.2147123],[22.8723871,48.2176506],[22.8717864,48.2183219],[22.8717199,48.2184006],[22.8716647,48.2184788],[22.8716004,48.2185865],[22.8715552,48.2186849],[22.8715161,48.2187936],[22.8714646,48.2189941],[22.871364,48.2193833],[22.8713303,48.2195164],[22.8712024,48.220321],[22.8711677,48.2205434],[22.8711399,48.2207391],[22.8709561,48.2229412],[22.870955,48.2230437],[22.8709727,48.2231237],[22.8710051,48.2232027],[22.8710427,48.2232745],[22.8710905,48.2233355],[22.8711371,48.2233882],[22.871209,48.223449],[22.8712938,48.2235077],[22.8713597,48.2235504],[22.8717649,48.2237955],[22.8729106,48.224469],[22.8730115,48.2245237],[22.8731188,48.2245706],[22.8732199,48.2246073],[22.8733213,48.2246375],[22.8736029,48.2247026],[22.8737441,48.2247302],[22.8738691,48.2247508],[22.8739872,48.2247617],[22.8741062,48.2247687],[22.8742581,48.2247728],[22.8743844,48.2247706],[22.8745589,48.2247559],[22.8747509,48.2247287],[22.8749173,48.2247027],[22.8759052,48.2245501],[22.8760695,48.2245287],[22.8761996,48.2245159],[22.8768119,48.2244835],[22.8769679,48.2244804],[22.8771175,48.2244868],[22.8772671,48.2244996],[22.8781594,48.2246098],[22.8783469,48.2246419],[22.8785428,48.224686],[22.8787047,48.2247339],[22.8788572,48.2247897],[22.8790485,48.224864],[22.8792081,48.2249351],[22.879666,48.2251605],[22.8798805,48.2252753],[22.8799726,48.2253105],[22.8800788,48.2253353],[22.8801985,48.2253519],[22.8803351,48.2253614],[22.8805053,48.2253662],[22.8810584,48.2253819],[22.8820926,48.2254113],[22.882438,48.2254157],[22.8826139,48.2254154],[22.8827954,48.2254076],[22.8829571,48.2253944],[22.8831422,48.2253721],[22.8833101,48.2253455],[22.8842166,48.2251648],[22.8848045,48.2250476],[22.8849793,48.2250138],[22.885182,48.2249778],[22.8852124,48.2249731],[22.8854016,48.2249437],[22.8856141,48.224919],[22.8857675,48.2249058],[22.8858618,48.2248999],[22.8860376,48.2248915],[22.8862055,48.2248863],[22.8868009,48.2248666],[22.8868852,48.2248698],[22.8869548,48.2248762],[22.8870343,48.2248877],[22.8871162,48.2249042],[22.8872089,48.2249389],[22.8872754,48.2249796],[22.8873253,48.2250327],[22.887496,48.2252661],[22.8878272,48.225855],[22.8880391,48.2261926],[22.8880932,48.2262665],[22.8881564,48.2263301],[22.8882379,48.2263925],[22.8883275,48.2264536],[22.8887382,48.2267155],[22.8888775,48.2268043],[22.8893224,48.227088],[22.8893993,48.2271423],[22.8894748,48.2272003],[22.8895335,48.2272578],[22.8895907,48.2273171],[22.8901238,48.2279452],[22.8901489,48.2279732],[22.8904076,48.2282623],[22.8904607,48.228321],[22.8905322,48.2283888],[22.8906221,48.2284583],[22.890695,48.2285094],[22.8907574,48.2285494],[22.8909673,48.228673],[22.8910794,48.2287313],[22.8911463,48.2287588],[22.8912063,48.2287784],[22.8912919,48.2287983],[22.8913747,48.2288095],[22.8914871,48.2288189],[22.8916477,48.2288282],[22.8918247,48.228839],[22.8925017,48.2288832],[22.8926982,48.2289121],[22.8928844,48.2289433],[22.8931248,48.2289898],[22.89351,48.2290799],[22.8936042,48.2291083],[22.8936666,48.2291358],[22.8937093,48.2291638],[22.8937423,48.2292052],[22.8937729,48.2292593],[22.8945909,48.2318445],[22.8946369,48.2320044],[22.8946796,48.2321696],[22.8946991,48.2323394],[22.8947009,48.2327818],[22.894715,48.2328554],[22.8947378,48.2329149],[22.8947868,48.2329716],[22.8948368,48.2330197],[22.8963927,48.2340669],[22.8966732,48.2342561],[22.8967534,48.2343186],[22.8968189,48.2343699],[22.8968742,48.2344296],[22.8969431,48.2345089],[22.8970988,48.2346715],[22.8993313,48.2370041],[22.8993943,48.237078],[22.8999267,48.2377265],[22.9000162,48.2378043],[22.9001081,48.2378698],[22.9002255,48.2379398],[22.9011958,48.2384438],[22.9013102,48.2385004],[22.9014476,48.2385607],[22.9015851,48.2386161],[22.9017204,48.2386672],[22.9028651,48.2390918],[22.9068986,48.2405879],[22.907001,48.2406259],[22.9072054,48.2406953],[22.9073487,48.2407396],[22.9075005,48.240784],[22.9076441,48.2408233],[22.9077846,48.2408588],[22.9086201,48.2410566],[22.9087286,48.2410831],[22.9145727,48.2425311],[22.9147803,48.2425886],[22.9161101,48.2430225],[22.9163032,48.2430747],[22.9164561,48.2431002],[22.9166186,48.2431059],[22.9167921,48.2430799],[22.9169122,48.2430457],[22.9170411,48.242994],[22.9171483,48.242935],[22.9172665,48.2428428],[22.9177349,48.2423426],[22.9178157,48.2422339],[22.9178731,48.2421407],[22.9180493,48.2417542],[22.9181226,48.2416539],[22.918208,48.2415708],[22.9183464,48.2414842]]}},
{"type":"Feature","properties":{"full_id":"w203600313","ref":"С-071333","length_km":2.04838,"name:uk":"Хустська міська громада","lenght_roads":2.0484,"id_roads":"17229"},"geometry":{"type":"LineString","coordinates":[[23.3238228,48.2516258],[23.3239116,48.2515782],[23.3245361,48.2512647],[23.3249424,48.2509942],[23.3252419,48.2507277],[23.3254605,48.250455],[23.3258031,48.2500008],[23.3261043,48.2496548],[23.3266086,48.2491053],[23.3270377,48.2485975],[23.3272113,48.248314],[23.3273683,48.2480571],[23.3275419,48.2478152],[23.3277808,48.2476074],[23.3291763,48.2464395],[23.3294839,48.2462719],[23.3300465,48.245938],[23.3302295,48.2458683],[23.3304806,48.2458623],[23.330641,48.2459128],[23.3308594,48.245951],[23.3310824,48.2459374],[23.3312928,48.2458611],[23.3315098,48.2457225],[23.3316368,48.2456104],[23.3316886,48.2454324],[23.3317697,48.2451515],[23.3321738,48.2441904],[23.3323503,48.2438536],[23.3324867,48.2436127],[23.3325416,48.2434176],[23.3325516,48.243184],[23.3324619,48.2427307],[23.3323341,48.2424094],[23.3321822,48.2420743],[23.3319709,48.2416381],[23.3318603,48.2414669],[23.3318573,48.2413592],[23.331975,48.241271],[23.3325198,48.2410376],[23.3327305,48.240893],[23.3328901,48.2407059],[23.3336243,48.2402467],[23.3341862,48.2398597],[23.3341973,48.2398167],[23.3342181,48.2397364],[23.3341415,48.2396046],[23.3340457,48.2393537],[23.3340873,48.2390344],[23.3341287,48.2388902],[23.3338286,48.2386734],[23.3336435,48.2384948],[23.333503,48.2382013],[23.3333562,48.2378186],[23.3333306,48.237521],[23.3334009,48.2372403],[23.33342,48.2369766],[23.3334026,48.236774],[23.3334136,48.2366523],[23.3335034,48.2365803]]}},
{"type":"Feature","properties":{"full_id":"w121671834","ref":"О-070801","length_km":4.93114,"name:uk":"Перечинська міська громада","lenght_roads":4.9311,"id_roads":"82325"},"geometry":{"type":"LineString","coordinates":[[22.497286,48.7325046],[22.4972454,48.7324227],[22.4971864,48.7323625],[22.4970948,48.7323199],[22.4968115,48.7322236],[22.4967418,48.7321777],[22.4966783,48.7321139],[22.4962964,48.7311422],[22.4962048,48.7307563],[22.4962413,48.730063],[22.4962572,48.729607],[22.4962016,48.7291816],[22.49594,48.7286677],[22.4956822,48.7283975],[22.4944278,48.7274124],[22.4939814,48.7271805],[22.4926985,48.726758],[22.4924043,48.7266611],[22.4903059,48.7259701],[22.4899084,48.7258428],[22.4888611,48.7256187],[22.4881673,48.7254499],[22.4865066,48.7253317],[22.4853477,48.7254105],[22.485044,48.7254395],[22.4847115,48.7254131],[22.4844914,48.7253775],[22.4842286,48.7253015],[22.4840168,48.7251879],[22.4833358,48.7248043],[22.4827534,48.7245229],[22.482325,48.7243544],[22.4818468,48.7242168],[22.4814257,48.7241054],[22.4808785,48.7239921],[22.4804335,48.7239084],[22.4799049,48.7238329],[22.4792963,48.7237944],[22.4791795,48.7237996],[22.4787766,48.7237995],[22.477307,48.7238252],[22.4765058,48.7238076],[22.4763971,48.7238052],[22.4759745,48.7237897],[22.4746075,48.7240027],[22.4732448,48.7241416],[22.4729231,48.7241071],[22.4727488,48.7240717],[22.472516,48.7240076],[22.472333,48.723916],[22.4721801,48.7238346],[22.4719426,48.7236766],[22.4711015,48.7229252],[22.4708197,48.7226874],[22.4706835,48.7226102],[22.4704447,48.7224846],[22.4703265,48.7224316],[22.4700987,48.7223483],[22.4695435,48.7221908],[22.4692363,48.7220918],[22.4690634,48.7220174],[22.4689454,48.7219626],[22.4688113,48.7218865],[22.4685734,48.7217377],[22.4674686,48.7209187],[22.4673895,48.7208749],[22.4671935,48.7207805],[22.4669954,48.7207097],[22.4668694,48.7206726],[22.4666601,48.7206266],[22.466357,48.7205664],[22.465783,48.7204671],[22.4644259,48.7202461],[22.4640627,48.7201778],[22.4638155,48.7201286],[22.4634255,48.7200441],[22.462036,48.71974],[22.4606948,48.719446],[22.4600431,48.7192923],[22.4597405,48.7192437],[22.4595576,48.7192233],[22.4594074,48.719218],[22.4592456,48.7192208],[22.4590644,48.7192389],[22.4589369,48.719276],[22.4587892,48.7193249],[22.4582745,48.7195574],[22.4580127,48.7196746],[22.4577391,48.719786],[22.4575038,48.7198661],[22.4574182,48.7198902],[22.4572483,48.7199382],[22.4569184,48.7200232],[22.4565428,48.7201116],[22.4562699,48.7201682],[22.4559608,48.7201948],[22.4557382,48.7202019],[22.4555326,48.7201972],[22.4552286,48.7201736],[22.4550797,48.7201392],[22.4547994,48.7200532],[22.4545741,48.7199736],[22.4541656,48.7198203],[22.4532252,48.7194574],[22.4524283,48.7191499],[22.4522528,48.7190614],[22.4521843,48.7190269],[22.4519718,48.7189022],[22.4515366,48.7186015],[22.4514145,48.7184978],[22.4513058,48.7183925],[22.4511892,48.7183018],[22.4510618,48.7180978],[22.4510296,48.7180571],[22.4508807,48.7179041],[22.4507437,48.7177552],[22.4506795,48.7176829],[22.4503805,48.717275],[22.450275,48.7171492],[22.4498588,48.7167281],[22.4497287,48.7165963],[22.449588,48.7164171],[22.4493503,48.7160116],[22.4492024,48.7157613],[22.4490272,48.7155184],[22.4487993,48.7152239],[22.4486867,48.7150823],[22.448629,48.715],[22.4486051,48.7149156],[22.4486082,48.7148731],[22.4486195,48.7148336],[22.4486881,48.7147104],[22.4488918,48.7143036],[22.4489576,48.7142125],[22.4490434,48.7140895],[22.4491085,48.7140143],[22.4492513,48.7138913],[22.4493572,48.7138152],[22.449647,48.7136285],[22.4498346,48.7134993],[22.4502356,48.7131922],[22.4503727,48.7130943],[22.450465,48.7130391],[22.4505805,48.7129992],[22.4508158,48.7129131],[22.4509276,48.7128624],[22.4511086,48.7127285]]}},
{"type":"Feature","properties":{"full_id":"w122397333","ref":"О-071001","length_km":3.81312,"name:uk":"Полянська сільська громада","lenght_roads":3.8131,"id_roads":"31327"},"geometry":{"type":"LineString","coordinates":[[22.888319,48.5321006],[22.8884215,48.5320987],[22.8887943,48.5320916],[22.8896483,48.5320349],[22.8907163,48.5319658],[22.890898,48.5319762],[22.8910798,48.5320101],[22.8932737,48.5325997],[22.8946774,48.532977],[22.8948203,48.5330256],[22.8952889,48.5332289],[22.8953957,48.5332583],[22.8955132,48.5332665],[22.8957254,48.5332529],[22.8958094,48.5332346],[22.8959384,48.5332151],[22.8960087,48.5332179],[22.8960801,48.5332374],[22.8962432,48.5332919],[22.8965877,48.5334589],[22.8976995,48.5337983],[22.8984046,48.5339898],[22.8992,48.5341623],[22.8996412,48.5342119],[22.8999594,48.5342341],[22.9001194,48.5342453],[22.9013339,48.534222],[22.9035639,48.5343039],[22.9068383,48.5344356],[22.9073002,48.5344542],[22.9110193,48.5346364],[22.9115572,48.5346201],[22.9119412,48.5345895],[22.9124989,48.5344796],[22.9130609,48.5343865],[22.9132951,48.5343555],[22.9135932,48.5343301],[22.9145882,48.5343087],[22.9149256,48.5342345],[22.9151077,48.5341357],[22.9154465,48.5339182],[22.9158678,48.533574],[22.9162926,48.5332531],[22.9165395,48.5331065],[22.9166715,48.5330417],[22.9168291,48.5329655],[22.9170803,48.5328584],[22.9173783,48.5327597],[22.9180468,48.5325793],[22.9184555,48.5324891],[22.918711,48.5324383],[22.9190175,48.5324186],[22.9193309,48.5324353],[22.9195851,48.5324869],[22.9197776,48.5325753],[22.9207631,48.5331736],[22.9209784,48.5332782],[22.9212415,48.5333577],[22.9214054,48.5333893],[22.9215849,48.5334251],[22.922164,48.5334787],[22.9233009,48.5335655],[22.924363,48.533736],[22.9246366,48.5337857],[22.9249273,48.5338522],[22.9252535,48.5339385],[22.9266115,48.5343259],[22.9268366,48.5343988],[22.9269932,48.5344495],[22.927269,48.5345571],[22.9274046,48.5346214],[22.9275024,48.5346881],[22.930644,48.5376751],[22.930786,48.5377602],[22.9309442,48.5378291],[22.9331437,48.5385962],[22.934389191843213,48.539030603882047]]}},
{"type":"Feature","properties":{"full_id":"w47384818","ref":"С-071201","length_km":0.81891,"name:uk":"Ужгородська міська громада","lenght_roads":0.8189,"id_roads":"89078"},"geometry":{"type":"LineString","coordinates":[[22.3273871,48.604417],[22.3277016,48.6043631],[22.3278692,48.60434],[22.3280436,48.604317],[22.3281881,48.6042935],[22.3282909,48.6042787],[22.3285014,48.6042522],[22.3286284,48.6042363],[22.3289475,48.6042017],[22.3292948,48.6041663],[22.3294962,48.6041494],[22.3296824,48.6041316],[22.3298054,48.6041182],[22.3299668,48.6040864],[22.330227,48.6040297],[22.3305166,48.6039747],[22.3307798,48.6038985],[22.3311209,48.6038],[22.3315304,48.6036794],[22.3317423,48.6036244],[22.3320089,48.6035691],[22.3321715,48.6035481],[22.3322714,48.6035127],[22.3322769,48.6034266],[22.3322906,48.6033525],[22.3323017,48.603283],[22.3323385,48.6030441],[22.3323707,48.6029908],[22.3324196,48.6029184],[22.3324988,48.602843],[22.3326061,48.6027632],[22.3327215,48.6026873],[22.3329157,48.6025806],[22.3330979,48.6024827],[22.3333343,48.6023615],[22.333514,48.6022808],[22.3337084,48.6022037],[22.3338948,48.6021354],[22.3341346,48.6020624],[22.334582,48.6019497],[22.3350536,48.6017964],[22.3351586,48.6017668]]}},
{"type":"Feature","properties":{"full_id":"w112626527","ref":"С-070709","length_km":6.21196,"name:uk":"Великолучківська сільська громада","lenght_roads":6.212,"id_roads":"91865"},"geometry":{"type":"LineString","coordinates":[[22.5793368,48.5495138],[22.5789615,48.5494094],[22.5788248,48.5493544],[22.5787158,48.5492656],[22.5785056,48.5490502],[22.5781247,48.5486601],[22.5777504,48.5483176],[22.5772771,48.5479606],[22.576717,48.5476336],[22.5763577,48.5474325],[22.5758395,48.5472041],[22.5752789,48.5469786],[22.5745949,48.5467389],[22.5739288,48.5465359],[22.572602,48.5461388],[22.5718966,48.5458919],[22.5716096,48.5457872],[22.5714415,48.5457226],[22.5712975,48.5456104],[22.5711897,48.5454911],[22.5710544,48.5453308],[22.5709686,48.5451905],[22.5709283,48.5450653],[22.5707808,48.5445939],[22.5707057,48.5444234],[22.5706336,48.5443259],[22.5704536,48.5441926],[22.5703184,48.5441238],[22.5702432,48.5440855],[22.5697065,48.5438861],[22.5690284,48.5437278],[22.5689113,48.5437504],[22.5688645,48.5437877],[22.5688374,48.5438476],[22.5688523,48.5439511],[22.568846,48.5440166],[22.5687852,48.5442174],[22.5686772,48.5444206],[22.5684023,48.5448715],[22.5682194,48.5453411],[22.5680691,48.5456309],[22.5679618,48.5457801],[22.5678374,48.5458981],[22.567715,48.5459807],[22.5676131,48.5460127],[22.5675255,48.5460136],[22.5670043,48.5458973],[22.5666297,48.5458311],[22.5664879,48.5458156],[22.5663324,48.5458094],[22.5659408,48.5458174],[22.5658737,48.5458023],[22.5658348,48.5457783],[22.5658201,48.5457304],[22.5658348,48.5456723],[22.5659219,48.5452829],[22.5660868,48.5443004],[22.5660682,48.5439884],[22.5660999,48.5437965],[22.5663616,48.5430414],[22.5663927,48.5427507],[22.5663946,48.5424809],[22.5663659,48.5422694],[22.5663616,48.5421025],[22.5665619,48.5410125],[22.5667024,48.5393294],[22.5669159,48.537738],[22.5670032,48.537643],[22.5673798,48.5373538],[22.5677235,48.5370851],[22.5679323,48.5369151],[22.5680605,48.5367873],[22.5681019,48.536746],[22.5681645,48.5366654],[22.5684075,48.5363886],[22.5685302,48.536239],[22.5691688,48.5354605],[22.5691808,48.5354442],[22.5693377,48.5352312],[22.5698574,48.5345254],[22.5701652,48.5340959],[22.5703704,48.5337679],[22.5705092,48.5334372],[22.5706728,48.5329987],[22.5708379,48.5326491],[22.5712032,48.5320575],[22.5718322,48.5311623],[22.5724014,48.5304373],[22.5727013,48.5301108],[22.5728684,48.5299009],[22.5729775,48.5296756],[22.5730124,48.5295025],[22.5730044,48.5286756],[22.5728703,48.5278676],[22.5729478,48.5275058],[22.5737388,48.524599],[22.5740642,48.5234284],[22.5742036,48.5228848],[22.5743538,48.5222559],[22.5745083,48.5219931],[22.5746172,48.5218466],[22.574779,48.5217194],[22.5750653,48.5215646],[22.5786018,48.5199026],[22.5815072,48.5186192],[22.5833788,48.517795],[22.585888,48.5167228],[22.5861309,48.5166141],[22.5863564,48.516528],[22.5866732,48.5164635],[22.5871883,48.5164015],[22.5877421,48.5164059],[22.5883119,48.5164451],[22.5889412,48.5165249],[22.5912836,48.5169135],[22.5916925,48.516974],[22.5922196,48.5170592],[22.5930683,48.5172721],[22.5937468,48.5175027],[22.5943329,48.5176906],[22.5949878,48.5178942],[22.5955974,48.5180431],[22.5958729,48.5181074],[22.5961305,48.5181483],[22.5963825,48.5181803],[22.596632,48.5182247],[22.5968363,48.5182756],[22.5970424,48.518358],[22.5972033,48.5184131],[22.5973821,48.5184623],[22.5975493,48.5184769],[22.5977785,48.5184764],[22.5980378,48.5184423]]}},
{"type":"Feature","properties":{"full_id":"w122239697","ref":"С-070742","length_km":1.65313,"name:uk":"Верхньокоропецька сільська громада","lenght_roads":1.6531,"id_roads":"96359"},"geometry":{"type":"LineString","coordinates":[[22.778456,48.431515],[22.7785628,48.4316069],[22.7797144,48.4320347],[22.78055,48.432562],[22.7813255,48.4331399],[22.7818113,48.433426],[22.7824021,48.4336868],[22.7822971,48.4337708],[22.7821919,48.4338871],[22.7823027,48.4339604],[22.7825645,48.4343824],[22.7825868,48.4344844],[22.7825661,48.4345543],[22.7820714,48.4348944],[22.7814277,48.4353279],[22.7808043,48.4357779],[22.7802249,48.4362508],[22.7795889,48.4367348],[22.7791084,48.4371153],[22.7787232,48.437545],[22.7781077,48.438351],[22.7770808,48.4396959],[22.7762545,48.4401754],[22.7761484,48.4402768],[22.7761333,48.4403938],[22.7761372,48.4404633],[22.7761671,48.4405096],[22.7763601,48.4408085],[22.776461,48.4411429],[22.776577,48.4416891],[22.7766741,48.4432556],[22.7766114,48.4433856],[22.7765966,48.4434625]]}},
{"type":"Feature","properties":{"full_id":"w166227512","ref":"С-071112","length_km":5.16383,"name:uk":"Бедевлянська сільська громада","lenght_roads":5.1638,"id_roads":"30540"},"geometry":{"type":"LineString","coordinates":[[23.6579792,48.0059601],[23.6581032,48.0063343],[23.6584237,48.0067577],[23.6587536,48.0071793],[23.6586875,48.0078526],[23.6587081,48.0089547],[23.6587743,48.0090509],[23.6587742,48.0091357],[23.6584292,48.0093691],[23.6574733,48.0096651],[23.6563072,48.0095083],[23.6559952,48.0093583],[23.6555753,48.0092434],[23.6549765,48.0092793],[23.6544207,48.0093634],[23.6538893,48.0094557],[23.6533457,48.0096483],[23.6528874,48.0099143],[23.6521856,48.0103784],[23.6518367,48.0105819],[23.6506455,48.0111763],[23.6481184,48.0124374],[23.6443727,48.0143214],[23.641216,48.0159058],[23.6394594,48.0167874],[23.6393054,48.0169518],[23.6396583,48.0178213],[23.6397529,48.0181798],[23.6396898,48.0184637],[23.6394603,48.0189549],[23.6393169,48.0195727],[23.6389869,48.0200913],[23.6389815,48.0202879],[23.6390271,48.0209803],[23.6390625,48.0215161],[23.6390675,48.0215925],[23.6391134,48.022168],[23.6390216,48.0225863],[23.6389585,48.023346],[23.6390274,48.0238218],[23.6391094,48.0239388],[23.6400824,48.0250986],[23.6416536,48.0259563],[23.6422893,48.0263033],[23.6445951,48.0272797],[23.6448511,48.0274609],[23.6451107,48.0278966],[23.645127,48.0282449],[23.6449602,48.0288558],[23.6447636,48.029205],[23.6442972,48.0296801],[23.6436785,48.0302333],[23.6426433,48.031467],[23.6422632,48.032012],[23.6419811,48.0325635],[23.6408347,48.0343277],[23.6403143,48.0352567],[23.6398487,48.0358087],[23.6392018,48.0365433],[23.6388197,48.0369975],[23.6386299,48.0373192],[23.6384931,48.0376537],[23.6385524,48.0382793],[23.6385884,48.0385752],[23.6385977,48.0387683],[23.638669,48.0390597],[23.6387926,48.039403],[23.6389142,48.0397152],[23.6391011,48.0400113],[23.6393637,48.0402232],[23.6395609,48.0403857],[23.6399403,48.0409376]]}},
{"type":"Feature","properties":{"full_id":"w228614791","ref":"О-070902","length_km":8.65068,"name:uk":"Великобичківська селищна громада","lenght_roads":8.6507,"id_roads":"85762"},"geometry":{"type":"LineString","coordinates":[[23.9560908,48.044324],[23.9561203,48.0441428],[23.9561793,48.0438577],[23.9562169,48.0435851],[23.9562491,48.0433771],[23.9562716,48.0431724],[23.956292,48.0429862],[23.9563389,48.0426805],[23.9564542,48.0419345],[23.956473,48.0418251],[23.9565025,48.0417515],[23.956591,48.0415399],[23.956929,48.0409715],[23.9573474,48.0402111],[23.9573957,48.0401124],[23.9574279,48.0400246],[23.9576264,48.0395493],[23.9577739,48.0391404],[23.9579294,48.0387423],[23.9580126,48.038554],[23.9581708,48.0381164],[23.9581923,48.0380465],[23.9582218,48.0378725],[23.9582298,48.0377721],[23.9582272,48.0376932],[23.9581226,48.0373578],[23.9579428,48.0369274],[23.9578946,48.0368162],[23.9578258,48.0366178],[23.957767,48.0364318],[23.9577444,48.0362764],[23.9577685,48.0360844],[23.9578423,48.035751],[23.9579187,48.0355427],[23.9580029,48.0353711],[23.9580765,48.035203],[23.9583988,48.0347249],[23.9587851,48.0342101],[23.9588387,48.0341259],[23.9589004,48.0340488],[23.9593537,48.033421],[23.9595199,48.0331878],[23.9596058,48.0330551],[23.9597037,48.0328031],[23.9598096,48.0324883],[23.9598418,48.0323969],[23.9601932,48.0310804],[23.96055,48.0294194],[23.9605767,48.0293153],[23.960735,48.0287486],[23.9609255,48.0281727],[23.960963,48.0280472],[23.9610864,48.0275592],[23.96114,48.0272561],[23.9611535,48.0271538],[23.9612286,48.026648],[23.9612661,48.0262461],[23.9612978,48.026151],[23.9613225,48.0260775],[23.9616523,48.025247],[23.9618937,48.0246711],[23.9619501,48.0245348],[23.9620332,48.0244074],[23.9621405,48.0242926],[23.962847,48.0237238],[23.9629614,48.0236317],[23.9631408,48.0234889],[23.9632365,48.023386],[23.9633422,48.023273],[23.9634281,48.0230757],[23.9634602,48.0226989],[23.9634441,48.0221213],[23.9634077,48.0218222],[23.9634066,48.0217266],[23.9634322,48.0215493],[23.963479,48.0213768],[23.9637097,48.0207237],[23.9638867,48.0202429],[23.9640262,48.0198662],[23.9642032,48.0193495],[23.9642676,48.0190732],[23.9644118,48.0181692],[23.9645427,48.0173721],[23.9647073,48.0161685],[23.9648017,48.0155242],[23.9648899,48.0149395],[23.9649746,48.0143221],[23.9651512,48.0131028],[23.9651632,48.0130241],[23.9653897,48.0116848],[23.9654724,48.0113785],[23.965505,48.0113016],[23.9655382,48.0112282],[23.9655973,48.011131],[23.965654,48.0110551],[23.9657108,48.0109834],[23.9658918,48.0107906],[23.9660688,48.0106455],[23.9679597,48.0088318],[23.9685989,48.0082163],[23.9688993,48.0078255],[23.9690702,48.0075337],[23.9693185,48.0071259],[23.9695014,48.0068331],[23.9696006,48.0066711],[23.9696367,48.0066124],[23.9708167,48.0047003],[23.9709043,48.0045496],[23.9713564,48.003837],[23.9713776,48.0038006],[23.9719239,48.0029273],[23.9719849,48.0028628],[23.9720433,48.0028093],[23.9721315,48.0027378],[23.9722833,48.002633],[23.9735943,48.0019499],[23.9738568,48.001819],[23.9740156,48.0017282],[23.9741579,48.0016351],[23.9742544,48.0015475],[23.9742891,48.0015083],[23.9743466,48.0014287],[23.9744059,48.0013087],[23.9745216,48.0010267],[23.9746386,48.0006904],[23.9751006,48.0001279],[23.9753491,47.999835],[23.9756113,47.9994614],[23.9756686,47.9993783],[23.9757075,47.9992626],[23.9757491,47.9990732],[23.9757988,47.9988893],[23.9758431,47.9987647],[23.9759049,47.9986481],[23.9759709,47.9985565],[23.9760878,47.9984327],[23.976658,47.9980941],[23.9772642,47.9977262],[23.977366,47.9976368],[23.9774096,47.9975709],[23.9774391,47.997505],[23.9774364,47.997439],[23.9774146,47.9973857],[23.9773234,47.9972457],[23.9772682,47.9971725],[23.9772224,47.9970604],[23.9772036,47.9970104],[23.9771891,47.9969311],[23.977224,47.9968263],[23.9772423,47.9967594],[23.9772701,47.9967087],[23.977338,47.9966267],[23.9774251,47.9965766],[23.977575,47.9964927],[23.9777819,47.9964256],[23.9781994,47.9963109],[23.9784104,47.9962697],[23.9785649,47.9962533],[23.9787167,47.9962603],[23.9789803,47.9962776],[23.9793263,47.9962886],[23.9795241,47.9962879],[23.979654,47.9962616],[23.9798211,47.9961939],[23.9799432,47.9961235],[23.9800199,47.9960163],[23.9800483,47.9959397],[23.9800434,47.9958748],[23.9800199,47.9958063],[23.9799513,47.995725],[23.9798825,47.9956581],[23.9798171,47.9955797],[23.979769,47.9955136],[23.9797368,47.9954456],[23.9797318,47.995391],[23.9797516,47.9953373],[23.9797933,47.9952865],[23.9798616,47.9952377],[23.9799863,47.9951854],[23.9802087,47.9951237],[23.9806593,47.994988],[23.980912,47.9949118],[23.9811073,47.9948419],[23.9812464,47.9947838],[23.9813426,47.994724],[23.9814009,47.9946626],[23.9814189,47.9945941],[23.9813997,47.9945191],[23.981367,47.9944548],[23.9812309,47.9942115],[23.9811802,47.9941058],[23.9811602,47.9939985],[23.9811464,47.9938675],[23.9811697,47.9937129],[23.9812573,47.9934819],[23.9817749,47.9924398],[23.9819253,47.9921748],[23.9819982,47.9920004],[23.9820202,47.9918857],[23.9819998,47.9908737],[23.9820032,47.9907468],[23.9820198,47.9906571],[23.9820496,47.9905561],[23.9821742,47.9903317],[23.9822645,47.9901787],[23.9823407,47.9900562],[23.9823819,47.9899724],[23.9824027,47.989875],[23.9823923,47.9896798],[23.9823253,47.9893804],[23.9822946,47.9890864],[23.982291,47.9887909],[23.9823198,47.9878323],[23.9823402,47.9876957],[23.9823829,47.9875739],[23.9824687,47.9874464],[23.9826055,47.9873279],[23.9827584,47.9872292],[23.9829705,47.9871405],[23.9836193,47.9869551],[23.9839292,47.9868082],[23.9840633,47.986679],[23.9841032,47.98661],[23.9841702,47.9864797],[23.9842564,47.9860614],[23.9843489,47.9856817],[23.9844468,47.9854349],[23.9844968,47.9853679],[23.9845782,47.9853272],[23.9848196,47.9852087],[23.9850396,47.9850776],[23.9851469,47.9849915],[23.9852955,47.9848554],[23.9853802,47.9847473],[23.9854446,47.9845785],[23.985458,47.9844062],[23.9854124,47.9842751],[23.9852711,47.9840889],[23.9851112,47.9839338],[23.9849806,47.9837563],[23.9848733,47.9835373],[23.9848479,47.9833218],[23.9848438,47.9831585],[23.9848803,47.9829441],[23.9849135,47.9827671],[23.9850181,47.9825786],[23.9851871,47.9823452],[23.9853197,47.9821231],[23.9853497,47.9820146],[23.9853615,47.981925],[23.9853346,47.9818101],[23.9852711,47.9816205],[23.9852434,47.9814475],[23.9852729,47.9813362],[23.9853239,47.9812248],[23.9854097,47.9811189],[23.9855751,47.9809672],[23.9859247,47.9806912],[23.9862098,47.9804043],[23.9864075,47.9801602],[23.9865986,47.9798394],[23.9867848,47.9793798],[23.9868468,47.9791573],[23.9868897,47.9787927],[23.9868863,47.9787301],[23.9869006,47.9786512],[23.9870431,47.9765617],[23.9870424,47.9764922],[23.9871449,47.9755953],[23.9872615,47.9745744],[23.9873428,47.9737318]]}},
{"type":"Feature","properties":{"full_id":"w112626531","ref":"О-071201","length_km":12.97457,"name:uk":"Великолучківська сільська громада","lenght_roads":12.9746,"id_roads":"69761"},"geometry":{"type":"LineString","coordinates":[[22.5830304,48.4755442],[22.5830383,48.4757304],[22.5827374,48.4784131],[22.5827264,48.4784992],[22.5826997,48.4787075],[22.5826955,48.4787441],[22.5825738,48.4797936],[22.5824327,48.4810111],[22.582375,48.481509],[22.5823403,48.4819629],[22.5820672,48.4822449],[22.5809459,48.4829299],[22.5803743,48.4829882],[22.5794508,48.4836294],[22.5787583,48.4839354],[22.5785494,48.4842196],[22.5784725,48.4847661],[22.5786044,48.485604],[22.5790001,48.4861432],[22.5795828,48.4868572],[22.5796927,48.4874037],[22.5795498,48.4879501],[22.5795692,48.487975],[22.5802204,48.4888099],[22.5814903,48.4902907],[22.5823036,48.4912391],[22.5833604,48.492471],[22.5839075,48.4930967],[22.5841945,48.4934451],[22.5844417,48.4936401],[22.5868934,48.4950601],[22.5879101,48.4957959],[22.5885531,48.4961783],[22.5894215,48.4966342],[22.5910869,48.4976057],[22.5923017,48.4984189],[22.5927304,48.4986083],[22.593346,48.4988123],[22.5941705,48.4993368],[22.5948081,48.4997884],[22.5952148,48.5001744],[22.5955006,48.5006042],[22.5958854,48.5010704],[22.596523,48.5016167],[22.5983941,48.5034296],[22.600074,48.5049718],[22.6038372,48.508299],[22.6059888,48.5102013],[22.6061082,48.5103144],[22.6061979,48.5104623],[22.6061833,48.5105916],[22.6060909,48.5107616],[22.6039183,48.5121817],[22.6033607,48.5125462],[22.6031543,48.5125848],[22.6030188,48.5125959],[22.6028413,48.5125711],[22.6018416,48.5124477],[22.6016074,48.5124645],[22.5994962,48.5129117],[22.5993919,48.5129975],[22.5993372,48.5131167],[22.5990218,48.5139321],[22.5989792,48.5141738],[22.5990294,48.5147043],[22.5990624,48.5150465],[22.5990432,48.5152007],[22.598941,48.5153637],[22.5985578,48.5157479],[22.5984192,48.5160104],[22.5983486,48.5162147],[22.5981719,48.5165247],[22.5980669,48.5167429],[22.5980133,48.5168957],[22.5979462,48.5172336],[22.5978315,48.5179132],[22.5978309,48.5180221],[22.5978685,48.5181216],[22.5980026,48.5183028],[22.5980358,48.5183779],[22.5980378,48.5184423],[22.5979108,48.5186091],[22.5977199,48.5188376],[22.5976885,48.5189366],[22.5976727,48.5190864],[22.5977075,48.5193333],[22.5977102,48.5195318],[22.597686,48.5196637],[22.5973769,48.5204389],[22.597332,48.5205769],[22.5973266,48.5206622],[22.5973982,48.5208253],[22.5975144,48.5211561],[22.5975788,48.5214048],[22.5976466,48.5215568],[22.597788,48.5217423],[22.5980133,48.5219697],[22.5981791,48.5221126],[22.5988855,48.5226276],[22.5991237,48.5228047],[22.59946,48.5230638],[22.5997407,48.5233195],[22.5997782,48.5234123],[22.5997495,48.5235063],[22.5996548,48.523597],[22.5994762,48.5236844],[22.5991023,48.5237782],[22.598713,48.5238573],[22.5985283,48.5239309],[22.5984569,48.524001],[22.5983898,48.5241644],[22.5982797,48.5246838],[22.5982171,48.524915],[22.5981455,48.525088],[22.5980187,48.5253308],[22.5978791,48.5255617],[22.5977516,48.5257664],[22.5977426,48.5258086],[22.5977128,48.525949],[22.5977414,48.5262415],[22.5978523,48.5267874],[22.5978684,48.5270041],[22.5978791,48.5271888],[22.5979381,48.5273522],[22.5979918,48.5275725],[22.598114,48.52816],[22.5980991,48.5283931],[22.5981259,48.5285352],[22.5981762,48.5286541],[22.5984048,48.5290184],[22.5984904,48.5292011],[22.5986731,48.5297751],[22.5987596,48.5303219],[22.598834,48.5305175],[22.5989848,48.5308311],[22.5992847,48.531363],[22.599693,48.5320518],[22.5997245,48.5321694],[22.5997097,48.5322915],[22.5996547,48.5324252],[22.599536,48.5325342],[22.5990701,48.5329616],[22.5988332,48.533187],[22.5987804,48.5332813],[22.5987727,48.5333853],[22.5987751,48.5335442],[22.5987965,48.533768],[22.5988394,48.534322],[22.5989705,48.5354135],[22.5989719,48.5356542],[22.5989486,48.5357715],[22.5987107,48.536194],[22.5986356,48.5363929],[22.5986287,48.5365327],[22.5986622,48.5366924],[22.5988148,48.5371743],[22.5988554,48.5373946],[22.5988595,48.5377654],[22.5988394,48.5379665],[22.5987643,48.5381328],[22.5986677,48.5383607],[22.5986345,48.53849],[22.5986248,48.5390747],[22.598598,48.5393659],[22.5985873,48.5395648],[22.5985999,48.5398825],[22.5986195,48.5402255],[22.5986465,48.5404294],[22.5985983,48.5407792],[22.5985423,48.5409182],[22.5983997,48.5411475],[22.598267,48.5413599],[22.5978094,48.5418983],[22.5972676,48.5425659],[22.5970621,48.5429121],[22.5970209,48.5430525],[22.597012,48.5432039],[22.5970101,48.5433473],[22.5970691,48.5434645],[22.5971708,48.5435659],[22.5972783,48.5436671],[22.5973481,48.5437166],[22.5975283,48.5438064],[22.5977236,48.5438942],[22.5984194,48.5441383],[22.5988077,48.5442746],[22.5989861,48.544377],[22.599113,48.5444874],[22.5992404,48.544675],[22.5994939,48.5450059],[22.599628,48.5451692],[22.5997534,48.5452994],[22.5998962,48.5454392],[22.600081,48.5455557],[22.6003267,48.5456624],[22.6005567,48.5457422],[22.6017327,48.5461501],[22.6018554,48.5461926],[22.6019531,48.5462265],[22.6021684,48.5462473],[22.6025462,48.5462702],[22.6032329,48.5463021],[22.6034262,48.5463353],[22.6035386,48.5463696],[22.6036835,48.5464335],[22.6038511,48.5465494],[22.6039409,48.5466395],[22.6040161,48.5467532],[22.6041155,48.5471403],[22.604252,48.5476267],[22.6043272,48.5479014],[22.6043973,48.5481632],[22.6044231,48.5482597],[22.6045954,48.5488128],[22.6046279,48.5489338],[22.6046672,48.5491944],[22.6046329,48.5495515],[22.6046507,48.5497859],[22.6046468,48.5499842],[22.6046007,48.5500681],[22.6044508,48.5502209],[22.6043594,48.5503027],[22.6043272,48.5503789],[22.6042628,48.5506488],[22.6041828,48.5512273],[22.6040646,48.5518348],[22.6039572,48.5522712],[22.6037532,48.5527722],[22.6036843,48.5529422],[22.6036674,48.5530705],[22.6036728,48.5532232],[22.6036995,48.5534706],[22.6037142,48.5536387],[22.603544,48.5536813],[22.6033831,48.5537239],[22.6008912,48.5543169],[22.6007129,48.5543604],[22.6002735,48.5544678],[22.5999042,48.5546381],[22.5997407,48.5547323],[22.5995583,48.5549595],[22.5995023,48.5550645],[22.5993677,48.5557052],[22.5992954,48.5559821],[22.5991613,48.5562022],[22.5989948,48.5563657],[22.5987589,48.5564721],[22.5985008,48.5565567],[22.5981152,48.5566212],[22.5978619,48.5566415],[22.5976539,48.5566354],[22.5972098,48.5565715],[22.5971552,48.5565636],[22.5965279,48.5564734],[22.5951218,48.5562306],[22.5947647,48.5561921],[22.59456,48.5561701],[22.593872,48.5561317],[22.5935695,48.5561629],[22.5931337,48.5561963],[22.5925255,48.5563124],[22.5914745,48.5565396],[22.5902241,48.5568763],[22.5899516,48.5570046],[22.5897092,48.5571573],[22.5895656,48.5573029],[22.5894705,48.5574645],[22.5894302,48.5576047],[22.5894168,48.5577556],[22.5894292,48.557992],[22.5894295,48.5580633],[22.5894296,48.5580891],[22.5894701,48.5589937],[22.5894066,48.5591975],[22.5893099,48.5593795],[22.5887473,48.5600909],[22.5885719,48.5604415],[22.5885241,48.5605967],[22.5885019,48.5608707],[22.588491,48.5611952],[22.5885611,48.5614645],[22.5887167,48.5617871],[22.5889033,48.5621101],[22.5891098,48.5625194],[22.5891566,48.5627563],[22.5891679,48.5629679],[22.5891083,48.5632746],[22.5888817,48.5637295],[22.5888264,48.5638326],[22.5886808,48.5641051],[22.588626,48.5642077],[22.58849,48.5644623],[22.5884026,48.5646939],[22.5883558,48.5649786],[22.5883736,48.5652998],[22.5883779,48.5655466],[22.5883811,48.5657343],[22.5882404,48.566797],[22.5882149,48.5669896],[22.5881588,48.5672861],[22.5880301,48.5676908],[22.587637747832829,48.568357181837051]]}},
{"type":"Feature","properties":{"full_id":"w164699719","ref":"С-071224","length_km":2.26074,"name:uk":"Холмківська сільська громада","lenght_roads":2.2607,"id_roads":"97097"},"geometry":{"type":"LineString","coordinates":[[22.2743658,48.5805122],[22.2739897,48.5804789],[22.273507,48.5804453],[22.2728238,48.5804072],[22.2724314,48.5803886],[22.271702,48.5803555],[22.2704945,48.58033],[22.2691065,48.580344],[22.2682652,48.5803552],[22.2681952,48.5803553],[22.2670663,48.5803673],[22.2663219,48.5803701],[22.2660473,48.5803611],[22.2657628,48.5803498],[22.2653752,48.5803227],[22.264584,48.5802392],[22.263886,48.5801621],[22.2628228,48.5800203],[22.2612789,48.579756],[22.2601407,48.5795743],[22.2594422,48.5794995],[22.2586796,48.5794384],[22.2584623,48.5793956],[22.2582875,48.5793294],[22.2580846,48.5792012],[22.2572467,48.5785277],[22.2569676,48.5783106],[22.2546294,48.5764917],[22.254319,48.5762503],[22.2490377,48.5721215],[22.2489717,48.5720699]]}},
{"type":"Feature","properties":{"full_id":"w688605411","ref":"О-071206","length_km":2.13505,"name:uk":"Баранинська сільська громада","lenght_roads":2.1351,"id_roads":"74234"},"geometry":{"type":"LineString","coordinates":[[22.3648784,48.5480373],[22.3639584,48.5477546],[22.3631,48.5474936],[22.3613801,48.546953],[22.3610428,48.5468423],[22.3605108,48.5466526],[22.358771,48.5460322],[22.3573488,48.5455183],[22.3565813,48.545241],[22.3556046,48.5449109],[22.3536047,48.544221],[22.3493203,48.542618],[22.3472575,48.5418175],[22.3470927,48.5417669],[22.3469082,48.5417057],[22.3465499,48.541608],[22.3463088,48.5415724],[22.3458232,48.5415046],[22.3457856,48.5414994],[22.3441381,48.5412805],[22.341342,48.540918],[22.3387445,48.5406335],[22.338517435947928,48.540602446406801]]}},
{"type":"Feature","properties":{"full_id":"w122114996","ref":"С-070720","length_km":14.07732,"name:uk":"Верхньокоропецька сільська громада","lenght_roads":0.0,"id_roads":"48468"},"geometry":{"type":"LineString","coordinates":[[22.845451270596648,48.437008207388395],[22.845451270596651,48.437008207388395]]}},
{"type":"Feature","properties":{"full_id":"w97860259","ref":"О-071001","length_km":4.35348,"name:uk":"Свалявська міська громада","lenght_roads":4.3535,"id_roads":"38219"},"geometry":{"type":"LineString","coordinates":[[22.934389191843234,48.539030603882054],[22.9345916,48.5391012],[22.9350394,48.5393315],[22.9356082,48.5397982],[22.9363626,48.5404171],[22.9370306,48.5409797],[22.9378853,48.5415033],[22.9381178,48.5416817],[22.938204,48.5417739],[22.938276,48.5418708],[22.9390542,48.5438185],[22.9391264,48.5439558],[22.9391825,48.5440635],[22.9392492,48.5441806],[22.9393214,48.5442707],[22.939571,48.5444518],[22.9398474,48.5445999],[22.9405842,48.5450343],[22.9483775,48.5497594],[22.9494325,48.550399],[22.9497729,48.5506142],[22.9499173,48.5506748],[22.9500834,48.550719],[22.95022,48.5507285],[22.9503702,48.5507236],[22.9505833,48.550706],[22.9508536,48.5506611],[22.9552186,48.5496842],[22.9573168,48.5492146],[22.9583983,48.5489725],[22.9614834,48.548178],[22.9638608,48.5475657],[22.9660694,48.5469969],[22.9698817,48.546015],[22.9702639,48.5459379],[22.9704018,48.5459348],[22.9712743,48.545913],[22.9725187,48.5458878],[22.9746026,48.5458414],[22.9749399,48.5458397],[22.9751498,48.5458755],[22.9755332,48.5459933],[22.9755738,48.5460073],[22.9774467,48.5466509],[22.9793977,48.5473213],[22.979623,48.5473987],[22.9799443,48.5475109],[22.9809935,48.5478838],[22.9813085,48.5479981],[22.9813881,48.5480237],[22.9825561,48.5484499],[22.9826827,48.5484989]]}},
{"type":"Feature","properties":{"full_id":"w426864328","ref":"С-070304","length_km":4.92837,"name:uk":"Королівська селищна громада","lenght_roads":4.9284,"id_roads":"51768"},"geometry":{"type":"LineString","coordinates":[[23.134559,48.1549013],[23.1346988,48.1549951],[23.134827,48.1550798],[23.1348762,48.1551133],[23.1351633,48.1553088],[23.1355178,48.1555502],[23.1361576,48.1559859],[23.1363804,48.1561505],[23.1368072,48.156457],[23.1372903,48.156788],[23.1376833,48.1570573],[23.139184,48.1580855],[23.1394835,48.1582914],[23.1403481,48.1588923],[23.1416706,48.1598183],[23.1421461,48.1601436],[23.1432541,48.1609015],[23.1433324,48.1609488],[23.1434033,48.1609859],[23.1434839,48.1610244],[23.1435799,48.1610657],[23.14367,48.1610992],[23.1438248,48.1611501],[23.1439305,48.1611835],[23.1441165,48.1612328],[23.1441712,48.1612473],[23.1444408,48.1613126],[23.1445764,48.1613462],[23.144654,48.1613672],[23.1447908,48.161419],[23.1448958,48.1614585],[23.1450143,48.1615087],[23.1451351,48.1615642],[23.1452142,48.1616088],[23.1453003,48.1616585],[23.145607,48.1618612],[23.1457196,48.1619354],[23.1458498,48.1620147],[23.1468408,48.1626369],[23.1470809,48.1627876],[23.1471597,48.1628364],[23.1472455,48.1628878],[23.1480251,48.1633336],[23.148188,48.163429],[23.1485128,48.1636155],[23.148838,48.1638021],[23.1489212,48.1638501],[23.1490248,48.163903],[23.1491357,48.1639575],[23.1492176,48.1639956],[23.1493065,48.1640359],[23.1493783,48.1640652],[23.1494443,48.1640905],[23.1495157,48.1641167],[23.1496144,48.1641508],[23.1497463,48.1641926],[23.1498354,48.1642185],[23.1499205,48.1642415],[23.1504282,48.1643733],[23.1505152,48.1643974],[23.1505983,48.1644212],[23.1506756,48.1644454],[23.1507677,48.1644785],[23.1508646,48.1645159],[23.1515541,48.1647941],[23.151614,48.1648177],[23.1516808,48.1648427],[23.1521138,48.1650042],[23.1521961,48.1650363],[23.1522839,48.1650716],[23.1523792,48.1651112],[23.1524721,48.1651527],[23.1525824,48.1652058],[23.153017,48.1654262],[23.1531232,48.1654769],[23.1532007,48.1655117],[23.1532856,48.1655454],[23.1534288,48.1655987],[23.1535507,48.1656406],[23.153667,48.1656782],[23.1537633,48.1657061],[23.1538612,48.1657331],[23.1541067,48.165794],[23.1542333,48.1658314],[23.15432,48.165857],[23.1544243,48.1658886],[23.1545281,48.165922],[23.15466,48.1659663],[23.1547476,48.1659982],[23.1548324,48.1660306],[23.1554572,48.166276],[23.1555722,48.1663253],[23.155677,48.1663771],[23.1557945,48.1664406],[23.1559623,48.1665347],[23.1560515,48.166476],[23.1560898,48.1664492],[23.156128,48.1664188],[23.1561664,48.1663776],[23.156665,48.1657813],[23.1567198,48.1657141],[23.1571738,48.1651145],[23.1571974,48.165086],[23.1577388,48.1644319],[23.1578007,48.1643657],[23.1578819,48.1642969],[23.1579499,48.1642545],[23.1580337,48.1642154],[23.1581273,48.1641829],[23.1582115,48.164163],[23.1582968,48.1641527],[23.1583861,48.1641501],[23.1584882,48.1641546],[23.1590262,48.1641991],[23.1591806,48.1642092],[23.1595492,48.1642185],[23.1597435,48.1642184],[23.159802,48.1642154],[23.1598521,48.1642093],[23.1599079,48.1641973],[23.1599481,48.1641852],[23.1599977,48.1641661],[23.1600377,48.1641449],[23.1600876,48.1641106],[23.1601369,48.1640675],[23.1601744,48.1640281],[23.1602127,48.1639823],[23.16057,48.1634699],[23.1605912,48.1634462],[23.1606126,48.1634224],[23.1606713,48.163367],[23.1607504,48.1632984],[23.1608305,48.1632358],[23.1609162,48.163181],[23.1612644,48.1629685],[23.1613467,48.1629163],[23.1614152,48.1628701],[23.1629279,48.1617251],[23.1657183,48.1596276],[23.1658694,48.1595127],[23.1659206,48.1594701],[23.1659524,48.159439],[23.1660109,48.1593727],[23.16605,48.1593447],[23.1660951,48.1593202],[23.1661694,48.159287],[23.1662459,48.1592574],[23.1668388,48.1590366],[23.1669109,48.1590045],[23.1669753,48.1589691],[23.1670298,48.1589232],[23.1670711,48.1588779],[23.1672067,48.1586896],[23.1672421,48.1586384],[23.1672715,48.158592],[23.1674024,48.158336],[23.1674499,48.158268],[23.1675093,48.1582073],[23.1679813,48.157774],[23.1681546,48.1576307],[23.1682595,48.1575533],[23.1683564,48.1574899],[23.1684651,48.1574304],[23.1685802,48.157379],[23.1689016,48.1572545],[23.1690028,48.1572112],[23.1690806,48.1571661],[23.1691407,48.1571179],[23.1692015,48.1570525],[23.1693486,48.1568319],[23.169383,48.15679],[23.1694344,48.1567475],[23.1694922,48.1567122],[23.169688,48.1566263],[23.1697905,48.1565895],[23.1698921,48.1565598],[23.1700025,48.1565319],[23.1701245,48.1565046],[23.1701923,48.1564873],[23.1702488,48.15647],[23.1702995,48.156452],[23.1707838,48.1562656],[23.170888,48.156225],[23.1709873,48.1561848],[23.1713376,48.1560325],[23.171419,48.1559949],[23.1714937,48.1559582],[23.1715538,48.1559215],[23.1716064,48.1558823],[23.1716554,48.155838],[23.1717935,48.1556792],[23.1718865,48.1555879],[23.1719792,48.1555134],[23.1722204,48.1553497],[23.1723015,48.1553],[23.1723842,48.1552582],[23.1724642,48.1552244],[23.172585,48.155181],[23.1727109,48.1551434],[23.1728165,48.1551152],[23.1729249,48.1550939],[23.1732592,48.1550397],[23.1733154,48.15503],[23.1733782,48.1550148],[23.1734575,48.1549912],[23.1735234,48.1549688],[23.1736042,48.1549349],[23.1736807,48.1548989],[23.1737401,48.1548654],[23.1737904,48.1548301],[23.1738524,48.1547778],[23.174202,48.1544543],[23.1742482,48.1543981],[23.1742816,48.154343],[23.1743267,48.1542786],[23.1746532,48.1538226],[23.1746959,48.1537632],[23.1747426,48.1537124],[23.1749065,48.1535231],[23.1749775,48.1534409],[23.1750449,48.1533691],[23.1750736,48.1533422],[23.1751149,48.1533103],[23.175168,48.1532767],[23.1755167,48.1530618],[23.1755656,48.1530269],[23.1756065,48.1529963],[23.1756469,48.1529603],[23.1758575,48.1527316],[23.1759057,48.1526898],[23.17597,48.1526458],[23.1760352,48.1526068],[23.1761119,48.1525676],[23.1761722,48.1525416],[23.1762356,48.1525186],[23.1763203,48.1524944],[23.176414,48.1524714],[23.176495,48.1524567],[23.1765652,48.152446],[23.1766365,48.1524403],[23.1769871,48.1524235],[23.1771144,48.1524153],[23.1772561,48.1524038],[23.1782478,48.1522918],[23.1785179,48.1522604],[23.1786147,48.1522517],[23.1787036,48.152248],[23.1787998,48.1522513],[23.1789022,48.1522632],[23.179023,48.1522808],[23.1791409,48.1523051],[23.1792568,48.1523315],[23.1805338,48.1526914],[23.180634,48.1527192],[23.1806997,48.1527406],[23.1807663,48.1527677],[23.1808441,48.1528075],[23.18091,48.1528504],[23.1809791,48.1529069],[23.1811363,48.1530413],[23.1812912,48.1531738],[23.181365,48.1532303],[23.1815093,48.1533322],[23.1815681,48.1533663],[23.1816268,48.1533929],[23.1816875,48.153415],[23.1817472,48.1534295],[23.1818154,48.1534371],[23.1818969,48.1534384],[23.1819755,48.1534314],[23.18204,48.15342],[23.1821016,48.1534023],[23.1821556,48.1533745],[23.1822039,48.1533416],[23.1822541,48.1533012],[23.1822968,48.1532576],[23.1823347,48.1532121],[23.1823669,48.1531602],[23.1823839,48.153109],[23.1823991,48.1530439],[23.1824116,48.152962],[23.1824153,48.1529377],[23.1824802,48.1525144]]}},
{"type":"Feature","properties":{"full_id":"w163596833","ref":"О-071002","length_km":12.89059,"name:uk":"Керецьківська сільська громада","lenght_roads":12.8906,"id_roads":"78033"},"geometry":{"type":"LineString","coordinates":[[23.268201089235212,48.421427958891194],[23.2681422,48.4215132],[23.2671033,48.4223945],[23.2653642,48.4238696],[23.2642488,48.4248158],[23.2615964,48.4270478],[23.2600779,48.4282574],[23.2598196,48.4284483],[23.2595434,48.4286525],[23.2594157,48.4287563],[23.2580855,48.4297731],[23.2569576,48.430619],[23.2566224,48.430908],[23.255756,48.4315091],[23.2533011,48.4333633],[23.252501,48.4339917],[23.2523972,48.4340965],[23.2523355,48.4341881],[23.2522818,48.4343385],[23.2522318,48.4345886],[23.2521129,48.4351802],[23.2520832,48.4352927],[23.2520072,48.4356763],[23.2519162,48.4360941],[23.2516408,48.4373566],[23.2516247,48.4375167],[23.2516314,48.4376155],[23.2516749,48.4377298],[23.2519223,48.4381185],[23.252141,48.4385141],[23.252373,48.4388958],[23.253194,48.4401432],[23.2532153,48.4402072],[23.2532126,48.4402806],[23.2531562,48.44033],[23.2530731,48.440378],[23.2511929,48.4409403],[23.2494442,48.4414417],[23.2492147,48.4415346],[23.249094,48.4416369],[23.2490042,48.4417535],[23.2476149,48.4440381],[23.2471907,48.4445456],[23.246679,48.4451208],[23.2463971,48.4454526],[23.2462361,48.4457017],[23.2454985,48.4468457],[23.2447449,48.4479759],[23.2438284,48.4492996],[23.2436183,48.4495357],[23.2404614,48.4526454],[23.2400134,48.4531097],[23.2399078,48.4532416],[23.239823,48.4534032],[23.2397377,48.4536458],[23.2395932,48.4541081],[23.2393838,48.4544803],[23.2391092,48.4548395],[23.23897,48.4550753],[23.238839,48.4554047],[23.2386733,48.4559391],[23.2385818,48.4563394],[23.2385772,48.4566074],[23.2385892,48.4567136],[23.2386281,48.4568298],[23.2386991,48.4569698],[23.2387872,48.4570785],[23.2391045,48.4573947],[23.2394133,48.4577419],[23.2399178,48.4583533],[23.2402092,48.4588339],[23.240366,48.4591022],[23.2405171,48.4593241],[23.2406813,48.459533],[23.2410247,48.4598835],[23.2414028,48.4602942],[23.241494,48.4604161],[23.2415852,48.4605504],[23.2417086,48.4608581],[23.2420099,48.4622091],[23.2420172,48.4624006],[23.2419983,48.4625922],[23.2419446,48.4630547],[23.241895,48.4633472],[23.2418373,48.4637572],[23.2417837,48.4639564],[23.24159,48.4643436],[23.2413818,48.4646614],[23.2412543,48.4648094],[23.2409254,48.4650591],[23.2406527,48.4652196],[23.2404709,48.4653076],[23.2392855,48.4657842],[23.2390995,48.4658656],[23.2389373,48.4659561],[23.2388426,48.466019],[23.2387407,48.4661013],[23.2386294,48.4662249],[23.2384872,48.466393],[23.23713,48.4681607],[23.2370228,48.4682585],[23.234197,48.4705837],[23.2300785,48.4730493],[23.2284983,48.4739886],[23.2278687,48.4743778],[23.2276373,48.4745609],[23.2272434,48.4749129],[23.2258704,48.4763219],[23.2255939,48.476627],[23.2255255,48.4767497],[23.2254785,48.4768724],[23.2254557,48.4769719],[23.2254678,48.4771071],[23.2255295,48.4773115],[23.2256716,48.4776592],[23.2256958,48.4777614],[23.2257052,48.4778583],[23.2256785,48.4779326],[23.2256193,48.4780272],[23.2255241,48.478157],[23.2254946,48.4781961],[23.2253086,48.4784239],[23.2251999,48.478542],[23.2250761,48.478628],[23.2248827,48.4787094],[23.224747,48.4787501],[23.2245786,48.4787696],[23.2243802,48.4787758],[23.2242045,48.4787455],[23.2238732,48.4786264],[23.2229177,48.4782146],[23.2227279,48.4781361],[23.2225984,48.478101],[23.222483,48.4780795],[23.2223725,48.4780752],[23.2222143,48.4781081],[23.2219734,48.4781802],[23.221761,48.4782584],[23.2215746,48.4783402],[23.2214087,48.4784693],[23.2206036,48.4792816],[23.2200374,48.4799192],[23.2195812,48.4804074],[23.219476,48.4805026],[23.2193369,48.4805889],[23.2191859,48.4806618],[23.2190516,48.4807],[23.2188473,48.4807139],[23.2184452,48.4807411],[23.2183479,48.4807582],[23.2182479,48.4807922],[23.2181273,48.4808422],[23.2179415,48.4809423],[23.2174721,48.4811947],[23.2166915,48.4815672],[23.2137571,48.4829117],[23.2076673,48.4856927],[23.2074903,48.4857709],[23.2069686,48.4860056],[23.2065716,48.4861745],[23.2034417,48.4876058],[23.2011861,48.4886319],[23.2009014,48.4887504],[23.2007244,48.4888144],[23.1996696,48.4891117],[23.1992162,48.4892907],[23.1984385,48.4896839],[23.1982359,48.4897969],[23.1974698,48.490229],[23.1970677,48.4904476],[23.1963685,48.4908744],[23.1961382,48.4910357],[23.1959821,48.4911676],[23.1958091,48.4913883],[23.1954983,48.4919629],[23.1953573,48.4921836],[23.1951419,48.4924533],[23.1944094,48.493352],[23.1937013,48.4940497],[23.1933157,48.4943998],[23.192968,48.494619],[23.1928684,48.494666],[23.1925752,48.4948042],[23.1919722,48.4950294],[23.1914843,48.4952064],[23.1911581,48.4953056],[23.1907645,48.4953749],[23.1904412,48.4954425],[23.189469,48.495823],[23.1891841,48.4959203],[23.1888069,48.4960259],[23.1882153,48.4961611],[23.18677,48.4965594],[23.1858731,48.4968136],[23.1852623,48.4969577],[23.1847921,48.497032],[23.1842828,48.497091],[23.1835197,48.4971491],[23.1831126,48.4971535],[23.182784,48.4971253],[23.1825551,48.4970906],[23.1789798,48.4964052],[23.1784258,48.4963026],[23.178131,48.4962687],[23.1772952,48.4962311],[23.1769144,48.4962247],[23.1767535,48.4962446],[23.1766235,48.496271],[23.1758638,48.496522],[23.1749394,48.4968275],[23.1747107,48.4968604],[23.1745353,48.4968702],[23.1743795,48.4968525],[23.1742161,48.4968169],[23.174097,48.4967623],[23.1736526,48.4964806],[23.1709814,48.4946218],[23.170791,48.4944849],[23.1706488,48.4943871],[23.1704262,48.4942627],[23.1702277,48.494165],[23.1699461,48.4939961],[23.169044956693138,48.493398525007748]]}},
{"type":"Feature","properties":{"full_id":"w27517037","ref":"О-070306","length_km":10.44978,"name:uk":"Пийтерфолвівська сільська громада","lenght_roads":10.4498,"id_roads":"55068"},"geometry":{"type":"LineString","coordinates":[[22.9990375,48.0148753],[22.9990695,48.0151313],[22.9980493,48.0169626],[22.9974729,48.0179883],[22.9973694,48.0181725],[22.9969357,48.0189558],[22.9967034,48.0193753],[22.9965881,48.0195823],[22.9961914,48.0202756],[22.9954142,48.021634],[22.9952665,48.0219256],[22.9951595,48.0221438],[22.9950906,48.0222984],[22.9950571,48.0223812],[22.9950434,48.0224261],[22.9949757,48.0226803],[22.9947561,48.0235046],[22.9940558,48.0258409],[22.9939585,48.026174],[22.993882,48.0265002],[22.9938347,48.0267195],[22.9938291,48.0267455],[22.9937234,48.0274516],[22.9936571,48.0280802],[22.9936618,48.0283091],[22.9936724,48.0285674],[22.9936717,48.0286635],[22.9936759,48.028912],[22.9937084,48.0294486],[22.9937223,48.0295747],[22.9937644,48.0297572],[22.9938187,48.0299675],[22.9940185,48.030551],[22.9940535,48.0306521],[22.9941185,48.03079],[22.9942821,48.03112],[22.9943958,48.0313834],[22.9946547,48.0319823],[22.9947253,48.0321361],[22.9948163,48.0322759],[22.9949205,48.0324301],[22.9962196,48.0342129],[22.9962328,48.034233],[22.9962538,48.0342653],[22.9962807,48.0343065],[22.9964775,48.0346075],[22.9965706,48.0347524],[22.9989974,48.0386528],[23.0018694,48.0432915],[23.0039378,48.0465959],[23.0047136,48.0478362],[23.0047201,48.0478465],[23.007443,48.0522062],[23.0074883,48.052277],[23.0099786,48.0562919],[23.010284,48.056784],[23.0117999,48.0592262],[23.0118625,48.0593271],[23.0118801,48.0593553],[23.0121765,48.059822],[23.0125781,48.0604544],[23.0127512,48.0607273],[23.0128067,48.0608206],[23.0129977,48.0611261],[23.0130229,48.0611665],[23.0137643,48.0623682],[23.0141395,48.062966],[23.0149734,48.0642949],[23.0155267,48.0651766],[23.01557,48.0652535],[23.0156049,48.0653227],[23.0156355,48.065398],[23.0157711,48.0658442],[23.0159334,48.0664217],[23.0159653,48.0665402],[23.0160433,48.0668639],[23.016067,48.0669619],[23.0160939,48.0670405],[23.0161387,48.0671243],[23.0161967,48.0671967],[23.0162779,48.0672686],[23.0163671,48.0673268],[23.0164641,48.0673844],[23.0165666,48.0674382],[23.0204653,48.0694699],[23.0205423,48.0695057],[23.0206113,48.0695299],[23.0206856,48.069549],[23.0207784,48.0695645],[23.0208524,48.0695725],[23.0209352,48.0695794],[23.0210172,48.0695846],[23.0212683,48.069599],[23.0213748,48.0696056],[23.0214796,48.0696163],[23.0215843,48.0696317],[23.0216706,48.0696477],[23.021759,48.0696703],[23.0218407,48.0696949],[23.0219208,48.0697229],[23.022547,48.0699625],[23.0227109,48.070021],[23.0228282,48.070062],[23.0229609,48.0701057],[23.023096,48.0701492],[23.0232396,48.0701924],[23.0233537,48.0702267],[23.023497,48.0702656],[23.0236341,48.0703008],[23.0237722,48.0703356],[23.0266585,48.0710207],[23.0273136,48.071181],[23.0274025,48.0712028],[23.0291274,48.0716249],[23.0291769,48.0716372],[23.0293289,48.0716757],[23.0295344,48.0717244],[23.0302347,48.0718902],[23.0305715,48.07197],[23.0306197,48.0719815],[23.0308569,48.072038],[23.0308647,48.0720399],[23.0308865,48.0720451],[23.0310246,48.072078],[23.0314159,48.0721713],[23.0348467,48.0729914],[23.0371079,48.0735396],[23.0426696,48.0748877],[23.0445575,48.0753435],[23.044697,48.0753735],[23.0448432,48.075401],[23.0449693,48.0754181],[23.0451151,48.0754338],[23.0452863,48.0754471],[23.0454854,48.0754606],[23.0456515,48.075478],[23.0458153,48.0755051],[23.0459855,48.0755422],[23.0461485,48.0755859],[23.0463375,48.0756433],[23.0464272,48.0756717],[23.0465218,48.0757044],[23.0466148,48.0757401],[23.0466962,48.0757786],[23.0467705,48.0758195],[23.0468458,48.0758677],[23.0469112,48.0759153],[23.046975,48.0759661],[23.0475125,48.0764743],[23.0476299,48.0765687],[23.0477047,48.0766248],[23.0478535,48.07673],[23.0479547,48.0767936],[23.0480616,48.0768534],[23.0481718,48.0769074],[23.0482926,48.0769621],[23.0490838,48.077297],[23.0491386,48.0773197],[23.0496614,48.0775405],[23.0503044,48.077812],[23.0504263,48.0778598],[23.0505288,48.0778964],[23.0506548,48.077937],[23.0507875,48.0779761],[23.0509158,48.0780115],[23.0510612,48.0780471],[23.051222,48.0780831],[23.0517072,48.078187],[23.0518457,48.0782172],[23.0519728,48.0782494],[23.0521097,48.0782856],[23.0522319,48.0783218],[23.0524032,48.0783753],[23.0524525,48.0783907],[23.0525969,48.078443],[23.0526635,48.0784675],[23.0528098,48.0785214],[23.0531215,48.0786412],[23.0533923,48.0787454],[23.05352,48.0787945],[23.0539286,48.0789519],[23.0540395,48.0789982],[23.0540904,48.0790194],[23.0542221,48.0790865],[23.0543209,48.0791539],[23.054351,48.079178],[23.0544012,48.0792221],[23.0544654,48.0792994],[23.0545202,48.0793845],[23.05456,48.0794543],[23.0545772,48.0794918],[23.0545996,48.0795405],[23.0550553,48.0811047],[23.0550919,48.0812105],[23.0551243,48.0812897],[23.0551616,48.0813731],[23.0552129,48.0814668],[23.0552654,48.0815525],[23.0553229,48.0816401],[23.0553877,48.081729],[23.0554512,48.0818062],[23.0555536,48.0819252],[23.0556554,48.0820311],[23.0562617,48.0826145],[23.0573542,48.0836808],[23.0574378,48.0837576],[23.0577946,48.0840636],[23.058026,48.084262],[23.0587574,48.0848997],[23.0590169,48.0851286],[23.0592636,48.0853385],[23.0593609,48.0854125],[23.0594508,48.0854738],[23.0595427,48.0855298],[23.0596394,48.0855822],[23.061997627332723,48.086834964549666]]}},
{"type":"Feature","properties":{"full_id":"w121025094","ref":"С-070210","length_km":1.52883,"name:uk":"Великоберезнянська селищна громада","lenght_roads":1.5288,"id_roads":"43696"},"geometry":{"type":"LineString","coordinates":[[22.506407463475075,48.958470315670844],[22.5063407,48.9586441],[22.5062871,48.9588202],[22.5062676,48.9589954],[22.5063912,48.9598378],[22.5066282,48.9606406],[22.5066668,48.9608752],[22.5066768,48.9612972],[22.5067036,48.9614606],[22.5069174,48.9619549],[22.5069362,48.9621123],[22.5069177,48.9626314],[22.5069657,48.9628953],[22.5070475,48.9631076],[22.5071611,48.9633504],[22.5074064,48.9637025],[22.5079128,48.9645931],[22.5081702,48.9649204],[22.5087655,48.9656706],[22.5092187,48.9662974],[22.5092856,48.9664352],[22.5093099,48.966595],[22.5092937,48.9667186],[22.5092562,48.9668765],[22.509118,48.9670833],[22.5087306,48.9675689],[22.5086012,48.9677345],[22.5084207,48.967919],[22.5082526,48.9680369],[22.5079125,48.9682545],[22.5074681,48.9686178],[22.5068474,48.9692611],[22.5065768,48.9696289],[22.5064774,48.96979],[22.506414,48.9699288],[22.5063676,48.9701272],[22.5063215,48.9704471],[22.5062498,48.9707244],[22.5061047,48.9710586],[22.5060832,48.9711783],[22.506098,48.9712557]]}},
{"type":"Feature","properties":{"full_id":"w203095436","ref":"С-071106","length_km":5.59884,"name:uk":"Солотвинська селищна громада","lenght_roads":5.5988,"id_roads":"48933"},"geometry":{"type":"LineString","coordinates":[[23.8335048,47.9987233],[23.8336033,47.9987067],[23.8337633,47.9987313],[23.8342678,47.9988054],[23.8346239,47.9988192],[23.8348094,47.9988066],[23.8349699,47.9987758],[23.8355984,47.9985885],[23.835724,47.9985679],[23.8358537,47.9985622],[23.8359272,47.9985679],[23.8360083,47.9985832],[23.8360913,47.9986075],[23.8362115,47.9986698],[23.8362976,47.9987221],[23.8363707,47.9987942],[23.8364334,47.9988358],[23.8365128,47.9988476],[23.8365877,47.9988587],[23.8367191,47.9988497],[23.8370433,47.9988221],[23.8374021,47.998762],[23.837846,47.9986514],[23.8379985,47.9985966],[23.8380951,47.9985482],[23.8382175,47.9984553],[23.8383349,47.998311],[23.8384142,47.9981785],[23.8384518,47.9981246],[23.8385031,47.9980671],[23.838539,47.9980492],[23.8385966,47.9980349],[23.8388386,47.9980004],[23.8389775,47.9979954],[23.8391126,47.998009],[23.8394571,47.9980941],[23.8399511,47.998208],[23.8401121,47.9982386],[23.8402998,47.9982628],[23.8406358,47.9982859],[23.8412503,47.9982819],[23.8413977,47.9982779],[23.8415233,47.9982764],[23.8415889,47.9982757],[23.8416561,47.9982889],[23.8417321,47.9983292],[23.841793,47.9983785],[23.8418394,47.998427],[23.8418895,47.9985087],[23.84194,47.9986191],[23.8419805,47.9987013],[23.8420124,47.9987349],[23.842042,47.9987582],[23.8420768,47.9987663],[23.8421548,47.998762],[23.8424944,47.9987106],[23.8437297,47.9984089],[23.843894,47.9983795],[23.8440737,47.9983543],[23.8444005,47.9983199],[23.846204,47.9981169],[23.8464555,47.9980923],[23.8466747,47.9980888],[23.8469088,47.9980887],[23.8472729,47.998103],[23.8481373,47.9981659],[23.8489384,47.9982514],[23.8496815,47.9983629],[23.8499389,47.9983996],[23.8501382,47.9984136],[23.8503149,47.9983936],[23.8505767,47.9983275],[23.8516286,47.9979791],[23.852093,47.9978144],[23.8525902,47.99765],[23.8527721,47.9975898],[23.8529116,47.997561],[23.8530095,47.9975431],[23.853113,47.9975276],[23.8536861,47.9974856],[23.8543776,47.9974395],[23.8546161,47.9974085],[23.8547942,47.9973707],[23.855218,47.9972524],[23.8561344,47.9969919],[23.856683,47.9968525],[23.8569626,47.9967638],[23.8571284,47.9967073],[23.8578853,47.9963815],[23.8583653,47.9961582],[23.8598134,47.99544],[23.8617722,47.9944684],[23.8640194,47.9933394],[23.8645868,47.9930739],[23.8651319,47.992902],[23.8665629,47.9925321],[23.8675351,47.9922022],[23.8676976,47.9921347],[23.8680104,47.9920049],[23.8680837,47.9919745],[23.868542,47.9917468],[23.8689378,47.991533],[23.8693961,47.991375],[23.8699655,47.9913471],[23.8706738,47.9913006],[23.8710488,47.9912309],[23.8718682,47.9909521],[23.874202,47.9900576],[23.8757364,47.989397],[23.8772752,47.9888573],[23.8811975,47.9874151],[23.8820236,47.9870261],[23.8828398,47.9866022],[23.8833252,47.9862676],[23.8835263,47.9861605],[23.8838916,47.9860457],[23.8846137,47.9858738],[23.8850793,47.9857946],[23.8856434,47.9857057],[23.8863595,47.985562],[23.8870976,47.9854391],[23.888285,47.9851669],[23.888707,47.9850015],[23.8893689,47.9847216],[23.8896787,47.9846159],[23.8898456,47.9845792],[23.8900826,47.9845492],[23.8909669,47.9845068],[23.8913203,47.9844801],[23.8919071,47.9844649],[23.8920785,47.9844365],[23.8922502,47.984397],[23.892393,47.9843339],[23.8927444,47.984139],[23.8929195,47.9840651],[23.8934042,47.9840043],[23.8936651,47.9839715],[23.8941335,47.9838633],[23.8944902,47.9837608],[23.8948045,47.9836506],[23.8949364,47.983581],[23.8953188,47.9833571],[23.8959985,47.9829974],[23.8962552,47.9828537],[23.897026,47.9822441],[23.8972387,47.9821295],[23.8976977,47.9819849],[23.898178,47.9818778],[23.8987293,47.9817658],[23.8991295,47.9816457],[23.8994159,47.9815023],[23.8998567,47.9812887],[23.8999211,47.981211]]}},
{"type":"Feature","properties":{"full_id":"w225977857","ref":"С-071209","length_km":2.35734,"name:uk":"Холмківська сільська громада","lenght_roads":2.3573,"id_roads":"18371"},"geometry":{"type":"LineString","coordinates":[[22.2687205,48.5623061],[22.2688421,48.5622759],[22.2690958,48.5622143],[22.2696393,48.5621149],[22.2708816,48.5618683],[22.2711378,48.5618279],[22.271339,48.5618101],[22.2715375,48.561803],[22.2717713,48.5617924],[22.272027,48.5617996],[22.2720915,48.5618008],[22.2723019,48.5618084],[22.2724977,48.5618261],[22.2727123,48.5618439],[22.2728547,48.561837],[22.2729886,48.5618226],[22.2731036,48.561797],[22.2734267,48.5616976],[22.275003,48.561126],[22.2751182,48.5610735],[22.2752443,48.5609971],[22.2755925,48.5607297],[22.2763735,48.5601007],[22.2765669,48.5599527],[22.276907,48.5597336],[22.2797659,48.5580294],[22.2803263,48.5577529],[22.280395,48.5577194],[22.2804005,48.5577169],[22.28168,48.5571707],[22.2818822,48.5570845],[22.2836117,48.5563469],[22.2837871,48.5562857],[22.2854841,48.5557937],[22.2874537,48.5552134],[22.2885789,48.5548548],[22.2893838,48.5545975],[22.2895274,48.554568],[22.2896826,48.5545458],[22.2898454,48.5545436],[22.2900072,48.5545485],[22.2900445,48.5545522],[22.2901608,48.5545637],[22.290514,48.5546275],[22.2906201,48.5546408],[22.2907501,48.554647],[22.2909702,48.5546407],[22.2919298,48.5545889],[22.2921972,48.5545778],[22.2924652,48.5545759],[22.2933231,48.5545904],[22.2939079,48.5546018],[22.2940255,48.5545932],[22.2943121,48.5545529],[22.2946084,48.5544869],[22.2947547,48.5544322],[22.294994,48.5543118],[22.2953964,48.5541308],[22.2957359,48.5539969],[22.2961065,48.5538536],[22.2963842,48.5537904],[22.2965172,48.5537755],[22.2966725,48.5537824]]}},
{"type":"Feature","properties":{"full_id":"w165589600","ref":"С-071301","length_km":4.10574,"name:uk":"Хустська міська громада","lenght_roads":4.1057,"id_roads":"12752"},"geometry":{"type":"LineString","coordinates":[[23.2605434,48.1817508],[23.2601726,48.1808269],[23.260139,48.1807625],[23.2598734,48.1802535],[23.2597492,48.1800251],[23.2595078,48.1796674],[23.2589992,48.1791162],[23.2586594,48.1788046],[23.2585037,48.1786914],[23.2548272,48.1764607],[23.2547107,48.17639],[23.2545255,48.1762709],[23.2543701,48.176171],[23.2530433,48.1763206],[23.2509602,48.1764659],[23.2500873,48.1764766],[23.2494772,48.1764001],[23.2470182,48.1757906],[23.2465439,48.1757136],[23.2455811,48.1756368],[23.2440849,48.1753838],[23.2392869,48.1740759],[23.2388965,48.1739146],[23.2388699,48.1739036],[23.2384914,48.1737227],[23.2373447,48.1733297],[23.2371272,48.1732088],[23.2370547,48.1730396],[23.2370864,48.1728582],[23.2372314,48.1724079],[23.236977,48.1723035],[23.2367685,48.1722491],[23.2365736,48.172237],[23.2363379,48.1722703],[23.2361612,48.1722854],[23.235989,48.172237],[23.2357986,48.1721403],[23.2356309,48.1720708],[23.235436,48.1720103],[23.2352411,48.1719831],[23.2349647,48.171962],[23.2346836,48.1719106],[23.2345024,48.1719318],[23.2342168,48.1719438],[23.2339449,48.1719257],[23.2336412,48.1719378],[23.2334055,48.1719348],[23.2332424,48.1718864],[23.2331155,48.1718109],[23.2329251,48.1717051],[23.232506,48.1715345],[23.2322814,48.1714464],[23.2321182,48.1715884],[23.2320061,48.1717419],[23.2319484,48.1719428],[23.2318587,48.1719984],[23.2316408,48.1720155],[23.2314293,48.1719813],[23.2310703,48.1718573],[23.2306793,48.1717419],[23.2302627,48.1715495],[23.2296538,48.1713102],[23.2292834,48.1711215],[23.2292704,48.1711148],[23.2291141,48.1710389],[23.2284532,48.170718],[23.2278463,48.1704578],[23.2274021,48.1701888],[23.2271347,48.1699953],[23.2269172,48.1697626],[23.2266092,48.1695832],[23.2263144,48.1694512],[23.2260878,48.1694119],[23.2258158,48.1693696],[23.2255847,48.1692668],[23.225417,48.1691731],[23.2252221,48.1691127],[23.2240482,48.169022],[23.2236584,48.1689948],[23.2234364,48.1690129],[23.2232369,48.1690643],[23.2230375,48.1691671],[23.222752,48.1693968],[23.2226749,48.1694875],[23.2226659,48.1696145],[23.2226931,48.1697656],[23.222752,48.1699198],[23.2227701,48.170213],[23.2227112,48.1704306],[23.2225163,48.1708417],[23.2223939,48.171014],[23.2222625,48.1711046],[23.2221129,48.1711651],[23.2216959,48.171289],[23.2212019,48.1713797],[23.2207442,48.1713948],[23.2206082,48.1714492],[23.2204768,48.1715369],[23.2204042,48.1716517],[23.2203136,48.1717424],[23.2200643,48.1718089],[23.2194887,48.1719117],[23.2189992,48.1720175],[23.2187363,48.1721444],[23.2184463,48.1722593],[23.2180157,48.1724104],[23.2176259,48.1725102]]}},
{"type":"Feature","properties":{"full_id":"w165526279","ref":"С-071321","length_km":7.34123,"name:uk":"Горінчівська сільська громада","lenght_roads":7.3412,"id_roads":"51272"},"geometry":{"type":"LineString","coordinates":[[23.4239827,48.3296626],[23.4240032,48.3295667],[23.4241534,48.3286458],[23.4242417,48.3283792],[23.4243684,48.3280798],[23.4249558,48.3261512],[23.4251439,48.3256543],[23.4251439,48.3253857],[23.4250929,48.3248311],[23.4251863,48.3241307],[23.425234,48.3236701],[23.4252488,48.3231574],[23.4252469,48.3228462],[23.4253061,48.3224609],[23.4256313,48.3213646],[23.4262456,48.3198136],[23.4266713,48.3189243],[23.426764,48.318636],[23.4268382,48.3183516],[23.4268612,48.318136],[23.4268653,48.3178866],[23.4268311,48.3176459],[23.4267887,48.3174359],[23.426715,48.3171899],[23.426635,48.3170121],[23.4266059,48.3167764],[23.4266213,48.3165187],[23.4267223,48.3162953],[23.4269905,48.3158997],[23.4271049,48.3157321],[23.4271131,48.3155967],[23.427134,48.3152879],[23.4271184,48.3150298],[23.4270825,48.3148396],[23.4269964,48.3146952],[23.4267529,48.314365],[23.4265588,48.3140992],[23.4263647,48.3137348],[23.4262392,48.3133285],[23.4261992,48.3128502],[23.4261992,48.3121023],[23.4261592,48.31192],[23.4260394,48.3117643],[23.4257254,48.3115252],[23.4255541,48.3114226],[23.4250632,48.3112138],[23.4248805,48.3111265],[23.4247207,48.310986],[23.4246065,48.3108152],[23.4245266,48.3106329],[23.4244866,48.3104203],[23.4245037,48.3101583],[23.4245094,48.3099002],[23.4244581,48.3097027],[23.4243439,48.3095774],[23.42399,48.3091142],[23.4237959,48.3088864],[23.4236646,48.3086624],[23.4235162,48.3085409],[23.4231451,48.308389],[23.4228597,48.3082143],[23.4226656,48.3079524],[23.4225171,48.3076486],[23.4223402,48.307117],[23.4221049,48.3065918],[23.4221449,48.3064665],[23.4223859,48.3060203],[23.4223456,48.305639],[23.4223859,48.304898],[23.4225402,48.304322],[23.4226852,48.3035956],[23.4228774,48.3022768],[23.4229694,48.301901],[23.4231012,48.3015591],[23.4231891,48.3014366],[23.4233931,48.3012177],[23.4235581,48.3010092],[23.4236851,48.3008293],[23.423762,48.3005645],[23.4238137,48.3002316],[23.4239233,48.2998949],[23.4240923,48.2996032],[23.4242119,48.2994266],[23.4245547,48.2985365],[23.4247806,48.2978206],[23.4250444,48.297208],[23.4254418,48.2966247],[23.4254586,48.2966001],[23.4255243,48.2964342],[23.4255578,48.2962898],[23.4255364,48.2960866],[23.4255,48.2958559],[23.4255139,48.2956698],[23.4255526,48.2954726],[23.4256327,48.2953005],[23.4262566,48.2943541],[23.4264292,48.2941356],[23.4267817,48.2938276],[23.4271641,48.2935315],[23.4277467,48.2930904],[23.4279322,48.2929821],[23.4283854,48.2926788],[23.4285503,48.2923883],[23.4286959,48.2920375],[23.4287823,48.2918292],[23.4289391,48.2912284],[23.4289653,48.290717],[23.4290144,48.2893675],[23.4291335,48.2890629],[23.4291136,48.288865],[23.4290499,48.2886704],[23.4290778,48.2882825],[23.4291209,48.2875956],[23.4291653,48.2869656],[23.4292648,48.2865561],[23.429435,48.285985],[23.4293346,48.2857263],[23.4292468,48.28543],[23.429297,48.2851755],[23.4293911,48.2849418],[23.4295922,48.2845682],[23.4299178,48.2839945],[23.4302455,48.2835343],[23.4308069,48.2832142],[23.4312406,48.2830969],[23.4317062,48.2830555],[23.4322525,48.283102],[23.4327048,48.2831847],[23.4329531,48.2832024],[23.4337871,48.2831314],[23.4347842,48.283073],[23.4353047,48.282977],[23.4359882,48.282699],[23.437139,48.2820608],[23.4374141,48.2816866],[23.4374656,48.2806352],[23.4374143,48.2794791],[23.437359,48.2792087],[23.4373235,48.2790788],[23.4362843,48.2769394],[23.4362353,48.2768385],[23.4360991,48.2764831],[23.4360404,48.27633],[23.435886,48.2759272],[23.4354741,48.2748528],[23.4354852,48.2746769],[23.43591,48.2742172],[23.4366,48.2735295],[23.4378735,48.2721856],[23.4387313,48.2713348],[23.4393123,48.2707978]]}},
{"type":"Feature","properties":{"full_id":"w246656131","ref":"С-071319","length_km":3.07098,"name:uk":"Хустська міська громада","lenght_roads":3.071,"id_roads":"59417"},"geometry":{"type":"LineString","coordinates":[[23.3573444,48.2054705],[23.3571972,48.2042217],[23.357056,48.2034109],[23.3568,48.202211],[23.3566707,48.2019273],[23.3565424,48.2017129],[23.3563703,48.2015018],[23.3560973,48.2012238],[23.3555172,48.2008802],[23.3535158,48.1998125],[23.3526462,48.1993747],[23.3520904,48.1990502],[23.3513661,48.1986372],[23.351268,48.1986107],[23.3511601,48.1986604],[23.3506052,48.1990962],[23.3489496,48.2005201],[23.3488762,48.2005749],[23.3488052,48.2006035],[23.3487408,48.2006088],[23.3486771,48.2006032],[23.3485705,48.2005704],[23.3484299,48.200495],[23.3473585,48.1999119],[23.3465272,48.1995049],[23.3437108,48.1982846],[23.3416319,48.1972773],[23.3369114,48.19497],[23.3319434,48.1926098],[23.3293091,48.1913722],[23.328682,48.1911163]]}},
{"type":"Feature","properties":{"full_id":"w122136404","ref":"С-071306","length_km":5.96708,"name:uk":"Хустська міська громада","lenght_roads":5.9671,"id_roads":"90901"},"geometry":{"type":"LineString","coordinates":[[23.4543594,48.1437609],[23.4549333,48.1435143],[23.4549008,48.1432589],[23.4548924,48.1430676],[23.454904,48.1429883],[23.4549437,48.1429116],[23.4550669,48.1428132],[23.4551534,48.1427753],[23.4553092,48.1427355],[23.4556755,48.1426517],[23.4562232,48.1425265],[23.4569368,48.1423603],[23.4573594,48.1422563],[23.4576291,48.1421829],[23.4578983,48.1420881],[23.4581665,48.1419854],[23.4586393,48.1418129],[23.4591919,48.1416728],[23.4595326,48.1416144],[23.4600718,48.1415218],[23.4604212,48.1414394],[23.4607922,48.1412946],[23.4611604,48.1411697],[23.461528,48.1410803],[23.4619973,48.1410363],[23.462434,48.141004],[23.4629945,48.1409157],[23.4637354,48.1407538],[23.464297,48.1406624],[23.4646657,48.1406449],[23.4665133,48.1406033],[23.4670423,48.1405713],[23.4680254,48.1405005],[23.468382,48.1404431],[23.4693721,48.1402086],[23.4704427,48.139974],[23.4710209,48.1399103],[23.4714702,48.13985],[23.472019,48.1397679],[23.4724295,48.1396663],[23.4729257,48.1395268],[23.4739393,48.1392003],[23.4764662,48.1384385],[23.4789436,48.1376974],[23.4795075,48.1375269],[23.4798968,48.1373896],[23.4805166,48.1371321],[23.4816492,48.1367048],[23.4824467,48.1363489],[23.4836189,48.1356583],[23.4838389,48.13545],[23.4839505,48.1353105],[23.4840335,48.1351402],[23.4840606,48.1349513],[23.4840919,48.1348039],[23.4841328,48.1346773],[23.4842769,48.1345404],[23.4845182,48.1343859],[23.4847154,48.1343013],[23.4851739,48.1341693],[23.4856556,48.134105],[23.4860294,48.1341043],[23.4865713,48.1341299],[23.4869441,48.1341395],[23.4881984,48.1341111],[23.4884593,48.1341162],[23.4886676,48.1341443],[23.4889026,48.1341849],[23.4891568,48.1341947],[23.4911536,48.1341969],[23.4921951,48.134225],[23.4924167,48.1342575],[23.4926536,48.1343023],[23.4930388,48.1343865],[23.4933759,48.1344253],[23.493916,48.1344496],[23.4944518,48.1344628],[23.4947343,48.1344372],[23.4950218,48.1343791],[23.4955969,48.1342698],[23.4959126,48.1342145],[23.4961268,48.1342087],[23.4963128,48.1342252],[23.4969045,48.134296],[23.4976135,48.1344152],[23.4981159,48.1345084],[23.4984731,48.134609],[23.4986551,48.1346719],[23.4989065,48.1347026],[23.499415,48.1346769],[23.4999812,48.1346759],[23.500295,48.1346742],[23.5005391,48.1346401],[23.5009065,48.1345292],[23.501097,48.1345077],[23.501333,48.1344898],[23.5016175,48.1345085],[23.5017284,48.1345133],[23.5018329,48.1345179],[23.5020411,48.1344969],[23.5024083,48.1344414],[23.5025158,48.1344522],[23.5026293,48.1344941],[23.5028661,48.1346943],[23.5033475,48.1349669],[23.5038528,48.135192],[23.504116,48.1353016],[23.5044555,48.1353937],[23.5050971,48.1355476],[23.5055406,48.1356131],[23.5058766,48.1356394],[23.5061714,48.1356047],[23.5067093,48.1354779],[23.5074617,48.135287],[23.5084047,48.1350188],[23.5087589,48.1349181],[23.5096122,48.1346809],[23.510358,48.1344901],[23.5110882,48.1342178],[23.5116144,48.1340129],[23.512757,48.1336557],[23.5132649,48.1334942],[23.5134888,48.1334426],[23.5137945,48.1333907],[23.5142102,48.1332743],[23.5148405,48.133055],[23.5153292,48.1328835],[23.5159797,48.1327467],[23.5162043,48.1327201],[23.5165384,48.1326854],[23.5167655,48.1326265],[23.5171214,48.1324997],[23.5174693,48.1323669],[23.5177052,48.1323094],[23.518073,48.1322629],[23.5191668,48.1322322],[23.5207547,48.1321576],[23.5212961,48.1321076],[23.52153,48.1320982],[23.5222596,48.132177],[23.5227812,48.1322117],[23.5234049,48.1322463],[23.524048,48.1322971],[23.5245631,48.1324137],[23.5249387,48.1324003],[23.5253545,48.1324405],[23.5260746,48.1325816],[23.5267657,48.1327391],[23.5270877,48.1327645],[23.5277235,48.1327704]]}},
{"type":"Feature","properties":{"full_id":"w202272029","ref":"О-071001","length_km":2.09203,"name:uk":"Кольчинська селищна громада","lenght_roads":2.092,"id_roads":"89195"},"geometry":{"type":"LineString","coordinates":[[22.789019189200808,48.471931916680667],[22.7889335,48.4719052],[22.7856529,48.4708824],[22.7847226,48.4705923],[22.7824459,48.4698824],[22.7774452,48.4683231],[22.7764014,48.4679033],[22.7759737,48.4676651],[22.7755031,48.467302],[22.7745301,48.466428],[22.7707731,48.4630878],[22.7705812,48.4629172],[22.7679648,48.4605909],[22.7677757,48.4604952],[22.7676168,48.4604467]]}},
{"type":"Feature","properties":{"full_id":"w112572849","ref":"С-071203","length_km":7.79689,"name:uk":"Оноківська сільська громада","lenght_roads":7.7969,"id_roads":"16812"},"geometry":{"type":"LineString","coordinates":[[22.4025847,48.6888453],[22.4025258,48.6889097],[22.4024051,48.6889649],[22.4022643,48.6889945],[22.4020935,48.6890091],[22.4018031,48.68904],[22.401508,48.6891181],[22.4012518,48.6891934],[22.400663,48.6894527],[22.4004006,48.6895834],[22.4002917,48.6896307],[22.4001723,48.6895911],[22.4000189,48.6895506],[22.3999083,48.6895164],[22.3996183,48.6895474],[22.3993825,48.6896099],[22.3990872,48.6897015],[22.3987079,48.6898615],[22.3983014,48.690091],[22.3982294,48.6901369],[22.3979362,48.6903238],[22.3974055,48.6905779],[22.3969398,48.6908255],[22.3967242,48.6909657],[22.3965982,48.6910454],[22.3965188,48.6911212],[22.3964426,48.6912472],[22.3963836,48.6914278],[22.3963085,48.6915376],[22.3962192,48.6916333],[22.3960349,48.6917465],[22.3958055,48.6918377],[22.3954247,48.6920032],[22.3947169,48.6922878],[22.3944487,48.6925198],[22.394348,48.6926712],[22.3943049,48.6927752],[22.3943184,48.6928956],[22.3943371,48.6929947],[22.3943571,48.69307],[22.3943479,48.6931402],[22.3943152,48.6932139],[22.3941708,48.6933736],[22.3939535,48.6935268],[22.3935215,48.6938276],[22.3928042,48.6942217],[22.3924487,48.6944147],[22.3920994,48.6946109],[22.3920169,48.6946563],[22.3919526,48.6947041],[22.3918166,48.6948113],[22.3916414,48.6949936],[22.3915582,48.6951125],[22.3913449,48.6955165],[22.3911157,48.6959532],[22.3910353,48.6961621],[22.3909859,48.6963621],[22.3908797,48.6967215],[22.3907418,48.6970335],[22.3900183,48.6984652],[22.3898635,48.6987609],[22.3897628,48.699043],[22.3897535,48.6992767],[22.3897491,48.6993699],[22.3897425,48.6994727],[22.3897492,48.6995531],[22.3897585,48.6996815],[22.3897814,48.6997948],[22.3898333,48.7000513],[22.3898441,48.7001044],[22.3897671,48.7004016],[22.3891166,48.7006974],[22.3882054,48.7011117],[22.3879126,48.701242],[22.3876905,48.7013437],[22.3871979,48.7015962],[22.3867884,48.7018218],[22.3859998,48.7022522],[22.3859229,48.7022981],[22.3854019,48.7025947],[22.3841846,48.7034315],[22.3833928,48.7038921],[22.3830369,48.7040751],[22.3825531,48.7042495],[22.3814729,48.7045383],[22.3800106,48.7049292],[22.3797338,48.7049655],[22.3793784,48.7049743],[22.3789196,48.7049352],[22.3782631,48.7048541],[22.3771251,48.7047135],[22.3769738,48.7046622],[22.3768675,48.7046262],[22.376621,48.7045443],[22.3763385,48.704372],[22.3755535,48.7037282],[22.3746308,48.7030361],[22.3739254,48.7024909],[22.3732207,48.7019882],[22.3705407,48.7003222],[22.3693952,48.6996125],[22.3692258,48.6994573],[22.3692247,48.6993752],[22.369269,48.6992748],[22.3694971,48.6987344],[22.3697405,48.6981793],[22.3703027,48.6968518],[22.3707359,48.6957863],[22.370967,48.6952556],[22.3711593,48.6947777],[22.3712083,48.694615],[22.3712527,48.6944809],[22.3712667,48.6943655],[22.3712618,48.6942342],[22.3712459,48.6940667],[22.3711253,48.6936126],[22.3709026,48.6928832],[22.3706344,48.6920741],[22.3703662,48.6915199],[22.3702133,48.691249],[22.3701543,48.6910719],[22.3701113,48.6906877],[22.3701113,48.6904062],[22.3700631,48.6897847],[22.3699987,48.6891845],[22.369988,48.6885205],[22.3699915,48.6883259],[22.3699933,48.688223],[22.3700362,48.6878352],[22.3701694,48.6865544],[22.3701787,48.6864378],[22.3701801,48.6863545],[22.3701827,48.6862611],[22.3701761,48.6861823],[22.369929,48.6852942],[22.3698029,48.6849312],[22.3696565,48.6844758],[22.3696003,48.6842052],[22.3696554,48.6827761],[22.3696926,48.6819623],[22.3697211,48.6813391],[22.3697969,48.6803695],[22.369702,48.6799178],[22.36954,48.6794043],[22.3693228,48.6788128],[22.3691726,48.6782],[22.3691243,48.6780548],[22.3688936,48.6777537],[22.3687112,48.6775128],[22.3672856,48.6759531],[22.3672199,48.6758515],[22.3671871,48.6757151],[22.3672146,48.6755717],[22.3674399,48.6750226],[22.3677157,48.6744877],[22.3677899,48.6743408],[22.3678261,48.6742487],[22.3678463,48.674177],[22.3678516,48.6741016],[22.3678341,48.6740149],[22.3678156,48.6738483],[22.367587,48.6733131],[22.3670161,48.6721542],[22.3669597,48.6720656],[22.3669048,48.6719833],[22.3667639,48.6718287],[22.3664061,48.6714807],[22.36597,48.6710764],[22.3657447,48.6708922],[22.3654972,48.6706873],[22.3653113,48.6705431],[22.3652163,48.6704695],[22.3649146,48.6702271],[22.3648649,48.6701872],[22.3647926,48.670104],[22.3647577,48.6700579],[22.3647603,48.6700189],[22.3647845,48.66998],[22.3649132,48.669817],[22.3651493,48.6694946],[22.3652485,48.6693653],[22.3653786,48.6692564],[22.3655095,48.6691698],[22.3655658,48.6691356],[22.3659322,48.6689195],[22.3660966,48.6688168],[22.366352,48.6686572],[22.3663717,48.6686438],[22.3664318,48.6686031],[22.3667089,48.6683658],[22.3667809,48.6683041],[22.3681811,48.6671047],[22.3699425,48.6655959],[22.3703125,48.6652902],[22.370545,48.6650982]]}},
{"type":"Feature","properties":{"full_id":"w165664468","ref":"С-070522","length_km":5.98987,"name:uk":"Білківська сільська громада","lenght_roads":5.9899,"id_roads":"19042"},"geometry":{"type":"LineString","coordinates":[[23.174225,48.3117537],[23.1741979,48.311695],[23.1741872,48.3116396],[23.1742008,48.3115767],[23.1742309,48.3115213],[23.1742562,48.3115011],[23.1743656,48.3114156],[23.1747861,48.3109775],[23.1751497,48.3105611],[23.1753368,48.3104685],[23.1755262,48.3104589],[23.1762505,48.3104863],[23.1765191,48.310514],[23.1767777,48.3105807],[23.1776719,48.311065],[23.1777751,48.3111009],[23.1778765,48.3110933],[23.1779619,48.3110473],[23.178604,48.3105434],[23.1790932,48.3102485],[23.1796843,48.3094995],[23.1797836,48.309373],[23.180166,48.308694],[23.1803221,48.3085304],[23.181257,48.3078611],[23.1817923,48.3075089],[23.1819302,48.307374],[23.1820577,48.3071923],[23.1821313,48.30706],[23.182212,48.306906],[23.1822852,48.3065531],[23.182315,48.3060113],[23.1822793,48.3055077],[23.1823052,48.3054062],[23.1824041,48.3052405],[23.1824563,48.3051621],[23.1827642,48.3046825],[23.1828463,48.3045032],[23.1828596,48.3043294],[23.1828476,48.3041741],[23.1824742,48.3030074],[23.1824131,48.3023109],[23.1824433,48.3016778],[23.1826105,48.3012415],[23.1827978,48.3009908],[23.1832112,48.3007425],[23.1836648,48.3005095],[23.1839921,48.3003529],[23.184135,48.3002873],[23.1843136,48.300238],[23.1845212,48.3002106],[23.1847046,48.3001963],[23.1850076,48.3001747],[23.1851865,48.300261],[23.1856575,48.3004879],[23.1858368,48.30056],[23.1859394,48.3005744],[23.1864534,48.3004446],[23.1869428,48.300288],[23.1871962,48.3001654],[23.187282,48.3001107],[23.187476,48.2999858],[23.1878176,48.2997064],[23.188059,48.2994933],[23.1882884,48.2993103],[23.1885808,48.2991644],[23.1888762,48.2990363],[23.1892971,48.2995728],[23.1895074,48.2998529],[23.1895979,48.2999663],[23.1897029,48.3000907],[23.19016,48.3004899],[23.1902889,48.3006056],[23.1903979,48.3007388],[23.1904887,48.3009172],[23.1906721,48.3011257],[23.190752,48.3012027],[23.1908827,48.3012826],[23.1912036,48.3014809],[23.1912991,48.3015399],[23.1918101,48.3018148],[23.1920577,48.3019429],[23.1921917,48.3020083],[23.1922299,48.30206],[23.192226,48.3021366],[23.1917273,48.3025086],[23.1920976,48.3027275],[23.1924857,48.3029569],[23.1930866,48.3033537],[23.1931402,48.3033891],[23.1940752,48.3040942],[23.1943389,48.3042963],[23.1949454,48.3047358],[23.1951438,48.3049723],[23.1952923,48.3051755],[23.195788,48.3059901],[23.1959206,48.3061787],[23.1960361,48.3063225],[23.1961486,48.306432],[23.1962398,48.3064998],[23.1963668,48.3065568],[23.1967833,48.3066851],[23.1971329,48.3067585],[23.1974211,48.3067921],[23.1981803,48.3068317],[23.1983721,48.3068566],[23.1985495,48.3069289],[23.1986779,48.3070011],[23.1988335,48.3070315],[23.1994428,48.3071396],[23.2006283,48.307361],[23.2008921,48.3074243],[23.2011187,48.3075292],[23.2012913,48.3075878],[23.2014073,48.3076194],[23.2016812,48.307694],[23.2018992,48.3077683],[23.2020983,48.3078489],[23.2023311,48.3079574],[23.202537,48.3080739],[23.202728,48.3081964],[23.2028965,48.3083348],[23.2030338,48.3084908],[23.2031457,48.3086463],[23.203235,48.3087049],[23.203371,48.308762],[23.2034307,48.308813],[23.2034601,48.3088748],[23.2034039,48.3090349],[23.2033246,48.3091525],[23.203074,48.3095326],[23.2028861,48.3097411],[23.202637,48.3099931],[23.2025186,48.3101548],[23.20247,48.3102283],[23.2024317,48.3102872],[23.2024169,48.3103193],[23.2024053,48.3103615],[23.2024156,48.3104184],[23.2024357,48.3104603],[23.2025039,48.3105547],[23.2026663,48.3107528],[23.2028046,48.3109553],[23.2029343,48.3111967],[23.2030714,48.3115039],[23.2031941,48.3117169],[23.2033047,48.3118642],[23.2034159,48.3119851],[23.2040201,48.312615],[23.2040949,48.3127966],[23.2040906,48.3130112],[23.2040745,48.3131183],[23.2040571,48.3131727],[23.2040303,48.3132195],[23.2037995,48.3134932],[23.2035884,48.3138064],[23.2033336,48.3141726],[23.203294,48.314292],[23.2033181,48.3143741],[23.2033798,48.3144436],[23.203589,48.3145382],[23.2041215,48.3147763],[23.2043535,48.3149012],[23.2045737,48.3150725],[23.2046995,48.3151678],[23.2048202,48.3152972],[23.2049355,48.3154523],[23.205075,48.3156173],[23.2053553,48.3158751],[23.2055269,48.3160098],[23.2056892,48.3161159],[23.2059698,48.3162938],[23.206054,48.3163478],[23.206109,48.3163861],[23.2061263,48.3164129],[23.2061344,48.3164521],[23.2061318,48.3165181],[23.206113,48.3165957],[23.2061116,48.3166457],[23.2061264,48.3167161],[23.2061452,48.3167687],[23.2062378,48.316874],[23.2063316,48.3169891],[23.2063591,48.3170316],[23.206385,48.3170718],[23.2064335,48.3171531],[23.2064845,48.3171825],[23.2065422,48.3172076],[23.2066213,48.3172369],[23.2067272,48.317278],[23.2067756,48.3173021],[23.2068171,48.3173332],[23.2069297,48.3174643],[23.2070142,48.3175223],[23.2071429,48.3175669],[23.2072972,48.3175883],[23.2075117,48.3176133],[23.2078323,48.3177328],[23.2079522,48.3177791],[23.2081649,48.3178612],[23.2083124,48.3179718],[23.2084438,48.318086],[23.2066414,48.319087],[23.2060097,48.3194378],[23.2056053,48.3196624],[23.2054424,48.3198054],[23.2052734,48.3199998],[23.204906,48.3204145],[23.2047693,48.3205712],[23.2043929,48.3210027],[23.2043299,48.3210749],[23.2042443,48.321173],[23.2041024,48.3213304],[23.2032831,48.3222392],[23.20318,48.3223536],[23.2030982,48.3224789],[23.2030434,48.3226553],[23.2029467,48.3231444],[23.2028512,48.3235668],[23.2028398,48.323703],[23.202856,48.3237863],[23.2030245,48.3243284],[23.2030454,48.3243534],[23.203075,48.324389],[23.203131,48.3244303],[23.2032013,48.3244621]]}},
{"type":"Feature","properties":{"full_id":"w88848874","ref":"О-070903","length_km":6.92824,"name:uk":"Ясінянська селищна громада","lenght_roads":6.9282,"id_roads":"59537"},"geometry":{"type":"LineString","coordinates":[[24.3614041,48.2720013],[24.3613672,48.2720416],[24.3612881,48.2721278],[24.3609167,48.2723512],[24.3607174,48.2725275],[24.3597833,48.2732556],[24.359238,48.2737918],[24.3588435,48.2741335],[24.3587008,48.2743095],[24.3586207,48.2744475],[24.3585461,48.27458],[24.3580886,48.2755819],[24.3578717,48.2762424],[24.3578075,48.2765118],[24.3577176,48.2769109],[24.3576963,48.2770216],[24.3576864,48.2771201],[24.357706,48.2771873],[24.3577516,48.2772668],[24.3577753,48.2773071],[24.3579394,48.2775484],[24.3584966,48.2784251],[24.3585885,48.278595],[24.358603,48.2786722],[24.3586027,48.2787372],[24.3585352,48.2787868],[24.3584738,48.2788228],[24.3583108,48.2788727],[24.3573485,48.2790911],[24.3572001,48.2791316],[24.3568133,48.2792388],[24.3566424,48.2792862],[24.3565229,48.2793404],[24.3564003,48.279412],[24.3563125,48.2794989],[24.3562572,48.2795774],[24.3562251,48.2796419],[24.3562415,48.2797515],[24.3562712,48.2798333],[24.356315,48.2798964],[24.3563719,48.2799507],[24.3564578,48.2800103],[24.3565744,48.2800728],[24.3572863,48.2804269],[24.3574244,48.2805227],[24.3575246,48.2806084],[24.3576162,48.2807447],[24.3576919,48.280902],[24.3577353,48.2810965],[24.3577242,48.2812009],[24.3577014,48.2817612],[24.3576431,48.2820147],[24.357639,48.2821506],[24.3576892,48.2822887],[24.3578777,48.2828002],[24.3580817,48.2832579],[24.3581405,48.2834017],[24.3581727,48.2835052],[24.3582057,48.2836588],[24.3582213,48.2838071],[24.3582996,48.284048],[24.3584061,48.2841603],[24.3585732,48.2843229],[24.3594978,48.2849884],[24.3601146,48.2854365],[24.360314,48.2855854],[24.3604027,48.2856774],[24.3604606,48.2857595],[24.3605183,48.2858927],[24.3605601,48.2864303],[24.3605244,48.2874143],[24.3605018,48.2897293],[24.3604948,48.2899284],[24.3604885,48.2901085],[24.3604793,48.2903094],[24.36038,48.291952],[24.3603223,48.2923168],[24.3602274,48.2926699],[24.3600148,48.2934364],[24.3599375,48.2936661],[24.359842,48.2938793],[24.3597299,48.2941182],[24.3596238,48.2943205],[24.3593767,48.294798],[24.3592431,48.2950562],[24.3587621,48.296014],[24.3587356,48.2960728],[24.358624,48.296321],[24.3585747,48.2964078],[24.3582111,48.2967977],[24.3578106,48.2971711],[24.3574212,48.297492],[24.3571826,48.2976212],[24.3569265,48.2977095],[24.3566432,48.297786],[24.3563424,48.2978478],[24.3561346,48.2979127],[24.3555156,48.2982359],[24.3529777,48.2996036],[24.3525494,48.2998386],[24.3521534,48.3000353],[24.3479943,48.3022656],[24.3477513,48.3023916],[24.3474936,48.3025223],[24.3471976,48.3026487],[24.346041,48.3030225],[24.3452715,48.3032814],[24.3440844,48.3036651],[24.344011,48.3037026],[24.3439463,48.3037547],[24.3438873,48.3038292],[24.3437436,48.3041138],[24.3437007,48.3041648],[24.343649,48.3042071],[24.3435506,48.3042467],[24.3434216,48.3042805],[24.3431422,48.3043433],[24.3424761,48.3044797],[24.3415545,48.3046845],[24.3413448,48.3047389],[24.3412279,48.3047792],[24.3411284,48.3048195],[24.340427,48.3051316],[24.3399517,48.3053109],[24.3397086,48.3053948],[24.3395005,48.3054553],[24.339234,48.3055257],[24.3389588,48.3055728],[24.3367769,48.3058539],[24.3347193,48.3061305],[24.3342642,48.3061917],[24.3328439,48.306406],[24.3327215,48.3064301],[24.3326035,48.3064657],[24.3324274,48.3065313],[24.3322206,48.306626],[24.33156,48.3069196],[24.3311125,48.3071556],[24.330851,48.307348],[24.3305831,48.3075451],[24.3301911,48.3078626],[24.3299753,48.3080051],[24.3297972,48.3080916],[24.3295579,48.308187],[24.3288226,48.3084127],[24.3283015,48.3085857],[24.3282458,48.3086406],[24.3282038,48.3087181],[24.3279947,48.3087951],[24.3278522,48.3087914],[24.32783,48.3086929],[24.3277108,48.3085989],[24.3272289,48.3084096],[24.3269554,48.3083534],[24.3261859,48.3083002],[24.3251104,48.3082779],[24.3237196,48.3082968],[24.3225868,48.3083233],[24.3220267,48.3083643],[24.3212252,48.3084787],[24.3204572,48.3085799],[24.3197119,48.3087137],[24.3190925,48.3088973],[24.3185783,48.3089796],[24.3183392,48.3090115],[24.3182864,48.3090185],[24.3164977,48.309045],[24.3161698,48.3090317],[24.3154741,48.3088964],[24.3139301,48.3085961],[24.3130359,48.3084502]]}},
{"type":"Feature","properties":{"full_id":"w221472912","ref":"С-070302","length_km":6.17987,"name:uk":"Виноградівська міська громада","lenght_roads":6.1799,"id_roads":"51532"},"geometry":{"type":"LineString","coordinates":[[22.9580116,48.1640493],[22.9582424,48.1640254],[22.9583359,48.1640218],[22.9584416,48.1640214],[22.9585657,48.1640268],[22.9587304,48.1640369],[22.9589961,48.1640605],[22.959143,48.164075],[22.959308,48.16409],[22.9593577,48.1640931],[22.9594096,48.1640932],[22.9594501,48.164091],[22.9595086,48.1640829],[22.9595765,48.1640648],[22.959641,48.1640387],[22.9596973,48.1640043],[22.9598462,48.1638895],[22.9599094,48.1638304],[22.959998,48.163748],[22.9600539,48.1636992],[22.9601392,48.1636364],[22.9602381,48.1635688],[22.9604118,48.1634628],[22.9606472,48.163319],[22.9607159,48.1632813],[22.9607537,48.1632605],[22.9608489,48.1632143],[22.9613688,48.1629742],[22.9614115,48.1629539],[22.9614939,48.1629147],[22.9618094,48.162759],[22.9619377,48.1627161],[22.96205,48.1626816],[22.9621695,48.1626486],[22.96228,48.1626231],[22.9629491,48.1624825],[22.9635505,48.1623526],[22.9637221,48.1623135],[22.9639479,48.1622605],[22.9640958,48.1622252],[22.965716,48.1618275],[22.9659436,48.1617679],[22.966133,48.1617157],[22.9675833,48.1612997],[22.9677875,48.1612397],[22.9678787,48.1612089],[22.9679528,48.161181],[22.9680514,48.1611383],[22.9681309,48.1611014],[22.9682065,48.1610543],[22.9682781,48.1610063],[22.9683427,48.1609584],[22.9687898,48.1605979],[22.9688919,48.1605169],[22.9691834,48.1603],[22.9693066,48.1602122],[22.9695187,48.1600652],[22.9696355,48.1599878],[22.9697491,48.1599191],[22.9698403,48.1598701],[22.9699376,48.1598252],[22.9700541,48.15978],[22.9702052,48.1597254],[22.9707506,48.160132],[22.9708578,48.1602201],[22.9709529,48.1602872],[22.9710514,48.1603448],[22.9713,48.1604833],[22.9713834,48.1605307],[22.9714602,48.1605869],[22.9715475,48.1606639],[22.9716514,48.1607619],[22.9719962,48.161166],[22.9720614,48.1612544],[22.9721133,48.1613399],[22.9721642,48.1614461],[22.9722481,48.1617674],[22.9722669,48.1619127],[22.9722718,48.1620486],[22.9722645,48.1621503],[22.9722511,48.1622519],[22.9722549,48.1623467],[22.9722779,48.1624324],[22.9723256,48.162512],[22.972417,48.1626193],[22.9736678,48.1639176],[22.9744497,48.1647691],[22.97449,48.1648128],[22.9747748,48.1651159],[22.9766902,48.1671548],[22.9768097,48.167276],[22.9769024,48.167363],[22.976976,48.167427],[22.977048,48.1674801],[22.9771092,48.1675227],[22.9771239,48.167533],[22.977154,48.1675524],[22.9772427,48.1676094],[22.9773107,48.1676508],[22.9778881,48.1679839],[22.979321,48.1687719],[22.9799753,48.1691289],[22.9799849,48.1691341],[22.9839008,48.1712745],[22.9839209,48.1712855],[22.9852219,48.1719888],[22.9854228,48.1720981],[22.9877273,48.1733526],[22.9880267,48.1735108],[22.9880993,48.1735488],[22.9882582,48.1736315],[22.9896753,48.1743597],[22.9912889,48.1752235],[22.9913715,48.1751582],[22.9956095,48.1718068],[22.9981403,48.1698261],[22.9983672,48.1696428],[22.9984203,48.1695999],[22.9985158,48.1695234],[22.9986502,48.1694143],[22.9988232,48.1692746],[23.0023243,48.166489],[23.0025162,48.1666091],[23.0025255,48.1666149],[23.0032647,48.1670596],[23.0035252,48.1672163],[23.0036419,48.1672694],[23.0037578,48.167298],[23.0038737,48.1673125],[23.0040134,48.1673178],[23.0051074,48.1673182],[23.0057776,48.1673184],[23.0058031,48.1673187],[23.0093534,48.1673807],[23.0124669,48.1674351],[23.0171646,48.1675208],[23.021375,48.1675976],[23.0214958,48.1676]]}},
{"type":"Feature","properties":{"full_id":"w294608033","ref":"С-071310","length_km":2.53944,"name:uk":"Вишківська селищна громада","lenght_roads":2.5394,"id_roads":"56094"},"geometry":{"type":"LineString","coordinates":[[23.3634431,48.060417],[23.3639482,48.0597309],[23.3642287,48.0594811],[23.3643244,48.0592844],[23.3645584,48.0591302],[23.3651061,48.0589388],[23.3655261,48.0587739],[23.3658664,48.0585453],[23.3663158,48.058133],[23.3668714,48.05762],[23.3674404,48.0570777],[23.367903,48.056748],[23.3681636,48.056615],[23.3687567,48.0565431],[23.3691821,48.0564474],[23.3696433,48.0562666],[23.3700965,48.0560833],[23.3704027,48.0559465],[23.371099,48.0557651],[23.3720034,48.0552415],[23.372818,48.0546395],[23.3732403,48.0543669],[23.3733627,48.0542214],[23.3739383,48.0539572],[23.3749726,48.0532064],[23.3756892,48.0526959],[23.3758899,48.0523678],[23.3761198,48.0520257],[23.3763963,48.051558],[23.3769334,48.0508561],[23.3773641,48.0505955],[23.3779703,48.0502711],[23.3784595,48.0499787],[23.378837,48.0497181],[23.379406,48.0491173],[23.3799005,48.0485749],[23.3802424,48.0481861],[23.380537,48.0479689],[23.3815598,48.0473539],[23.3820751,48.0470611],[23.3821698,48.0470149],[23.3825836,48.0467762],[23.3838514,48.046198],[23.3842714,48.0461076],[23.3848617,48.0460491],[23.3852179,48.0459427],[23.38542,48.0457726],[23.3859742,48.0450973],[23.3864379,48.0445354]]}},
{"type":"Feature","properties":{"full_id":"w369699141","ref":"О-070103","length_km":3.63357,"name:uk":"Мукачівська міська громада","lenght_roads":3.6336,"id_roads":"10492"},"geometry":{"type":"LineString","coordinates":[[22.864888152378839,48.303558060545413],[22.876667,48.3061404],[22.8758517,48.3074929],[22.8745696,48.3087397],[22.8744337,48.3089279],[22.8744544,48.3090793],[22.8747795,48.3099028],[22.8750337,48.3108049],[22.8751397,48.3117278],[22.8752054,48.3120281],[22.8754302,48.3125674],[22.8754047,48.3132318],[22.8755015,48.3138978],[22.8757166,48.3142277],[22.8759906,48.3144739],[22.8764843,48.3147284],[22.877104,48.3151619],[22.8775744,48.3156306],[22.8778797,48.3159226],[22.8790525,48.3170443],[22.8795381,48.3175445],[22.8801424,48.318389],[22.8806645,48.3191026],[22.8809488,48.3195057],[22.8812385,48.3198197],[22.8816744,48.320248],[22.8858951,48.3234283],[22.8897679,48.326283],[22.8901039,48.3265087],[22.8902654,48.3266001]]}},
{"type":"Feature","properties":{"full_id":"w813944698","ref":"С-071101","length_km":3.28578,"name:uk":"Вільховецька сільська громада","lenght_roads":3.2858,"id_roads":"32181"},"geometry":{"type":"LineString","coordinates":[[23.7020604,48.1208763],[23.7020642,48.1207725],[23.7019944,48.1206973],[23.7003958,48.1204537],[23.6998057,48.1203247],[23.6991311,48.1200788],[23.6982748,48.1197474],[23.6972094,48.1192469],[23.6966809,48.1190231],[23.6961511,48.1189054],[23.6959702,48.1188798],[23.6957664,48.1188118],[23.6951896,48.118588],[23.6947793,48.1184948],[23.6945432,48.118459],[23.6942267,48.1184304],[23.693878,48.1183444],[23.6929733,48.1180496],[23.6922661,48.117818],[23.6920723,48.1176643],[23.6918513,48.1173888],[23.6917269,48.1172736],[23.6914855,48.1171393],[23.691051,48.1170265],[23.6905583,48.1169095],[23.6897019,48.1168134],[23.6893035,48.1167588],[23.6889771,48.1166967],[23.6888307,48.1165158],[23.6875534,48.1149923],[23.6872691,48.1146699],[23.6871082,48.1144622],[23.6869419,48.1141291],[23.6867166,48.1136778],[23.6865449,48.1134236],[23.6855739,48.1124852],[23.6851448,48.112127],[23.6847585,48.111844],[23.6844528,48.1116614],[23.6842543,48.111493],[23.6840773,48.111339],[23.6837983,48.1111958],[23.68294,48.1109056],[23.6825878,48.1107811],[23.6823928,48.1107122],[23.6820388,48.1105367],[23.6817437,48.1103684],[23.6814755,48.1101535],[23.6812395,48.1099421],[23.6810034,48.1096484],[23.6807781,48.1093368],[23.6805099,48.1089464],[23.6803597,48.1087243],[23.680172,48.1085703],[23.6799145,48.1083804],[23.6796087,48.1081333],[23.6791581,48.1077142],[23.6787826,48.1073918],[23.6784714,48.1071267],[23.6783159,48.1070049],[23.6781871,48.1069727],[23.6779779,48.1069333],[23.6777151,48.1069225],[23.6774737,48.1069082],[23.6773074,48.106876],[23.6771411,48.1067399],[23.6770016,48.1065142],[23.6766368,48.1060772],[23.6763579,48.1057619],[23.676095,48.1055757],[23.6756766,48.1051601],[23.6754942,48.1050563],[23.6752421,48.104981],[23.6751509,48.1049094],[23.6750543,48.1047195],[23.6749685,48.1045404],[23.674711,48.1043721],[23.6745232,48.1043004],[23.6742014,48.1041822],[23.6734557,48.1037595],[23.6727476,48.1034478],[23.6708647,48.1026526],[23.6707628,48.1025451],[23.670680646320186,48.102311298707939]]}},
{"type":"Feature","properties":{"full_id":"w203891769","ref":"О-070602","length_km":21.08784,"name:uk":"Дубівська селищна громада","lenght_roads":21.0878,"id_roads":"37099"},"geometry":{"type":"LineString","coordinates":[[23.951061786142446,48.28081127571641],[23.9509361,48.2807588],[23.9506804,48.2806232],[23.9504394,48.2804146],[23.9502784,48.2802512],[23.950093,48.2799651],[23.9500129,48.2797908],[23.9499668,48.2796458],[23.9499378,48.2794302],[23.9499482,48.2791832],[23.9500007,48.2788929],[23.9500961,48.2786984],[23.9502302,48.2785074],[23.9503559,48.2783764],[23.9512518,48.2776445],[23.9514616,48.2774742],[23.9516598,48.2773203],[23.9530792,48.2758507],[23.9536533,48.2752901],[23.9540046,48.2750384],[23.9544016,48.2747795],[23.9545593,48.2746587],[23.9546253,48.2745958],[23.9546966,48.2745279],[23.9548168,48.2743802],[23.9549219,48.2742101],[23.9551105,48.2737908],[23.9552191,48.2735108],[23.9552734,48.2732937],[23.9553103,48.2731645],[23.9553296,48.2730559],[23.9553159,48.2728401],[23.9552986,48.2726647],[23.9552602,48.2725362],[23.955166,48.2722757],[23.9550241,48.2720394],[23.9544792,48.2714266],[23.9536044,48.2706187],[23.9528545,48.2698425],[23.95251,48.2694976],[23.9523398,48.2693],[23.9521956,48.2690874],[23.9520737,48.2688954],[23.9517429,48.2682021],[23.9515552,48.2677871],[23.9514184,48.2673479],[23.9513849,48.2670209],[23.9513532,48.2667326],[23.9512904,48.2665156],[23.9511615,48.2662215],[23.9509998,48.2659166],[23.9506218,48.2652089],[23.9503988,48.2647415],[23.9501283,48.2638501],[23.9497983,48.2630859],[23.9497335,48.2628481],[23.9497022,48.2626301],[23.9495382,48.2615324],[23.9494005,48.2606391],[23.9493415,48.2603536],[23.9492662,48.260109],[23.9492056,48.259986],[23.9491268,48.2598522],[23.9489926,48.2596885],[23.9482571,48.2590593],[23.9475085,48.2585383],[23.9458588,48.2575677],[23.9428828,48.2558891],[23.9417427,48.2551957],[23.9409712,48.2545555],[23.9407812,48.2543692],[23.940542,48.254143],[23.9404467,48.2539507],[23.9402795,48.2535861],[23.940051,48.2529852],[23.939968,48.2527374],[23.9398903,48.2523838],[23.9398473,48.2521124],[23.9398379,48.2518584],[23.9398956,48.2503907],[23.9399498,48.2497424],[23.9400542,48.2484918],[23.940126,48.2472228],[23.9401022,48.2468453],[23.9400651,48.2465911],[23.9400405,48.246413],[23.9400028,48.2462603],[23.9396118,48.2453872],[23.9394485,48.2449592],[23.9392198,48.2442827],[23.9386725,48.2431889],[23.9386305,48.2431006],[23.9383215,48.2424506],[23.9381307,48.2420493],[23.9370903,48.239827],[23.9369899,48.2395659],[23.9368738,48.239155],[23.9368576,48.238941],[23.9368679,48.2387314],[23.9369097,48.2385607],[23.9369808,48.238426],[23.9371678,48.2382175],[23.9373512,48.2380368],[23.9375977,48.2378815],[23.9379441,48.2377077],[23.9382997,48.2375654],[23.9386829,48.2374676],[23.9419904,48.2367883],[23.9449248,48.2361773],[23.9452709,48.2360939],[23.9456525,48.2359985],[23.9460747,48.235853],[23.9463709,48.2357177],[23.9467125,48.235522],[23.9469811,48.235326],[23.9471971,48.2350584],[23.9473071,48.2348832],[23.9473897,48.2347034],[23.947468,48.2344599],[23.9474947,48.2342559],[23.9474971,48.2340465],[23.9474715,48.2338686],[23.9474215,48.2336962],[23.9470953,48.2331006],[23.9469202,48.232778],[23.9468345,48.2326667],[23.9467621,48.2325762],[23.9463229,48.2321726],[23.9451791,48.2312254],[23.9448347,48.2309402],[23.9446305,48.2307973],[23.9444124,48.230683],[23.9436188,48.2302987],[23.9429763,48.2299913],[23.9427522,48.2298795],[23.9425205,48.2297287],[23.9422997,48.2295868],[23.9403548,48.2279171],[23.9398353,48.2274124],[23.9394718,48.2269313],[23.939097,48.22637],[23.9389472,48.2260938],[23.9387384,48.2256268],[23.9386157,48.22541],[23.9384076,48.2251663],[23.938197,48.2249919],[23.937149,48.2242317],[23.9365482,48.2238364],[23.9362726,48.2236911],[23.9358248,48.2234974],[23.9352075,48.2233362],[23.935091,48.2233155],[23.9345679,48.2232225],[23.9339304,48.2231555],[23.9337706,48.2231455],[23.9328503,48.2230878],[23.9324238,48.2230691],[23.9314017,48.2230705],[23.9311505,48.2230575],[23.9308704,48.2230141],[23.9306608,48.2229572],[23.9304301,48.2228786],[23.9301431,48.2227463],[23.9299627,48.2226463],[23.9297806,48.2225303],[23.9295074,48.2223389],[23.9294404,48.2222768],[23.9290407,48.2219064],[23.9288852,48.2217527],[23.9287426,48.2216357],[23.9283965,48.2214693],[23.9282478,48.221397],[23.9279705,48.2212809],[23.9276088,48.2211119],[23.9260063,48.2203443],[23.9245911,48.2195716],[23.9238524,48.2192751],[23.9217475,48.2184303],[23.921449,48.2182979],[23.9212247,48.2181804],[23.9209861,48.2180391],[23.9201144,48.2174434],[23.9187133,48.2162972],[23.9178336,48.2156436],[23.9161701,48.2144085],[23.9158174,48.2141145],[23.9155445,48.2137943],[23.9152668,48.213419],[23.9150435,48.2129599],[23.9148101,48.2123437],[23.914622,48.211929],[23.9137958,48.2107443],[23.9135858,48.2104432],[23.9134134,48.2101203],[23.9133069,48.2098552],[23.9132168,48.2095692],[23.9131862,48.2093636],[23.9132008,48.2090974],[23.9132672,48.2084383],[23.9132881,48.2078943],[23.9132742,48.2073992],[23.9132479,48.2070971],[23.9132441,48.2070746],[23.9131889,48.2067485],[23.9131583,48.206613],[23.9131433,48.2065465],[23.9130515,48.2062928],[23.9128733,48.2059337],[23.9127655,48.2057143],[23.9126702,48.2055931],[23.9125657,48.2054914],[23.9123994,48.2053678],[23.9121809,48.20525],[23.9119603,48.2051661],[23.9107264,48.2047878],[23.910504,48.2047339],[23.9103272,48.204703],[23.9101282,48.2047002],[23.9097265,48.2047291],[23.9085394,48.2048281],[23.9081545,48.2048468],[23.9077858,48.2048509],[23.907436,48.2047996],[23.9064564,48.2046261],[23.905988,48.2045584],[23.9057565,48.2045122],[23.9055794,48.2044604],[23.9054378,48.2044069],[23.9051127,48.2042638],[23.903907,48.2036293],[23.9008649,48.2018814],[23.9006576,48.2017753],[23.9004135,48.2016645],[23.9002311,48.2016019],[23.8999656,48.2015233],[23.8977796,48.2009047],[23.8973209,48.2007563],[23.8969667,48.2006134],[23.8964331,48.2003827],[23.8940924,48.199218],[23.8938531,48.1990812],[23.8937294,48.1989989],[23.8936248,48.1988935],[23.8932601,48.1984965],[23.8928659,48.1981603],[23.8927397,48.1980711],[23.892273,48.19776],[23.8918023,48.1974188],[23.8909934,48.196873],[23.8907021,48.196648],[23.8905576,48.1964891],[23.8904412,48.1962913],[23.8903746,48.1960728],[23.8903525,48.1959095],[23.8903628,48.195665],[23.8903624,48.1954876],[23.8903579,48.1954089],[23.8903443,48.195345],[23.8903351,48.195315],[23.8903137,48.1952748],[23.8902694,48.1952176],[23.8902117,48.1951657],[23.8901325,48.1951088],[23.8898644,48.1949355],[23.8894996,48.194699],[23.8892453,48.1945337],[23.8890086,48.1943372],[23.8887979,48.1941323],[23.888596,48.1938539],[23.8884076,48.1935279],[23.8882593,48.1932551],[23.8882067,48.1931584],[23.8881781,48.1931057],[23.8881592,48.193071],[23.8873097,48.1915421],[23.8862239,48.1894439],[23.8861009,48.1891028],[23.8859476,48.1886027],[23.8858535,48.1881594],[23.8857394,48.1876121],[23.885664,48.1873089],[23.885625,48.1870553],[23.8856466,48.1868536],[23.8857043,48.1862001],[23.8857204,48.1859784],[23.8857257,48.1857799],[23.8856943,48.1853436],[23.885687,48.1849305],[23.8857099,48.184427],[23.8858031,48.1838609],[23.8859326,48.1832372],[23.8859967,48.1828181],[23.8860329,48.1825885],[23.8860518,48.1824394],[23.8860583,48.1823338],[23.8860595,48.1821626],[23.8860155,48.181958],[23.8859742,48.1817858],[23.8858858,48.1814198],[23.8858509,48.1811929],[23.8858509,48.1810529],[23.885823,48.1808938],[23.8858364,48.180861],[23.8858558,48.1808166],[23.8859698,48.1805167],[23.8860983,48.1801708],[23.8861598,48.1800446],[23.8861769,48.1799141],[23.8861889,48.1797625],[23.8861576,48.1793616],[23.8861227,48.1789679],[23.8860672,48.17864],[23.8859174,48.1778679],[23.8858732,48.1776408],[23.8858324,48.1773859],[23.8858223,48.1771328],[23.8858627,48.1768888],[23.8859559,48.17641],[23.8860165,48.1761811],[23.8862354,48.1748757],[23.886411,48.1739553],[23.8864462,48.1737479],[23.8865554,48.1731037],[23.8868813,48.1710434],[23.8871331,48.1700098],[23.887277,48.1693205],[23.8873411,48.1690822],[23.8874427,48.1687045],[23.8875362,48.168538],[23.887657,48.1683715],[23.8878641,48.1681832],[23.8882134,48.1679145],[23.8896701,48.1669208],[23.889911,48.1667128],[23.8900802,48.1665018],[23.8905358,48.1656287],[23.8909614,48.1647383],[23.8913474,48.1638594],[23.8914922,48.1635189],[23.8915676,48.1633413],[23.8918948,48.1625718],[23.8921212,48.1622242],[23.8925924,48.1615324],[23.8928218,48.1611973],[23.8929194,48.1610135],[23.8929934,48.1608345],[23.8932169,48.1602823],[23.8933364,48.1599729],[23.8937717,48.159243],[23.8938796,48.1590543],[23.8939347,48.1588767],[23.893995,48.1586678],[23.8940249,48.1585001],[23.8940464,48.1578942],[23.8940304,48.1577982],[23.8939772,48.1576682],[23.8938656,48.1575222],[23.8932283,48.1568584],[23.8928961,48.1563773],[23.8926444,48.1560079],[23.8923986,48.1557169],[23.8915541,48.1550453],[23.891406,48.1548843],[23.8912861,48.1546755],[23.891153,48.1542624],[23.8910464,48.1540492],[23.8909709,48.1539332],[23.8907414,48.1535802],[23.8903257,48.1529885],[23.8902828,48.152908],[23.8902505,48.152776],[23.8902825,48.1524144],[23.8902962,48.1521923],[23.8902411,48.151996],[23.8901085,48.1518862],[23.8898431,48.1517138],[23.889524,48.1515341],[23.8887409,48.151101],[23.8883435,48.1508233],[23.8878071,48.1503957],[23.8873822,48.1500566],[23.8872653,48.1499375],[23.8869515,48.1494937],[23.8867886,48.1493021],[23.8866457,48.149159],[23.8864368,48.1489763],[23.886348,48.1489139],[23.8855721,48.1483492],[23.8852402,48.1480728],[23.8850042,48.1478598],[23.8848218,48.1476522],[23.8846078,48.1473604],[23.8845942,48.147343],[23.884546,48.1472812],[23.8842908,48.1470026],[23.8840884,48.14681],[23.8838536,48.1466464],[23.8834549,48.1464209],[23.8830368,48.1462339],[23.8821552,48.1459768],[23.8816681,48.1458592],[23.8814495,48.145782],[23.8812088,48.1456715],[23.8800838,48.1451541],[23.8792995,48.1447934],[23.8791,48.1446981],[23.8781672,48.1442394],[23.8773771,48.1437469],[23.8763954,48.1431324],[23.8759721,48.1429225],[23.8756142,48.1427745],[23.8751809,48.1426173],[23.8749501,48.1425335],[23.8747029,48.142435],[23.8744863,48.14233],[23.8734989,48.1418178],[23.8716271,48.1407797],[23.8690652,48.1394073],[23.8649681,48.137182],[23.86396,48.1366487],[23.8608737,48.1350161],[23.8600533,48.134531],[23.8590448,48.133883],[23.858533,48.1335847],[23.8579863,48.1333012],[23.857915045839018,48.133266308380122]]}},
{"type":"Feature","properties":{"full_id":"w294609855","ref":"О-071304","length_km":2.67623,"name:uk":"Вишківська селищна громада","lenght_roads":2.6762,"id_roads":"69370"},"geometry":{"type":"LineString","coordinates":[[23.3007622,48.099007],[23.3009183,48.0991346],[23.3010739,48.0992671],[23.3014977,48.0995788],[23.3018348,48.0998842],[23.3024982,48.1005156],[23.302692,48.1006788],[23.3030957,48.1009928],[23.3037096,48.1014703],[23.3038607,48.1015778],[23.3039593,48.101626],[23.304137,48.1016387],[23.3044718,48.1016373],[23.3048639,48.1016495],[23.3052421,48.1016943],[23.3057245,48.1017714],[23.3059516,48.1017997],[23.3067057,48.101821],[23.3069319,48.101834],[23.3071105,48.1018686],[23.3072484,48.1019271],[23.3075458,48.102071],[23.3086878,48.1026771],[23.3090347,48.1028281],[23.3092386,48.1029248],[23.3094209,48.103043],[23.3096258,48.1031987],[23.3098125,48.1033063],[23.3099756,48.1033604],[23.3103248,48.1034281],[23.310585,48.1034872],[23.3108127,48.1035954],[23.3110362,48.1037841],[23.3112314,48.1039135],[23.3115209,48.1040778],[23.3116896,48.1041788],[23.311784,48.1042664],[23.3119017,48.1044094],[23.3120227,48.1045583],[23.3122531,48.1049271],[23.3123901,48.1051243],[23.3126231,48.1054032],[23.3127442,48.105599],[23.3128545,48.1058648],[23.3130339,48.1062957],[23.313073,48.1064109],[23.3131007,48.1064988],[23.3131537,48.1065306],[23.313276,48.1065678],[23.3133007,48.1065774],[23.3136784,48.1067456],[23.3139386,48.1068568],[23.3140801,48.1069599],[23.3147354,48.107353],[23.3149731,48.1075091],[23.315012,48.1075995],[23.314998,48.107706],[23.3149732,48.1077529],[23.3149175,48.1078486],[23.3147973,48.1080547],[23.3152484,48.1081648],[23.3158348,48.1083074],[23.3159977,48.1083446],[23.3161426,48.1084324],[23.3162872,48.1085346],[23.3164322,48.1086168],[23.3168185,48.1088389],[23.3172186,48.1091514],[23.3175656,48.1094231],[23.3175387,48.1096302],[23.3175563,48.1098839],[23.317811,48.1101775],[23.3183958,48.1105832],[23.3185867,48.1108517],[23.3185867,48.1112455],[23.318533,48.1118063],[23.3184375,48.1121464],[23.3183449,48.1122554],[23.318169,48.1124626],[23.3178349,48.1127729],[23.3175664,48.1133755],[23.3173755,48.1140199],[23.3172562,48.1149268],[23.317107,48.1154698],[23.3169041,48.1160783],[23.3167866,48.1165716]]}},
{"type":"Feature","properties":{"full_id":"w246755182","ref":"С-070308","length_km":10.97252,"name:uk":"Вилоцька селищна громада","lenght_roads":10.9725,"id_roads":"65216"},"geometry":{"type":"LineString","coordinates":[[22.887496,48.2252661],[22.8892728,48.2249322],[22.8893278,48.2249221],[22.8893704,48.2249145],[22.8894518,48.224901],[22.8896999,48.2248599],[22.8901795,48.2247805],[22.8903065,48.2247594],[22.8918148,48.2245094],[22.8941249,48.2241035],[22.8942518,48.2240775],[22.8943155,48.2240615],[22.8943717,48.2240455],[22.8944481,48.2240226],[22.8945295,48.2239948],[22.8945617,48.2239834],[22.8949073,48.2238432],[22.8950773,48.2237685],[22.8951782,48.2237135],[22.8952532,48.2236621],[22.8953063,48.2236106],[22.8953326,48.2235537],[22.8953469,48.2234917],[22.8953551,48.2233885],[22.8953637,48.2232927],[22.8953591,48.2231993],[22.8952883,48.2223008],[22.8952535,48.2221485],[22.8950883,48.2215794],[22.894981,48.2212228],[22.8948635,48.2208322],[22.8945037,48.2195983],[22.8944679,48.2194326],[22.894466,48.2194234],[22.8944373,48.219284],[22.8944149,48.2191828],[22.8943965,48.2190794],[22.8941431,48.2177283],[22.894077,48.2173762],[22.8938237,48.2160254],[22.893799,48.2159076],[22.8937878,48.215854],[22.8935524,48.2144815],[22.8934825,48.2141185],[22.893457,48.2140088],[22.8934327,48.2139263],[22.8934006,48.2138573],[22.8933686,48.2138073],[22.8933101,48.213736],[22.893239,48.2136642],[22.8931526,48.213597],[22.8930342,48.2135227],[22.8929903,48.2134979],[22.8928985,48.2134462],[22.8928118,48.2134004],[22.892736,48.2133604],[22.8926071,48.2132995],[22.892495,48.2132536],[22.8923599,48.2132051],[22.8922382,48.2131643],[22.8921064,48.2131303],[22.8919806,48.2131064],[22.8918419,48.2130851],[22.8916655,48.2130628],[22.8908312,48.2129764],[22.8907325,48.212964],[22.8906408,48.2129496],[22.8905568,48.2129333],[22.8903376,48.2128801],[22.890252,48.2128577],[22.8901591,48.2128275],[22.8900459,48.2127873],[22.8899496,48.2127506],[22.889808,48.2126948],[22.8896961,48.2126499],[22.888903,48.2123196],[22.8887983,48.2122705],[22.888714,48.2122268],[22.8886336,48.2121789],[22.8885458,48.2121182],[22.8884856,48.2120656],[22.8884368,48.2120124],[22.8883893,48.2119504],[22.8883377,48.2118679],[22.8883096,48.2118076],[22.8882928,48.2117376],[22.8882874,48.2116563],[22.888291,48.2115818],[22.888304,48.2115122],[22.8883277,48.2114229],[22.8883642,48.2113459],[22.889657,48.2094757],[22.8897477,48.2093619],[22.8898568,48.2092364],[22.8899314,48.2091583],[22.8911551,48.2079751],[22.8913553,48.2077927],[22.8914994,48.2076687],[22.8916458,48.2075491],[22.8917974,48.2074382],[22.8919638,48.2073225],[22.8925869,48.2069325],[22.8927062,48.2068565],[22.892811,48.2067821],[22.8928919,48.2067008],[22.892959,48.2066175],[22.8930188,48.2064994],[22.8931744,48.2060993],[22.8933342,48.2056976],[22.8933758,48.2055798],[22.8934413,48.2053831],[22.8934633,48.2052944],[22.8934681,48.2052248],[22.8934692,48.2051293],[22.8934649,48.2049844],[22.8932909,48.2036345],[22.8932901,48.2035388],[22.8932974,48.2034526],[22.8933091,48.2033664],[22.8933274,48.2032787],[22.8933522,48.2032074],[22.8939679,48.2016296],[22.8939951,48.2015363],[22.8940125,48.2014483],[22.8940256,48.2013689],[22.8940473,48.2011608],[22.8940531,48.2011049],[22.8940954,48.2007826],[22.8941155,48.2006933],[22.8941455,48.2006151],[22.8941875,48.2005477],[22.8942778,48.2004485],[22.8943481,48.2003742],[22.8972506,48.1971931],[22.8984541,48.195841],[22.8985053,48.1957696],[22.8985486,48.1957037],[22.898578,48.1956421],[22.8986049,48.1955744],[22.8986273,48.1955009],[22.8986414,48.1954407],[22.8986469,48.1954171],[22.8986623,48.1953229],[22.8986688,48.1952272],[22.8986661,48.1951107],[22.8984814,48.1932901],[22.89848,48.1931718],[22.898496,48.1930651],[22.8985231,48.1929614],[22.8985709,48.192826],[22.8986242,48.1927165],[22.8986773,48.1926302],[22.89875,48.1925216],[22.8995079,48.1916086],[22.8996035,48.1915207],[22.8997317,48.1914114],[22.8998602,48.1913087],[22.9002832,48.1909901],[22.9006739,48.1906911],[22.9007741,48.1906137],[22.9008512,48.1905516],[22.9009026,48.1905085],[22.9009493,48.1904689],[22.9010692,48.1903452],[22.9011474,48.1902629],[22.9012034,48.1901802],[22.9012604,48.1900872],[22.9013035,48.190003],[22.9013433,48.1899189],[22.901379,48.1898341],[22.9014233,48.1897104],[22.9014783,48.1895534],[22.9017326,48.1887296],[22.9017684,48.1886372],[22.901802,48.1885649],[22.9018426,48.1884963],[22.9021499,48.1880683],[22.9022008,48.1880096],[22.9022598,48.1879573],[22.9023283,48.1879202],[22.9023988,48.187895],[22.902496,48.1878738],[22.9025914,48.1878656],[22.9026971,48.1878625],[22.9036007,48.1878549],[22.9037063,48.1878488],[22.9037809,48.1878411],[22.9038521,48.1878284],[22.9039076,48.1878118],[22.903967,48.1877832],[22.9040052,48.1877578],[22.9040276,48.187729],[22.9040445,48.18769],[22.9040591,48.1876271],[22.9040884,48.187128],[22.9040952,48.186989],[22.9040934,48.1868529],[22.9040881,48.186717],[22.9040781,48.1866235],[22.9040554,48.1865186],[22.9040189,48.1863868],[22.9039735,48.1862434],[22.9037496,48.1855602],[22.9036978,48.1854312],[22.9036457,48.1853274],[22.9036022,48.1852429],[22.9035733,48.1851922],[22.903529,48.1851241],[22.9034733,48.1850573],[22.9034018,48.1849748],[22.9029501,48.1844594],[22.902667,48.1841363],[22.9026148,48.1840753],[22.9025627,48.1840091],[22.9022871,48.183637],[22.9022366,48.183575],[22.9021699,48.1835074],[22.9020816,48.1834125],[22.902018,48.1833128],[22.9019741,48.1832155],[22.9019487,48.1831207],[22.9018988,48.1828492],[22.9018692,48.1826885],[22.9018395,48.1825271],[22.9018223,48.1824339],[22.901809,48.1823215],[22.9018093,48.1822303],[22.9018264,48.1820437],[22.9018416,48.18193],[22.901848,48.1818668],[22.9018498,48.1817968],[22.9018502,48.1817317],[22.9018549,48.1816459],[22.9018632,48.1815617],[22.901903,48.1814031],[22.9019759,48.181182],[22.9020297,48.1810383],[22.9020817,48.1809183],[22.9021398,48.1808072],[22.9022088,48.1806986],[22.9022755,48.1806075],[22.9027012,48.1800879],[22.902765,48.1799981],[22.902816,48.1799108],[22.9028607,48.1798216],[22.903081,48.1792742],[22.9031233,48.1791947],[22.9031786,48.1791268],[22.9032677,48.1790534],[22.9039488,48.1784955],[22.9040429,48.1784159],[22.9041199,48.1783516],[22.9042539,48.1782308],[22.9043367,48.1781437],[22.9043829,48.1780869],[22.9044239,48.1780362],[22.9046661,48.1777259],[22.9047347,48.1776554],[22.9051436,48.1773421],[22.9052198,48.1772795],[22.9052737,48.1772253],[22.9053201,48.177163],[22.9053592,48.1770906],[22.9056739,48.1762379],[22.9056836,48.1762116],[22.9057589,48.1759857],[22.9058299,48.1757724],[22.9058443,48.1757294],[22.9059068,48.1755419],[22.9059323,48.1754653],[22.905951,48.1754093],[22.9059915,48.1752878],[22.9060059,48.1752443],[22.906027,48.175181],[22.9061207,48.1749],[22.9061317,48.174867],[22.9063231,48.1742926],[22.9066827,48.1732125],[22.9071976,48.171658],[22.907225,48.1715453],[22.9072345,48.1714523],[22.9072307,48.1713806],[22.9072088,48.1713004],[22.9070827,48.1711007],[22.9070371,48.170997],[22.9070022,48.170904],[22.9069754,48.1708163],[22.9069513,48.1707036],[22.9069405,48.1705999],[22.9069352,48.1704586],[22.9069405,48.1702779],[22.9069459,48.1701401],[22.9069647,48.1700167],[22.9069808,48.1699183],[22.9070049,48.1698199],[22.907021,48.1697341],[22.9070237,48.169625],[22.907013,48.1687502],[22.9070103,48.1687001],[22.9069901,48.1685839]]}},
{"type":"Feature","properties":{"full_id":"w1169121026","ref":"С-070313","length_km":0.93217,"name:uk":"Виноградівська міська громада","lenght_roads":0.9322,"id_roads":"63694"},"geometry":{"type":"LineString","coordinates":[[23.0860481,48.1764858],[23.0861563,48.1762965],[23.0862231,48.1761903],[23.0862531,48.1761524],[23.0863117,48.1761008],[23.0872581,48.175309],[23.0873678,48.1752134],[23.0874386,48.1751391],[23.0875262,48.1750358],[23.0880314,48.1744405],[23.0880704,48.1743756],[23.0880969,48.1742953],[23.088171,48.1738177],[23.0882408,48.1733677],[23.088278,48.1732508],[23.088324,48.1731623],[23.0883895,48.1730774],[23.0884572,48.1730121],[23.0885209,48.172959],[23.088597,48.1729024],[23.0890345,48.1726029],[23.0891085,48.1725475],[23.0898495,48.1719475],[23.0899619,48.1718499],[23.0900128,48.1717965],[23.0900451,48.1717348],[23.0900682,48.1716619],[23.0900842,48.1715854],[23.0901064,48.1711992],[23.0901234,48.1711047],[23.0901434,48.1710338],[23.0901792,48.1709555],[23.0902249,48.1708838],[23.0903059,48.1707565],[23.0904169,48.1705917],[23.0904582,48.1705097],[23.0905579,48.1703115],[23.0906273,48.1702401],[23.0906796,48.1701971],[23.0907444,48.170154],[23.090843,48.1700968],[23.0909512,48.1700446],[23.0910638,48.169998],[23.0911649,48.1699664],[23.0913022,48.1699297],[23.0920458,48.1697417],[23.0921573,48.1697134],[23.0922408,48.1696924]]}},
{"type":"Feature","properties":{"full_id":"w1031717493","ref":"С-070740","length_km":0.90665,"name:uk":"Кольчинська селищна громада","lenght_roads":0.9067,"id_roads":"18673"},"geometry":{"type":"LineString","coordinates":[[22.756762,48.5003214],[22.7566737,48.5004562],[22.7561891,48.5005567],[22.7557513,48.5005315],[22.7553915,48.5004508],[22.7533086,48.5004477],[22.7528506,48.5005661],[22.7522922,48.5005883],[22.7517338,48.5007955],[22.7507815,48.5016134],[22.7498163,48.5026318],[22.7497659,48.5029471],[22.7496195,48.5032532],[22.7492856,48.503526],[22.7487481,48.5038656],[22.7487278,48.5039161],[22.7488151,48.5039651],[22.7490203,48.504014],[22.7497065,48.5038473],[22.7499121,48.5038655]]}},
{"type":"Feature","properties":{"full_id":"w128982456","ref":"С-071115","length_km":6.87976,"name:uk":"Тересвянська селищна громада","lenght_roads":6.8798,"id_roads":"10554"},"geometry":{"type":"LineString","coordinates":[[23.6875057,47.9977163],[23.6876536,47.9979417],[23.6888979,47.9988442],[23.6897533,47.999401],[23.6900128,47.99955],[23.6902523,47.9996874],[23.6905172,47.9998297],[23.6906728,47.9999122],[23.6908305,47.9999867],[23.6912093,48.0001473],[23.6913728,48.0002048],[23.6915499,48.0002514],[23.6919655,48.0003011],[23.6930631,48.000463],[23.6928207,48.0011895],[23.6926671,48.0017807],[23.692607,48.0020635],[23.6924986,48.002472],[23.6924212,48.0026401],[23.6923868,48.0027622],[23.692368,48.002895],[23.6923599,48.0030027],[23.6923642,48.0031391],[23.6923867,48.0032486],[23.6924377,48.0033796],[23.692494,48.003455],[23.6925799,48.0035662],[23.6926871,48.0036847],[23.6928212,48.0037995],[23.6930653,48.0039179],[23.6936098,48.0042033],[23.6937681,48.0043146],[23.6939028,48.0044264],[23.6945481,48.0050392],[23.6949712,48.0054741],[23.6959765,48.0063186],[23.6964798,48.0067516],[23.6967855,48.0070763],[23.696978,48.0072827],[23.6971611,48.0075394],[23.6979612,48.0087305],[23.6988455,48.0101577],[23.6989153,48.0103638],[23.6989689,48.010624],[23.698993,48.0121097],[23.6990194,48.0123464],[23.6990454,48.0124019],[23.6992062,48.0125948],[23.6998085,48.0134092],[23.6999586,48.013599],[23.7005157,48.0143015],[23.701045,48.0151533],[23.7012654,48.0155684],[23.7019327,48.0170547],[23.702209,48.0175337],[23.7023618,48.0177221],[23.702527,48.0178623],[23.7030083,48.0180791],[23.7033058,48.0182935],[23.7033925,48.0183563],[23.7034883,48.0185334],[23.7035125,48.0186654],[23.7035609,48.0200311],[23.7035474,48.0204921],[23.7035447,48.0208957],[23.703489,48.0211315],[23.7033194,48.0215022],[23.7032336,48.0217533],[23.7031759,48.0220336],[23.7032121,48.0221695],[23.7032444,48.022264],[23.7033248,48.0223489],[23.7034255,48.02242],[23.7036188,48.022513],[23.7052746,48.0229429],[23.7055765,48.0230692],[23.7057731,48.0232438],[23.7059514,48.0234472],[23.7060122,48.0236416],[23.7059995,48.0237506],[23.7059889,48.023841],[23.7058045,48.0245653],[23.7058206,48.0249348],[23.7059683,48.0253919],[23.7060813,48.0256326],[23.7062055,48.0258973],[23.7065185,48.0263817],[23.7065756,48.0266471],[23.7066836,48.0270085],[23.7067721,48.0271489],[23.706919,48.0272623],[23.7071439,48.0273963],[23.7076778,48.0276289],[23.7078993,48.027761],[23.7080973,48.027889],[23.7082565,48.0281169],[23.7088225,48.0287874],[23.7088528,48.028988],[23.7088756,48.02917],[23.7088609,48.0292463],[23.7087902,48.0293363],[23.708594,48.0294884],[23.7083325,48.0296983],[23.7082064,48.0298131],[23.7081376,48.0299071],[23.7081366,48.0300014],[23.7081528,48.0300804],[23.7082118,48.0301951],[23.7082815,48.0303082],[23.7083606,48.0304173],[23.7090465,48.0308986],[23.7099181,48.0313119],[23.7104074,48.0315611],[23.711425,48.0322579],[23.7121114,48.0326832],[23.7123293,48.0328386],[23.7136521,48.0341918],[23.7138335,48.0343855],[23.7138811,48.0344692],[23.7139205,48.0345384],[23.7139279,48.0346171],[23.7139016,48.0346827],[23.7138525,48.0347312],[23.713768,48.0347814],[23.7136222,48.034808],[23.7133817,48.0348039],[23.7131444,48.0347912],[23.7129248,48.0348193],[23.7127701,48.0348559],[23.7126388,48.0349276],[23.7125852,48.0349859],[23.7125168,48.0350845],[23.7124577,48.0351957],[23.7124348,48.0352806],[23.7124497,48.0353768],[23.7124657,48.035488],[23.7124818,48.0355939],[23.7125048,48.0356972],[23.7126026,48.0359059],[23.7127232,48.0361463],[23.7129405,48.0366054],[23.7133575,48.0374877],[23.7140885,48.0385961],[23.7148303,48.0397264],[23.7150278,48.0402845],[23.715333,48.0412359],[23.7156293,48.0421876],[23.7157513,48.0425701],[23.7159534,48.0430364],[23.7162077,48.0436872],[23.7164016,48.044442],[23.7165964,48.0454106],[23.7167839,48.0463725],[23.7168843,48.0466304],[23.7170234,48.0468035],[23.7172467,48.0469924],[23.7177915,48.0472819],[23.7179451,48.0473728],[23.7182234,48.0477479],[23.7186647,48.0482198],[23.7197733,48.0493808],[23.7201699,48.0497849],[23.720347497665369,48.049975519082793]]}},
{"type":"Feature","properties":{"full_id":"w93117148","ref":"С-070706","length_km":16.78656,"name:uk":"Мукачівська міська громада","lenght_roads":16.7866,"id_roads":"92273"},"geometry":{"type":"LineString","coordinates":[[22.738014629722638,48.411239818515675],[22.7380157,48.4113342],[22.7379824,48.4129161],[22.7380009,48.4130698],[22.7380601,48.4132194],[22.7382278,48.4134541],[22.7389531,48.4141837],[22.7392942,48.4145268],[22.7396297,48.4148642],[22.7396674,48.4149062],[22.7398398,48.4150982],[22.7397931,48.4152522],[22.7397711,48.4153244],[22.7397353,48.4154621],[22.7386723,48.4186931],[22.7386065,48.418888],[22.738565,48.4190108],[22.7385292,48.4191167],[22.7385017,48.4191981],[22.7383988,48.4195027],[22.738389,48.4195319],[22.7382079,48.4200681],[22.737835,48.4211719],[22.7377573,48.421402],[22.7376439,48.4217379],[22.7374738,48.4222414],[22.7374174,48.4224201],[22.7372755,48.4228698],[22.7370057,48.4237245],[22.7365459,48.4251403],[22.7364666,48.4253885],[22.7364136,48.4255444],[22.736378,48.4256461]]}},
{"type":"Feature","properties":{"full_id":"w217936474","ref":"С-070727","length_km":5.20758,"name:uk":"Великолучківська сільська громада","lenght_roads":5.2076,"id_roads":"31547"},"geometry":{"type":"LineString","coordinates":[[22.541796,48.4552301],[22.5489885,48.4558771],[22.5547222,48.456325],[22.5551655,48.456367],[22.5670426,48.4568801],[22.577544,48.4573338],[22.5777972,48.4573524],[22.5780012,48.4574224],[22.5783108,48.4576603],[22.5784539,48.4577899],[22.5790425,48.4583229],[22.5792224,48.4584102],[22.5795244,48.458497],[22.579799,48.4585713],[22.581843,48.4591244],[22.5865271,48.4604371],[22.5877132,48.4604219],[22.5885784,48.4604066],[22.5888515,48.4604471],[22.5890622,48.4605169],[22.589234,48.4606106],[22.5897064,48.4609039],[22.5902758,48.4611851],[22.590724,48.4613196],[22.5910812,48.4613969],[22.591492,48.4614565],[22.591765,48.4615273],[22.5921023,48.4616332],[22.5929464,48.462119],[22.5937013,48.4625262],[22.5945857,48.4630338],[22.5949051,48.463227],[22.5954325,48.4636007],[22.5957572,48.4639247],[22.5961216,48.4642192],[22.5963955,48.4644368],[22.5965289,48.4645885],[22.5965926,48.4648439],[22.5966336,48.465316],[22.5966832,48.4656292],[22.5968081,48.4660474],[22.596876,48.4662382],[22.5968953,48.4664082],[22.5968841,48.4664694],[22.5968367,48.4665207],[22.5969088,48.4667829],[22.5971067,48.4674903],[22.5972032,48.4677125],[22.5972697,48.4678319],[22.5973845,48.4679276],[22.5976122,48.4681787],[22.5977078,48.4683629],[22.5977933,48.4684933],[22.5979376,48.4686016],[22.598265,48.4687997],[22.5985309,48.4690868],[22.5987023,48.4692362],[22.5988314,48.4693362],[22.5989136,48.4694301],[22.5988631,48.4697983],[22.5983041,48.470623],[22.5981983,48.4708427],[22.5981597,48.4709967],[22.5982243,48.4711237],[22.5983271,48.4713009],[22.5987055,48.4718203]]}},
{"type":"Feature","properties":{"full_id":"w304987058","ref":"С-070412","length_km":1.41856,"name:uk":"Нижньоворітська сільська громада","lenght_roads":1.4186,"id_roads":"37223"},"geometry":{"type":"LineString","coordinates":[[23.0657334,48.7555468],[23.0659959,48.7556736],[23.0662679,48.7557792],[23.0666219,48.755865],[23.0669523,48.755908],[23.0671264,48.7560277],[23.0672523,48.7561654],[23.0672922,48.756335],[23.0673007,48.7564764],[23.0673403,48.7568607],[23.0673563,48.7570161],[23.0673739,48.7571866],[23.0674196,48.7572772],[23.0674529,48.7573431],[23.0675412,48.7574626],[23.067597,48.7576066],[23.0675923,48.7577384],[23.0675133,48.757861],[23.0673552,48.7581062],[23.0673273,48.758192],[23.0673013,48.7583062],[23.0672979,48.7584071],[23.0673455,48.7585887],[23.0676482,48.7591963],[23.06774,48.7594272],[23.0677672,48.7595482],[23.0677536,48.7598038],[23.0677638,48.7604428],[23.0678046,48.7607633],[23.0678473,48.7610449],[23.0678911,48.7612067],[23.0678827,48.7617214],[23.0679041,48.7618823],[23.0679685,48.762022],[23.0680543,48.7622165],[23.0680704,48.7623456],[23.0680355,48.7626214],[23.0679658,48.7629025],[23.0680114,48.7631748],[23.0680731,48.7632985],[23.0681643,48.7634258],[23.0683011,48.7635805],[23.068324,48.7636454],[23.0683132,48.7637025],[23.0682812,48.7637933],[23.0682613,48.7639127],[23.0682863,48.7640195],[23.0683413,48.7641313],[23.0684231,48.7642259],[23.0685291,48.7643611],[23.0686378,48.7647379],[23.0688302,48.7649632],[23.0690011,48.7652168],[23.0691487,48.7654467],[23.069213,48.765673],[23.0692935,48.7658144],[23.0693688,48.765946],[23.0693981,48.7660336],[23.0694045,48.7661487],[23.0693994,48.7663041],[23.0694491,48.7665348],[23.0694973,48.7666692],[23.0695537,48.7667585],[23.0696261,48.766861],[23.0696502,48.766983],[23.0696422,48.7670838],[23.069541,48.7673305]]}},
{"type":"Feature","properties":{"full_id":"w151667608","ref":"О-070101","length_km":0.39672,"name:uk":"Берегівська міська громада","lenght_roads":0.3967,"id_roads":"56761"},"geometry":{"type":"LineString","coordinates":[[22.6221515,48.1978092],[22.6220747,48.1978358],[22.6218417,48.1979164],[22.6214895,48.1980944],[22.6209649,48.1983213],[22.6199768,48.1985882],[22.6197895,48.1986222],[22.619348,48.1986918],[22.6189368,48.1986899],[22.6178474,48.1985393],[22.6172371,48.1984028],[22.617199551639054,48.198391877813442]]}},
{"type":"Feature","properties":{"full_id":"w203292532","ref":"С-071331","length_km":0.3581,"name:uk":"Виноградівська міська громада","lenght_roads":0.3581,"id_roads":"81055"},"geometry":{"type":"LineString","coordinates":[[23.151103021398693,48.212187954726446],[23.1510893,48.2121375],[23.1510631,48.2120703],[23.1509104,48.2117608],[23.1508792,48.2116767],[23.1508561,48.211596],[23.1508463,48.211513],[23.1508427,48.2114336],[23.150849,48.2113506],[23.1508623,48.2112682],[23.1510149,48.210687],[23.1510513,48.2105849],[23.1510994,48.2104889],[23.1511656,48.2103807],[23.1512584,48.2102566],[23.1513362,48.2101681],[23.151414,48.2100956],[23.1515102,48.2100392],[23.1516361,48.2099919],[23.1517746,48.2099537],[23.1519257,48.2099225],[23.1520883,48.2099019],[23.1522577,48.2098927],[23.1523928,48.2098897],[23.1525347,48.2098942],[23.1526709,48.2099072],[23.152802,48.2099291],[23.15287746209335,48.209944976311554]]}},
{"type":"Feature","properties":{"full_id":"w202867192","ref":"С-070209","length_km":8.39547,"name:uk":"Ставненська сільська громада","lenght_roads":8.3955,"id_roads":"89682"},"geometry":{"type":"LineString","coordinates":[[22.831478,48.9133428],[22.8313228,48.9133573],[22.8311311,48.9134005],[22.8300573,48.9138457],[22.8298698,48.9139931],[22.8298164,48.914188],[22.8297809,48.9144533],[22.8297644,48.9145772],[22.829538,48.9150374],[22.8293635,48.9152977],[22.8288761,48.9159067],[22.8285119,48.9165684],[22.8284586,48.9168543],[22.8284475,48.9169137],[22.8284365,48.9169727],[22.8283584,48.917178],[22.8282087,48.9173919],[22.828179,48.9175999],[22.8281666,48.9176866],[22.8279744,48.9179522],[22.8276178,48.9182089],[22.8273073,48.9183431],[22.8270045,48.9184356],[22.8268829,48.9184981],[22.826786,48.9186051],[22.8264262,48.9192816],[22.8262954,48.9196109],[22.8262261,48.9197216],[22.8261247,48.9197851],[22.8259187,48.9198473],[22.8254504,48.9198852],[22.8252294,48.9199477],[22.8250671,48.9200329],[22.8243781,48.9209853],[22.8238765,48.921708],[22.8236112,48.9224126],[22.8232936,48.9228176],[22.8231345,48.9229776],[22.8228417,48.9231869],[22.8226509,48.9233079],[22.8222433,48.9236149],[22.8216128,48.9240965],[22.8213174,48.9242611],[22.8211011,48.9243782],[22.8208502,48.9245436],[22.8202515,48.9251831],[22.8199614,48.9255076],[22.8195002,48.926155],[22.8189833,48.9270184],[22.8186924,48.9275016],[22.8184988,48.9277127],[22.8181475,48.9279188],[22.8177578,48.928113],[22.8173472,48.9282873],[22.8172088,48.9283451],[22.8170302,48.92845],[22.8168947,48.9286558],[22.8168512,48.9288105],[22.8168746,48.9289519],[22.8170538,48.929247],[22.8170817,48.9293439],[22.8170927,48.92951],[22.8170546,48.929714],[22.8169235,48.930176],[22.8168628,48.9305176],[22.8167604,48.9307829],[22.8166412,48.9310036],[22.8164499,48.9313341],[22.8162681,48.9317071],[22.816195,48.9318072],[22.8161109,48.9318865],[22.8158769,48.9319949],[22.815546,48.9321071],[22.8151646,48.9322904],[22.8149493,48.9324116],[22.8148247,48.9325326],[22.8147678,48.9326999],[22.8147583,48.9329175],[22.8147977,48.9330751],[22.8149751,48.9335209],[22.8151144,48.9338446],[22.8155209,48.9348851],[22.8155823,48.9350437],[22.8156424,48.9352135],[22.8156534,48.9353981],[22.8156487,48.9360404],[22.8156074,48.9365487],[22.8155773,48.9367202],[22.8155881,48.9368498],[22.8156354,48.9369749],[22.8157458,48.9371001],[22.8160668,48.9374211],[22.8163798,48.9378262],[22.8165585,48.9381775],[22.8165912,48.9383112],[22.8165636,48.938426],[22.816461,48.9385895],[22.8161054,48.9390824],[22.8159428,48.9393319],[22.815841,48.939515],[22.8158021,48.939617],[22.8158177,48.9397097],[22.8159453,48.9398946],[22.8160096,48.9400439],[22.8161608,48.9406103],[22.8162648,48.940988],[22.8166267,48.941824],[22.816702,48.9419716],[22.8168524,48.9421292],[22.8172831,48.9424702],[22.8174372,48.9425844],[22.8175653,48.9426972],[22.8176606,48.9427819],[22.8178143,48.943014],[22.8179297,48.9432532],[22.8179732,48.9434378],[22.8179893,48.9436315],[22.8179559,48.9438244],[22.8178377,48.9442049],[22.8177345,48.9444877],[22.8176269,48.9446484],[22.8174876,48.9447903],[22.8172584,48.9449655],[22.8168856,48.9452832],[22.8167613,48.9454367],[22.8166739,48.9456179],[22.8165229,48.94626],[22.8163698,48.9469087],[22.8161302,48.9480468],[22.8160491,48.9481853],[22.8158539,48.9483518],[22.8155831,48.9486138],[22.8153921,48.9488667],[22.8151754,48.9494642],[22.8148268,48.95055],[22.8146263,48.9511017],[22.8145051,48.9513612],[22.8143394,48.9515599],[22.8138239,48.952116],[22.8135569,48.9524848],[22.8134281,48.9528173],[22.8133392,48.9532782],[22.8132808,48.9536212],[22.8132121,48.9540358],[22.813215,48.9542075],[22.813298,48.9543955],[22.8135109,48.954673],[22.8137867,48.9549022],[22.8141599,48.9551606],[22.8143721,48.9553612],[22.8145131,48.9555479],[22.8145841,48.9557222],[22.814611,48.9558651],[22.8145963,48.9560128],[22.8145315,48.9561765],[22.8142604,48.9564656],[22.8140632,48.956727],[22.8139134,48.9570076],[22.8138703,48.9571349],[22.8138705,48.9571502],[22.8138024,48.9575733],[22.8135996,48.9584625],[22.8135774,48.9587412],[22.8135865,48.9591285],[22.8137092,48.9596064],[22.8138565,48.9599737],[22.8140054,48.9603883],[22.8141005,48.9608028],[22.8141288,48.9610813],[22.8140326,48.961583],[22.8139088,48.9624475],[22.8137163,48.9627244],[22.813579,48.9629715],[22.8134274,48.9635046],[22.8134429,48.9643551],[22.8134742,48.9646241],[22.813502,48.9647531],[22.8135495,48.9648863],[22.8136092,48.9649873],[22.813679,48.9650525],[22.8138743,48.9652255],[22.8144504,48.9656803],[22.8153611,48.96621],[22.8155339,48.9663491],[22.8158543,48.9666885],[22.8160742,48.9670018],[22.8161862,48.9672416],[22.8162137,48.9673522],[22.8162379,48.9675547],[22.8162512,48.967766],[22.8162205,48.9679715],[22.8161386,48.9682572],[22.8161073,48.9684998],[22.8160876,48.9687309],[22.8160877,48.9688171],[22.8160661,48.9689968],[22.8160555,48.9692117],[22.8160581,48.9692944],[22.816089,48.9694317],[22.816287,48.969898],[22.8163209,48.9700656],[22.8162674,48.9702139],[22.8159794,48.9704118],[22.815358,48.9708896],[22.8152224,48.971026],[22.815173,48.9710921],[22.8151407,48.9712259],[22.8150818,48.9716837],[22.815063,48.9718192],[22.8150281,48.9719249],[22.8149828,48.9719929],[22.8148243,48.9721573],[22.8145772,48.9723583],[22.8144327,48.9724654],[22.8142437,48.9725702],[22.8140894,48.9726459],[22.8138953,48.9727146],[22.8136937,48.9727726],[22.8133572,48.9728387],[22.8130813,48.9729009],[22.8129789,48.9729443],[22.8128582,48.9730288],[22.812712,48.9731591],[22.8125229,48.973365],[22.8122735,48.9736504],[22.8121715,48.9737622],[22.8121102,48.9738759],[22.8120857,48.9740139],[22.8120721,48.9741794],[22.8120187,48.9747983],[22.8119945,48.9749636],[22.8119409,48.9751292],[22.8118632,48.9752701],[22.8117155,48.9754514],[22.8115788,48.9755746],[22.8113857,48.9757049],[22.8112918,48.975756],[22.8112442,48.975773],[22.8110451,48.975844],[22.810286,48.9760271],[22.8099427,48.9761063],[22.8089502,48.9763616],[22.8078747,48.9766433],[22.807475,48.9767331],[22.806944,48.9768369],[22.8065791,48.9768828],[22.806323,48.9768942],[22.8061178,48.9768827],[22.8059355,48.9768527],[22.8057946,48.9767903],[22.8057316,48.9767471],[22.8056592,48.9766785],[22.8054929,48.9764954],[22.8049403,48.976042],[22.8047474,48.9759005],[22.8046587,48.9758528],[22.804542,48.9758167]]}},
{"type":"Feature","properties":{"full_id":"w203476429","ref":"С-070613","length_km":4.23823,"name:uk":"Міжгірська селищна громада","lenght_roads":4.2382,"id_roads":"98643"},"geometry":{"type":"LineString","coordinates":[[23.5681081,48.6631724],[23.567985,48.6635267],[23.5677556,48.6638879],[23.5675264,48.6643442],[23.567489,48.6644724],[23.5674548,48.6648624],[23.5674167,48.6650191],[23.5673289,48.6651895],[23.5669339,48.6659073],[23.5667391,48.6663034],[23.5665472,48.6667551],[23.5664927,48.6670173],[23.566571,48.6677992],[23.5665321,48.6680332],[23.5664583,48.6683283],[23.56625,48.6689293],[23.5661299,48.66922],[23.565992,48.6694184],[23.5652125,48.6701695],[23.5644339,48.6708527],[23.5639007,48.671349],[23.5636461,48.6715263],[23.5634269,48.6716456],[23.5631363,48.6717242],[23.5625841,48.6718431],[23.56207,48.6719597],[23.561797,48.6720451],[23.5614222,48.6722335],[23.5611784,48.6724165],[23.5604866,48.6730449],[23.5601221,48.6733368],[23.5597233,48.6735683],[23.5596115,48.6736332],[23.5591874,48.6738235],[23.5565685,48.6748561],[23.5563554,48.6749968],[23.5561895,48.6751608],[23.556003,48.6753826],[23.5556188,48.6763074],[23.5555418,48.6764305],[23.555438,48.6765844],[23.5553587,48.6767141],[23.5553211,48.6770732],[23.5552008,48.6773226],[23.5547269,48.6777458],[23.5545458,48.677843],[23.5543477,48.6779028],[23.5540217,48.6779837],[23.553663,48.6781382],[23.5532031,48.6783533],[23.5524354,48.6790162],[23.5522939,48.6791806],[23.5521355,48.6792554],[23.5517789,48.6793787],[23.5512413,48.6794347],[23.5508791,48.679502],[23.5505282,48.6796589],[23.5500246,48.6801148],[23.5494869,48.6809331],[23.549419,48.6810937],[23.5491361,48.681572],[23.5490762,48.6818977],[23.5491101,48.6822041],[23.5491101,48.6824059],[23.5489573,48.6826488],[23.5487144,48.6828236],[23.5475407,48.6836681],[23.5474463,48.683736],[23.5471779,48.6838005],[23.5468779,48.6838192],[23.5465289,48.6839038],[23.5462305,48.6840131],[23.5459498,48.6841368],[23.5450268,48.6846001],[23.5449821,48.6846225],[23.5441315,48.6851984],[23.544062,48.6852455],[23.5439198,48.6853466],[23.543805,48.6854283],[23.5436533,48.6855189],[23.5435226,48.6855823],[23.5433203,48.6856254],[23.5431032,48.6856611],[23.5427933,48.685685],[23.5423923,48.6856696],[23.5420811,48.6856413],[23.5413277,48.6856035],[23.5408282,48.6856267],[23.5405056,48.6856574],[23.5399623,48.6857396],[23.5393059,48.6860646],[23.5390395,48.6861973],[23.5387994,48.6862806],[23.538672,48.6863248],[23.538565,48.6863974],[23.5381931,48.6867873],[23.5372528,48.687773],[23.5370875,48.6879439],[23.5369863,48.688076],[23.5369152,48.6882106],[23.5368094,48.688499],[23.5367026,48.6886649],[23.5366498,48.6887752],[23.5364971,48.6890927],[23.5364029,48.6892535],[23.5363008,48.6893897],[23.5361149,48.6895873],[23.5359839,48.6897222],[23.5355484,48.6904402],[23.5353346,48.6906768],[23.5351908,48.6908107]]}},
{"type":"Feature","properties":{"full_id":"w152326570","ref":"О-070109","length_km":2.96191,"name:uk":"Берегівська міська громада","lenght_roads":2.9619,"id_roads":"87586"},"geometry":{"type":"LineString","coordinates":[[22.596242495694003,48.29044397536876],[22.5957315,48.2908342],[22.5955845,48.2910027],[22.5938812,48.2952089],[22.5927717,48.2979487],[22.5921085,48.2996427],[22.59186848190588,48.300153521709966]]}},
{"type":"Feature","properties":{"full_id":"w126129833","ref":"О-071209","length_km":6.53379,"name:uk":"Сюртівська сільська громада","lenght_roads":6.5338,"id_roads":"72003"},"geometry":{"type":"LineString","coordinates":[[22.1590017,48.5268472],[22.1591082,48.5268349],[22.1592287,48.5268062],[22.1593309,48.5267918],[22.1594491,48.5267792],[22.1613633,48.5264781],[22.1649038,48.5259093],[22.1651956,48.5258408],[22.167183,48.5247813],[22.1681475,48.524267],[22.1701044,48.5233053],[22.1763155,48.5200584],[22.1769182,48.51825],[22.1771543,48.5174842],[22.1772159,48.5173393],[22.1773302,48.51718],[22.1775351,48.5170545],[22.1789698,48.5164327],[22.1792943,48.5162921],[22.1796272,48.5161566],[22.1822525,48.5150207],[22.1842978,48.5141823],[22.1851674,48.5138293],[22.1865296,48.5132813],[22.1875757,48.5128707],[22.1878766,48.5127783],[22.1881323,48.5127322],[22.1894378,48.5126351],[22.1907078,48.5125376],[22.1918436,48.5124561],[22.1929743,48.5123576],[22.1934539,48.512283],[22.1945124,48.5120562],[22.1950189,48.5119773],[22.1971987,48.5116463],[22.1982736,48.5114752],[22.2042571,48.5105944],[22.2067579,48.5102202],[22.2086994,48.5099525],[22.2089264,48.50994],[22.2163832,48.5103642],[22.2187175,48.5104867],[22.2230861,48.510716],[22.2235367,48.5107267],[22.2236422,48.5107086],[22.2237564,48.5106706],[22.2238866,48.5105649],[22.2249142,48.5085127],[22.2255214,48.5071239],[22.2259923,48.5059771],[22.2262494,48.5053511],[22.2270414,48.5040921],[22.2280426,48.5021737],[22.2283137,48.5017685],[22.2284711,48.50162],[22.2285904,48.5015519]]}},
{"type":"Feature","properties":{"full_id":"w269215922","ref":"С-070714","length_km":2.85177,"name:uk":"Івановецька сільська громада","lenght_roads":2.8518,"id_roads":"80433"},"geometry":{"type":"LineString","coordinates":[[22.6712986,48.4545695],[22.671377,48.454706],[22.6723468,48.4565179],[22.6714144,48.4592716],[22.6647042,48.461038],[22.6646187,48.4611145],[22.6644668,48.4613339],[22.6641125,48.4619406],[22.6639373,48.4621885],[22.6637582,48.4623486],[22.663439,48.4625551],[22.6632638,48.4626764],[22.6627421,48.4631205],[22.661667,48.4639492],[22.6604854,48.4644268],[22.6597587,48.464412],[22.6594988,48.4644501],[22.6592708,48.4645441],[22.6587568,48.464888],[22.658702,48.4649247],[22.6566033,48.4661445],[22.6555464,48.4667627],[22.6546387,48.4672935],[22.6533317,48.4680621],[22.652835,48.4683649],[22.6508229,48.4694783],[22.6500348,48.469846],[22.649325,48.4701402],[22.6480717,48.4706893],[22.6478137,48.470807],[22.6473854,48.4709815],[22.6471662,48.4710248],[22.6468037,48.4710617]]}},
{"type":"Feature","properties":{"full_id":"w223281757","ref":"С-071202","length_km":1.51248,"name:uk":"Ужгородська міська громада","lenght_roads":1.5125,"id_roads":"73400"},"geometry":{"type":"LineString","coordinates":[[22.3178058,48.5872512],[22.3179714,48.5872573],[22.318098,48.5872538],[22.318224,48.5872518],[22.3183849,48.587227],[22.3185325,48.5871826],[22.3186593,48.5871331],[22.3190201,48.5869429],[22.3192694,48.5868072],[22.3194977,48.5867117],[22.3198043,48.5866126],[22.3200174,48.5865741],[22.3201811,48.5865617],[22.3205093,48.5865847],[22.3209603,48.5866348],[22.3215754,48.5867256],[22.3221208,48.586806],[22.3224768,48.5868456],[22.3226041,48.5868526],[22.3227337,48.5868372],[22.3228228,48.5868077],[22.3228964,48.5867604],[22.3229646,48.5866811],[22.323162,48.5862174],[22.3233147,48.585942],[22.3234724,48.5856887],[22.3235242,48.5854931],[22.3236124,48.5852752],[22.3242241,48.5843651],[22.3245433,48.5839269],[22.3248839,48.5834886],[22.324955,48.5833475],[22.3250274,48.5832055],[22.3250771,48.5830849],[22.3251106,48.5829323],[22.3251128,48.5827289],[22.3251133,48.5823671],[22.3250851,48.5821924],[22.3250596,48.5820992],[22.3250234,48.5820069],[22.3249302,48.5818557],[22.3247533,48.5817027],[22.3242724,48.5813877],[22.3239934,48.5812173],[22.3237963,48.5810949],[22.3237299,48.5810332],[22.3236588,48.580952],[22.3236153,48.5808583],[22.323575,48.5807604],[22.3235155,48.5806209],[22.3233457,48.5802227],[22.3232915,48.5800841],[22.3232803,48.5800568],[22.3232694,48.580032],[22.3232384,48.5798543],[22.3231851,48.5795879],[22.3231342,48.5792048],[22.3231016,48.5788919],[22.3231069,48.5787189],[22.3231149,48.5785363],[22.3232363,48.5777668],[22.3232571,48.5776353],[22.3232881,48.5774836]]}},
{"type":"Feature","properties":{"full_id":"w78258261","ref":"С-070911","length_km":0.14746,"name:uk":"Рахівська міська громада","lenght_roads":0.1475,"id_roads":"94083"},"geometry":{"type":"LineString","coordinates":[[24.1772548,47.937935],[24.1773387,47.9379015],[24.1779325,47.9376673],[24.1781496,47.9375825],[24.178814,47.9373664],[24.1788929,47.9373399],[24.1789644,47.9372837]]}},
{"type":"Feature","properties":{"full_id":"w78349796","ref":"С-071120","length_km":14.33002,"name:uk":"Солотвинська селищна громада","lenght_roads":14.33,"id_roads":"63907"},"geometry":{"type":"LineString","coordinates":[[23.820064,47.9885329],[23.8199927,47.9888577],[23.8197852,47.9897385],[23.8196763,47.9902286],[23.8195459,47.9907445],[23.8195315,47.9908946],[23.819546,47.9912391],[23.8195717,47.9914349],[23.8196158,47.9916433],[23.819679,47.9918675],[23.8197337,47.992016],[23.8197702,47.9921027],[23.8198292,47.9921942],[23.8198855,47.9922606],[23.8199799,47.9923498],[23.8201457,47.9924922],[23.8203067,47.9925999],[23.8204838,47.9927087],[23.8210522,47.9929829],[23.8213286,47.9931151],[23.8214439,47.9931635],[23.8215481,47.9932],[23.8216478,47.9932335],[23.8217711,47.9932586],[23.8220172,47.9932934],[23.822579,47.9933689],[23.8231755,47.9934454],[23.8238934,47.9935415],[23.8241985,47.9935979],[23.8243461,47.9936284],[23.8244884,47.9936568],[23.8249804,47.9938093],[23.8255758,47.9940112],[23.8256729,47.9940476],[23.8261022,47.9942145],[23.8269627,47.9945485],[23.827758,47.9948515],[23.8281688,47.9949961],[23.8283479,47.9950374],[23.8285024,47.9950571],[23.828606,47.9950624],[23.8287263,47.9950663],[23.8288838,47.9950598],[23.829116,47.9950424],[23.8294235,47.995026],[23.8295415,47.9950357],[23.8296316,47.9950493],[23.8297453,47.9950733],[23.8298678,47.9951135],[23.8299948,47.9951667],[23.8300508,47.9951906],[23.8301387,47.9952565],[23.8302726,47.9953814],[23.8305802,47.9957568],[23.8306546,47.9958469],[23.8307331,47.9959195],[23.8310917,47.9961947],[23.8311481,47.9962472],[23.8311964,47.9963154],[23.8312588,47.9964444],[23.8313559,47.9967771],[23.831419,47.9970405],[23.8314539,47.9971823],[23.8314753,47.9973166],[23.8314916,47.9975263],[23.8315184,47.9976183],[23.8317688,47.9979138],[23.8318647,47.9980112],[23.831934,47.998069],[23.8320236,47.9981213],[23.8322514,47.9982365],[23.8326054,47.9984116],[23.8330486,47.9985864],[23.8332537,47.9986487],[23.8335048,47.9987233],[23.8333854,47.9989437],[23.8331866,47.9992682],[23.8331169,47.9993899],[23.8330746,47.9995105],[23.833015,47.9998763],[23.8329543,47.9999976],[23.8328425,48.0000754],[23.8316651,48.0005042],[23.8314093,48.0005973],[23.8319703,48.0013387],[23.8321833,48.0016808],[23.8322515,48.0017852],[23.8323416,48.0019232],[23.8324038,48.0019733],[23.8324847,48.0020047],[23.8327796,48.0020538],[23.8330472,48.0027238],[23.8330445,48.0029004],[23.8329776,48.0032195],[23.8328269,48.0037025],[23.8328272,48.0038533],[23.83287,48.004018],[23.8329613,48.0042482],[23.8330681,48.0043947],[23.8333205,48.0046616],[23.833353,48.0047639],[23.833406,48.0049617],[23.8334441,48.0051075],[23.8334613,48.0051732],[23.8335192,48.0053662],[23.8335661,48.0055689],[23.8335813,48.0058223],[23.8336517,48.006131],[23.8338523,48.0066442],[23.834081,48.0069283],[23.8341893,48.007023],[23.8343208,48.0070714],[23.8345033,48.0070986],[23.8348974,48.0071478],[23.834995,48.0071788],[23.8350833,48.0072411],[23.8352741,48.0075079],[23.8353913,48.0076127],[23.8355645,48.0077113],[23.8358468,48.0077617],[23.8359673,48.0078113],[23.8360598,48.0078796],[23.8363527,48.0084383],[23.8364015,48.0084981],[23.8364992,48.0085999],[23.836657,48.0087033],[23.8367495,48.0087626],[23.8375281,48.0092451],[23.8379172,48.0094956],[23.8380897,48.0096676],[23.838281,48.0099328],[23.8383215,48.0100467],[23.8382824,48.010478],[23.8383338,48.0105612],[23.8383874,48.0106007],[23.8386568,48.010676],[23.8388461,48.0107478],[23.8389158,48.0107962],[23.8389587,48.0108234],[23.8389909,48.010929],[23.8389958,48.011219],[23.8390124,48.0113435],[23.8390446,48.0114404],[23.8391292,48.0115748],[23.8392162,48.0116755],[23.8393708,48.011825],[23.8401057,48.0124062],[23.8408465,48.0130242],[23.8410352,48.0131732],[23.8420327,48.013924],[23.8426728,48.0143237],[23.842922,48.0144869],[23.8430518,48.0146258],[23.8438104,48.0155844],[23.846415,48.018515],[23.8467674,48.0189521],[23.8469249,48.0192076],[23.8470097,48.0194284],[23.8470349,48.0196094],[23.8470358,48.019783],[23.8469828,48.0200615],[23.8468978,48.0203344],[23.8468825,48.0204202],[23.8468847,48.0205051],[23.8469238,48.0206669],[23.8472602,48.0214663],[23.8475868,48.0223112],[23.8476357,48.0224781],[23.8477116,48.0228169],[23.8478051,48.0233159],[23.8478328,48.0233984],[23.8478623,48.0234863],[23.8478851,48.0235446],[23.8479245,48.0236271],[23.8480954,48.0238895],[23.8482836,48.0241745],[23.8483894,48.0244119],[23.8484384,48.0245748],[23.8485265,48.0251051],[23.8485771,48.0254057],[23.8486547,48.0256143],[23.8490675,48.026382],[23.8491726,48.0265663],[23.849282,48.0267339],[23.8493603,48.0268247],[23.849473,48.026952],[23.8495401,48.0270094],[23.8496421,48.0270881],[23.8499713,48.0272941],[23.8513989,48.0280304],[23.851885,48.0282531],[23.852005,48.0283171],[23.852068,48.0283754],[23.8521333,48.0284581],[23.852182,48.0285467],[23.8522129,48.0286573],[23.8522387,48.028876],[23.8522625,48.0290023],[23.8523194,48.0292234],[23.8523751,48.0293395],[23.8524625,48.0295298],[23.8525101,48.0296156],[23.8526399,48.0298496],[23.852867,48.030194],[23.8529415,48.0302748],[23.8533086,48.0306507],[23.8538397,48.0310997],[23.8540783,48.0313018],[23.8542266,48.0314397],[23.8544882,48.031675],[23.8545926,48.0317566],[23.8546282,48.0317843],[23.8547275,48.0318489],[23.8549651,48.0319772],[23.855382,48.0321655],[23.8556649,48.032274],[23.8559711,48.0324179],[23.8561812,48.0325269],[23.8563968,48.0326735],[23.8567109,48.0329358],[23.8570223,48.0331835],[23.8571834,48.0333103],[23.8585192,48.0341415],[23.8588246,48.0341949],[23.8589036,48.0342227],[23.8589977,48.0342648],[23.8590594,48.0342998],[23.8591494,48.0343898],[23.8592885,48.0345568],[23.8594106,48.0346586],[23.8595551,48.0347492],[23.8601951,48.0351536],[23.8608198,48.0355805],[23.8609609,48.035662],[23.8610629,48.0357104],[23.8613215,48.0358174],[23.8619613,48.0360262],[23.8620606,48.0360584],[23.8622198,48.0361355],[23.8626092,48.0363418],[23.8629726,48.0365815],[23.8630946,48.036687],[23.8631919,48.0367903],[23.8632435,48.0368601],[23.8632979,48.0369598],[23.8635183,48.0373225],[23.863727,48.0375764],[23.8638926,48.0377909],[23.8639816,48.0378771],[23.8640829,48.0379545],[23.8644425,48.0381874],[23.8646634,48.0382989],[23.8648722,48.0383886],[23.8651623,48.0385039],[23.8652873,48.0385728],[23.8653903,48.0386473],[23.8654992,48.0387378],[23.8655923,48.0388466],[23.8663164,48.0399517],[23.8669298,48.0406714],[23.8674415,48.0411344],[23.8675746,48.0412292],[23.8676243,48.0412641],[23.8676479,48.0412807],[23.8678483,48.0414596],[23.8679759,48.0416342],[23.8680527,48.0417704],[23.8681766,48.0420165],[23.8684577,48.0427424],[23.8688084,48.043571],[23.8689532,48.0438229],[23.8690678,48.043999],[23.8692238,48.0441531],[23.8694286,48.0443311],[23.8695353,48.0444171],[23.8696158,48.0444929],[23.8699678,48.0449229],[23.8701394,48.0451632],[23.8702911,48.0453639],[23.8705981,48.0458033],[23.8707375,48.0460131],[23.8708797,48.0462706],[23.8709773,48.0464369],[23.8711275,48.0466192],[23.8713096,48.0467582],[23.8717999,48.046914],[23.8721338,48.0470028],[23.8723534,48.0470883],[23.8724676,48.0471661],[23.8725811,48.047266],[23.8728074,48.047499],[23.8732943,48.0480034],[23.8734573,48.0482276],[23.8736317,48.0485253],[23.873724,48.0486533],[23.8739079,48.048839],[23.8740608,48.0489771],[23.8741413,48.0490668],[23.8742243,48.0491961],[23.8742559,48.0492563],[23.8743377,48.0494263],[23.8743719,48.0495437],[23.87438,48.049723],[23.8744253,48.050036],[23.8744551,48.0501533],[23.874509,48.0502509],[23.8746214,48.0503757],[23.8748394,48.0505111],[23.8750692,48.0506605],[23.8752705,48.0508096],[23.8754208,48.0508824],[23.8758874,48.0509853],[23.8769207,48.0511593],[23.8770702,48.0511968],[23.8772475,48.051266],[23.8775806,48.0515556],[23.8777488,48.0516756],[23.8779773,48.0518076],[23.8781995,48.0518764],[23.8785306,48.0519797],[23.8788324,48.052113],[23.8791167,48.0522887],[23.8797873,48.0526262],[23.8802713,48.0528609],[23.8804364,48.0529719],[23.8805995,48.053119],[23.8808951,48.0534183],[23.8811415,48.0536543],[23.8813564,48.0538055],[23.881615,48.0539585],[23.8817695,48.0540368],[23.8819874,48.0541177],[23.8823165,48.054215],[23.8825795,48.0542699],[23.8826895,48.0542842],[23.8828773,48.0542949],[23.8831025,48.0542753],[23.88342,48.0542252],[23.8845172,48.0541382],[23.8844775,48.0545553],[23.8844091,48.0548509],[23.8843524,48.0550498],[23.8842879,48.0551789],[23.8842344,48.0552488],[23.8841483,48.0553399],[23.8839888,48.0555165],[23.8834869,48.0560793],[23.8833947,48.0561635],[23.8831454,48.0565522],[23.8827873,48.0570483],[23.8826305,48.0573302],[23.8825456,48.0575816],[23.8823937,48.0581908],[23.8821597,48.0587456],[23.8821262,48.0589401],[23.8820277,48.0591217],[23.8816269,48.059589],[23.8812949,48.060072],[23.8809726,48.0608094],[23.8808012,48.0610232],[23.8801914,48.0615795],[23.8801145,48.0617581],[23.8800877,48.0619768],[23.8800547,48.0621407],[23.8799643,48.0622672],[23.8798023,48.0624668],[23.8797369,48.0625474],[23.8795202,48.0628594],[23.8793153,48.0630452],[23.8790186,48.0632328],[23.8783166,48.0636352],[23.8778186,48.063981],[23.8775013,48.0640952],[23.8769524,48.0641116],[23.8767543,48.0641344],[23.8760512,48.0644705],[23.8756482,48.0646488],[23.8755414,48.064696],[23.8753904,48.0647628],[23.8751512,48.0649194],[23.8749301,48.0651267],[23.8747269,48.0653515],[23.8745877,48.0654265],[23.8742313,48.0655635],[23.8733729,48.0658885],[23.8729638,48.0660925],[23.8725103,48.0663879],[23.8722548,48.0666001],[23.8721141,48.0666947],[23.8719604,48.0667502],[23.8713421,48.0670249],[23.8708354,48.0673371],[23.8703676,48.0676707],[23.8699175,48.0680389],[23.8694302,48.0684472],[23.868943,48.0687819],[23.868688,48.0688772],[23.8682584,48.0690246],[23.8673064,48.0693509],[23.866735,48.069685],[23.8662589,48.0699784],[23.8659269,48.0702227],[23.8659156,48.070344],[23.8659746,48.0704336],[23.8662858,48.0705161],[23.8664252,48.0705913],[23.8664735,48.0707419],[23.8664467,48.070982],[23.8664842,48.0712079],[23.8666184,48.0715592],[23.8666613,48.0716273],[23.8667042,48.0716954],[23.8667793,48.0717563],[23.8668544,48.0718172],[23.8669295,48.0718746],[23.8669992,48.0719319],[23.8670851,48.0719785],[23.8671709,48.0720251],[23.8672567,48.0720717],[23.8673318,48.0721255],[23.8674016,48.0721829],[23.8674606,48.0722402],[23.8674981,48.0723083],[23.8675303,48.07238],[23.8675518,48.0724517],[23.8675625,48.0725198],[23.8675625,48.0725915],[23.8675464,48.0726632],[23.8675357,48.0727313],[23.8675518,48.072803],[23.8675813,48.0729356],[23.8676403,48.073018],[23.8679889,48.0732797],[23.8684074,48.0736811],[23.8685522,48.0738281],[23.8686166,48.073889],[23.8686702,48.0739536],[23.8687292,48.0740181],[23.8687882,48.0740826],[23.8688419,48.0741507],[23.8688848,48.0742224],[23.868917,48.0742941],[23.8689277,48.0743658],[23.8689384,48.0744339],[23.8689331,48.074502],[23.8689224,48.0745736],[23.8688902,48.0746453],[23.8688633,48.074717],[23.8688365,48.0747923],[23.8688258,48.0748604],[23.8688258,48.0749321],[23.8688473,48.0751364],[23.8689277,48.0753586],[23.8690089,48.0754464],[23.869141,48.0755011],[23.8692711,48.0756884],[23.8693569,48.0759214],[23.8695339,48.0761364],[23.8695768,48.0764733],[23.8696734,48.0767063],[23.8697646,48.0769715],[23.8699577,48.0771471],[23.8699523,48.0772833],[23.8698289,48.077588],[23.8696734,48.0778926],[23.8695339,48.0780288],[23.8693193,48.0781757],[23.8691906,48.0783657],[23.8687668,48.0789785],[23.8685415,48.0793585],[23.8682733,48.0797527],[23.8682143,48.0798136],[23.8681821,48.0798817],[23.8681552,48.0799534],[23.8681391,48.0800287],[23.8681231,48.0800968],[23.8681123,48.0801684],[23.8680962,48.0802437],[23.868064,48.0803118],[23.8680211,48.0803799],[23.8679836,48.080448],[23.8679675,48.0805197],[23.8679299,48.0805878],[23.867887,48.0806594],[23.8678441,48.0807239],[23.8677744,48.080835],[23.8677315,48.0808995],[23.8676832,48.0809641],[23.8676403,48.0810286],[23.8675759,48.0810931],[23.8675115,48.0811504],[23.867431,48.081197],[23.8673506,48.08124],[23.8672755,48.0812902],[23.8672218,48.0813511],[23.8672218,48.0814264],[23.8672326,48.0814945],[23.8672647,48.0815661],[23.8673023,48.0816342],[23.8673291,48.0817059],[23.8673399,48.0817776],[23.8673345,48.0818528],[23.8673184,48.0819245],[23.8672969,48.0819962],[23.8672808,48.0820679],[23.8672379,48.0821324],[23.8671843,48.0821969],[23.8671306,48.0822614],[23.8670663,48.0823223],[23.8669965,48.0823832],[23.8669214,48.082437],[23.8668517,48.0824908],[23.8667712,48.0825445],[23.8666908,48.0825983],[23.8666317,48.0826592],[23.8665674,48.0827129],[23.8664976,48.0827667],[23.8664333,48.0828276],[23.8663689,48.082885],[23.8663099,48.0829459],[23.8662187,48.0830104],[23.8661436,48.0830677],[23.8660846,48.0831287],[23.8660524,48.0832003],[23.8660309,48.083272],[23.8660148,48.0833401],[23.8659827,48.0834154],[23.8659505,48.083487],[23.8659183,48.0835587],[23.8658861,48.0836304],[23.8658485,48.0837021],[23.8658271,48.0837773],[23.865811,48.0838454],[23.8655803,48.0842826],[23.8654247,48.0846302],[23.8653335,48.084838],[23.8652155,48.0851032],[23.8652317,48.0852215],[23.8655106,48.0855655],[23.8655267,48.0856515],[23.8655052,48.0857662],[23.865414,48.0859812],[23.8652799,48.0861604],[23.8651833,48.0863001],[23.8651297,48.0864829],[23.8651082,48.0866298],[23.8650278,48.0867552],[23.8649151,48.0869057],[23.864604,48.0871709],[23.864427,48.0873286],[23.8643519,48.0874612],[23.8642714,48.0876618],[23.8641587,48.0878912],[23.8642177,48.0881349],[23.8642928,48.0885362],[23.8642392,48.0888354]]}},
{"type":"Feature","properties":{"full_id":"w203292541","ref":"О-070502","length_km":5.3585,"name:uk":"Іршавська міська громада","lenght_roads":5.3585,"id_roads":"17470"},"geometry":{"type":"LineString","coordinates":[[23.0398543,48.3117764],[23.0396614,48.3118222],[23.0393875,48.3119046]]}},
{"type":"Feature","properties":{"full_id":"w173141972","ref":"О-070901","length_km":26.93938,"name:uk":"Великобичківська селищна громада","lenght_roads":26.9394,"id_roads":"38684"},"geometry":{"type":"LineString","coordinates":[[24.067316,48.0533072],[24.0668345,48.0526124],[24.0665359,48.052168],[24.0662175,48.0515243],[24.066062,48.0510612],[24.065971,48.0508025],[24.0657382,48.0503614],[24.0654345,48.0499251],[24.0653209,48.0497672],[24.0651656,48.0496613],[24.0648095,48.0494799],[24.0640498,48.0492312],[24.063535,48.0490601],[24.062918,48.0488672],[24.0619037,48.0486452],[24.0617844,48.0485854],[24.0617572,48.0485328],[24.0618561,48.0481376],[24.0619335,48.0476736],[24.0618828,48.0473417],[24.0617678,48.0469811],[24.0615071,48.0463983],[24.0613971,48.0462373],[24.061255,48.0461553],[24.0610163,48.0459962],[24.0609063,48.0458872],[24.0605957,48.0455174],[24.0604783,48.0453699],[24.0604053,48.0451379],[24.0603929,48.0449109],[24.0604127,48.0447377],[24.0606147,48.0442984],[24.0606676,48.0440734],[24.0605393,48.0439243],[24.0603612,48.0437904],[24.0601695,48.0437165],[24.0599061,48.0436698],[24.0596864,48.043554],[24.0596032,48.0434164],[24.0595936,48.043217],[24.0597666,48.0429931],[24.0601291,48.0425332],[24.0601274,48.0423457],[24.0598517,48.0418268],[24.0596289,48.0413864],[24.0593587,48.0409752],[24.0593016,48.0408132],[24.0593516,48.0406725],[24.05951,48.040476],[24.0596754,48.0403339],[24.0597528,48.0402622],[24.059857,48.0401088],[24.0598816,48.0400416],[24.0598842,48.0399304],[24.0599284,48.0398367],[24.059962,48.0397618],[24.0600629,48.0395935],[24.0600881,48.0395108],[24.0600883,48.0394039],[24.0600586,48.0393458],[24.0599812,48.0392697],[24.0599433,48.0392059],[24.0599196,48.0391179],[24.0599701,48.0390283],[24.0600437,48.0389323],[24.0602288,48.0387846],[24.0603724,48.0386463],[24.0604099,48.0385984],[24.0604234,48.0385423],[24.0604517,48.0383423],[24.0604867,48.0380428],[24.0605113,48.0379508],[24.060595,48.0377945],[24.0606747,48.0377143],[24.0609741,48.0375234],[24.0613889,48.0373602],[24.0616873,48.0374075],[24.0618584,48.0374196],[24.0619655,48.0374072],[24.0620515,48.0373766],[24.0621163,48.0373209],[24.0621453,48.0372582],[24.0621545,48.0371721],[24.0621239,48.0370699],[24.0621212,48.0369864],[24.0621545,48.0368347],[24.0622706,48.0366351],[24.0624795,48.0361834],[24.0625979,48.0360949],[24.0627163,48.0360763],[24.0628486,48.0361182],[24.0629037,48.0362201],[24.0627743,48.0365617],[24.0626992,48.0367115],[24.0626818,48.0368188],[24.0627081,48.0368974],[24.0629343,48.0371277],[24.063003,48.0372039],[24.0631285,48.037354],[24.0631324,48.0374035],[24.0631299,48.037462],[24.0630439,48.0375344],[24.062967,48.0375725],[24.0623546,48.0377765],[24.0622921,48.0378306],[24.0622687,48.0378781],[24.0622956,48.0379362],[24.0623691,48.0380074],[24.0625157,48.0381487],[24.0626025,48.0382336],[24.0626281,48.0382805],[24.0626319,48.0383302],[24.0626174,48.0383863],[24.062514,48.0385594],[24.0624323,48.0387019],[24.0624187,48.0387764],[24.0624619,48.038858],[24.0625182,48.0389494],[24.0627443,48.0391931],[24.0630347,48.0394312],[24.0635562,48.039769],[24.0640282,48.0399448],[24.0642965,48.0400667],[24.0645003,48.0401169],[24.0646049,48.0401115],[24.0646774,48.0400703],[24.0646881,48.0400219],[24.0646416,48.0399651],[24.0642428,48.0397403],[24.0641919,48.0396829],[24.0641928,48.0396],[24.0644533,48.0391906],[24.0646479,48.0389512],[24.0647283,48.0388454],[24.0647597,48.0387575],[24.0647578,48.0386643],[24.0647712,48.0383235],[24.0648053,48.0382636],[24.0648571,48.0381998],[24.064967,48.0381511],[24.0651762,48.0381012],[24.0656077,48.0381393],[24.0657502,48.0381514],[24.065868,48.0381283],[24.0660024,48.038094],[24.066093,48.0380409],[24.0662491,48.0378429],[24.0664503,48.0375416],[24.0665635,48.0374397],[24.0666139,48.0373945],[24.0672133,48.0369833],[24.0672818,48.0369193],[24.0673649,48.036817],[24.0674232,48.0366989],[24.0674508,48.0365785],[24.067388,48.0362893],[24.0673757,48.0362126],[24.0674014,48.0361314],[24.06744,48.0360602],[24.0675259,48.0360064],[24.0680033,48.0357822],[24.0680894,48.035727],[24.0681696,48.0356441],[24.0682559,48.0354838],[24.0683278,48.035402],[24.0686057,48.0352169],[24.0690429,48.0347014],[24.0697045,48.034287],[24.0702408,48.0339703],[24.0707213,48.0334533],[24.0710556,48.0331227],[24.0712088,48.03282],[24.0712555,48.0326441],[24.0712997,48.0325879],[24.071399,48.0325352],[24.0715036,48.0325233],[24.0716197,48.0325405],[24.0717074,48.0326022],[24.0717584,48.0326668],[24.071766,48.0327175],[24.0716824,48.0329457],[24.0716058,48.0331413],[24.0714108,48.0334301],[24.0712088,48.033798],[24.0711113,48.0340727],[24.0707631,48.0342683],[24.0704497,48.0343754],[24.0702617,48.0345897],[24.0699761,48.0347992],[24.0698856,48.0349529],[24.0698352,48.0352908],[24.069809,48.0353814],[24.069607,48.0357679],[24.0695858,48.0358557],[24.0696349,48.0359216],[24.0698808,48.0360566],[24.0699483,48.0361032],[24.0700069,48.036175],[24.0700806,48.0363127],[24.0702477,48.0365782],[24.0705986,48.0368133],[24.0708327,48.0370438],[24.0710486,48.037272],[24.071369,48.037598],[24.0714451,48.0377137],[24.0714724,48.0378348],[24.0714869,48.0379512],[24.0714526,48.038073],[24.0712297,48.0383198],[24.0709163,48.0385573],[24.0706854,48.0386884],[24.0706221,48.0387763],[24.0705996,48.0388642],[24.0706088,48.0389587],[24.0706587,48.0390424],[24.0708049,48.0391766],[24.0709929,48.0392791],[24.0713179,48.0393799],[24.071759,48.0395352],[24.0720515,48.0397168],[24.0722605,48.0397726],[24.0726017,48.0398192],[24.072741,48.039917],[24.0728664,48.0400707],[24.0729708,48.0401638],[24.0730485,48.0401833],[24.073124,48.0401778],[24.0732202,48.0401528],[24.0732842,48.0400986],[24.073298,48.040029],[24.0732703,48.0399636],[24.0732108,48.0399071],[24.0730753,48.0398192],[24.0728664,48.0396143],[24.0725181,48.0394513],[24.0722883,48.0392092],[24.0721769,48.0389158],[24.0722674,48.0387203],[24.0723928,48.0385293],[24.0725669,48.0383524],[24.0727271,48.0380544],[24.0728176,48.0378727],[24.072929,48.0377982],[24.0730683,48.0377889],[24.0731867,48.0378448],[24.0731798,48.0380264],[24.0732215,48.0383524],[24.0732424,48.0385573],[24.0732805,48.0386141],[24.073333,48.0386551],[24.0734173,48.0386813],[24.0735001,48.038683],[24.0736011,48.0386688],[24.0736673,48.0386225],[24.0736936,48.0385845],[24.0737508,48.0384129],[24.073911,48.0380031],[24.0740294,48.0377284],[24.0742035,48.037449],[24.0743916,48.0370532],[24.0744334,48.0369228],[24.0744194,48.0367458],[24.0743521,48.0366269],[24.0742175,48.0364897],[24.0738553,48.0362988],[24.0736758,48.0362114],[24.0733432,48.0360427],[24.0730056,48.0359309],[24.0728675,48.0358447],[24.072809,48.0357473],[24.0728315,48.0356468],[24.0729848,48.0355443],[24.0732011,48.0354408],[24.0735766,48.0353851],[24.0741187,48.0353392],[24.0743732,48.035309],[24.0746981,48.0352459],[24.0754665,48.0350851],[24.0759949,48.0350163],[24.0765835,48.0349702],[24.0768801,48.0349263],[24.0770955,48.0348662],[24.077401,48.0347286],[24.0780529,48.0343988],[24.0782762,48.0343205],[24.0789824,48.0341057],[24.0791211,48.0340479],[24.079554,48.0338482],[24.0796843,48.033795],[24.0798524,48.0337606],[24.0800208,48.0337645],[24.0802047,48.0337896],[24.0804857,48.0338319],[24.080775,48.0338305],[24.0809481,48.0338054],[24.0811009,48.0337529],[24.08118,48.0337182],[24.081232,48.0336524],[24.0813049,48.033538],[24.0813339,48.0334147],[24.0813227,48.0332769],[24.0812883,48.0331708],[24.0812936,48.0330775],[24.0813355,48.0329276],[24.0814143,48.0327964],[24.0815286,48.032694],[24.0818196,48.0325266],[24.0819911,48.0324234],[24.0821265,48.0323255],[24.0822479,48.0322169],[24.082328,48.0321354],[24.0824395,48.0320632],[24.0825857,48.0320096],[24.0828364,48.0319631],[24.0829931,48.0319444],[24.0831742,48.0319142],[24.0833448,48.0318769],[24.0834632,48.031821],[24.083519,48.0317325],[24.0835677,48.0316231],[24.0836408,48.0315462],[24.0837314,48.031481],[24.0839716,48.0314019],[24.0841423,48.0313343],[24.0842363,48.0312528],[24.0842572,48.031169],[24.0842467,48.0310502],[24.0842398,48.0308779],[24.0843094,48.0307056],[24.0844278,48.0305705],[24.0846611,48.0303772],[24.0849327,48.0302562],[24.0851835,48.0301933],[24.0853645,48.0301397],[24.0856187,48.0300093],[24.0857232,48.0299232],[24.0858869,48.0297858],[24.0860295,48.029651],[24.0862215,48.0294929],[24.0862659,48.0294172],[24.0862042,48.0292057],[24.0860993,48.0290411],[24.0859324,48.0288785],[24.0858638,48.0286743],[24.0858066,48.028468],[24.0857117,48.0283112],[24.0856109,48.0281591],[24.0855603,48.0279068],[24.085615,48.027643],[24.0857685,48.0274345],[24.0859753,48.0272435],[24.0861772,48.0270555],[24.0864413,48.0268361],[24.0866268,48.0266744],[24.0867534,48.0264465],[24.0867583,48.0262028],[24.0866845,48.0259261],[24.0865564,48.0256429],[24.0864628,48.025442],[24.0864431,48.0252575],[24.0864678,48.0250138],[24.0864875,48.0248162],[24.0864382,48.024635],[24.0863496,48.0244341],[24.0862954,48.0241904],[24.086325,48.0239434],[24.0863988,48.0236799],[24.0865416,48.0234493],[24.086778,48.0231628],[24.0869405,48.0229026],[24.0870314,48.0226653],[24.0870811,48.0225596],[24.0871151,48.0224874],[24.0872875,48.0223326],[24.0874006,48.0222233],[24.0875091,48.0221185],[24.0876962,48.0219275],[24.0878636,48.021743],[24.0880606,48.0215388],[24.0882724,48.0213445],[24.0884004,48.0211995],[24.0885035,48.0209881],[24.0885571,48.0208438],[24.0885555,48.0207237],[24.0885268,48.0206313],[24.0883338,48.0204271],[24.0880975,48.0201899],[24.0879546,48.0199923],[24.0878942,48.0198009],[24.0878767,48.0194631],[24.0878628,48.0192885],[24.0878328,48.0191247],[24.0877934,48.0190241],[24.087794,48.0189299],[24.0878134,48.0188421],[24.0879455,48.0186989],[24.0880983,48.0185278],[24.0881847,48.0183221],[24.0882093,48.0181344],[24.088242,48.0178751],[24.0882733,48.0177029],[24.0883025,48.0175335],[24.0882912,48.0173863],[24.0882297,48.0172266],[24.0880954,48.0170547],[24.0879879,48.0168624],[24.0879433,48.0167219],[24.0879715,48.0165509],[24.0880158,48.016432],[24.0880803,48.0163398],[24.0881658,48.0162745],[24.0883431,48.0161955],[24.0885303,48.0161098],[24.0886386,48.0160242],[24.0886829,48.0159056],[24.0886583,48.0157771],[24.0885844,48.0156124],[24.0885549,48.0154773],[24.0885272,48.0152592],[24.0885023,48.0150278],[24.0884629,48.0148203],[24.0884506,48.0145697],[24.0885401,48.0144442],[24.0886776,48.0143352],[24.0888764,48.014181],[24.0889367,48.014056],[24.0889967,48.0138869],[24.0890247,48.0136049],[24.0890783,48.0133771],[24.0891473,48.0131004],[24.0892852,48.0128599],[24.0893619,48.0127403],[24.0893984,48.0126161],[24.0894133,48.0123672],[24.0895169,48.0121228],[24.0895882,48.0118922],[24.0896467,48.011631],[24.0897377,48.0114892],[24.0898763,48.0113349],[24.0900527,48.0111793],[24.0901477,48.0110668],[24.0902905,48.0108296],[24.0903988,48.0106253],[24.0904185,48.0104244],[24.0904136,48.0102959],[24.0904554,48.0102205],[24.090539,48.0101087],[24.0906156,48.0099782],[24.0906539,48.0098547],[24.0906434,48.0097313],[24.0905633,48.0096288],[24.0904234,48.0095505],[24.090272,48.0094651],[24.0900979,48.0093696],[24.0899551,48.0092578],[24.0898785,48.0091297],[24.0898659,48.0089811],[24.0898587,48.0087913],[24.089839,48.0086801],[24.0898321,48.0085519],[24.089853,48.0084541],[24.0899296,48.0083958],[24.0900306,48.0083795],[24.0901316,48.0083958],[24.0901803,48.008475],[24.0901803,48.0085729],[24.0901699,48.0086847],[24.0901373,48.0087997],[24.0901791,48.0088976],[24.0902905,48.0089861],[24.0904263,48.0090397],[24.0905377,48.0090397],[24.0907082,48.009029],[24.0908257,48.0089946],[24.0910102,48.0089619],[24.0912052,48.0089526],[24.0913654,48.0089666],[24.0915117,48.0090295],[24.0916126,48.0090971],[24.0916997,48.0091972],[24.0917868,48.0092625],[24.0919086,48.0093044],[24.0921071,48.0093906],[24.092236,48.0094768],[24.0924693,48.009584],[24.0927827,48.0096841],[24.0930752,48.009754],[24.0933677,48.0097983],[24.0936323,48.0098006],[24.0939666,48.00974],[24.0942974,48.0096934],[24.0946178,48.0096818],[24.0948824,48.0097121],[24.0950848,48.0097856],[24.0954443,48.0099586],[24.0957989,48.0101135],[24.0959983,48.0102057],[24.0961165,48.0102765],[24.0962076,48.0103605],[24.0962569,48.0104479],[24.0962963,48.010573],[24.096316,48.0106933],[24.0963455,48.0107987],[24.0964021,48.0108761],[24.0964637,48.0109322],[24.096572,48.0109964],[24.0968232,48.0110656],[24.0969709,48.0110985],[24.0970842,48.011143],[24.0971655,48.0111941],[24.0972344,48.0112797],[24.0972984,48.0113538],[24.0973649,48.011428],[24.0974782,48.0115219],[24.0976185,48.0116158],[24.0976555,48.0116668],[24.0976752,48.0117344],[24.097653,48.0118118],[24.0975964,48.0118875],[24.0974905,48.01197],[24.0973575,48.0120374],[24.0972467,48.012128],[24.0971679,48.0122055],[24.0971285,48.0122878],[24.0971384,48.0123735],[24.0971704,48.0124608],[24.0972246,48.0125415],[24.0972516,48.0126222],[24.097259,48.0126996],[24.0972443,48.0127737],[24.0971655,48.0128545],[24.0970744,48.0129352],[24.0970374,48.0130093],[24.0970497,48.0130818],[24.0970891,48.0131493],[24.0971531,48.013235],[24.0971901,48.0133041],[24.0971975,48.0133651],[24.0971802,48.0134244],[24.0971187,48.013487],[24.0969882,48.0135512],[24.09687,48.013599],[24.0967272,48.0136731],[24.0965819,48.0137538],[24.0964809,48.0138263],[24.0964218,48.0138724],[24.096412,48.0139399],[24.0964834,48.0140058],[24.0965844,48.0140305],[24.0966952,48.0140058],[24.0967986,48.0139597],[24.0969094,48.0138955],[24.0970226,48.0138164],[24.0971581,48.0137159],[24.0973403,48.013594],[24.0974831,48.0134623],[24.0975693,48.01337],[24.0976382,48.0132679],[24.0976899,48.0131312],[24.0977367,48.0130011],[24.0977909,48.0128479],[24.0978229,48.0126897],[24.0978377,48.0125514],[24.0978894,48.0124295],[24.0980051,48.0123092],[24.0981134,48.0122417],[24.0982388,48.0121637],[24.0983572,48.0121],[24.0984853,48.0120177],[24.0985985,48.0119549],[24.098716,48.0118896],[24.0988517,48.0118367],[24.0990187,48.0117708],[24.0991077,48.0116751],[24.099123,48.0116026],[24.099123,48.0114972],[24.099054,48.0113423],[24.0989285,48.0111875],[24.0988275,48.0110722],[24.0987339,48.0109536],[24.0986451,48.0108655],[24.098586,48.0107272],[24.0985911,48.0106126],[24.0986158,48.0105516],[24.0986995,48.0105039],[24.0987881,48.0104594],[24.0988324,48.0104001],[24.0988251,48.0103194],[24.0987709,48.0102337],[24.0986675,48.0101629],[24.0984606,48.0100097],[24.0983009,48.0099079],[24.098206,48.0097764],[24.0981272,48.0096295],[24.0981088,48.0095392],[24.0981331,48.009448],[24.0981679,48.0093729],[24.0982689,48.0092804],[24.0983705,48.0091648],[24.0984918,48.0090271],[24.0985524,48.0089201],[24.0985721,48.0087881],[24.0985663,48.0086724],[24.0985397,48.0085422],[24.0984803,48.0084233],[24.0983818,48.0083245],[24.098239,48.0082487],[24.0980505,48.0081577],[24.0978719,48.0080882],[24.0977682,48.0080401],[24.097606,48.0079824],[24.0974732,48.0079604],[24.0972411,48.0080024],[24.0970564,48.0080107],[24.0969234,48.0079991],[24.0967954,48.0079415],[24.0966551,48.0078509],[24.0965443,48.0077438],[24.0964581,48.0075972],[24.0963891,48.0073781],[24.0963891,48.0072611],[24.0964384,48.0071754],[24.0965098,48.0071079],[24.0965738,48.0069959],[24.0965967,48.00686],[24.0964908,48.0067068],[24.0963751,48.0065816],[24.0962239,48.0064753],[24.0960515,48.0064022],[24.0959279,48.0063556],[24.0958314,48.0062966],[24.095785,48.0062683],[24.095657,48.0061612],[24.0955659,48.0060657],[24.095524,48.0059784],[24.0954773,48.0058581],[24.0954822,48.0057181],[24.0955191,48.0055105],[24.0955413,48.0053557],[24.0955807,48.00527],[24.0956595,48.0051992],[24.0957481,48.0051514],[24.0958326,48.0051295],[24.0959545,48.0051295],[24.0960729,48.0051691],[24.0961359,48.0052244],[24.0962296,48.0053066],[24.096348,48.0054627],[24.0964316,48.0055861],[24.0964629,48.0057213],[24.0964688,48.0058631],[24.0964519,48.0059843],[24.0964951,48.0061184],[24.0966382,48.0062095],[24.0968088,48.0062654],[24.0969586,48.0063493],[24.0971466,48.0064611],[24.0972197,48.006552],[24.0973103,48.0066428],[24.0976306,48.0067593],[24.0978096,48.0067816],[24.0980046,48.0067607],[24.0981056,48.0067234],[24.09813,48.0066465],[24.0980952,48.006565],[24.0979629,48.0064834],[24.0977838,48.0063936],[24.0976863,48.0062911],[24.0976698,48.0061785],[24.0976758,48.0060303],[24.0977212,48.0059229],[24.0977943,48.0058111],[24.0978465,48.0057249],[24.0979092,48.00569],[24.0980137,48.0056923],[24.0981321,48.0057366],[24.0982017,48.0058065],[24.0982435,48.0059369],[24.0982748,48.0060231],[24.0983619,48.006093],[24.0986161,48.0061909],[24.0990444,48.0063143],[24.0992873,48.0063847],[24.099625,48.0064757],[24.0999378,48.0065727],[24.1003054,48.0066112],[24.1006065,48.0066486],[24.100881,48.0067191],[24.1009971,48.0067963],[24.1010443,48.0068903],[24.1009874,48.0069918],[24.1008933,48.007092],[24.1008524,48.007189],[24.1008261,48.007303],[24.100862,48.0074368],[24.1010013,48.0076115],[24.1010849,48.0076861],[24.1012236,48.0077968],[24.1014794,48.0079412],[24.1016224,48.0080519],[24.1017387,48.0082225],[24.1018143,48.0083809],[24.1019123,48.008512],[24.1021277,48.0086867],[24.1023866,48.0088255],[24.1028462,48.0089373],[24.1033894,48.0090841],[24.1037969,48.0091866],[24.1039222,48.0092425],[24.1040476,48.009359],[24.1041277,48.0094988],[24.1041729,48.0096549],[24.1042252,48.0098319],[24.1043505,48.0099437],[24.1044829,48.0100439],[24.1046988,48.0102419],[24.1048694,48.0104236],[24.1049286,48.0105681],[24.1049634,48.0106939],[24.1049669,48.0108942],[24.1049843,48.0110247],[24.1050679,48.0111318],[24.1052095,48.0113],[24.1053019,48.0114122],[24.105344,48.0115548],[24.1053708,48.0116816],[24.1053325,48.0118377],[24.1052664,48.012024],[24.1051689,48.0121731],[24.1050922,48.0122966],[24.1050268,48.0124721],[24.1050598,48.0126126],[24.1052261,48.0127316],[24.105429,48.0128152],[24.1056106,48.0128535],[24.1057845,48.0128977],[24.1059524,48.0129465],[24.1061806,48.0131025],[24.1064142,48.013279],[24.1065234,48.0133239],[24.1066906,48.0133588],[24.1068717,48.0133588],[24.1071328,48.0133192],[24.1073487,48.0132796],[24.1075044,48.013255],[24.1076586,48.0132307],[24.1079268,48.0131865],[24.1081113,48.0131771],[24.1082402,48.0131818],[24.1083412,48.0132004],[24.10847,48.0132796],[24.1085431,48.0133915],[24.1086058,48.0135009],[24.1086615,48.0136593],[24.1087346,48.0137968],[24.1088565,48.0139598],[24.1089803,48.014142],[24.109055,48.014237],[24.1091177,48.0143675],[24.1091699,48.0145445],[24.1092396,48.014675],[24.1092953,48.0148823],[24.1092891,48.0150216],[24.10923,48.0151682],[24.1092027,48.0152301],[24.1091734,48.0152966],[24.1091635,48.0154053],[24.1092177,48.0155289],[24.1092638,48.0156487],[24.1093124,48.0157582],[24.1092941,48.0158764],[24.1091956,48.0159802],[24.1090454,48.0160922],[24.1089099,48.0162322],[24.1087893,48.0164084],[24.1086883,48.0165995],[24.1086588,48.0167411],[24.1086834,48.0168531],[24.1087576,48.017032],[24.1088383,48.0171791],[24.1088518,48.017309],[24.1088378,48.0173953],[24.1088001,48.0175167],[24.1088164,48.0176124],[24.1088434,48.0176734],[24.1089122,48.0177249],[24.1090196,48.0178082],[24.1092082,48.0179135],[24.1093162,48.0180649],[24.1093963,48.0181907],[24.1094311,48.0183491],[24.1094381,48.0185075],[24.1094415,48.0186263],[24.1095182,48.0187637],[24.1095774,48.0189058],[24.1095599,48.0189943],[24.1095251,48.0191247],[24.1095559,48.0192929],[24.1096274,48.0194444],[24.1097689,48.0196651],[24.1099082,48.0198002],[24.1100153,48.0199149],[24.1101535,48.0200456],[24.1102599,48.0201636],[24.1103641,48.0203295],[24.1104897,48.0204194],[24.1106951,48.0205151],[24.1109919,48.0206226],[24.1111963,48.0207296],[24.1112652,48.0208235],[24.1113021,48.0209124],[24.1112701,48.0209915],[24.1111815,48.0211002],[24.1110682,48.0212912],[24.1110535,48.0214823],[24.1111125,48.0216832],[24.1112331,48.0218794],[24.1113016,48.0220351],[24.111443,48.022205],[24.1116274,48.0224726],[24.1117971,48.0226581],[24.1119101,48.022808],[24.1119797,48.0229003],[24.1121489,48.02315],[24.1123468,48.0234221],[24.1125312,48.0235722],[24.1131419,48.02403],[24.113526,48.0242145],[24.1137574,48.0241157],[24.113984,48.0239839],[24.1142351,48.0237665],[24.11457,48.0234438],[24.1147881,48.0232261],[24.1149444,48.0230159],[24.1150804,48.0227282],[24.1151026,48.022632],[24.115144,48.022482],[24.1151518,48.0221987],[24.1151459,48.0218706],[24.1151324,48.0216968],[24.1152397,48.021484],[24.1152988,48.0212699],[24.1153027,48.0211738],[24.1152742,48.0209932],[24.11522,48.0206111],[24.115225,48.0203673],[24.1153038,48.0201038],[24.1153973,48.019949],[24.1155303,48.0197514],[24.1157322,48.0195504],[24.1157592,48.0195219],[24.1158947,48.0193792],[24.116205,48.0191683],[24.1163823,48.0190465],[24.1164831,48.0189469],[24.1165325,48.0188272],[24.1165645,48.0186907],[24.1165352,48.018585],[24.1164464,48.0184255],[24.1163591,48.0182904],[24.1162739,48.0180945],[24.1162542,48.0178145],[24.1163527,48.0175839],[24.1164857,48.0174192],[24.1165546,48.0173303],[24.1166679,48.0171392],[24.116658,48.0169943],[24.1165743,48.016846],[24.1164027,48.0166752],[24.1163626,48.0165034],[24.1163232,48.016319],[24.1163576,48.0161773],[24.1164315,48.0159105],[24.1165103,48.0156898],[24.1166039,48.0155185],[24.1166433,48.015334],[24.1166285,48.015222],[24.1164857,48.0151166],[24.1162099,48.0149123],[24.116008,48.014718],[24.115939,48.0145599],[24.1159538,48.0144478],[24.1160474,48.0143622],[24.1162,48.0143424],[24.1163065,48.014378],[24.1163773,48.0144017],[24.1164414,48.0145071],[24.1164463,48.0146488],[24.1164414,48.014774],[24.1165201,48.0148761],[24.1166531,48.0149519],[24.1169437,48.0150408],[24.1172047,48.01511],[24.117446,48.015222],[24.1175395,48.0153801],[24.1175789,48.0155811],[24.1176134,48.015759],[24.117643,48.0159006],[24.1176676,48.0160851],[24.1177168,48.0162498],[24.1178843,48.016431],[24.1180812,48.0166056],[24.1183866,48.0168757],[24.1185885,48.0171656],[24.1188052,48.0174719],[24.119121,48.0177873],[24.1191548,48.0178211],[24.1193518,48.018078],[24.1196863,48.0183423],[24.1198237,48.0185418],[24.1198579,48.0186751],[24.1199255,48.0187928],[24.1201217,48.0189319],[24.1203329,48.0190443],[24.1206533,48.0190886],[24.1210259,48.0191887],[24.1213671,48.0193448],[24.121778,48.0195661],[24.1220705,48.0197221],[24.1223317,48.0198409],[24.1226138,48.0199201],[24.1227949,48.0199294],[24.1232197,48.0199574],[24.1234251,48.0200156],[24.1237176,48.0200319],[24.1240032,48.0200459],[24.1241808,48.0200785],[24.1243897,48.0201204],[24.1245673,48.0202182],[24.1246996,48.020365],[24.1247366,48.0204277],[24.1247902,48.0205187],[24.1248912,48.0206701],[24.1249956,48.0207749],[24.1251314,48.0208448],[24.1251732,48.0209053],[24.1251523,48.0209612],[24.1250687,48.0210008],[24.1249434,48.0210101],[24.1248145,48.0209682],[24.1246718,48.0209356],[24.124428,48.0209286],[24.1242748,48.0209449],[24.1239684,48.0210288],[24.123742,48.0211359],[24.1235052,48.0212803],[24.1233172,48.021462],[24.1231431,48.0216763],[24.1230316,48.0218975],[24.1229376,48.0219884],[24.1227949,48.0220652],[24.1225043,48.0222595],[24.1221054,48.0224802],[24.1218493,48.0226515],[24.1215982,48.0228524],[24.1214865,48.0229373],[24.1214455,48.0230303],[24.1214505,48.0231719],[24.1214554,48.0233201],[24.1213717,48.0234716],[24.1211402,48.0236989],[24.1209728,48.0239953],[24.120894,48.0242358],[24.1209038,48.024463],[24.1209038,48.0246672],[24.1208496,48.0248912],[24.1207807,48.02499],[24.1206724,48.0250921],[24.120564,48.0252107],[24.1203523,48.0253622],[24.1201159,48.0255071],[24.1198746,48.0256059],[24.1194723,48.0257173],[24.1193576,48.025776],[24.1193159,48.025879],[24.1193378,48.0259452],[24.119413,48.02602],[24.1195545,48.0260604],[24.119717,48.0260374],[24.1198697,48.0259616],[24.1200125,48.0258595],[24.1202045,48.025764],[24.1204705,48.0256553],[24.1208004,48.025517],[24.1211304,48.0253523],[24.1214209,48.0251745],[24.1216228,48.0250361],[24.1217262,48.0249077],[24.1218134,48.0247957],[24.1219097,48.0246721],[24.1220176,48.0245208],[24.1221708,48.0243833],[24.1222614,48.0243181],[24.1225399,48.024197],[24.1227384,48.0241178],[24.1228359,48.0240643],[24.1228986,48.0239874],[24.1229125,48.0238337],[24.1229857,48.0237103],[24.1231667,48.0235985],[24.1233165,48.0235286],[24.1236543,48.0234704],[24.1240234,48.0234518],[24.1243994,48.0234378],[24.1248278,48.0234238],[24.125082,48.0233609],[24.1253362,48.0232887],[24.1255939,48.0232584],[24.1259699,48.0232701],[24.1261545,48.0232701],[24.1262764,48.0232258],[24.126353,48.0231699],[24.1264505,48.0230768],[24.1265654,48.0230116],[24.1266873,48.0230186],[24.1268231,48.0230931],[24.1268231,48.0231862],[24.1267291,48.0232678],[24.1265306,48.0233539],[24.1262973,48.0234052],[24.1260988,48.0234261],[24.1258202,48.0234401],[24.1255138,48.0234867],[24.1252143,48.0235775],[24.1247825,48.0237219],[24.1245422,48.0238058],[24.1243159,48.0238174],[24.1241313,48.0238617],[24.1240338,48.0240061],[24.123999,48.0242436],[24.1240338,48.0245394],[24.1239851,48.0247304],[24.1237726,48.0250774],[24.1235254,48.0255734],[24.1233513,48.0259507],[24.1233165,48.026144],[24.1234488,48.0262674],[24.1236577,48.0264188],[24.1238005,48.0266098],[24.1237866,48.0267984],[24.1236473,48.0269731],[24.1234488,48.0271734],[24.1232747,48.0273084],[24.1229578,48.0274691],[24.1226688,48.0276042],[24.1225504,48.0277346],[24.1225469,48.0279326],[24.1226757,48.0281235],[24.1229752,48.0283424],[24.1233269,48.0286289],[24.1234558,48.0287313],[24.1237448,48.0289223],[24.1240234,48.0291109],[24.1241487,48.0291389],[24.1242602,48.0291179],[24.1243403,48.029055],[24.1243611,48.0289689],[24.1242219,48.0288641],[24.1240234,48.0287686],[24.1238597,48.0286731],[24.1236647,48.028538],[24.1235184,48.0283354],[24.1234453,48.0281352],[24.1234801,48.0279954],[24.1236926,48.0279046],[24.1239502,48.0279023],[24.1241209,48.028035],[24.1242228,48.0283038],[24.1242721,48.028508],[24.1245331,48.0287583],[24.1249369,48.0289723],[24.1253703,48.0291008],[24.1256197,48.0292298],[24.125913,48.0293815],[24.1262183,48.0295231],[24.1268191,48.0298953],[24.1273411,48.0303497],[24.1275283,48.0305869],[24.1276662,48.0309129],[24.1276516,48.0310552],[24.1276637,48.0311081],[24.1276832,48.0311539],[24.1277575,48.031205],[24.1278492,48.0312239],[24.1279453,48.0312265],[24.128027,48.0312026],[24.1280606,48.0311682],[24.1280875,48.0311243],[24.1280749,48.0310413],[24.1280539,48.0309951],[24.1279567,48.0308767],[24.1278568,48.0307341],[24.1278238,48.030633],[24.1278099,48.0305359],[24.1278198,48.0303716],[24.1278058,48.0302848],[24.1277362,48.0301992],[24.1274646,48.0299524],[24.1271935,48.0296214],[24.1271407,48.0295146],[24.1271353,48.0294059],[24.127223,48.0292882],[24.1273032,48.0292206],[24.1274593,48.0290873],[24.1274823,48.029008],[24.1274732,48.0289306],[24.1273805,48.02884],[24.1272882,48.0287763],[24.1270724,48.0286741],[24.1270033,48.0286083],[24.1269556,48.028509],[24.1269266,48.0280699],[24.1268992,48.0279296],[24.1268966,48.0277969],[24.1269593,48.0276498],[24.1272348,48.0273395],[24.1276109,48.02706],[24.1281054,48.026762],[24.1284022,48.0265158],[24.1285447,48.0262762],[24.1285863,48.0261502],[24.1286212,48.0260677],[24.1286722,48.0259995],[24.1287455,48.0259544],[24.1288304,48.0259188],[24.1289309,48.0259168],[24.1290209,48.0259242],[24.1290987,48.0259726],[24.1291243,48.0260379],[24.1291174,48.0260946],[24.1290584,48.0261771],[24.128961,48.0262539],[24.1288224,48.0263242],[24.1286963,48.026439],[24.1286396,48.0265154],[24.1283004,48.0271159],[24.1282511,48.0271942],[24.1282377,48.0272929],[24.1282746,48.0274415],[24.1283476,48.0275852],[24.1284469,48.0276678],[24.128565,48.0277261],[24.1288436,48.0277866],[24.1293381,48.0279636],[24.1294983,48.028136],[24.1297494,48.0285727],[24.1304599,48.0288638],[24.1305181,48.0289422],[24.1305309,48.0290579],[24.130429,48.0292839],[24.1303999,48.029439],[24.1304129,48.0296893],[24.1304931,48.0300553],[24.1305202,48.030127],[24.1305739,48.0302041],[24.1306291,48.0302508],[24.1307455,48.0303333],[24.1308891,48.0303999],[24.131121,48.0305144],[24.1311727,48.0305557],[24.1315604,48.0309962],[24.1317151,48.0312289],[24.131813,48.0313574],[24.1319364,48.0314633],[24.1322459,48.0316561],[24.1325158,48.0318507],[24.1325862,48.0319416],[24.1326346,48.0320524],[24.1326504,48.0323296],[24.1326955,48.0324659],[24.1327614,48.0326119],[24.1328006,48.0327597],[24.1328162,48.0328605],[24.1327848,48.0329656],[24.1326635,48.0331701],[24.1326606,48.0332479],[24.1326943,48.03331],[24.1327515,48.0333609],[24.1328617,48.0333869],[24.1329747,48.0333943],[24.1331005,48.0333484],[24.1331498,48.0332711],[24.1331517,48.0331823],[24.1330637,48.0329638],[24.1330543,48.0328365],[24.1331777,48.03235],[24.1332158,48.0321861],[24.1332262,48.0319895],[24.1331593,48.0315125],[24.1329101,48.0311368],[24.1328864,48.0310429],[24.1328883,48.0309484],[24.1329132,48.0308848],[24.1329932,48.0308427],[24.1330787,48.030836],[24.1331683,48.0308755],[24.1332641,48.0309539],[24.1333657,48.0311582],[24.1334331,48.0318277],[24.1334653,48.0319135],[24.1335336,48.0320257],[24.1337925,48.0324426],[24.1339374,48.0325861],[24.1343412,48.0329285],[24.1345467,48.0331303],[24.1348077,48.0332592],[24.1357792,48.0337123],[24.136508,48.0340877],[24.1366035,48.0341519],[24.1368232,48.0344104],[24.1373972,48.0348689],[24.1376305,48.0350738],[24.1378638,48.0353765],[24.1380041,48.0356043],[24.1381237,48.0358918],[24.1382503,48.036096],[24.1385359,48.0363964],[24.1386612,48.0365896],[24.1388493,48.0369016],[24.1390721,48.0371135],[24.139302,48.0372742],[24.1395945,48.037521],[24.139591,48.0377957],[24.1393542,48.0380332],[24.1392428,48.038308],[24.1393855,48.0385315],[24.1395039,48.038741],[24.1395283,48.0388784],[24.1395597,48.0390833],[24.1397094,48.0393743],[24.1398069,48.0396607],[24.1401482,48.0399704],[24.1401969,48.0402498],[24.1401168,48.0406106],[24.1401865,48.0407783],[24.140284,48.0409482],[24.1403745,48.0412346],[24.1403884,48.0414954],[24.1403257,48.0418423],[24.1402387,48.0421705],[24.1399915,48.0425337],[24.1397477,48.0429179],[24.1396572,48.0431856],[24.1394935,48.0434487],[24.1392187,48.0438723],[24.1390132,48.044142],[24.1389752,48.0442624],[24.1389919,48.0443304],[24.1390391,48.0444031],[24.1391274,48.0445443],[24.1392234,48.0447921],[24.1392886,48.0451283],[24.1393055,48.0454182],[24.139302,48.0455742],[24.1392773,48.0459489],[24.1392487,48.0461319],[24.1393505,48.0463396],[24.1395623,48.046489],[24.1397597,48.046635],[24.1398166,48.0466771],[24.1399171,48.0470039],[24.1401029,48.0474731],[24.1401168,48.0479346],[24.1401554,48.0481833],[24.1402016,48.0484808],[24.14031,48.0488254],[24.1402461,48.0491175],[24.1402064,48.0492783],[24.1401544,48.0494885],[24.1398958,48.0497431],[24.1397901,48.0501403],[24.1398256,48.0503556],[24.1396944,48.0506782],[24.1394549,48.0509415],[24.1390536,48.0512469],[24.1391606,48.0516469],[24.1391727,48.0518463],[24.1390625,48.0522135],[24.1391046,48.0523524],[24.139218,48.0524451],[24.1394002,48.0525921],[24.139773,48.0527811],[24.1400978,48.0529776],[24.1402944,48.05331],[24.1405787,48.0535494],[24.1407061,48.0537441],[24.1407557,48.0539044],[24.1406903,48.054047],[24.1406117,48.0542186],[24.1405903,48.0543588],[24.1406854,48.054526],[24.140907,48.0547465],[24.1411926,48.0549605],[24.1412566,48.0550099],[24.1415521,48.0550823],[24.1419362,48.0550099],[24.1420642,48.054865],[24.1424336,48.0547268],[24.1429064,48.0547103],[24.1434037,48.0546972],[24.1438913,48.0545885],[24.1442853,48.0543773],[24.1444542,48.0542411],[24.1446444,48.0542332],[24.1448073,48.0543252],[24.1453243,48.0543548],[24.1460223,48.0543519],[24.1464375,48.0543673],[24.1466172,48.0544838],[24.1468312,48.0546561],[24.1469345,48.0547264],[24.1471169,48.0547367],[24.1474846,48.0546306],[24.1478773,48.0545127],[24.1482509,48.0544537],[24.1486554,48.0545774],[24.1492886,48.0549408],[24.1494807,48.0550988],[24.1500027,48.0552568],[24.1504804,48.0553292],[24.1510615,48.0554082],[24.151682,48.0555267],[24.1518129,48.055647],[24.1521301,48.0559348],[24.1525684,48.0560797],[24.1530806,48.056208],[24.153737878365117,48.05628375130857]]}},
{"type":"Feature","properties":{"full_id":"w121711447","ref":"С-070716","length_km":1.6192,"name:uk":"Мукачівська міська громада","lenght_roads":1.6192,"id_roads":"35640"},"geometry":{"type":"LineString","coordinates":[[22.6947405,48.4131957],[22.6946385,48.4131968],[22.6945447,48.4131978],[22.6945003,48.4131983],[22.6935624,48.4132086],[22.6931943,48.4132292],[22.6929763,48.4132659],[22.6927864,48.4133663],[22.6926473,48.4135072],[22.6921979,48.4138896],[22.6919952,48.414024],[22.6918289,48.4140913],[22.6911113,48.414286],[22.6908848,48.4143356],[22.6906782,48.4143445],[22.6905038,48.4143188],[22.6882777,48.4137534],[22.6879381,48.4136812],[22.6877546,48.4136626],[22.687524,48.4136537],[22.6873125,48.4136242],[22.6864561,48.4132669],[22.6861463,48.41309],[22.6860823,48.4130689],[22.6860085,48.4130541],[22.6859495,48.4130564],[22.6858875,48.4130705],[22.685464,48.4132918],[22.6854104,48.413311],[22.6853374,48.4133208],[22.6852468,48.4133137],[22.6851609,48.4132852],[22.684886,48.413165],[22.6846912,48.41311],[22.6846099,48.4130986],[22.6845346,48.4131054],[22.6844737,48.4131214],[22.684359,48.4131757],[22.6842409,48.4132683],[22.6840058,48.4134661],[22.6834361,48.4139852],[22.6829336,48.4146938],[22.6828542,48.4147343],[22.6827697,48.414753],[22.6791569,48.4141442],[22.6789777,48.4141144],[22.6776606,48.4138665],[22.6775354,48.4138478],[22.6773772,48.4138335],[22.6772025,48.4138443],[22.6769051,48.4139724],[22.6768307,48.4140035],[22.6767542,48.4140213],[22.6766758,48.4140244],[22.6765135,48.4140062],[22.6760843,48.413894],[22.6759529,48.4138673],[22.675863,48.4138537],[22.6757912,48.4138534]]}},
{"type":"Feature","properties":{"full_id":"w93181149","ref":"С-070732","length_km":3.48828,"name:uk":"Верхньокоропецька сільська громада","lenght_roads":3.4883,"id_roads":"66029"},"geometry":{"type":"LineString","coordinates":[[22.8348683,48.3842024],[22.8335968,48.3850757],[22.8324016,48.38595],[22.8314509,48.3866106],[22.8298296,48.3879966],[22.8281018,48.3896605],[22.8263532,48.3912557],[22.8250736,48.3924231],[22.8211991,48.3959525],[22.8205414,48.3965516],[22.8183161,48.3986838],[22.8180762,48.3988536],[22.8173082,48.3991483],[22.8170002,48.3993164],[22.816139,48.4000687],[22.8153927,48.4006214],[22.8153172,48.4006773],[22.8147802,48.401166],[22.8145235,48.401548],[22.8144576,48.4017358],[22.8143165,48.4019821],[22.8140693,48.4023739],[22.8128611,48.4037466],[22.8123797,48.4042608],[22.8119206,48.4045102],[22.8114562,48.4046658],[22.8101678,48.4050556],[22.8081741,48.4055795],[22.8079992,48.4056502],[22.8080073,48.4065812],[22.8071003,48.4066687],[22.8049971,48.4066097]]}},
{"type":"Feature","properties":{"full_id":"w121248479","ref":"С-070804","length_km":2.5361,"name:uk":"Перечинська міська громада","lenght_roads":2.5361,"id_roads":"21864"},"geometry":{"type":"LineString","coordinates":[[22.4977858,48.7704595],[22.4981944,48.7704317],[22.4985977,48.7704008],[22.4995244,48.7703394],[22.4999889,48.7703119],[22.5003093,48.7702912],[22.5003969,48.7702829],[22.5009481,48.7702154],[22.5028254,48.7698967],[22.5036819,48.7697102],[22.5049131,48.769483],[22.5061224,48.7692577],[22.5080856,48.7688512],[22.5083256,48.7687986],[22.508571,48.7687615],[22.5087543,48.7687329],[22.5092349,48.7687473],[22.5096412,48.7687579],[22.5098209,48.7687721],[22.5107074,48.7688587],[22.5114003,48.7689594],[22.5117572,48.7690541],[22.5137057,48.769862],[22.5153822,48.7706098],[22.5171906,48.7713857],[22.5197744,48.7724785],[22.520287,48.7725781],[22.5206326,48.772698],[22.520902,48.7728847],[22.5212157,48.7730434],[22.5216763,48.7732059],[22.5218698,48.7733874],[22.5220786,48.7734957],[22.5229269,48.7737773],[22.5233152,48.7738435],[22.5235294,48.7738524],[22.5238294,48.7737281],[22.5240904,48.7737748],[22.5255793,48.7742499],[22.5257813,48.7743962],[22.525991,48.7747632],[22.5261105,48.7748557],[22.5272002,48.7752507],[22.5277731,48.7754147],[22.5282636,48.775423],[22.5286377,48.7752291]]}},
{"type":"Feature","properties":{"full_id":"w205503911","ref":"С-071215","length_km":0.00866,"name:uk":"Перечинська міська громада","lenght_roads":0.0087,"id_roads":"90838"},"geometry":{"type":"LineString","coordinates":[[22.426575170518039,48.696237523453448],[22.426624,48.6963084]]}},
{"type":"Feature","properties":{"full_id":"w203292486","ref":"С-070523","length_km":6.8898,"name:uk":"Керецьківська сільська громада","lenght_roads":6.8898,"id_roads":"42630"},"geometry":{"type":"LineString","coordinates":[[23.2532126,48.4402806],[23.2534186,48.4403755],[23.2541611,48.4410751],[23.2543793,48.4413193],[23.2545161,48.4415951],[23.2546636,48.4418513],[23.2550848,48.442709],[23.2553664,48.4432917],[23.2554549,48.4434411],[23.2555689,48.4436111],[23.2556923,48.4437561],[23.255868,48.4439509],[23.256236,48.4442859],[23.2565305,48.4445541],[23.2570401,48.445062],[23.2571474,48.445207],[23.2572198,48.4453182],[23.2572976,48.4454873],[23.2573767,48.4456127],[23.25748,48.4457426],[23.2576009,48.4458764],[23.2578691,48.4461295],[23.2580244,48.4462507],[23.2581961,48.4464115],[23.2582846,48.4465263],[23.2583577,48.4466451],[23.2584,48.446742],[23.2584422,48.446875],[23.258512,48.4471831],[23.2585347,48.447266],[23.2585665,48.4473547],[23.2586038,48.447455],[23.2586554,48.447536],[23.2587057,48.4475968],[23.2589079,48.4478005],[23.2591376,48.447995],[23.259201,48.4480698],[23.2592878,48.4482022],[23.2593843,48.4483913],[23.2594809,48.4487618],[23.2595211,48.4488658],[23.2595801,48.4489548],[23.2596673,48.4490384],[23.2597907,48.4491389],[23.2601032,48.4493933],[23.2602735,48.4495339],[23.2603714,48.4496326],[23.2604223,48.4497127],[23.2604854,48.4498345],[23.2605658,48.4500098],[23.2606101,48.4500881],[23.2606503,48.4501307],[23.2607402,48.4501948],[23.2609119,48.4503336],[23.2609923,48.4504034],[23.261107,48.4505355],[23.2611841,48.4506974],[23.2614376,48.4512204],[23.2616588,48.4516073],[23.2617876,48.4518226],[23.2618546,48.4519533],[23.2618694,48.4520343],[23.2618761,48.452141],[23.2618546,48.4522807],[23.2617447,48.4525315],[23.2615912,48.4527992],[23.2614174,48.4530421],[23.2613517,48.4531773],[23.261333,48.4533133],[23.2613222,48.4534921],[23.2612967,48.4536682],[23.2612988,48.453755],[23.261337,48.4538728],[23.2614322,48.4540338],[23.2648736,48.4588948],[23.2662964,48.4609043],[23.2665675,48.4612503],[23.266822,48.4616388],[23.2711901,48.4677258],[23.2712987,48.4678993],[23.2713664,48.4680456],[23.2713899,48.4681678],[23.2714167,48.4683718],[23.2714301,48.468584],[23.2714351,48.468955],[23.2714221,48.4690766],[23.2713845,48.4692633],[23.2712983,48.4696407],[23.270942,48.4711715],[23.2707649,48.471945],[23.2706523,48.47245],[23.2706067,48.472587],[23.2705549,48.4727011],[23.2703975,48.4729355],[23.2701876,48.47321],[23.2701279,48.4733223],[23.2700998,48.4734227],[23.270089,48.4735045],[23.2700994,48.4736035],[23.2701534,48.4738459],[23.2701735,48.473918],[23.270191,48.4739615],[23.2702298,48.4740327],[23.2702891,48.4741064],[23.270435,48.474262],[23.2705665,48.4744523],[23.2707038,48.4747183],[23.2708364,48.4749753],[23.270859,48.475019],[23.2709058,48.4751342],[23.2709178,48.4751903],[23.2709346,48.4752645],[23.2709312,48.4753441],[23.2709125,48.4754427],[23.2708897,48.4754836],[23.2708493,48.4755277],[23.2706745,48.4757055],[23.270596,48.4757824],[23.2705303,48.475873],[23.2704887,48.4759531],[23.270468,48.476078],[23.2704766,48.4761718],[23.2705072,48.4762893],[23.2705962,48.4765658],[23.2707285,48.4769377],[23.2707489,48.4770413],[23.2707533,48.4771636],[23.2707028,48.477433],[23.2705864,48.4780452],[23.2705879,48.4781365],[23.2706198,48.4782241],[23.2707389,48.4784048],[23.2709124,48.4786362],[23.271048,48.4788773],[23.271087,48.4790142],[23.2711029,48.4793563],[23.2711056,48.479623],[23.2710895,48.4800017],[23.2710975,48.4801191],[23.271116,48.4801935],[23.2711364,48.4802524],[23.2711753,48.4803297],[23.2712316,48.4804249],[23.2712639,48.4804978],[23.2712772,48.4805742],[23.2712861,48.4806527],[23.2712786,48.4807218],[23.2712535,48.4808137],[23.271229,48.4808729],[23.2711849,48.4809431],[23.2709435,48.4812528],[23.2705182,48.4820108],[23.2701158,48.4827397],[23.2700596,48.4829164],[23.2700746,48.4831721],[23.270065,48.4841674],[23.2700634,48.4843328],[23.2700863,48.4845016],[23.2702151,48.4851345],[23.2703463,48.485899],[23.2703603,48.4859752],[23.2704519,48.4863722],[23.2704806,48.4864696],[23.2705289,48.4865638],[23.2705638,48.4866243],[23.2706215,48.4867051],[23.2706925,48.4867869],[23.270874,48.4869459],[23.2710922,48.4871202],[23.2712955,48.4872766],[23.2714033,48.4873567],[23.2717599,48.4876382],[23.2717912,48.4876647],[23.2721945,48.4880429],[23.2725442,48.4883626],[23.2728235,48.4885754],[23.2734133,48.4889256],[23.2735,48.488967],[23.274013,48.4891991],[23.2743162,48.4893406],[23.2744785,48.4894171],[23.2746244,48.4894865],[23.274807,48.4895939],[23.2749514,48.4896878],[23.2750712,48.4897788],[23.2751343,48.4898392],[23.2751841,48.4898959],[23.275276,48.4900495],[23.2753794,48.4902535],[23.2756493,48.4906537],[23.2757056,48.4907823],[23.2757483,48.4909112],[23.2758207,48.491323],[23.2758314,48.4913749],[23.2759541,48.4920726],[23.2759937,48.4924168],[23.2760033,48.4929279],[23.2759952,48.4931037],[23.2760241,48.4932327],[23.2760489,48.4933153],[23.2761265,48.4934031],[23.2763675,48.4936856],[23.2766435,48.4939399],[23.2769493,48.4941227],[23.2771219,48.4941976],[23.2773363,48.4942675],[23.2775851,48.4943191],[23.2777682,48.4943454],[23.2780137,48.4943543],[23.278352,48.494342],[23.2786319,48.4943347],[23.2787721,48.4943447],[23.2789645,48.4943631],[23.2791802,48.4944001],[23.2793923,48.4944676],[23.2795951,48.4945246],[23.2797517,48.4945987],[23.2800427,48.4947187],[23.2802412,48.4948021],[23.2805277,48.4948628],[23.2807972,48.4949078],[23.2810324,48.4949453]]}},
{"type":"Feature","properties":{"full_id":"w287097201","ref":"С-070610","length_km":0.73915,"name:uk":"Пилипецька сільська громада","lenght_roads":0.7392,"id_roads":"32027"},"geometry":{"type":"LineString","coordinates":[[23.399693,48.5970999],[23.39988,48.5970676],[23.4001093,48.5970445],[23.4005837,48.5969966],[23.40131,48.5969124],[23.401779,48.596789],[23.4018496,48.5967721],[23.4021608,48.5965863],[23.4024665,48.5963263],[23.4027285,48.5959591],[23.4029127,48.5955985],[23.4029593,48.5952653],[23.4029493,48.5947117],[23.4028408,48.5942839],[23.4028221,48.5941147],[23.4027936,48.5940302],[23.4027407,48.5939497],[23.4025226,48.5937681],[23.4016213,48.5932974],[23.4014371,48.5931491],[23.4013497,48.5929676],[23.4012499,48.5926168],[23.401099756163067,48.592250318583062]]}},
{"type":"Feature","properties":{"full_id":"w356067817","ref":"О-070502","length_km":7.52498,"name:uk":"Довжанська сільська громада","lenght_roads":7.525,"id_roads":"30664"},"geometry":{"type":"LineString","coordinates":[[23.210371558116236,48.326772864569143],[23.2128616,48.3277282],[23.21546,48.3287494],[23.2165468,48.3291684],[23.2175863,48.3296153],[23.2179121,48.3297873],[23.2182401,48.3299729],[23.2184136,48.3300921],[23.2186251,48.3302544],[23.2190941,48.3306205],[23.2193132,48.3307981],[23.2195088,48.330961],[23.2196035,48.3310518],[23.2203609,48.3317416],[23.2211447,48.3324059],[23.22164,48.3328376],[23.2217279,48.3329159],[23.222617,48.3337029],[23.2229401,48.3339889],[23.2230292,48.3341018],[23.2230915,48.334204],[23.2231349,48.3343487],[23.2231542,48.3345041],[23.2231987,48.3353183],[23.2232054,48.335832],[23.2232067,48.3359479],[23.2232241,48.3360718],[23.223242,48.336161],[23.2232509,48.3361963],[23.2233512,48.3365518],[23.2234079,48.3367396],[23.2234468,48.3368341],[23.2234849,48.3369079],[23.2235688,48.3370373],[23.2236619,48.3371367],[23.2237203,48.3371868],[23.2240816,48.3374729],[23.2242313,48.3376275],[23.2243496,48.3377887],[23.2245129,48.3380661],[23.2246482,48.3383306],[23.2246802,48.3383972],[23.2250471,48.3391619],[23.2250653,48.3392112],[23.2251502,48.3394402],[23.2253065,48.3402117],[23.2253954,48.3407204],[23.2254463,48.3408474],[23.2254893,48.3409188],[23.225538,48.3409763],[23.2258073,48.3411823],[23.226066,48.3413452],[23.2263315,48.3415214],[23.2265675,48.3416551],[23.2270618,48.3419067],[23.2276038,48.3421777],[23.2279708,48.342313],[23.2282611,48.3424122],[23.2285008,48.3425161],[23.2286666,48.342637],[23.2287811,48.3428741],[23.2288393,48.3430296],[23.2289211,48.3432322],[23.2290137,48.343347],[23.2291122,48.3434254],[23.2295734,48.3436317],[23.2298085,48.3437338],[23.2303724,48.3439465],[23.2313288,48.3442722],[23.231535,48.3443506],[23.2316288,48.344397],[23.2317516,48.3444674],[23.2319919,48.3446335],[23.2325898,48.3450725],[23.2327098,48.3451404],[23.2328466,48.3451939],[23.2331187,48.3452971],[23.2337075,48.3455255],[23.2340145,48.3456705],[23.2341742,48.3457643],[23.2343459,48.3458856],[23.2345524,48.3461387],[23.2349508,48.346756],[23.2350533,48.3468498],[23.2351184,48.3468955],[23.2352253,48.3469619],[23.2355167,48.3470915],[23.2362157,48.3473533],[23.2365897,48.3474934],[23.2369356,48.3476272],[23.2370469,48.34767],[23.237239,48.3477424],[23.23829,48.3481339],[23.239937,48.3487261],[23.2427964,48.3497605],[23.2439391,48.3501547],[23.2475982,48.3511981],[23.2524595,48.352571],[23.2525037,48.3525835],[23.2548171,48.3532368],[23.2552276,48.3533522],[23.255513,48.3534073],[23.2557949,48.3534313],[23.2560258,48.353432],[23.2562134,48.353409],[23.2564277,48.3533797],[23.2564795,48.3533726],[23.2582654,48.352974],[23.2588721,48.3528386],[23.2594675,48.3527057],[23.2615331,48.3522448],[23.2625383,48.3520205],[23.262831,48.3519576],[23.2631288,48.3519022],[23.2633316,48.351888],[23.2635417,48.3518911],[23.2637972,48.3519282],[23.2639456,48.351958],[23.2640131,48.3519715],[23.2641946,48.3520277],[23.2646138,48.3522373],[23.2655354,48.3528617],[23.2661659,48.353292],[23.266634,48.3536004],[23.2671225,48.3539239],[23.2672914,48.3540289],[23.2678028,48.3543467],[23.2681035,48.3545264],[23.2682703,48.354642],[23.2683778,48.354734],[23.2685073,48.3548745],[23.26868,48.3551194],[23.2686844,48.3551256],[23.2687101,48.3551566],[23.2687462,48.3551994],[23.2687767,48.3552356],[23.2688193,48.3552888],[23.2691503,48.3556476],[23.2694287,48.3559565],[23.2696641,48.3562244],[23.2698973,48.3565342],[23.2699444,48.3565968],[23.2701068,48.3568126],[23.2703204,48.3570999],[23.2709702,48.3580459],[23.2714086,48.3586516],[23.2715517,48.3588493],[23.271659,48.3590062],[23.2718627,48.3592779],[23.2720969,48.3596056],[23.2721683,48.3597056],[23.272329,48.3599178],[23.2724735,48.3601299],[23.2726092,48.3603308],[23.2728296,48.3605896],[23.273464,48.3615684],[23.2737637,48.3619626],[23.2739741,48.3622393],[23.2740732,48.3623696],[23.2742237,48.3625598],[23.2742652,48.3625993],[23.2743182,48.3626458],[23.2744409,48.3627315],[23.2749882,48.3630905],[23.2763823,48.3639824],[23.2768562,48.3642727],[23.2768743,48.3642842],[23.2770016,48.3643651],[23.2775677,48.3646989],[23.2776138,48.3647297],[23.2776504,48.3647544],[23.2779584,48.3650082],[23.2782423,48.3652282],[23.2782796,48.3652547],[23.2783104,48.3652815],[23.2794341,48.3661267],[23.2794838,48.3661642],[23.2796756,48.3663011],[23.2797718,48.3663698],[23.2798857,48.3664398],[23.2800039,48.3665018],[23.2801608,48.3665329],[23.2802748,48.3665382],[23.2804341,48.3665428],[23.2806063,48.3665187],[23.2807412,48.3664998],[23.2810559,48.3664558],[23.2811807,48.3664387]]}},
{"type":"Feature","properties":{"full_id":"w129037721","ref":"С-070813","length_km":2.34834,"name:uk":"Тур'є-Реметівська сільська громада","lenght_roads":2.3483,"id_roads":"30124"},"geometry":{"type":"LineString","coordinates":[[22.801204,48.6792535],[22.8013891,48.6790058],[22.801888,48.6783311],[22.80258,48.6774296],[22.8029287,48.6769159],[22.803339,48.6763722],[22.8041245,48.6753336],[22.8044468,48.6748614],[22.8046359,48.6746082],[22.8047271,48.6744771],[22.8047975,48.6743377],[22.8050369,48.6737846],[22.8052636,48.6732386],[22.805517,48.6726776],[22.8058098,48.6721277],[22.8059194,48.6719177],[22.8059462,48.6718079],[22.8059662,48.6716865],[22.8059641,48.6713563],[22.8059623,48.6709223],[22.8059571,48.6703679],[22.8059815,48.6700983],[22.8060835,48.66983],[22.8063645,48.6692076],[22.8066316,48.6685568],[22.8067455,48.6683485],[22.8068858,48.6681012],[22.8070486,48.6677977],[22.8071385,48.6676116],[22.807208,48.6674346],[22.8076601,48.6666462],[22.8080356,48.6662034],[22.8082368,48.6659182],[22.8082944,48.665815],[22.8083189,48.665636],[22.8083175,48.6654893],[22.8083631,48.6652913],[22.808692,48.6647595],[22.8089332,48.6642104],[22.8090079,48.664006],[22.8090763,48.6638508],[22.8091863,48.6637091],[22.8092802,48.6635586],[22.809385,48.6634407],[22.8094802,48.6633243],[22.809551,48.6632616],[22.8097133,48.6631829],[22.8098624,48.6630724],[22.8100526,48.662903],[22.810286,48.6626596],[22.8104201,48.6625213],[22.8105381,48.6624079],[22.8108242,48.6621245],[22.811137,48.6618354],[22.8114435,48.6615757],[22.8115077,48.6614612],[22.8115319,48.6612741],[22.8115578,48.6611454],[22.8115377,48.6610246],[22.8114852,48.6609113],[22.811383,48.6607009],[22.8112773,48.6605477],[22.811214,48.6604148],[22.8111925,48.6602855],[22.8112106,48.6601816],[22.8112328,48.6600401],[22.8112583,48.6599074],[22.8112956,48.659716]]}},
{"type":"Feature","properties":{"full_id":"w429898090","ref":"С-071322","length_km":0.1147,"name:uk":"Горінчівська сільська громада","lenght_roads":0.1147,"id_roads":"83302"},"geometry":{"type":"LineString","coordinates":[[23.4281183,48.2842711],[23.4283458,48.2843429],[23.42869,48.2844293],[23.4287653,48.2844446],[23.4294243,48.2845459],[23.4295922,48.2845682]]}},
{"type":"Feature","properties":{"full_id":"w95297180","ref":"О-070904","length_km":21.31258,"name:uk":"Богданська сільська громада","lenght_roads":21.3126,"id_roads":"92259"},"geometry":{"type":"LineString","coordinates":[[24.243931803071991,48.073976286256141],[24.2443345,48.0738955],[24.244496,48.0738782],[24.2447052,48.0739111],[24.2450278,48.074],[24.2453177,48.0740575],[24.245726,48.0741329],[24.2460398,48.0741742],[24.2462719,48.0741868],[24.2465124,48.0741569],[24.2467271,48.0741127],[24.2470768,48.0740016],[24.2474217,48.0738652],[24.2478046,48.0736934],[24.2480528,48.0735771],[24.248456,48.0734411],[24.2489959,48.0733499],[24.2495572,48.0732711],[24.2497119,48.0732546],[24.249961,48.0732548],[24.2516885,48.0732746],[24.2521755,48.073277],[24.2525515,48.0733088],[24.2527426,48.0733526],[24.2529129,48.073393],[24.253045,48.0734134],[24.2532092,48.0734243],[24.2538451,48.0734173],[24.2545316,48.0733999],[24.2556891,48.0733464],[24.2562796,48.073311],[24.2569395,48.0732438],[24.2573546,48.0732175],[24.2576667,48.0732054],[24.2579228,48.0732071],[24.2581717,48.0732302],[24.2593123,48.0735417],[24.2601127,48.0738257],[24.2602702,48.0738957],[24.26041,48.0739775],[24.2605901,48.0741051],[24.26082,48.0743063],[24.2613866,48.0748081],[24.2617302,48.0750537],[24.2620241,48.075203],[24.2623998,48.0753641],[24.2626764,48.075457],[24.262964,48.0755112],[24.2632207,48.0755388],[24.2634842,48.0755318],[24.2637024,48.0754887],[24.264045,48.0753362],[24.2643975,48.075155],[24.2646167,48.0750329],[24.265158,48.0747832],[24.265582,48.0745976],[24.2661345,48.074365],[24.266744,48.0741161],[24.2679397,48.073662],[24.2688209,48.0734206],[24.2689614,48.0733865],[24.2695092,48.0732472],[24.2702347,48.07311],[24.2706865,48.0729811],[24.2712691,48.0727689],[24.2718502,48.0725903],[24.2722938,48.0725157],[24.2727226,48.0724795],[24.2734283,48.0724768],[24.2742282,48.0725611],[24.2745581,48.0725798],[24.2748558,48.0726468],[24.2751887,48.0727772],[24.2754543,48.0728737],[24.2757024,48.0729198],[24.2758771,48.0729411],[24.276083,48.0729212],[24.2767644,48.0726926],[24.2770048,48.0725895],[24.2777424,48.0722183],[24.2785291,48.0719321],[24.2797034,48.0714605],[24.2803221,48.0711955],[24.2805058,48.0711268],[24.2811339,48.070935],[24.2836593,48.0701654],[24.2840734,48.0700219],[24.2849109,48.0696593],[24.2858921,48.0692121],[24.2864266,48.0689886],[24.2865171,48.0689514],[24.2877345,48.0683355],[24.2885597,48.0679415],[24.2899049,48.0672657],[24.2903085,48.0670561],[24.2904817,48.0669319],[24.2905865,48.0667994],[24.2906297,48.0666784],[24.2906223,48.0665722],[24.2906024,48.0664628],[24.2904934,48.0662406],[24.2902613,48.0657826],[24.2901995,48.0656129],[24.2901547,48.0654352],[24.290166,48.0652144],[24.2901421,48.0651034],[24.2902652,48.0648948],[24.2904642,48.0647351],[24.2907001,48.0646008],[24.2911032,48.0644466],[24.2916847,48.0643323],[24.2923448,48.0642278],[24.2927795,48.0641839],[24.2931573,48.0641686],[24.2938706,48.0641753],[24.2957427,48.0641813],[24.2963102,48.0641476],[24.2967381,48.0641023],[24.2971203,48.0640329],[24.2974499,48.0639339],[24.2978717,48.0637751],[24.2983358,48.0636095],[24.2986716,48.063465],[24.2989821,48.0633218],[24.2996187,48.0629316],[24.299836,48.0628086],[24.3000342,48.0627145],[24.3011099,48.0622714],[24.3021911,48.0617508],[24.302761,48.0614874],[24.3031172,48.0613108],[24.303394,48.0611074],[24.3039417,48.0607093],[24.3043819,48.0604682],[24.3046375,48.0603625],[24.3049044,48.0602909],[24.3057632,48.0601276],[24.3059635,48.0600587],[24.306121,48.0599924],[24.3062974,48.0598965],[24.3064607,48.0597498],[24.3066568,48.0595195],[24.3067588,48.0593927],[24.3068061,48.0592855],[24.3068272,48.0591507],[24.3068104,48.058964],[24.3067549,48.0587411],[24.3066035,48.0583449],[24.3064459,48.0580388],[24.3062358,48.0577192],[24.3060814,48.0574524],[24.305997,48.057306],[24.3059421,48.0571166],[24.3059064,48.0569259],[24.3059152,48.0568184],[24.3059554,48.056722],[24.3060131,48.0566328],[24.3061483,48.0564972],[24.3074626,48.0554513],[24.3075885,48.0553651],[24.3076168,48.0553433],[24.3083386,48.0549861],[24.3088692,48.0547499],[24.3095402,48.0544707],[24.310064,48.0542703],[24.3110291,48.0539554],[24.3117209,48.0537365],[24.3120414,48.0536424],[24.3122439,48.0535895],[24.3124724,48.0535442],[24.3141054,48.0533358],[24.3151876,48.0531762],[24.3157177,48.0531103],[24.3163477,48.0530516],[24.317384,48.0529862],[24.317482,48.0529764],[24.3182015,48.0529063],[24.3185602,48.0528588],[24.3188877,48.0528123],[24.3191747,48.0527603],[24.3193941,48.0527094],[24.319586,48.0526522],[24.319785,48.052577],[24.3199834,48.0524931],[24.3201631,48.0523969],[24.3202946,48.0523058],[24.3204228,48.0521996],[24.3208809,48.0517652],[24.3211846,48.0515163],[24.3213312,48.0513962],[24.3215901,48.0511933],[24.3219036,48.0509794],[24.322517,48.0505947],[24.3229147,48.0502687],[24.3231061,48.0500991],[24.3232687,48.0499644],[24.324403,48.0489566],[24.3254309,48.0480422],[24.325877,48.0477366],[24.3261294,48.0475853],[24.3262999,48.0474869],[24.3266109,48.04725],[24.3271759,48.046896],[24.3273851,48.0467944],[24.3279558,48.0465353],[24.3287034,48.0462054],[24.3289961,48.0461141],[24.3295829,48.0460113],[24.3299508,48.0459458],[24.3305366,48.0458175],[24.3310202,48.0456949],[24.3317221,48.0454473],[24.3325126,48.0451601],[24.332842,48.0450469],[24.3331358,48.044952],[24.3337237,48.0448086],[24.3345396,48.0446118],[24.3350066,48.0444848],[24.3353275,48.0444055],[24.3363177,48.0441338],[24.336904,48.0439591],[24.3371429,48.043881],[24.3373067,48.0438083],[24.3374245,48.0437367],[24.3375137,48.0436507],[24.3375949,48.0435447],[24.3379086,48.0431422],[24.3383951,48.0426115],[24.3385038,48.0425123],[24.3386083,48.0424451],[24.3387123,48.0423947],[24.3388129,48.0423783],[24.3394517,48.0424007],[24.339748,48.0424114],[24.3398987,48.0423766],[24.3400638,48.0423233],[24.3408281,48.0420787],[24.3416897,48.0418409],[24.3418528,48.0418165],[24.3421116,48.0417618],[24.3421281,48.0417683],[24.3423921,48.0417354],[24.3427293,48.0416793],[24.3429606,48.0416287],[24.3432127,48.0415596],[24.343725,48.0414076],[24.3445269,48.0411653],[24.3451799,48.0409801],[24.3456775,48.0408544],[24.3459972,48.0407848],[24.3471632,48.0405411],[24.3479369,48.0403906],[24.3484596,48.0402853],[24.3484746,48.0402817],[24.3486311,48.0402506],[24.3489486,48.0401885],[24.349667,48.0400872],[24.3502464,48.0399475],[24.3506798,48.0398486],[24.3510282,48.0397382],[24.3516194,48.039586],[24.3522555,48.0394466],[24.3529602,48.0393361],[24.3533682,48.0392936],[24.3539269,48.0392784],[24.355049,48.0392428],[24.3555258,48.0392216],[24.3561289,48.0392257],[24.3566561,48.0392233],[24.3570567,48.0392518],[24.3574249,48.0393093],[24.357706,48.0393691],[24.3580064,48.0394776],[24.3584489,48.0396439],[24.3589921,48.0398926],[24.3593951,48.0400911],[24.3598763,48.0403222],[24.3605751,48.0406548],[24.3610427,48.0409042],[24.3611011,48.0409319],[24.3614292,48.0410052],[24.3614792,48.041007],[24.3618072,48.0410185],[24.3621523,48.041],[24.3626022,48.0409498],[24.3632207,48.0408415],[24.3637977,48.0407546],[24.3640548,48.0407159],[24.3650824,48.0405241],[24.3654603,48.040472],[24.3660781,48.0404396],[24.3671745,48.0403549],[24.3674291,48.040347],[24.3675041,48.0403447],[24.3678714,48.0403469],[24.3687851,48.0404268],[24.369334,48.0404723],[24.3696627,48.0404996],[24.3703044,48.0405553],[24.3707296,48.0405878],[24.3711681,48.0406082],[24.3715857,48.0406603],[24.3723494,48.0408323],[24.372971,48.0409585],[24.3734506,48.0410405],[24.3739273,48.0410898],[24.374607,48.0411938],[24.3749466,48.0412556],[24.375127,48.0412884],[24.3754032,48.0413669],[24.3756564,48.0414631],[24.3759674,48.0416622],[24.3765762,48.0420412],[24.3770152,48.0423352],[24.3772585,48.0425367],[24.37777,48.0430555],[24.3779904,48.0433179],[24.3782141,48.0434435],[24.3784555,48.0435446],[24.3788723,48.0436812],[24.3797342,48.04391],[24.3802574,48.0440179],[24.3805945,48.0441208],[24.3808776,48.0442504],[24.3811207,48.0443808],[24.3814038,48.0445847],[24.3818032,48.0448702],[24.3827146,48.0456154],[24.3829161,48.0457585],[24.3835886,48.0460728],[24.3839192,48.0462677],[24.3843687,48.0465374],[24.3855165,48.0473428],[24.3858105,48.0475248],[24.3859759,48.0476294],[24.3861866,48.0476827],[24.3870575,48.0479499],[24.3874848,48.0480351],[24.3879299,48.0481017],[24.3884294,48.0481738],[24.3888212,48.0482493],[24.3903158,48.0486676],[24.3911692,48.0489099],[24.3915731,48.0490464],[24.3920645,48.049193],[24.3924446,48.0493329],[24.3927982,48.0494889],[24.3931329,48.049664],[24.3933941,48.0498351],[24.3935852,48.0499837],[24.3937597,48.0501424],[24.3938928,48.0502774],[24.3943275,48.0508347],[24.3945488,48.0511269],[24.3946846,48.0513042],[24.3951336,48.0517052],[24.3953615,48.0518943],[24.3956218,48.0520826],[24.396097,48.0523583],[24.3965342,48.0526166],[24.3971661,48.0532686],[24.3978672,48.0538557],[24.3981173,48.0539942],[24.3983315,48.0541142],[24.3986354,48.0541802],[24.3988331,48.054204],[24.399263,48.0542372],[24.3995866,48.0543036],[24.3998568,48.0543724],[24.4000829,48.054461],[24.4003492,48.0546741],[24.4005443,48.0548801],[24.4007138,48.0550931],[24.401124,48.0554783],[24.4015988,48.0558345],[24.4020651,48.056056],[24.4025468,48.0562437],[24.4031707,48.0563923],[24.4032716,48.0564163],[24.4035076,48.0564868],[24.4037738,48.0565197],[24.4040768,48.0565501],[24.4044514,48.0565536],[24.4047259,48.0565574],[24.4050362,48.0565614],[24.4052946,48.056604],[24.4056145,48.0566544],[24.405908,48.0567229],[24.4062253,48.056803],[24.4065016,48.0569177],[24.406993,48.0571386],[24.4075061,48.0573531],[24.4081466,48.057627],[24.4086005,48.0577995],[24.408976,48.057959],[24.4097035,48.058289],[24.4102286,48.0585219],[24.4106298,48.0587293],[24.411101,48.0589207],[24.4113739,48.0589988],[24.4116546,48.0590049],[24.4122626,48.0589858],[24.4127606,48.0589575],[24.4132706,48.0589095],[24.4137988,48.0588228],[24.4142251,48.0587926],[24.4143689,48.0587867],[24.4145361,48.0587799],[24.4152751,48.0587821],[24.4156437,48.0587891],[24.4159307,48.0587994],[24.4164262,48.0587996],[24.4169997,48.0588179],[24.41732,48.0588212],[24.4177345,48.0588261],[24.418807,48.0588073],[24.4192385,48.0588002],[24.4198186,48.0588092],[24.4206885,48.0588054],[24.4210617,48.0587994],[24.4215227,48.058801],[24.4218375,48.0588139],[24.4227169,48.0588118],[24.4233048,48.0588594],[24.4240275,48.0589321],[24.4252007,48.0590864],[24.4262278,48.0592662],[24.4270506,48.0594136],[24.4272754,48.0594572],[24.4283863,48.059616],[24.4299688,48.0599412],[24.432518,48.0603751],[24.4327246,48.0604387],[24.4330046,48.0605736],[24.433273,48.0607097],[24.4336206,48.0609496],[24.4340738,48.0612687],[24.4345277,48.0615703],[24.4349781,48.0618696],[24.4354404,48.0622],[24.4358133,48.0624581],[24.4362239,48.0627469],[24.4362746,48.0627825],[24.4366957,48.0630235],[24.4370694,48.0632019],[24.4375252,48.0634069],[24.437672,48.0634622],[24.4378853,48.0635274],[24.4381254,48.0636041],[24.4384421,48.0636723],[24.4388469,48.0637541],[24.439412,48.0638808],[24.4396707,48.0639321],[24.4398517,48.0639687],[24.4401182,48.0639997],[24.4404173,48.0640352],[24.4408472,48.0640672],[24.4413766,48.0640904],[24.4417973,48.0641287],[24.4422891,48.0641948],[24.4430049,48.0643542],[24.4438386,48.0645212],[24.4446692,48.0646742],[24.4455303,48.064834],[24.4459479,48.0649028],[24.4463113,48.0649395],[24.4464666,48.0649489],[24.4475582,48.0649608],[24.4481395,48.0649816],[24.448774,48.0650419],[24.4492793,48.0651174],[24.449854,48.0652031],[24.4503069,48.0652692],[24.4509318,48.0653876],[24.4512353,48.0654147],[24.4518528,48.0654056],[24.4524014,48.0653808],[24.4528865,48.065381],[24.4532114,48.0653992],[24.4534532,48.0654713],[24.4536405,48.0655736],[24.4537899,48.0657081],[24.4539378,48.0658745],[24.4540201,48.0660611],[24.4541287,48.0663537],[24.4543125,48.066967],[24.4543613,48.0672038],[24.4543482,48.0672861],[24.4542337,48.0674116],[24.4540664,48.0674706],[24.4534097,48.0676501],[24.4528729,48.0678256],[24.4524666,48.0679404],[24.4521249,48.0680213],[24.4518748,48.0681156],[24.4516918,48.0682266],[24.4515753,48.0683433],[24.4512416,48.0689518],[24.4510751,48.0692042],[24.4509814,48.0693241],[24.4505892,48.0695878],[24.4504706,48.0697148],[24.4504018,48.069834],[24.4503495,48.069946],[24.4503298,48.0701308],[24.450304,48.070387],[24.4503244,48.0707299],[24.4503615,48.0709792],[24.4504935,48.0712346],[24.4505882,48.0714498],[24.4506249,48.0716282],[24.4506088,48.0718666],[24.4504845,48.0722212],[24.4504353,48.0723907],[24.4504144,48.0725292],[24.4504031,48.0726505],[24.4504032,48.0728177],[24.4505131,48.073192],[24.4505641,48.0733567],[24.4505986,48.0735008],[24.4504615,48.074062],[24.4503042,48.0742472],[24.4499518,48.0747159],[24.4499123,48.0748908],[24.4499012,48.0750697],[24.4499189,48.0752498],[24.4500146,48.0756853],[24.450092,48.0761095],[24.4500762,48.0766164],[24.450009,48.0768257],[24.4499456,48.0769258],[24.4497173,48.0773913],[24.4495567,48.0778206],[24.4494203,48.0779558],[24.4489843,48.0784859],[24.4484447,48.0791201],[24.4481669,48.0794496],[24.4478846,48.0796737],[24.4477457,48.0798088],[24.4476351,48.0799498],[24.4476122,48.0800842],[24.4476056,48.0803386],[24.4477072,48.0806003],[24.4481662,48.0815697],[24.4483452,48.0819251],[24.4485748,48.0822426],[24.4487204,48.0824747],[24.4487946,48.0827342],[24.4488662,48.0830713],[24.4489382,48.0832316],[24.4490955,48.0833771],[24.4499199,48.0840181],[24.4501073,48.084279],[24.4501454,48.0845412],[24.4502784,48.0849814],[24.4502688,48.0852746],[24.4500175,48.0860679],[24.4500331,48.0863411],[24.450121,48.0865769],[24.4503254,48.0867803],[24.4506147,48.0868921],[24.4510433,48.0869566],[24.4514557,48.0870128],[24.4518301,48.0870872]]}},
{"type":"Feature","properties":{"full_id":"w808011293","ref":"С-070314","length_km":2.18555,"name:uk":"Королівська селищна громада","lenght_roads":2.1855,"id_roads":"94996"},"geometry":{"type":"LineString","coordinates":[[23.1798877,48.1199155],[23.1798518,48.1199635],[23.1797908,48.1200639],[23.1796915,48.1202959],[23.1796713,48.1203431],[23.1796638,48.1203607],[23.1788882,48.1221726],[23.1788631,48.1222761],[23.1788539,48.1223707],[23.178857,48.1224695],[23.1788755,48.1225702],[23.1790754,48.1232683],[23.1791011,48.1233581],[23.1791171,48.1234432],[23.1791225,48.1235118],[23.1791226,48.1235902],[23.1791324,48.1245446],[23.1791512,48.1254285],[23.1791682,48.1269385],[23.1791774,48.1270373],[23.1791959,48.1271154],[23.1792259,48.1271833],[23.1792676,48.1272398],[23.1793146,48.1272913],[23.1793907,48.1273611],[23.179746,48.1276612],[23.1800247,48.1278966],[23.1816772,48.1292634],[23.1818916,48.1294406],[23.1819203,48.1294865],[23.1819342,48.1295322],[23.1819411,48.1295717],[23.1819365,48.1296058],[23.1819203,48.1296449],[23.1818857,48.1296901],[23.1818423,48.1297269],[23.1817996,48.1297576],[23.1817612,48.1297803],[23.1798953,48.1307739],[23.1798121,48.1308253],[23.1797258,48.130887],[23.1796611,48.1309507],[23.1796211,48.1310186],[23.1795995,48.1311008],[23.1795872,48.1311954],[23.1794893,48.13228],[23.1794409,48.1327755],[23.179433,48.1328547],[23.1794316,48.1328672],[23.1794219,48.1329569],[23.1793592,48.1330502],[23.1790973,48.1334224],[23.179011,48.1335335],[23.1789001,48.1336568],[23.1787861,48.133772],[23.1786505,48.1338954],[23.1785427,48.1339797],[23.1783209,48.1341462],[23.1782007,48.134247],[23.178099,48.1343395],[23.1779912,48.1344423],[23.1778895,48.1345431],[23.1778063,48.1346336],[23.1776126,48.1348429],[23.1775321,48.1349298],[23.1770722,48.1354266],[23.1753113,48.1373015]]}},
{"type":"Feature","properties":{"full_id":"w205076816","ref":"С-071309","length_km":3.40741,"name:uk":"Хустська міська громада","lenght_roads":3.4074,"id_roads":"88484"},"geometry":{"type":"LineString","coordinates":[[23.1780478,48.1922059],[23.1781104,48.1924518],[23.1781151,48.1924731],[23.178427,48.1938901],[23.1785977,48.1948899],[23.1786044,48.1949288],[23.1790914,48.1975526],[23.179101,48.197605],[23.1791163,48.1977095],[23.1791448,48.197845],[23.179435,48.1991671],[23.1797445,48.2008388],[23.1800902,48.2025566],[23.1802618,48.2034397],[23.1804496,48.2042044],[23.1804659,48.204271],[23.1804764,48.2043523],[23.1804632,48.2044305],[23.180345,48.2045417],[23.1803421,48.2045969],[23.1806732,48.2050363],[23.1810838,48.2057467],[23.1811687,48.2058501],[23.1812536,48.2059536],[23.18215,48.2067233],[23.1822252,48.2068057],[23.1822775,48.2069061],[23.1822789,48.2069988],[23.1822538,48.2070879],[23.1821512,48.2072178],[23.1812357,48.2080832],[23.1812111,48.2081223],[23.1811792,48.2081732],[23.1811579,48.2083583],[23.181128,48.2087053],[23.1810989,48.2091559],[23.1810909,48.2094074],[23.1811017,48.2096607],[23.1811896,48.2100656],[23.1812682,48.2103033],[23.1813956,48.210516],[23.18159,48.2107595],[23.1817323,48.2109026],[23.1821367,48.2112279],[23.1822889,48.2113412],[23.1823674,48.2114299],[23.1823906,48.2115247],[23.1824271,48.2117413],[23.1824265,48.2119617],[23.182253,48.2124541],[23.1822051,48.2126851],[23.182241,48.2128565],[23.1823427,48.2130001],[23.1825775,48.2132622],[23.182825,48.2134844],[23.1830699,48.2137543],[23.1831345,48.2138821],[23.1831823,48.2140333],[23.1832911,48.2145039],[23.1834139,48.2156398],[23.1834857,48.2158112],[23.1836532,48.2159986],[23.1847364,48.2170114],[23.1849202,48.2173769],[23.1849681,48.2176839],[23.1850878,48.2180627],[23.1852494,48.2183538],[23.1854229,48.2186369],[23.1854289,48.2188522],[23.1853003,48.2195534],[23.1851596,48.2198808],[23.1851226,48.219967],[23.185004,48.2202436],[23.1847826,48.2204749],[23.1847287,48.2206144],[23.1847171,48.2212738]]}},
{"type":"Feature","properties":{"full_id":"w720329324","ref":"С-071205","length_km":0.0224,"name:uk":"Баранинська сільська громада","lenght_roads":0.0224,"id_roads":"10830"},"geometry":{"type":"LineString","coordinates":[[22.372617730362979,48.648573258022587],[22.3726157,48.6485373],[22.372687877004431,48.648378959472645]]}},
{"type":"Feature","properties":{"full_id":"w93174539","ref":"О-070705","length_km":1.3863,"name:uk":"Мукачівська міська громада","lenght_roads":0.9784,"id_roads":"71422"},"geometry":{"type":"LineString","coordinates":[[22.7561724,48.446463],[22.7569793,48.4450549]]}},
{"type":"Feature","properties":{"full_id":"w173141967","ref":"С-070908","length_km":6.76013,"name:uk":"Великобичківська селищна громада","lenght_roads":6.7601,"id_roads":"61292"},"geometry":{"type":"LineString","coordinates":[[23.9560908,48.044324],[23.9562732,48.0441427],[23.9564903,48.0439867],[23.9566512,48.0438952],[23.9568307,48.0438128],[23.9570286,48.0437264],[23.9572307,48.0436569],[23.9574352,48.0436208]]}},
{"type":"Feature","properties":{"full_id":"w421081124","ref":"С-070309","length_km":3.39423,"name:uk":"Виноградівська міська громада","lenght_roads":3.3942,"id_roads":"36716"},"geometry":{"type":"LineString","coordinates":[[22.9451831,48.1125282],[22.94457,48.1124781],[22.9441738,48.1124457],[22.9440016,48.112433],[22.9437911,48.1124216],[22.9437184,48.1124185],[22.9436293,48.1124146],[22.9434226,48.1124078],[22.9430778,48.1123987],[22.9429388,48.1123979],[22.9425259,48.1123983],[22.9420309,48.112402],[22.941907,48.1124029],[22.9418023,48.1124013],[22.9413782,48.1123855],[22.9412278,48.1123786],[22.9410993,48.1123662],[22.9409676,48.112349],[22.9395671,48.1121277],[22.9386824,48.1119739],[22.9385518,48.1119514],[22.9384307,48.1119278],[22.9382785,48.111896],[22.9380744,48.1118501],[22.9378926,48.1118041],[22.9376484,48.1117397],[22.9375141,48.1117016],[22.9373707,48.111657],[22.9372353,48.1116114],[22.9371271,48.1115731],[22.9370202,48.1115304],[22.9363882,48.1113213],[22.9363232,48.1113045],[22.9362529,48.111298],[22.936203,48.1113051],[22.9361512,48.1113379],[22.9361266,48.1113831],[22.936101,48.1114513],[22.9357314,48.1130633],[22.9356997,48.1131851],[22.9356631,48.1132677],[22.9356266,48.1133333],[22.9355789,48.1133903],[22.9354994,48.1134579],[22.9354261,48.1135187],[22.9353647,48.113584],[22.9353167,48.1136493],[22.9352813,48.113708],[22.9352292,48.1138368],[22.9351943,48.1139459],[22.9349836,48.1146395],[22.9348415,48.1151054],[22.9348082,48.1151827],[22.9347779,48.1152319],[22.9347623,48.1152458],[22.9347331,48.1152718],[22.934681,48.1152967],[22.9346245,48.1153125],[22.9345522,48.1153197],[22.9344637,48.1153175],[22.9343368,48.1153053],[22.9330203,48.1151341],[22.9329077,48.1151195],[22.9315677,48.1149506],[22.9286442,48.1145821],[22.9268853,48.114356],[22.9243015,48.1140262],[22.9240232,48.11399],[22.9237477,48.1139521],[22.9234764,48.1139121],[22.9232628,48.1138848],[22.9211838,48.1136348],[22.9209365,48.1136043],[22.9206725,48.1135707],[22.9204237,48.1135329],[22.9202186,48.1135],[22.9200112,48.1134655],[22.919712,48.1134164],[22.9193929,48.1133719],[22.9191529,48.1133383],[22.9189326,48.1133096],[22.9188007,48.1132925],[22.9161238,48.1129417],[22.9159106,48.1129193],[22.9157273,48.1129014],[22.9155912,48.1128896],[22.9154915,48.1128805],[22.9152324,48.1128515],[22.914996,48.1128239],[22.9147933,48.1127996],[22.914063,48.1127115],[22.9133005,48.1126136],[22.9098725,48.1121733],[22.9082306,48.1119773],[22.9068352,48.1118107],[22.9065903,48.1117803],[22.9064054,48.111753],[22.9062278,48.1117242],[22.9061242,48.1117067],[22.9052583,48.1115603],[22.905206,48.1115485],[22.9051583,48.1115337]]}},
{"type":"Feature","properties":{"full_id":"w221472896","ref":"С-070301","length_km":12.77673,"name:uk":"Виноградівська міська громада","lenght_roads":12.7767,"id_roads":"83676"},"geometry":{"type":"LineString","coordinates":[[22.937219,48.1296041],[22.9395761,48.1243323],[22.9397287,48.1239812],[22.9401428,48.1230204],[22.9402011,48.1228888],[22.9422171,48.1182847],[22.9433256,48.1157664],[22.9433922,48.1156152],[22.9435589,48.115235],[22.9436568,48.115026],[22.9437708,48.1148095],[22.9439431,48.114485],[22.9443426,48.1138324],[22.9444315,48.1136923],[22.9445185,48.1135612],[22.9445813,48.113473],[22.9446458,48.1133891],[22.9447337,48.1132816],[22.9448085,48.1131988],[22.9448669,48.1131231],[22.944917,48.1130366],[22.9451201,48.1126486],[22.9451831,48.1125282],[22.9455599,48.1121256],[22.9457352,48.1119383],[22.9459604,48.1116852],[22.9460006,48.11164],[22.9465785,48.1109906],[22.9465899,48.1109777],[22.9467329,48.1108182],[22.9468637,48.1106722],[22.9468798,48.1106539],[22.9469305,48.1105965],[22.947136,48.1103637],[22.9472345,48.110253],[22.9473241,48.1101429],[22.9474016,48.1100409],[22.9474945,48.1099136],[22.9475451,48.1098296],[22.9475729,48.1097515],[22.9476012,48.1096557],[22.9476888,48.109259],[22.9477101,48.109148],[22.9477473,48.1090087],[22.9479317,48.1084217],[22.9480557,48.1080269],[22.948162,48.1076954],[22.9482142,48.1075649],[22.9487674,48.106179],[22.9487863,48.1061301],[22.9487976,48.106078],[22.9488038,48.1060392],[22.9488064,48.1059969],[22.948805,48.105952],[22.9487976,48.1058933],[22.9487826,48.1058438],[22.9487451,48.1057766],[22.9484572,48.1053272],[22.94842,48.1052632],[22.9483887,48.105201],[22.9483591,48.1051345],[22.9483344,48.105062],[22.9483069,48.1049568],[22.9482955,48.1048675],[22.9482958,48.1047778],[22.9483023,48.1046713],[22.9483263,48.1044719],[22.9484353,48.1037622],[22.9484579,48.1036874],[22.9485545,48.103398],[22.9486045,48.1032769],[22.9486541,48.1031692],[22.9487156,48.1030592],[22.9487969,48.1029447],[22.9488956,48.1028243],[22.9491969,48.1025065],[22.9492837,48.1024125],[22.9493462,48.1023377],[22.9494079,48.1022517],[22.9494529,48.1021631],[22.9495035,48.1020447],[22.95002,48.1006977],[22.9500703,48.1005794],[22.9503268,48.1001128],[22.95038,48.1000016],[22.9507475,48.099075],[22.9508048,48.0989136],[22.9508946,48.0986365],[22.9509319,48.0984783],[22.9509469,48.0983833],[22.9509602,48.098244],[22.9509648,48.0981316],[22.9509581,48.097929],[22.9509549,48.0978514],[22.9509455,48.0977629],[22.9509011,48.0975136],[22.950878,48.0973838],[22.9508604,48.0972851]]}},
{"type":"Feature","properties":{"full_id":"w47453148","ref":"С-071215","length_km":2.52524,"name:uk":"Оноківська сільська громада","lenght_roads":2.5252,"id_roads":"89067"},"geometry":{"type":"LineString","coordinates":[[22.4027496,48.6847773],[22.4027219,48.6849149],[22.4027421,48.6849931],[22.4027739,48.685156],[22.4027797,48.6851861],[22.4028197,48.68525],[22.4029271,48.6853538],[22.4030693,48.6854588],[22.4033165,48.6856596],[22.4033858,48.6857529],[22.4034408,48.6858844],[22.4034453,48.6859927],[22.4033051,48.6864444],[22.4032375,48.6866373],[22.4029486,48.6874619],[22.4028776,48.6876173],[22.402781,48.6877674],[22.4026697,48.6879405],[22.4025264,48.6880893],[22.4024552,48.6881801],[22.4024443,48.6882162],[22.4024327,48.6882579],[22.4025251,48.6883554],[22.4025668,48.6885431],[22.4025996,48.6887126],[22.4025955,48.6887817],[22.4025847,48.6888453],[22.4027082,48.6889295],[22.4028463,48.688988],[22.403149,48.6891041],[22.4041013,48.6894254],[22.4044047,48.6895456],[22.4046433,48.6896582],[22.404972,48.6898502],[22.4053731,48.6901076],[22.4057874,48.6903867],[22.4060687,48.6905901],[22.4062808,48.6907299],[22.4064445,48.690801],[22.4067012,48.6908918],[22.4072503,48.6910521],[22.4076274,48.6911622],[22.4082282,48.6913225],[22.4087437,48.6914693],[22.4093781,48.6916477],[22.4108697,48.6920207],[22.4113932,48.6921449],[22.411549,48.6921751],[22.412847,48.6924016],[22.4142298,48.6926255],[22.4144272,48.6926574],[22.4156001,48.6928339],[22.4162024,48.6929151],[22.4189348,48.6932962],[22.4209683,48.6935467],[22.4217278,48.6936339],[22.4228737,48.6936993],[22.4235027,48.6937357],[22.423836,48.6937826],[22.424072,48.6938464],[22.4243349,48.6939172],[22.4246782,48.6940447],[22.4248073,48.6941328],[22.4250271,48.6942853],[22.4254228,48.6946435],[22.4256706,48.6949299],[22.4258798,48.6951706],[22.4264652,48.6960779],[22.426575170518039,48.696237523453448]]}},
{"type":"Feature","properties":{"full_id":"w112024515","ref":"С-071214","length_km":6.29212,"name:uk":"Баранинська сільська громада","lenght_roads":6.2921,"id_roads":"11441"},"geometry":{"type":"LineString","coordinates":[[22.3789155,48.5508692],[22.3787876,48.5506881],[22.3784359,48.5504806],[22.3748833,48.5489287],[22.3741436,48.5486056],[22.3716574,48.5475195],[22.3676567,48.5457718]]}},
{"type":"Feature","properties":{"full_id":"w217842470","ref":"С-070741","length_km":1.86406,"name:uk":"Івановецька сільська громада","lenght_roads":1.8641,"id_roads":"99300"},"geometry":{"type":"LineString","coordinates":[[22.638989,48.4621931],[22.6388644,48.4619168],[22.6374566,48.4580012],[22.6368414,48.4562479],[22.6369511,48.4561282],[22.6374901,48.4560653],[22.6381438,48.4559456],[22.63884,48.4557885],[22.639634,48.4555725],[22.6402766,48.4553815],[22.6412391,48.4553073],[22.643829,48.4551078],[22.6486957,48.4599044]]}},
{"type":"Feature","properties":{"full_id":"w204002025","ref":"С-071109","length_km":4.03046,"name:uk":"Буштинська селищна громада","lenght_roads":4.0305,"id_roads":"23635"},"geometry":{"type":"LineString","coordinates":[[23.5707667,48.1671428],[23.5702604,48.167513],[23.5700257,48.167714],[23.5686558,48.1694226],[23.5686672,48.1695595],[23.5687584,48.1696883],[23.5687852,48.1698171],[23.5687584,48.1699852],[23.5686618,48.1701999],[23.5684258,48.1706149],[23.5682487,48.1709118],[23.5677069,48.1714198],[23.5675648,48.171676],[23.5667751,48.1736637],[23.5665858,48.1742588],[23.5665047,48.1747818],[23.5667053,48.1761848],[23.5667759,48.1767378],[23.5668157,48.1772793],[23.5668521,48.1787223],[23.5668489,48.180172],[23.5668427,48.1830515],[23.5668698,48.1834301],[23.567032,48.1836826],[23.5673024,48.1838358],[23.5676626,48.1839118],[23.5681137,48.183971],[23.568443,48.1840609],[23.5689784,48.1842585],[23.569219,48.1843607],[23.569505,48.1844601],[23.5700994,48.1845627],[23.570647,48.1846348],[23.5709444,48.184698],[23.5712081,48.1847881],[23.5714269,48.1849238],[23.5712421,48.1852166],[23.571076,48.1854147],[23.5707056,48.1857066],[23.5705704,48.1858788],[23.5701115,48.1866565],[23.5700093,48.1868892],[23.5696717,48.1876573],[23.5696381,48.1879598],[23.5696803,48.188715],[23.5696838,48.1887593],[23.5696575,48.1889345],[23.569615,48.1892306],[23.5695201,48.1894046],[23.569369,48.1895296],[23.5689598,48.1898668],[23.5687538,48.1900666],[23.568694,48.1901842],[23.5687194,48.1904194],[23.569015,48.190596],[23.5690802,48.1906599],[23.5691404,48.1907792],[23.5690425,48.1910251],[23.5686733,48.1916228],[23.5681187,48.1927788],[23.568025,48.1930779],[23.5689659,48.1933253],[23.5691677,48.1934226],[23.5699748,48.1937243],[23.5728587,48.1951552],[23.5745346,48.1959353],[23.5752869,48.1963672],[23.5761827,48.1967784],[23.5764299,48.1969193],[23.5764753,48.1969452]]}},
{"type":"Feature","properties":{"full_id":"w221487497","ref":"С-070307","length_km":5.53752,"name:uk":"Вилоцька селищна громада","lenght_roads":5.5375,"id_roads":"25521"},"geometry":{"type":"LineString","coordinates":[[22.8310496,48.1372894],[22.8317604,48.1372187],[22.8319741,48.1371934],[22.8320557,48.1371838],[22.8332102,48.1370266],[22.8336864,48.1369617],[22.8337212,48.1369569],[22.8342212,48.1368968],[22.834255,48.1368926],[22.8342866,48.1368895],[22.8358951,48.1367399],[22.8364882,48.1366874],[22.8374965,48.1365981],[22.8375586,48.1365926],[22.8376186,48.1365865],[22.8376805,48.1365787],[22.8377522,48.1365677],[22.8412232,48.1359742],[22.8414007,48.1359434],[22.8415372,48.1359187],[22.8416081,48.1359041],[22.841675,48.1358895],[22.8417416,48.1358701],[22.8417933,48.1358571],[22.8418428,48.1358464],[22.8419229,48.1358304],[22.8420048,48.135817],[22.8420712,48.1358076],[22.842127,48.1358017],[22.8429936,48.1357335],[22.8483085,48.135315],[22.8488834,48.1352694],[22.8501769,48.135164],[22.850339,48.1351545],[22.8504778,48.1351492],[22.850637,48.1351451],[22.8507856,48.1351468],[22.8509224,48.1351536],[22.8510425,48.1351618],[22.8511558,48.135178],[22.8515334,48.1352457],[22.8516404,48.1352648],[22.8517667,48.1352836],[22.8519011,48.1353004],[22.8520345,48.1353147],[22.8521577,48.1353265],[22.8523081,48.1353376],[22.8548046,48.1354964],[22.857118,48.1356437],[22.8573714,48.1356619],[22.8586996,48.1357863],[22.8601801,48.1359249],[22.8635008,48.1362403],[22.8635825,48.1362516],[22.86366,48.1362675],[22.8637552,48.1362915],[22.8638439,48.1363225],[22.8638888,48.1363419],[22.8639129,48.1363523],[22.8639902,48.1363965],[22.8641041,48.1364796],[22.8641308,48.1364991],[22.8656935,48.137639],[22.8657627,48.1376827],[22.8658308,48.1377166],[22.8659037,48.1377436],[22.8659794,48.1377682],[22.8664766,48.13713],[22.8665313,48.1370503],[22.8665707,48.1369746],[22.8666096,48.1368945],[22.8666373,48.1368203],[22.8666585,48.1367378],[22.8668165,48.1356264],[22.8668336,48.1355488],[22.8668664,48.1354831],[22.8669185,48.1354281],[22.8669721,48.1353907],[22.8670376,48.1353599],[22.8671104,48.1353369],[22.8671838,48.135322],[22.8672716,48.1353082],[22.8676057,48.1352708],[22.8678557,48.1352429],[22.8679108,48.1352341],[22.8679725,48.1352243],[22.8680613,48.1352049],[22.8681478,48.1351808],[22.8682363,48.1351487],[22.8683287,48.1351046],[22.8684198,48.1350511],[22.8684991,48.1349863],[22.8685559,48.1349154],[22.8686176,48.1347933],[22.8686864,48.1346243],[22.8687279,48.134508],[22.8687597,48.1343919],[22.8687835,48.1342874],[22.8688619,48.1338778],[22.8689799,48.133324],[22.8690159,48.1331409],[22.8690307,48.1330251],[22.8690369,48.1329286],[22.8690372,48.1328709],[22.8690374,48.1328316],[22.8690165,48.1322547],[22.8689737,48.1315658],[22.8689746,48.131443],[22.8689815,48.1313771],[22.868998,48.1312894],[22.8690294,48.1311759],[22.8691561,48.1307856],[22.8693529,48.1301791],[22.869393,48.1300751],[22.8694313,48.1300041],[22.8694864,48.1299351],[22.8695707,48.1298603],[22.8696343,48.1298113],[22.8696981,48.1297766],[22.8697777,48.1297419],[22.8698818,48.1297081],[22.8699666,48.1296887],[22.8700365,48.1296767],[22.8701219,48.1296737],[22.8701947,48.1296758],[22.8702683,48.1296898],[22.8708095,48.1298244],[22.8708998,48.1298449],[22.8709875,48.1298589],[22.8710746,48.1298672],[22.8711698,48.1298697],[22.8712623,48.1298676],[22.871343,48.1298602],[22.8714371,48.1298446],[22.8715544,48.1298176],[22.8716507,48.1297858],[22.8717427,48.1297472],[22.8718467,48.1296929],[22.8719486,48.1296314],[22.8725588,48.1292048],[22.8736876,48.128418],[22.874238,48.1280369],[22.8743164,48.1279767],[22.8743892,48.127917],[22.8744497,48.1278523],[22.8744996,48.1277803],[22.874541,48.1276986],[22.8749478,48.1266973],[22.8749902,48.1265914],[22.8753435,48.1257087],[22.8762271,48.1234888],[22.8777705,48.1195993],[22.8778387,48.1194487],[22.8779148,48.1193028],[22.8779979,48.1191708],[22.8781022,48.11903],[22.8782094,48.1188986],[22.8783101,48.1187901],[22.8784293,48.1186822],[22.8785611,48.1185706],[22.8793365,48.1179719],[22.8811805,48.1165433],[22.8812367,48.1164999]]}},
{"type":"Feature","properties":{"full_id":"w112608548","ref":"С-071218","length_km":2.7161,"name:uk":"Середнянська селищна громада","lenght_roads":2.7161,"id_roads":"70612"},"geometry":{"type":"LineString","coordinates":[[22.4861275,48.5375034],[22.4861805,48.537686],[22.4862579,48.5378202],[22.4864689,48.5379556],[22.4865957,48.538023],[22.4869061,48.5381448],[22.4871299,48.5382327],[22.4872814,48.5382945],[22.4877306,48.5384775],[22.4879122,48.5385516],[22.4879837,48.5385807],[22.4884128,48.5387482],[22.4891264,48.5390267],[22.4904641,48.539555],[22.4909976,48.5397636],[22.4919002,48.5401165],[22.4927585,48.5404521],[22.4929909,48.540543],[22.4933081,48.540667],[22.4934992,48.5407406],[22.4935887,48.540775],[22.4936897,48.540818],[22.4937163,48.5408294],[22.4937887,48.5408602],[22.4938784,48.5408966],[22.4944591,48.5411326],[22.4947777,48.5412528],[22.4950962,48.5413666],[22.4953317,48.5414304],[22.4955648,48.5414805],[22.4957165,48.5415005],[22.4958587,48.5415047],[22.4960035,48.5414952],[22.4961336,48.5414605],[22.4962744,48.5413869],[22.4964125,48.5412979],[22.4965344,48.5412057],[22.4969825,48.5408665],[22.4971773,48.540705],[22.4973035,48.5406003],[22.4976368,48.5403933],[22.497693,48.5403587],[22.4978408,48.5403107],[22.4979829,48.5402911],[22.4981506,48.5402929],[22.4983467,48.5403045],[22.4986119,48.5403426],[22.4988689,48.5404006],[22.4991498,48.540482],[22.4993884,48.5405707],[22.4998591,48.5407475],[22.5003165,48.5409038],[22.5006957,48.5410123],[22.5009133,48.5410628],[22.5010112,48.5410867],[22.5011925,48.5411164],[22.501384,48.5411223],[22.5015606,48.5411132],[22.501844,48.5410637],[22.5021662,48.5410092],[22.5025481,48.5409172],[22.5029008,48.5408142],[22.5031034,48.5407414],[22.5032836,48.5406485],[22.5033402,48.5406192],[22.5033853,48.5405807],[22.5034346,48.5405423],[22.5035621,48.5404298],[22.5036369,48.5403509],[22.5037416,48.5402432],[22.5037678,48.5402095]]}},
{"type":"Feature","properties":{"full_id":"w204054777","ref":"С-071011","length_km":4.52083,"name:uk":"Керецьківська сільська громада","lenght_roads":4.5208,"id_roads":"47106"},"geometry":{"type":"LineString","coordinates":[[23.2179415,48.4809423],[23.2178181,48.481273],[23.2176277,48.4817868],[23.2171758,48.482778],[23.2171194,48.4829575],[23.2170698,48.483298],[23.2169947,48.4840002],[23.216925,48.4844091],[23.2168713,48.4847363],[23.2166809,48.4852518],[23.2166487,48.4853709],[23.2166208,48.4854969],[23.2166219,48.4856234],[23.2166458,48.4858484],[23.216705,48.4865531],[23.2167506,48.4867861],[23.2168043,48.4869354],[23.2169356,48.4873088],[23.217088,48.4876804],[23.2175745,48.4888662],[23.2178492,48.4895582],[23.2179056,48.4898362],[23.2179243,48.490417],[23.2179744,48.4907198],[23.2180848,48.4909992],[23.2186771,48.4916532],[23.218839,48.4918943],[23.218883,48.4919926],[23.2190526,48.4923714],[23.2192182,48.4927412],[23.2195946,48.4935419],[23.2196993,48.4939319],[23.2197412,48.4942702],[23.2197601,48.4944227],[23.2197636,48.4949221],[23.2197405,48.4949949],[23.2196129,48.4953972],[23.2193406,48.4958088],[23.2192665,48.4959406],[23.2192558,48.4960686],[23.2193428,48.4965014],[23.2195728,48.4974747],[23.2197749,48.4983301],[23.2198514,48.498654],[23.2200443,48.4992588],[23.2202703,48.4999899],[23.2205164,48.5007857],[23.2207307,48.5014789],[23.2208645,48.501875],[23.2209617,48.502227],[23.2210778,48.5025426],[23.2211052,48.502626],[23.2211561,48.5027557],[23.2212371,48.5029356],[23.2214255,48.503282],[23.2216383,48.5037009],[23.2218011,48.5041239],[23.22192,48.5046548],[23.2220238,48.5050651],[23.2221758,48.5054409],[23.222387,48.5059259],[23.2224559,48.5061706],[23.2223843,48.506478],[23.2223189,48.5066769],[23.2221376,48.5071345],[23.2220367,48.5073865],[23.2219453,48.5075267],[23.221643,48.5079422],[23.2213685,48.5084112],[23.2211568,48.5088944],[23.2210976,48.5090113],[23.220951,48.5091665],[23.2208356,48.5093502],[23.2207981,48.5095113],[23.2207864,48.5096511],[23.2207632,48.510023],[23.220731,48.5102824],[23.2207471,48.5104139],[23.2208132,48.5105445],[23.2208964,48.5106283],[23.2210006,48.5107],[23.2211414,48.5107737],[23.2215295,48.510881],[23.2216984,48.5109461],[23.2220213,48.5111955],[23.2222679,48.511409],[23.222337,48.5115005],[23.2223538,48.5115974],[23.2223752,48.5117733],[23.2224047,48.5118959],[23.2224154,48.5120043],[23.222456,48.5121684],[23.2224956,48.5122626],[23.2225361,48.5123063],[23.2225907,48.5123759],[23.2225989,48.5125245],[23.2225552,48.5126956],[23.2225175,48.5128318],[23.2223982,48.5130583],[23.2223057,48.5132951],[23.2222676,48.5133582],[23.2221782,48.513535],[23.2221573,48.5135763],[23.2221016,48.5136549],[23.2220003,48.51376],[23.2216815,48.51401],[23.2214338,48.5141755],[23.2212653,48.5142907],[23.2211629,48.514419],[23.2211244,48.5144663],[23.2210474,48.5145606],[23.2209751,48.5147565],[23.2209364,48.514913],[23.2209402,48.5150302],[23.220951,48.5150888],[23.2210093,48.5152594],[23.221161,48.5155865],[23.2212936,48.5159025],[23.2213505,48.5160923],[23.2213979,48.5162504],[23.2215528,48.5168278],[23.2215645,48.5168713],[23.2215076,48.5173006],[23.2215019,48.517344],[23.2213816,48.5176479],[23.221341,48.5179551],[23.2212015,48.5182176],[23.2211146,48.5183188],[23.2209708,48.5184184],[23.2207364,48.5185303],[23.2206291,48.5185818],[23.2205228,48.5186536],[23.2197198,48.5192518],[23.2195829,48.5193479]]}},
{"type":"Feature","properties":{"full_id":"w112626525","ref":"С-070728","length_km":3.32161,"name:uk":"Великолучківська сільська громада","lenght_roads":3.3216,"id_roads":"39196"},"geometry":{"type":"LineString","coordinates":[[22.5830304,48.4755442],[22.5829696,48.4754027],[22.5824104,48.4747896],[22.5815616,48.4739152],[22.5814804,48.4738094],[22.5814266,48.4736977],[22.5811265,48.4726356],[22.5811396,48.4724916],[22.5811531,48.4723306],[22.5813,48.4719789],[22.5811413,48.4718771],[22.5809115,48.4716688],[22.580815,48.4716054],[22.5806326,48.471504],[22.5804792,48.4714396],[22.5802913,48.4713948],[22.5801551,48.4713795],[22.5800169,48.4713783],[22.5795189,48.4714067],[22.5791289,48.471431],[22.578942,48.4713996],[22.5788169,48.4713512],[22.5783902,48.4710452],[22.5782213,48.4709563],[22.5780672,48.4708984],[22.5775707,48.4707448],[22.5772208,48.4706255],[22.5770009,48.4705313],[22.576907,48.4704726],[22.576856,48.4704246],[22.5768014,48.4703582],[22.5767112,48.4702467],[22.5765851,48.4701276],[22.5763866,48.4699818],[22.5762793,48.4699266],[22.5761274,48.4698719],[22.5760245,48.4698537],[22.5759105,48.4698488],[22.5756576,48.4698839],[22.5752217,48.4699901],[22.5749795,48.4700397],[22.574788,48.4700653],[22.5744269,48.4700922],[22.5742382,48.470092],[22.5740445,48.4700703],[22.5732516,48.4698742],[22.5718932,48.4696216],[22.5626314,48.4678991],[22.5625942,48.4678946],[22.5622122,48.4678479],[22.5599977,48.4678758],[22.5588407,48.4678904],[22.5548565,48.4679473],[22.5526062,48.4679758],[22.5514072,48.46799],[22.5511787,48.4679869],[22.5508305,48.4679704],[22.550286,48.4679242],[22.5490951,48.467789],[22.5467966,48.4675219],[22.5441164,48.4672357]]}},
{"type":"Feature","properties":{"full_id":"w203891755","ref":"С-071324","length_km":6.56248,"name:uk":"Хустська міська громада","lenght_roads":6.5625,"id_roads":"78284"},"geometry":{"type":"LineString","coordinates":[[23.4847703,48.2162683],[23.4844332,48.2166235],[23.4839684,48.2169848],[23.4838378,48.2171301],[23.4836302,48.2175593],[23.4834745,48.2179373],[23.4834856,48.2184858],[23.4835746,48.2190416],[23.4835654,48.2193398],[23.4834526,48.2196001],[23.4831673,48.2200956],[23.4831074,48.2201978],[23.4828071,48.220472],[23.4823344,48.2207573],[23.4819784,48.2209722],[23.4816169,48.2212353],[23.4809329,48.2215206],[23.4807549,48.221654],[23.480221,48.222258],[23.4796058,48.2229524],[23.4790141,48.2236846],[23.4786303,48.2240884],[23.4783467,48.2243923],[23.4781897,48.2247245],[23.4781506,48.2248073],[23.4779006,48.2252142],[23.477645,48.225429],[23.4773461,48.2256648],[23.4770079,48.2260631],[23.4768781,48.2262831],[23.4767838,48.2265949],[23.4767467,48.2268677],[23.4766933,48.2272603],[23.4767195,48.2275114],[23.4768624,48.2280594],[23.4769096,48.2284366],[23.4768966,48.2287109],[23.4768236,48.2288701],[23.4767575,48.2289776],[23.4765239,48.2292926],[23.4763905,48.2296038],[23.4762459,48.2298816],[23.4760568,48.2301706],[23.4758621,48.230504],[23.4757842,48.2307337],[23.4758164,48.2322404],[23.4758737,48.232389],[23.4759768,48.2326861],[23.4759823,48.2328306],[23.4758878,48.2329529],[23.4749477,48.2336767],[23.4748478,48.2337505],[23.4747532,48.2338716],[23.4746865,48.2340716],[23.4746081,48.2344255],[23.4744858,48.2347071],[23.4742856,48.2351738],[23.4742633,48.2353516],[23.4742223,48.2362355],[23.4741319,48.2365053],[23.4738409,48.2371445],[23.4738015,48.2374012],[23.4738353,48.2376752],[23.4739855,48.2378641],[23.4741913,48.2381086],[23.4745328,48.2386229],[23.474934,48.2393668],[23.475225,48.2398592],[23.4755003,48.2402049],[23.4755553,48.240514],[23.4756456,48.2406663],[23.4759182,48.240907],[23.4761629,48.2412626],[23.4764076,48.2414886],[23.4772418,48.2421664],[23.4778252,48.2426242],[23.4781241,48.2429227],[23.4783174,48.2430905],[23.4785684,48.2432563],[23.4790571,48.2434016],[23.4793519,48.243572],[23.4796244,48.243746],[23.4799414,48.2439275],[23.4803252,48.2440423],[23.4806922,48.2440942],[23.4810371,48.2441201],[23.4815487,48.2441386],[23.4839402,48.2441164],[23.4853084,48.2441312],[23.4861148,48.2441201],[23.4866932,48.2440905],[23.4869546,48.244072],[23.4871715,48.2441423],[23.4874552,48.2442683],[23.4877388,48.2444127],[23.4878612,48.2445609],[23.4880673,48.2448582],[23.4882246,48.245031],[23.4883348,48.2451305],[23.4884921,48.2451829],[23.488728,48.2451986],[23.4890144,48.2452536],[23.4890898,48.2452929],[23.4892629,48.2453924],[23.4893966,48.2455234],[23.4895382,48.2456858],[23.4896325,48.2458481],[23.4897663,48.2459529],[23.4900022,48.246],[23.4902753,48.2460432],[23.490487,48.2460881],[23.4907271,48.2461631],[23.491054,48.2463168],[23.4912573,48.2464469],[23.4914511,48.2466349],[23.4916004,48.2468571],[23.4917656,48.2474071],[23.4917499,48.2477632],[23.491797,48.2480094],[23.4920251,48.2483603],[23.4924027,48.2488579],[23.4925443,48.2489888],[23.4928982,48.2491302],[23.4936139,48.2494288],[23.4938499,48.2496016],[23.4941284,48.2498476],[23.4948283,48.2506229],[23.4951193,48.2509581],[23.4953474,48.2511728],[23.4956542,48.25133],[23.4959767,48.2514452],[23.4963621,48.2515552],[23.4966295,48.251707],[23.4967317,48.2519427],[23.4969205,48.2523198],[23.4973845,48.2530687],[23.4977419,48.2535622],[23.4979254,48.2537881],[23.4982091,48.2539437],[23.498515,48.2540992],[23.499149,48.2543806],[23.4994938,48.2545658],[23.500432,48.2551835],[23.5008567,48.2554401],[23.501132,48.255613],[23.5014623,48.2558486],[23.5018084,48.2561],[23.5022724,48.2563042],[23.502768,48.2564613],[23.5043017,48.2571421],[23.5046163,48.2573515],[23.5049152,48.25765],[23.5054571,48.2580627],[23.505874,48.2582931],[23.5062515,48.2584135],[23.5065976,48.2584986],[23.5070145,48.2584764],[23.5074235,48.2583821],[23.507532,48.2583624],[23.5078561,48.2583035],[23.5082808,48.2582931],[23.5087291,48.2583454],[23.509028,48.2584397],[23.5093583,48.2586753],[23.5096729,48.2592095]]}},
{"type":"Feature","properties":{"full_id":"w112608650","ref":"О-071204","length_km":11.85495,"name:uk":"Середнянська селищна громада","lenght_roads":11.8549,"id_roads":"15722"},"geometry":{"type":"LineString","coordinates":[[22.4933081,48.540667],[22.49303,48.5411379],[22.4928582,48.5414289],[22.4920437,48.542808],[22.4919449,48.5429753],[22.4909499,48.5446634],[22.4902393,48.5458691],[22.489919,48.5464125],[22.4897505,48.5466983],[22.4896062,48.5469432],[22.489509,48.5471052],[22.4877086,48.5501039],[22.4870806,48.5511497],[22.4869605,48.5517067],[22.4864368,48.555227],[22.4863923,48.5555782],[22.4862518,48.5566871],[22.4862135,48.556931],[22.486184,48.5571364],[22.4861275,48.5573016],[22.4860368,48.5574261],[22.4858926,48.5575617],[22.4857133,48.557678],[22.4855256,48.5577583],[22.4853068,48.5578275],[22.485028,48.557889],[22.4846643,48.5579482],[22.4831158,48.5581657],[22.4828888,48.5582021],[22.4826702,48.5582518],[22.4824819,48.5583054],[22.4822167,48.5584208],[22.4818522,48.5585882],[22.4814767,48.5587302],[22.4811226,48.5588829],[22.4808153,48.5589577],[22.4803723,48.5590358],[22.4801272,48.5590695],[22.4798915,48.559087],[22.4796367,48.5590746],[22.4791485,48.5589841],[22.4788696,48.5589504],[22.478714,48.5589415],[22.4785821,48.5589675],[22.4784914,48.5590303],[22.4784128,48.5591029],[22.4783411,48.5591953],[22.4783139,48.5592985],[22.4783056,48.5593909],[22.4783459,48.5596724],[22.4783492,48.5597155],[22.4784215,48.5598077],[22.4784324,48.5598717],[22.4784318,48.5599422],[22.4784163,48.5600137],[22.4782446,48.5603758],[22.4780559,48.560714],[22.4780193,48.5608196],[22.4780086,48.5609048],[22.4780038,48.560999],[22.4780086,48.5610894],[22.478022,48.5613096],[22.4780146,48.5614756],[22.4780032,48.5615687],[22.4779507,48.5617477],[22.4778674,48.561913],[22.4776595,48.5621608],[22.477413,48.5624875],[22.4773101,48.5626272],[22.4773005,48.562758],[22.477338,48.5628261],[22.4775805,48.5631002],[22.4778457,48.5636134],[22.4780299,48.5640839],[22.47806,48.5641608],[22.4781092,48.5644813],[22.4779667,48.5653129],[22.477604,48.5670491],[22.4774777,48.5673559],[22.4761423,48.5694349],[22.4758618,48.5698715],[22.4734323,48.5736536],[22.4730892,48.574277],[22.4730619,48.5743582],[22.4728964,48.5748093],[22.4728506,48.5749343],[22.4728104,48.5751076],[22.472569,48.5759417],[22.4720548,48.5776723],[22.4719854,48.5780428],[22.471873,48.5795242],[22.4717804,48.5802928],[22.4717617,48.5805767],[22.4717668,48.5809345],[22.4717701,48.5811504],[22.4722069,48.5833714],[22.4724457,48.5844396],[22.4726806,48.5855947],[22.4728853,48.5867751],[22.4730391,48.5875572],[22.4731445,48.5880157],[22.4733023,48.5885547],[22.4734979,48.589223],[22.4738923,48.5903123],[22.4739438,48.5904546],[22.4740326,48.5907313],[22.4743473,48.5919728],[22.4747866,48.5932814],[22.4754162,48.5948612],[22.4756953,48.5954637],[22.4757341,48.5955474],[22.4761995,48.5965229],[22.4766741,48.5974104],[22.4777801,48.5995988],[22.4782073,48.6004822],[22.4782222,48.6005097],[22.4788587,48.6018213],[22.4797277,48.6033137],[22.4815568,48.6060575],[22.4817226,48.6062824],[22.4818931,48.6064856],[22.48266,48.607333],[22.4829009,48.6075697],[22.4831506,48.6077916],[22.4838168,48.608255],[22.4840176,48.6083667],[22.4847492,48.6087736],[22.4849301,48.6088742],[22.4852605,48.609049],[22.486262,48.6095788],[22.4879877,48.6103652],[22.488435,48.610569],[22.4898773,48.6112248],[22.4905935,48.6115466],[22.4913088,48.6118798],[22.4917643,48.6121079],[22.4922707,48.6123926],[22.4927285,48.6126488],[22.4931702,48.6128839],[22.4936901,48.6131622],[22.4941374,48.613376],[22.4947791,48.6137234],[22.4951331,48.6139016],[22.4953328,48.6139943],[22.4958928,48.6142539],[22.4960263,48.6143317],[22.4961861,48.61445],[22.4964917,48.6147031],[22.4968253,48.6149754],[22.4969771,48.6150773],[22.4971676,48.6151917],[22.4974255,48.6153207],[22.4980508,48.6156135],[22.4988289,48.6159985],[22.4990337,48.6160712],[22.4991802,48.6161093],[22.5000134,48.6163053],[22.5018199,48.6166971],[22.5026467,48.616879],[22.50275,48.6168983],[22.5031878,48.61698],[22.5036196,48.6170678],[22.5042277,48.6172017],[22.5043456,48.6172378],[22.5046486,48.6173443],[22.5050265,48.6174827],[22.5053971,48.6176421],[22.5065526,48.6182066],[22.5066073,48.6182358],[22.506815,48.6183494],[22.5072116,48.6185512],[22.5074684,48.6186772],[22.5078254,48.6188453],[22.5082192,48.6190476],[22.5085794,48.6193167],[22.5090149,48.619632],[22.5098359,48.6202013],[22.5099483,48.6202984],[22.5100234,48.6204047],[22.5100878,48.6205235],[22.5102015,48.6206332],[22.5104184,48.6207406],[22.5107101,48.6208264],[22.5114334,48.6210042],[22.5117545,48.6210336],[22.5119092,48.6210707],[22.5124255,48.621411],[22.512542,48.6214615],[22.512664,48.6214978],[22.5129065,48.6215402],[22.513573,48.6216884],[22.5138617,48.621731],[22.5139984,48.6217593],[22.5140929,48.6217883],[22.5152216,48.6223518],[22.5160314,48.6228098],[22.5161067,48.6228518],[22.5169637,48.6234451],[22.5176725,48.6240675],[22.5181103,48.6244596],[22.518433,48.6247567],[22.5188935,48.6251741],[22.5190625,48.6253177],[22.5191376,48.6253762],[22.5192168,48.625414],[22.5191088,48.6255322],[22.5188305,48.62582],[22.5185644,48.6261352],[22.5185528,48.6262236],[22.5185904,48.6263034],[22.518658,48.6263643],[22.518818,48.626501],[22.5190302,48.6266194],[22.5193912,48.6267226],[22.5198817,48.626885],[22.5201449,48.6269977]]}},
{"type":"Feature","properties":{"full_id":"w182891239","ref":"С-070720","length_km":5.53689,"name:uk":"Верхньокоропецька сільська громада","lenght_roads":5.5369,"id_roads":"51344"},"geometry":{"type":"LineString","coordinates":[[22.7880187,48.430656],[22.7880371,48.4307489],[22.787976,48.4308947],[22.7873924,48.4316925],[22.7876923,48.4316867],[22.7880815,48.4317532],[22.7887507,48.4321257],[22.7892419,48.432439],[22.7895817,48.4326462],[22.789694,48.4327875],[22.7897173,48.4328393],[22.789779,48.4330377],[22.7899002,48.4332237],[22.7901526,48.4334075],[22.7907173,48.4335844],[22.7912661,48.4336638],[22.7917811,48.4338061],[22.7921351,48.4340126],[22.7924911,48.4341546],[22.792997,48.4343052],[22.7935191,48.4343898],[22.7940111,48.4345098],[22.7943293,48.4346165],[22.7945383,48.4347149],[22.7948157,48.4348942],[22.7952036,48.4351586],[22.7955576,48.4354362],[22.7957202,48.4355542],[22.7959009,48.4356854],[22.7962335,48.4359416],[22.7965983,48.4361694],[22.7968665,48.4363972],[22.7972742,48.4365466],[22.7976497,48.4365182],[22.7980811,48.4364046],[22.7983824,48.436142],[22.7985115,48.4359478],[22.7986492,48.4357194],[22.7991483,48.4348743],[22.799243,48.4346688],[22.7994126,48.4342948],[22.7997438,48.4340291],[22.8003669,48.4337825],[22.8059216,48.4337094],[22.8064638,48.4335838],[22.8071558,48.4332255],[22.8079776,48.4330407],[22.8091449,48.432955],[22.8107124,48.4330178],[22.8115234,48.4331023],[22.8116277,48.4331213],[22.8134134,48.4340648],[22.8136007,48.4342365],[22.8136289,48.4343833],[22.8135735,48.434573],[22.813341,48.4351873],[22.8133517,48.4354187],[22.8134467,48.4355737],[22.8136307,48.4356785],[22.8138178,48.4357309],[22.8139573,48.4357194],[22.814151,48.4357034],[22.8144033,48.4356539],[22.8151542,48.4354329],[22.8155179,48.4353882],[22.8179742,48.4358058],[22.8182173,48.4359027],[22.8184441,48.436062],[22.8188719,48.4365856],[22.819016,48.436762],[22.8196662,48.437558],[22.8202257,48.4382461],[22.8204328,48.4388567],[22.8205354,48.4390426],[22.8209247,48.439243],[22.8212252,48.4390922],[22.8213923,48.4388209],[22.8217747,48.4384865],[22.8222005,48.4382213],[22.8236432,48.4377889],[22.8244515,48.4374602],[22.8244185,48.4371811],[22.8243918,48.436939],[22.8244808,48.4367973],[22.8247834,48.4366468],[22.8267858,48.4361213],[22.8270414,48.4360815],[22.8291421,48.4357548],[22.8347484,48.4348827],[22.8351406,48.434854],[22.8352455,48.4348463],[22.8375707,48.4358902],[22.8390424,48.4363156],[22.8399474,48.4365772],[22.8414214,48.436807],[22.845451270596648,48.437008207388395]]}},
{"type":"Feature","properties":{"full_id":"w204654658","ref":"С-070711","length_km":2.38249,"name:uk":"Великолучківська сільська громада","lenght_roads":2.3825,"id_roads":"70075"},"geometry":{"type":"LineString","coordinates":[[22.6142433,48.4882295],[22.6142364,48.4880546],[22.6142811,48.4872555],[22.614186,48.4866232],[22.6141334,48.4862492],[22.6141688,48.4859382],[22.6146967,48.4837822],[22.6149166,48.4827798],[22.6149861,48.4824628],[22.6161651,48.4774239],[22.6161651,48.4772324],[22.6160741,48.4769381],[22.6149833,48.4751886],[22.6148719,48.4749319],[22.6148039,48.4747848],[22.6148039,48.4746497],[22.6148269,48.4745056],[22.6160812,48.4742271],[22.6163136,48.4740846],[22.616491,48.4737538],[22.6168564,48.4729428],[22.6169316,48.4727969],[22.6170029,48.4726616],[22.6170132,48.4726239],[22.617032,48.4724479],[22.617,48.4722402],[22.6168085,48.4715109],[22.6166,48.4707665],[22.6163142,48.4702649],[22.6153784,48.4689251],[22.6146239,48.4681731]]}},
{"type":"Feature","properties":{"full_id":"w294681848","ref":"С-071308","length_km":1.38466,"name:uk":"Вишківська селищна громада","lenght_roads":1.3847,"id_roads":"39073"},"geometry":{"type":"LineString","coordinates":[[23.3158747,48.1179179],[23.315467,48.117898],[23.3152923,48.1178574],[23.315182,48.1177935],[23.3148712,48.1177714],[23.3143272,48.1178429],[23.3136561,48.1178842],[23.3132225,48.1178891],[23.3129212,48.1179004],[23.312645,48.1179236],[23.3125216,48.1179267],[23.3124277,48.1179129],[23.3123231,48.1178753],[23.3122439,48.1178185],[23.3121651,48.1177286],[23.3119829,48.1175296],[23.31191,48.117501],[23.311817,48.1174872],[23.3116854,48.1174807],[23.3112182,48.1175775],[23.3107594,48.1176515],[23.3105399,48.1177043],[23.3102575,48.1178296],[23.3100405,48.1179218],[23.3097936,48.1179912],[23.3095658,48.1180508],[23.3093857,48.1181169],[23.3088284,48.1184125],[23.3082772,48.1186808],[23.3076975,48.1191279],[23.3074844,48.1192952],[23.3073851,48.1194045],[23.3073315,48.1195227],[23.3072787,48.1196054],[23.3070499,48.1199112],[23.3067383,48.1202897],[23.3065966,48.1204161],[23.3065242,48.120443],[23.3063966,48.1204397],[23.3062785,48.1203972],[23.3058922,48.1202241],[23.3057302,48.1201637],[23.3056605,48.1201422],[23.3055697,48.1201353],[23.30542,48.1201288],[23.3052812,48.1201663],[23.3052234,48.1201819],[23.3045366,48.1206275],[23.3039429,48.1210513],[23.3037561,48.1211664],[23.3035014,48.1212748],[23.3031737,48.121408],[23.3031542,48.1214142],[23.3030652,48.1214424],[23.3025108,48.1216627],[23.301917,48.1219915],[23.3014321,48.1223036],[23.3013294,48.1223803],[23.3012266,48.1225034],[23.3011664,48.122601]]}},
{"type":"Feature","properties":{"full_id":"w165740678","ref":"О-070108","length_km":4.50056,"name:uk":"Берегівська міська громада","lenght_roads":4.5006,"id_roads":"50261"},"geometry":{"type":"LineString","coordinates":[[22.7941954,48.1456013],[22.809036,48.156326],[22.8135465,48.1596281],[22.8151724,48.1607954],[22.815873,48.1612979],[22.8161592,48.1614793],[22.8164175,48.1616307],[22.8167307,48.1617758],[22.81709,48.1619102],[22.8176133,48.1620697],[22.8177821,48.1621298],[22.817941,48.1622032],[22.8180452,48.162296],[22.8181914,48.1624631],[22.8183187,48.1625423],[22.8185709,48.162635],[22.818881,48.1626892],[22.8191904,48.1627829],[22.8194322,48.1629111],[22.8195444,48.1630358],[22.8196776,48.1632466],[22.8197892,48.1633726],[22.820115,48.1636269],[22.8202965,48.1637915],[22.8203577,48.1638867],[22.8203942,48.1639846],[22.8204933,48.1643119],[22.820545,48.1644212],[22.8206138,48.164521],[22.820887,48.1647257],[22.8210717,48.1649174],[22.8213278,48.165181],[22.8215075,48.1653624],[22.8216417,48.1655096],[22.8218648,48.1657284],[22.8220632,48.1658795],[22.8221911,48.1659228],[22.8224874,48.1659852],[22.8225613,48.1660186],[22.822842,48.1662206],[22.8229961,48.166373],[22.8231284,48.1665597],[22.8232213,48.1667036],[22.8233274,48.1669034],[22.8233811,48.1669968],[22.8234501,48.1671023],[22.8235631,48.1672766],[22.8236985,48.1674676],[22.8237725,48.1675374],[22.824094,48.1677228],[22.8244326,48.1678978],[22.8259371,48.1686334],[22.8261758,48.1687029],[22.8263913,48.1687216],[22.827273,48.1686927],[22.8289442,48.1685957],[22.8302921,48.1685212],[22.8318847,48.1684442],[22.8386674,48.1681433],[22.8388796,48.1681339],[22.838971781536074,48.168128506729225]]}},
{"type":"Feature","properties":{"full_id":"w203476479","ref":"С-070612","length_km":2.2633,"name:uk":"Міжгірська селищна громада","lenght_roads":2.2633,"id_roads":"61456"},"geometry":{"type":"LineString","coordinates":[[23.454228,48.6793972],[23.4540075,48.6794718],[23.4538891,48.6795453],[23.4538133,48.6796043],[23.4537875,48.6796468],[23.453711,48.6797767],[23.4536649,48.6799889],[23.453638,48.6800666],[23.4535812,48.6801494],[23.4534731,48.6802875],[23.4533831,48.6803624],[23.4532461,48.6804448],[23.452983,48.6805469],[23.4528688,48.6805894],[23.45215,48.6808571],[23.4520729,48.680899],[23.4519617,48.6809596],[23.4516634,48.6811673],[23.4513903,48.6814143],[23.4511408,48.6816959],[23.4506955,48.6822183],[23.4504998,48.6824361],[23.4502825,48.6826928],[23.4501028,48.6829089],[23.4499204,48.6831533],[23.4497436,48.6834376],[23.4497354,48.6834508],[23.4496226,48.683681],[23.4494072,48.6843193],[23.4494038,48.6843317],[23.4493239,48.6846238],[23.4492767,48.6846833],[23.4492096,48.6847683],[23.4490906,48.6848563],[23.4489853,48.6849147],[23.4488598,48.6849648],[23.4487402,48.6850003],[23.4485793,48.6850366],[23.448259,48.6850955],[23.4480321,48.6851278],[23.4477639,48.6851911],[23.4475022,48.6852797],[23.4474744,48.6852891],[23.4473303,48.6853379],[23.4470183,48.6854554],[23.446499,48.6855945],[23.4463139,48.6856575],[23.44616,48.6857404],[23.4460165,48.6859119],[23.4458214,48.6861589],[23.4457987,48.6861876],[23.4456812,48.6863021],[23.445425,48.6865497],[23.4452722,48.6867286],[23.4450239,48.6869261],[23.4449208,48.6870048],[23.4448564,48.6870844],[23.4447947,48.6872244],[23.4447653,48.6873199],[23.4447088,48.6874067],[23.4446391,48.6874988],[23.4445613,48.6875731],[23.4444621,48.6876706],[23.4443199,48.6877361],[23.4441939,48.6877838],[23.4440464,48.6878175],[23.4436709,48.6878866],[23.4433812,48.6879786],[23.4432041,48.6880689],[23.4429592,48.6882119],[23.4429038,48.6882443],[23.4426927,48.6883537],[23.4425282,48.688439],[23.4421476,48.6885987],[23.4419298,48.6886717],[23.4418121,48.6887117],[23.4416714,48.6887849],[23.4415079,48.6889024],[23.4413582,48.689012],[23.4412916,48.6890608],[23.4410043,48.6892638],[23.4408286,48.6893641],[23.4405694,48.6895064],[23.4405139,48.6895368],[23.4398756,48.6898237],[23.4394811,48.6900878],[23.4394242,48.6901243],[23.4393766,48.6901548],[23.4392828,48.6902026],[23.4391209,48.6902515],[23.4388912,48.6903017],[23.4385318,48.6903619],[23.4383574,48.6903991],[23.4381509,48.6904717],[23.4377482,48.6907019],[23.437024,48.6912859],[23.4369817,48.69132],[23.4367347,48.6915571],[23.4365382,48.6917661],[23.4364462,48.6919062],[23.4362095,48.6922666],[23.4361204,48.6923875],[23.4359428,48.6925318],[23.4356604,48.6927068],[23.4355762,48.692759],[23.4353614,48.6928655],[23.4352545,48.69292],[23.434975,48.6930089],[23.4347635,48.6930406],[23.4345065,48.6930379],[23.4343553,48.6930752],[23.4343194,48.693084],[23.4341531,48.6931399],[23.4338417,48.6932391]]}},
{"type":"Feature","properties":{"full_id":"w151111847","ref":"О-071208","length_km":2.26557,"name:uk":"Сюртівська сільська громада","lenght_roads":2.2656,"id_roads":"75126"},"geometry":{"type":"LineString","coordinates":[[22.1955756,48.5688915],[22.1913404,48.5673254],[22.1910577,48.5672176],[22.1908298,48.5671583],[22.1894142,48.566949],[22.1837687,48.5661243],[22.1835371,48.5660893],[22.1814125,48.5657686],[22.1737451,48.5646242],[22.1661666,48.5634828]]}},
{"type":"Feature","properties":{"full_id":"w93295599","ref":"С-070715","length_km":5.44542,"name:uk":"Івановецька сільська громада","lenght_roads":5.4454,"id_roads":"64160"},"geometry":{"type":"LineString","coordinates":[[22.7039343,48.5573119],[22.7040839,48.5571591],[22.7043977,48.5567561],[22.7044862,48.5566851],[22.7046364,48.5566354],[22.7047905,48.5566357],[22.7049058,48.5566692],[22.7049959,48.5567348],[22.7050884,48.5568277],[22.7053231,48.5570047],[22.7054143,48.5570899],[22.7055699,48.5571396],[22.7057116,48.5571336],[22.705874,48.5570809],[22.706058,48.5569266],[22.706278,48.5567171],[22.7063316,48.5566319],[22.7063664,48.556566],[22.7063745,48.5564898],[22.7063692,48.5564188],[22.7063611,48.5563407],[22.7064067,48.5562591],[22.706538,48.5560803],[22.7066267,48.5559262],[22.706809,48.5556093],[22.7071148,48.5551264],[22.707324,48.5548743],[22.7075335,48.554728],[22.7080589,48.554466],[22.7082145,48.5543346],[22.7084683,48.5540884],[22.7085686,48.5539369],[22.7086132,48.5537876],[22.7086544,48.5536031],[22.7087155,48.5534684],[22.7087671,48.5533546],[22.7089119,48.5530953],[22.7089764,48.5529881],[22.7089548,48.5528894],[22.7084829,48.5525182],[22.7076376,48.5519098],[22.7068852,48.5514594],[22.7062833,48.5509897],[22.7059961,48.5506532],[22.7059239,48.5505493],[22.7059471,48.5503295],[22.7059561,48.5502439],[22.7058984,48.5500514],[22.7055832,48.5496961],[22.7052212,48.5493952],[22.705021,48.549146],[22.7044862,48.5488199],[22.7043111,48.5486855],[22.7042127,48.5484755],[22.7041322,48.5481452],[22.704025,48.5478493],[22.7038996,48.5477489],[22.703703,48.5476161],[22.7035495,48.547442],[22.7033704,48.5472432],[22.7032482,48.5471409],[22.7031687,48.5470743],[22.7028717,48.5469159],[22.7025872,48.5467815],[22.7022592,48.5465911],[22.7017987,48.5462417],[22.7014285,48.5459044],[22.7012537,48.5457915],[22.7011442,48.5457446],[22.7006774,48.545575],[22.7005402,48.5455053],[22.7003996,48.5453971],[22.7002584,48.5452229],[22.7001916,48.545016],[22.7001407,48.5447105],[22.7000895,48.5446182],[22.7000089,48.5445211],[22.6999082,48.5444471],[22.6997065,48.5443453],[22.6994873,48.5442683],[22.6991962,48.5441674],[22.6986794,48.5439185],[22.6983463,48.543699],[22.6980691,48.5434598],[22.6977914,48.543049],[22.6975842,48.5427086],[22.6974376,48.5425347],[22.6973395,48.5424257],[22.697255,48.542325],[22.6972279,48.5422311],[22.6972377,48.5420841],[22.6973945,48.5412376],[22.6974021,48.5410566],[22.6973801,48.5409509],[22.6973103,48.5408396],[22.6972052,48.540731],[22.6970796,48.5406221],[22.6969028,48.5404783],[22.6966437,48.5402965],[22.6963589,48.5400647],[22.6960884,48.5397831],[22.6955621,48.539191],[22.6954376,48.5390571],[22.6952869,48.538915],[22.6951807,48.5388375],[22.695079,48.5387817],[22.6949278,48.5387273],[22.6947734,48.5386937],[22.6945417,48.5386631],[22.6939522,48.5386169],[22.6935904,48.5385873],[22.6933855,48.538562],[22.6931536,48.538506],[22.6928858,48.5384025],[22.6924232,48.5382014],[22.6920951,48.5380823],[22.6915435,48.5379036],[22.6911777,48.5377564],[22.6903164,48.5374052],[22.6897475,48.5371457],[22.689505,48.536986],[22.6893205,48.5367952],[22.6891397,48.5365308],[22.6890659,48.5363059],[22.6890227,48.5361508],[22.68902,48.5360125],[22.689032,48.5357821],[22.6889119,48.5355519],[22.6888344,48.535476],[22.6886729,48.5353655],[22.688077,48.5350181],[22.6876512,48.534781],[22.687068,48.5344564],[22.6866013,48.5342155],[22.6861192,48.5340108],[22.6857983,48.5338848],[22.6844644,48.5333666],[22.6842143,48.5332592],[22.6839889,48.5331356],[22.6831335,48.5325791],[22.6823793,48.5321045],[22.681521,48.5315003],[22.6813385,48.531375],[22.6810546,48.5312004],[22.6806525,48.5309878],[22.680203,48.5307696],[22.6792762,48.5303401],[22.6789336,48.5302261],[22.6784398,48.5300776],[22.6781315,48.5299964],[22.677798,48.5299534],[22.6776154,48.5299415],[22.6774669,48.529946],[22.6773059,48.5299594],[22.6764372,48.5301109],[22.6763362,48.5301196],[22.6762133,48.5301216],[22.675832,48.5301176],[22.6755681,48.53011],[22.6754461,48.5301063],[22.6753212,48.5300893],[22.6751354,48.5300445],[22.6748481,48.529993],[22.6741886,48.5299015],[22.673749,48.5298597],[22.6736915,48.5298551],[22.6725126,48.5297454],[22.6723915,48.5297281],[22.6720014,48.5296239],[22.6718243,48.5295712],[22.6715774,48.5294743],[22.6713407,48.5293238],[22.6712054,48.5291909],[22.6710221,48.5289668],[22.6708891,48.5287701],[22.6708295,48.5286798],[22.6707359,48.528584],[22.6703623,48.5282812],[22.6701318,48.5280655],[22.6700413,48.5279278],[22.6699716,48.5277608],[22.6699528,48.5275566],[22.6699361,48.5271543],[22.6699198,48.5270185],[22.6698669,48.5269011],[22.6698033,48.5268175],[22.6697305,48.5268116],[22.6691269,48.5268007],[22.6688295,48.5267754],[22.6685447,48.5267097],[22.6683146,48.5266224],[22.6680241,48.5264945],[22.6677475,48.5263346],[22.6675685,48.5262024],[22.6674432,48.5260736],[22.6673488,48.5259375],[22.6671674,48.5255835]]}},
{"type":"Feature","properties":{"full_id":"w165664462","ref":"С-070501","length_km":3.95278,"name:uk":"Іршавська міська громада","lenght_roads":3.9528,"id_roads":"95838"},"geometry":{"type":"LineString","coordinates":[[23.0278996,48.2989909],[23.0285528,48.2985147],[23.0291819,48.2981298],[23.0300476,48.297487],[23.0305011,48.2971503],[23.0306391,48.2970528],[23.0310481,48.2967229],[23.0314775,48.2963642],[23.0327747,48.2952726],[23.0334083,48.2948859],[23.0342148,48.2945923],[23.0345819,48.2943929],[23.034834,48.2941849],[23.0350509,48.2939768],[23.0353041,48.2938477],[23.0358319,48.2936389],[23.03621,48.2935227],[23.0368514,48.2934207],[23.0380858,48.2929105],[23.0387741,48.2926234],[23.0391435,48.2923921],[23.0394802,48.292201],[23.03971,48.2920848],[23.0400544,48.292016],[23.0402648,48.2920183],[23.0414667,48.2921067],[23.0448626,48.2923156],[23.0462605,48.2927263],[23.0465962,48.292822],[23.04798,48.2932167],[23.0494683,48.2938252],[23.0500958,48.2940216],[23.0502568,48.2940793],[23.0509915,48.2942882],[23.0522322,48.2945332],[23.0527304,48.2946619],[23.0535031,48.2949627],[23.0541588,48.2951271],[23.0550767,48.2955566],[23.055465,48.2958923],[23.0564645,48.2967454],[23.0565531,48.2968369],[23.056604,48.2969292],[23.0566163,48.297039],[23.0566496,48.2972361],[23.0566778,48.2974257],[23.0567783,48.2976109],[23.0569978,48.2979072],[23.0572155,48.2981872],[23.057385,48.2983259],[23.05765,48.2984905],[23.0577317,48.2985816],[23.0579131,48.2988597],[23.0580266,48.29899],[23.0581623,48.299099],[23.0583536,48.2991989],[23.0595893,48.2997117],[23.0614805,48.3004368],[23.0616293,48.300487],[23.0617666,48.3005173],[23.062454,48.3006002],[23.0633712,48.3007664],[23.0647563,48.3012251],[23.0652355,48.3013447],[23.0657362,48.301437],[23.0659036,48.3014628],[23.0660303,48.3014644],[23.0662681,48.3014544],[23.0671698,48.3014095],[23.0689981,48.3014112],[23.0691984,48.3014394],[23.069374,48.3014917],[23.0695383,48.3015584],[23.0696967,48.3016627],[23.0708639,48.3026526],[23.0709316,48.3027202]]}},
{"type":"Feature","properties":{"full_id":"w203731225","ref":"С-071001","length_km":7.78576,"name:uk":"Свалявська міська громада","lenght_roads":0.1275,"id_roads":"98447"},"geometry":{"type":"LineString","coordinates":[[23.0136854,48.5512031],[23.0120576,48.5508208]]}},
{"type":"Feature","properties":{"full_id":"w112608637","ref":"С-071210","length_km":11.06268,"name:uk":"Середнянська селищна громада","lenght_roads":11.0627,"id_roads":"95572"},"geometry":{"type":"LineString","coordinates":[[22.5246532,48.4919465],[22.5249789,48.492086],[22.525373,48.4921563],[22.5294183,48.4919094],[22.5294954,48.4919052],[22.5317072,48.491794],[22.5342066,48.4916935],[22.5362594,48.4915859],[22.5398349,48.4914034],[22.5405635,48.4913912],[22.5411719,48.4914062],[22.5415378,48.4914026],[22.5419932,48.491337],[22.542218,48.4913067],[22.5424945,48.4912926],[22.5435851,48.4913599],[22.544648,48.4913066],[22.5451779,48.49128],[22.5468723,48.4912379],[22.549402,48.4912509],[22.5503946,48.4913135],[22.5507391,48.4913225],[22.5523727,48.4912901],[22.5524653,48.4913076],[22.5525263,48.4913441],[22.5525847,48.4914027],[22.5526224,48.4914806],[22.5526778,48.4917493],[22.5527035,48.4921411],[22.55281,48.4936726],[22.5528502,48.4944405],[22.5529323,48.4952011],[22.5529575,48.4953185],[22.5530097,48.4954139],[22.5530755,48.4955407],[22.5531418,48.4956449],[22.5570367,48.49993],[22.5573403,48.5002632],[22.5576392,48.5005542],[22.5577426,48.500647],[22.5578728,48.5007312],[22.5604695,48.501767],[22.5624213,48.5025564],[22.5631134,48.5028434],[22.5643528,48.5034041],[22.5646088,48.5035314],[22.5654225,48.503942],[22.5664551,48.5045508],[22.5667963,48.5046897],[22.5672167,48.5047942],[22.5675635,48.504953],[22.5695235,48.5062353],[22.5696194,48.5063233],[22.5698708,48.5065901],[22.5704938,48.5074322],[22.5707835,48.507816],[22.5709712,48.5080221],[22.5712388,48.5083275],[22.5703423,48.5090782],[22.5700706,48.5092848],[22.5698715,48.5094117],[22.5696462,48.5095539],[22.5690615,48.5099022],[22.5685338,48.5102102],[22.5679469,48.5105528],[22.5676212,48.5107379],[22.5672414,48.5109539],[22.566713,48.5112542],[22.5666303,48.5113037],[22.5648654,48.5123595],[22.563799,48.5129975],[22.5624466,48.5138063],[22.5624204,48.513822],[22.5611477,48.5145592],[22.5611198,48.5145757],[22.5600717,48.5151972],[22.559119,48.5157622],[22.5582958,48.5162765],[22.5573638,48.5168932],[22.5569755,48.517189],[22.5567878,48.517379],[22.5565523,48.5176517],[22.5562451,48.5180776],[22.5556089,48.5189616],[22.5554213,48.5192162],[22.5546846,48.5202158],[22.5542197,48.5208465],[22.553954,48.521207],[22.5539392,48.5212271],[22.5533187,48.5220684],[22.5531559,48.522289],[22.5531212,48.5223361],[22.552867,48.5226845],[22.5528217,48.5227466],[22.5525768,48.5230823],[22.5521337,48.5236896],[22.5519048,48.5239814],[22.551713,48.5243146],[22.5515444,48.5246487],[22.5514113,48.5248347],[22.5512036,48.5250331],[22.550993,48.5251908],[22.5507148,48.5253466],[22.5503852,48.5255191],[22.5500262,48.5257669],[22.5498059,48.5259383],[22.5496311,48.526091],[22.5494091,48.5263788],[22.549241,48.5265377],[22.5491242,48.5266237],[22.5487849,48.5267705],[22.5484187,48.5269219],[22.5482653,48.5270031],[22.5479525,48.5272066],[22.5476707,48.527425],[22.5459739,48.5286126],[22.5455868,48.5288835],[22.5453401,48.5290683],[22.5451837,48.5292077],[22.545104,48.5292814],[22.5450066,48.5294086],[22.5448519,48.5295763],[22.5445113,48.529864],[22.5440629,48.5301754],[22.5437386,48.5304006],[22.5436643,48.5305446],[22.5434288,48.5310013],[22.5434151,48.5310228],[22.542861,48.5318889],[22.5427158,48.5320904],[22.5425518,48.5322223],[22.5423825,48.5323388],[22.5421107,48.5324465],[22.5416806,48.5325658],[22.5413689,48.5326172],[22.5411165,48.5326302],[22.5408627,48.5325973],[22.5407414,48.5325452],[22.5406463,48.5325056],[22.5405029,48.5324447],[22.5402568,48.5323298],[22.5402158,48.5323106],[22.5401706,48.5322956],[22.5399668,48.5322278],[22.5399493,48.5322242],[22.5396848,48.5321703],[22.5394043,48.532125],[22.538943,48.5320717],[22.5386316,48.5320452],[22.5385358,48.532037],[22.5384945,48.532034],[22.5384678,48.5320312],[22.5376763,48.5319337],[22.5374331,48.5319262],[22.5371432,48.531935],[22.536875,48.5319936],[22.5366524,48.5320664],[22.5363822,48.5321825],[22.5361693,48.532269],[22.5360392,48.5323394],[22.5358611,48.5324357],[22.5355661,48.5325886],[22.5353032,48.5327449],[22.5352703,48.5327647],[22.5351777,48.5328205],[22.5348053,48.5330449],[22.5344273,48.5332986],[22.5343614,48.5333431],[22.5342143,48.5334432],[22.5341419,48.5334872],[22.5333542,48.5339653],[22.533291,48.5340037],[22.5330362,48.5341583],[22.5330169,48.53417],[22.5329441,48.5342142],[22.5327268,48.5343461],[22.5326319,48.5344037],[22.5325505,48.5344475],[22.5322198,48.5346255],[22.5321531,48.5346614],[22.5319495,48.534771],[22.5314511,48.5350393],[22.5313447,48.5350933],[22.531076,48.5352279],[22.5309044,48.5353025],[22.5306872,48.5354037],[22.5305361,48.535466],[22.5304217,48.5355055],[22.5298772,48.5356825],[22.5291636,48.5359135],[22.5284904,48.5361123],[22.5278416,48.5362857],[22.5275459,48.5362887],[22.5272231,48.5362495],[22.5271014,48.5362314],[22.5226331,48.5355684],[22.5221051,48.5354901],[22.5213819,48.535389],[22.5204117,48.5352295],[22.5134989,48.5325942],[22.5107019,48.5315516],[22.5103673,48.5314239],[22.5095742,48.5311053],[22.5089807,48.5309148],[22.5086359,48.5307712],[22.5081702,48.5305931],[22.5069406,48.5301078],[22.5067477,48.5300317],[22.5063176,48.5298806],[22.5060779,48.5298006]]}},
{"type":"Feature","properties":{"full_id":"w203352220","ref":"С-070213","length_km":5.21351,"name:uk":"Костринська сільська громада","lenght_roads":5.2135,"id_roads":"74356"},"geometry":{"type":"LineString","coordinates":[[22.7215417,48.9160796],[22.7216618,48.9160827],[22.721763,48.9160885],[22.7218301,48.916103],[22.7233663,48.9164168],[22.7235827,48.9164563],[22.7238142,48.9164917],[22.7250347,48.9166327],[22.7258976,48.9167592],[22.7281115,48.9170393],[22.7290057,48.9171399],[22.7302113,48.9173016],[22.7304956,48.917351],[22.7308004,48.9174211],[22.732488,48.9178872],[22.7329999,48.9180121],[22.7338641,48.9181951],[22.7340576,48.9181917],[22.7342319,48.9181811],[22.7344014,48.9181654],[22.7347322,48.9181159],[22.7349535,48.9180895],[22.7351157,48.9180833],[22.7355195,48.918079],[22.7357434,48.9180666],[22.7360276,48.918023],[22.7363284,48.9179592],[22.7385452,48.9173275],[22.738775,48.9172632],[22.739387,48.9170655],[22.7398914,48.916905],[22.7400577,48.9168751],[22.7402602,48.9168565],[22.7407148,48.9168204],[22.7410582,48.9167658],[22.7420559,48.9165767],[22.7431035,48.9164138],[22.7440198,48.9162724],[22.7445306,48.9161743],[22.7447931,48.9161333],[22.7450771,48.9161084],[22.7460726,48.9160678],[22.7465336,48.9160447],[22.748591,48.9159512],[22.7492565,48.9159099],[22.7496114,48.9158787],[22.7499214,48.9158342],[22.7502651,48.9157437],[22.750533,48.9156686],[22.7506422,48.9156348],[22.7508014,48.9155701],[22.7508957,48.9155106],[22.750953,48.9154389],[22.7510125,48.9153647],[22.7510966,48.9152906],[22.7514035,48.9150613],[22.7518324,48.9146877],[22.7521171,48.9144516],[22.7523155,48.9142702],[22.7524579,48.9141353],[22.7525644,48.9140758],[22.7526895,48.9140365],[22.7528251,48.9140148],[22.7529605,48.9139869],[22.7531321,48.9139305],[22.7538942,48.9136239],[22.7545153,48.9133574],[22.7547102,48.9132619],[22.7547999,48.9132088],[22.7550033,48.913059],[22.7551389,48.9129315],[22.7570173,48.911215],[22.7572796,48.91099],[22.7578689,48.9104656],[22.7583652,48.9100337],[22.7584367,48.9099715],[22.7585117,48.9099079],[22.7586468,48.9097932],[22.7587259,48.9097544],[22.7587795,48.9097359],[22.7589276,48.9096927],[22.7590244,48.9096483],[22.7591235,48.9095649],[22.7594595,48.9092399],[22.7595704,48.9091476],[22.7600269,48.9086993],[22.7606651,48.9080497],[22.7607416,48.9079395],[22.760869,48.9077535],[22.7609749,48.9076495],[22.7610796,48.907571],[22.7614073,48.9073994],[22.7616247,48.907277],[22.761948,48.9070652],[22.7619989,48.9070389],[22.7622004,48.9069184],[22.7623392,48.9068481],[22.7625026,48.906796],[22.7627885,48.9067152],[22.7628857,48.9066874],[22.7629759,48.9066479],[22.7630798,48.9065882],[22.7631649,48.9065045],[22.7632562,48.9064015],[22.7635477,48.9060389],[22.7636998,48.9058309],[22.7637776,48.9057278],[22.7638819,48.9056282],[22.7643412,48.9053387],[22.7644507,48.9052731],[22.7646625,48.9051312],[22.7648492,48.904977],[22.7649191,48.9048834],[22.7650525,48.9046484],[22.765284,48.9043046],[22.7654917,48.9039965],[22.7656008,48.9038367],[22.7657223,48.903695],[22.765787,48.9036331],[22.7658618,48.903582],[22.7660599,48.9034854],[22.7667155,48.9032044],[22.7668034,48.9031579],[22.7669808,48.9030352],[22.7675544,48.9026589],[22.7678201,48.902477],[22.7685198,48.9019304],[22.7687967,48.9017504],[22.7689787,48.9016529],[22.7691795,48.9015625],[22.7693466,48.9014902],[22.7694404,48.9014474],[22.7694993,48.9014099],[22.7695781,48.9013382],[22.7697112,48.9012029],[22.7698314,48.9010426],[22.7699011,48.900903],[22.769925,48.9007851],[22.7699082,48.9006283],[22.7699377,48.9002221],[22.7699673,48.9000297],[22.7700136,48.8999465],[22.7700707,48.8998625],[22.7705897,48.899171],[22.7716144,48.8977328],[22.7723944,48.896666],[22.7725698,48.8964409],[22.7727208,48.8962104],[22.7728587,48.8959136],[22.7731508,48.8953047],[22.7731213,48.8952015],[22.7730465,48.8951074],[22.7729604,48.895049],[22.7728323,48.8949396],[22.7726258,48.8947641],[22.7724689,48.8945975],[22.7723476,48.8944487],[22.7723059,48.8943521]]}},
{"type":"Feature","properties":{"full_id":"w203292539","ref":"О-070502","length_km":8.7062,"name:uk":"Білківська сільська громада","lenght_roads":8.7062,"id_roads":"57616"},"geometry":{"type":"LineString","coordinates":[[23.105298835863497,48.304388799135857],[23.1074793,48.3045874],[23.1090763,48.304735],[23.1094336,48.304768],[23.10956,48.3047793],[23.1099377,48.3048155],[23.1154404,48.3053218],[23.1156148,48.3053363],[23.1159648,48.305371],[23.1164579,48.3054094],[23.1167303,48.3054475],[23.1170145,48.305519],[23.1181447,48.3059096],[23.1182109,48.3059375],[23.1195458,48.3065779],[23.1204521,48.3070234],[23.1206363,48.3071278],[23.1208327,48.3072742],[23.1209931,48.3073704],[23.121141,48.3074335],[23.1217969,48.3076053],[23.1219467,48.3076279],[23.1235648,48.3076929],[23.1236983,48.307711],[23.1240844,48.3078088],[23.1244057,48.3079315],[23.1249634,48.3081396],[23.1251208,48.308176],[23.1252803,48.3081895],[23.1264791,48.308165],[23.126704,48.3081391],[23.127467,48.3080043],[23.1276393,48.3079946],[23.1280618,48.3080077],[23.1290623,48.3080944],[23.1294721,48.3081299],[23.1296979,48.3081495],[23.1298022,48.3081585],[23.1306888,48.3082352],[23.1316843,48.3083214],[23.1323054,48.3083472],[23.1324811,48.3083391],[23.1330961,48.3082476],[23.1332668,48.3082135],[23.1340591,48.3079913],[23.1341887,48.3079734],[23.1343091,48.3079665],[23.1344179,48.3079657],[23.1345432,48.3079718],[23.1347047,48.3079931],[23.1355432,48.3081402],[23.135646,48.3081533],[23.1358218,48.3081747],[23.1359934,48.3081957],[23.1369345,48.3082924],[23.1382204,48.3084245],[23.1402874,48.3086386],[23.1421577,48.3088546],[23.1422434,48.3088615],[23.1432013,48.3089384],[23.1438973,48.3089915],[23.1444624,48.3090347],[23.1447218,48.3090545],[23.1455562,48.3091273],[23.1476115,48.309294],[23.1488115,48.3093978],[23.1551449,48.3098962],[23.1563713,48.3099955],[23.158283,48.3101467],[23.1647577,48.3106821],[23.1711706,48.3112027],[23.1713343,48.3112163],[23.17299,48.3113535],[23.1733586,48.3114259],[23.1737653,48.3115456],[23.174225,48.3117537],[23.17439,48.311859],[23.1745549,48.3119952],[23.1747847,48.3122254],[23.1751222,48.3125848],[23.175507,48.3129952],[23.1759743,48.3134851],[23.1761891,48.3137122],[23.1765556,48.3140998],[23.176609,48.3141677],[23.1766494,48.3142377],[23.1766782,48.314301],[23.1767004,48.3143709],[23.1767221,48.3145324],[23.1767767,48.3151833],[23.1767999,48.3153381],[23.1768262,48.3154319],[23.1768639,48.315516],[23.1768836,48.315554],[23.1769198,48.3156023],[23.1769788,48.3156628],[23.177048,48.3157254],[23.1771893,48.3158454],[23.177405,48.3160219],[23.1775985,48.3161962],[23.1778213,48.3163969],[23.1784484,48.3169278],[23.1790574,48.3174781],[23.1794309,48.3177877],[23.1797884,48.3180991],[23.1802848,48.318542],[23.1804259,48.3187142],[23.1805316,48.3188885],[23.1806363,48.3190981],[23.1806937,48.319306],[23.1807022,48.3193366],[23.1807643,48.3196384],[23.1808181,48.3197969],[23.1808941,48.3199382],[23.1810151,48.3201009],[23.1811657,48.3202465],[23.1816062,48.3206003],[23.1816568,48.320627],[23.1818341,48.3207205],[23.1820878,48.3208235],[23.1823281,48.3209032],[23.1825831,48.3209523],[23.182805,48.3209732],[23.1830306,48.3209721],[23.1836387,48.3209344],[23.1840158,48.3209215],[23.1842462,48.3209136],[23.1847984,48.320909],[23.1851272,48.3209167],[23.1854586,48.3209385],[23.1859385,48.3210057],[23.1862137,48.3210589],[23.1864526,48.3211142],[23.1871923,48.3213362],[23.1872607,48.3213582],[23.1904414,48.3223566],[23.1922567,48.3229302],[23.1943314,48.3235992],[23.1948833,48.3237621],[23.1950799,48.3238025],[23.196158,48.3239376],[23.196928,48.324019],[23.1984866,48.3241957],[23.1994746,48.324311],[23.2002284,48.324399],[23.2013436,48.3245336],[23.2016511,48.3245686],[23.2019542,48.3245774],[23.2022478,48.3245668],[23.2025677,48.3245332],[23.2028134,48.3245098],[23.2032013,48.3244621],[23.2041279,48.3243456],[23.2043454,48.3243444],[23.204588,48.3243628],[23.2047585,48.3244069],[23.2049204,48.3244758],[23.2072379,48.3254659],[23.2080842,48.3258274],[23.2081463,48.3258548],[23.2092673,48.3263492],[23.2100607,48.3266536],[23.210371558116233,48.326772864569143]]}},
{"type":"Feature","properties":{"full_id":"w275187072","ref":"О-070501","length_km":9.57849,"name:uk":"Іршавська міська громада","lenght_roads":9.5785,"id_roads":"82348"},"geometry":{"type":"LineString","coordinates":[[23.0419147,48.3184223],[23.0429205,48.3191221],[23.0439259,48.3198542],[23.0464124,48.3216649],[23.0481875,48.322901],[23.0482236,48.3229269],[23.0513241,48.3251705],[23.0518587,48.3255573],[23.0536499,48.3268533],[23.0538648,48.3270063],[23.0586825,48.3304358],[23.0587736,48.3305012],[23.0636501,48.3340038],[23.0644977,48.3346321],[23.0658093,48.3355922],[23.0661339,48.3358196],[23.0672148,48.3365773],[23.0677727,48.336966],[23.0702564,48.338724],[23.0722278,48.34017],[23.0723727,48.3402788],[23.0728474,48.3406103],[23.0731313,48.340801],[23.0733571,48.340925],[23.0736548,48.3410801],[23.0749418,48.3416872],[23.0759892,48.3421813],[23.0765001,48.3424203],[23.0782348,48.3432474],[23.079413,48.3438004],[23.0795627,48.34387],[23.0823515,48.3451842],[23.0846511,48.3462827],[23.0863191,48.3470794],[23.0866086,48.3471983],[23.0867466,48.347235],[23.0868704,48.3472525],[23.0870457,48.3472469],[23.0871558,48.3472383],[23.0873543,48.3471993],[23.0883481,48.3465658],[23.0885881,48.3464023],[23.0906042,48.3449948],[23.0917903,48.3441774],[23.0918924,48.3441207],[23.0919761,48.3440966],[23.0920909,48.3440725],[23.0921674,48.3440734],[23.0922242,48.3440808],[23.0922854,48.3440904],[23.0923686,48.3441216],[23.0925484,48.3442305],[23.0929137,48.3444925],[23.0936065,48.3450593],[23.0956633,48.3466522],[23.0964688,48.3472607],[23.0989153,48.3491079],[23.1018435,48.3513572],[23.1028757,48.352137],[23.103129,48.3523184],[23.1033608,48.3524533],[23.1047162,48.3531474],[23.1057648,48.3537047],[23.1059827,48.3538089],[23.1061174,48.3538288],[23.1062431,48.3538392],[23.1063938,48.3538375],[23.1071452,48.353783],[23.1086422,48.3537136],[23.1093021,48.3536857],[23.1105097,48.3536486],[23.1118615,48.3536388],[23.1119908,48.353623],[23.1119598,48.3533363],[23.111952,48.3529963],[23.1119896,48.3525329],[23.1120367,48.3523077],[23.112099,48.3521636],[23.1121597,48.3520512],[23.1122373,48.3519438],[23.1124676,48.3517525],[23.1125979,48.3516772],[23.1127156,48.3516375],[23.1128449,48.3515997],[23.1129572,48.3515774],[23.1131105,48.3515653],[23.1135045,48.3515652],[23.1137167,48.3515653],[23.1138539,48.3515611],[23.1140505,48.3515449],[23.1140954,48.3515333],[23.1142317,48.3514982],[23.1143825,48.351437],[23.1145503,48.3513555],[23.1149563,48.3511001],[23.1155495,48.350578],[23.1156818,48.3504652],[23.1158161,48.3503561],[23.1159255,48.350278],[23.1161451,48.3501643],[23.1164343,48.3500342],[23.1165876,48.3499594],[23.1166699,48.3498898],[23.1166867,48.3498494],[23.1166767,48.3497479],[23.1165538,48.3490771],[23.1165466,48.3489072],[23.1165556,48.3487441],[23.1165902,48.34859],[23.1166494,48.3484352],[23.1167425,48.3482922],[23.116872,48.3481492],[23.1173312,48.3477536],[23.117415,48.3476718],[23.1174836,48.3475919],[23.1177636,48.3471854],[23.1178774,48.3470784],[23.1179865,48.3470241],[23.118154,48.3469632],[23.1185718,48.3468859],[23.1189733,48.3468179],[23.1191643,48.3467547],[23.1192772,48.3467056],[23.119412,48.3466236],[23.1194816,48.3465736],[23.1195406,48.3465211],[23.1195809,48.3464685],[23.1196331,48.3463703],[23.119717,48.3460466],[23.1200211,48.3453284],[23.1201278,48.3449622],[23.1202877,48.344085],[23.1203601,48.3437846],[23.1204204,48.3435859],[23.1204904,48.343405],[23.1206376,48.3431241],[23.1207837,48.3428398],[23.1208979,48.3426722],[23.1210092,48.3425233],[23.1211808,48.3423522],[23.1214073,48.3421462],[23.1219274,48.3416525],[23.1220848,48.3414964],[23.1222108,48.3413396],[23.1224886,48.3408608],[23.1238965,48.3384671],[23.1255036,48.3357645],[23.1256593,48.3355465],[23.1257279,48.3354421],[23.1257835,48.3353532],[23.1258438,48.3352731],[23.1259047,48.3351891],[23.125931815362105,48.335163188650277]]}},
{"type":"Feature","properties":{"full_id":"w814903758","ref":"С-070719","length_km":1.84412,"name:uk":"Верхньокоропецька сільська громада","lenght_roads":1.8441,"id_roads":"11661"},"geometry":{"type":"LineString","coordinates":[[22.8195108,48.4546158],[22.8220741,48.45326],[22.8221387,48.4531008],[22.82218,48.4528839],[22.8221755,48.452845],[22.8220978,48.4521662],[22.8221762,48.4516883],[22.8225288,48.4504692],[22.8230935,48.449799],[22.8231847,48.4496531],[22.8232175,48.4495291],[22.822362,48.4444139],[22.8222221,48.4441418],[22.8220133,48.4437355],[22.8212911,48.4421343],[22.8212587,48.4419099],[22.8213447,48.4416716],[22.8214582,48.4415081],[22.8216261,48.4412055],[22.8216022,48.4410453],[22.8213419,48.4404284],[22.8209247,48.439243]]}},
{"type":"Feature","properties":{"full_id":"w122114956","ref":"С-070705","length_km":3.88909,"name:uk":"Верхньокоропецька сільська громада","lenght_roads":0.0,"id_roads":"73414"},"geometry":{"type":"LineString","coordinates":[[22.826524060636604,48.460200935510542],[22.826524060636601,48.460200935510542]]}},
{"type":"Feature","properties":{"full_id":"w228956724","ref":"С-070104","length_km":4.76344,"name:uk":"Берегівська міська громада","lenght_roads":4.7634,"id_roads":"24106"},"geometry":{"type":"LineString","coordinates":[[22.6264764,48.2530906],[22.6265288,48.2531089],[22.6266798,48.253303],[22.6272279,48.2539304],[22.6274398,48.2541358],[22.6278743,48.2544019],[22.6280104,48.254501],[22.6281316,48.254532],[22.6284776,48.2547277],[22.6285583,48.2547716],[22.6299664,48.2553788],[22.630814,48.2556556],[22.6314095,48.2557967],[22.6315168,48.2558538],[22.6332146,48.2566503],[22.633911,48.2564512],[22.6347627,48.2560861],[22.6351655,48.2559717],[22.6382314,48.255389],[22.6383793,48.25537],[22.6388097,48.2562592],[22.6391691,48.2571485],[22.641111,48.2616842],[22.6421142,48.2639912],[22.6422375,48.2642447],[22.6423234,48.2643661],[22.6424146,48.2644554],[22.6425487,48.2645018],[22.6428974,48.2645447],[22.6448607,48.2646983],[22.6469598,48.2649176],[22.6477736,48.2649768],[22.651172,48.2652553],[22.6512793,48.2652125],[22.6514791,48.2652393],[22.651511,48.2653399],[22.6513892,48.2659651],[22.651294,48.2665944],[22.6511103,48.2675068],[22.6510955,48.2675836],[22.651113,48.2676818],[22.6511953,48.2678181],[22.6516532,48.2684962],[22.6517214,48.2686823],[22.6516601,48.2703259],[22.6516566,48.2714436],[22.6513427,48.2743316],[22.6509384,48.2754615],[22.6507606,48.2758309],[22.6506677,48.2759387],[22.6505363,48.2760297],[22.6503571,48.2761308],[22.6493561,48.2766224],[22.6484383,48.2770496],[22.6482417,48.2771828],[22.6480965,48.2773107],[22.6480309,48.2774346],[22.6479943,48.2775796],[22.6479986,48.2777277],[22.648031,48.278011],[22.6483022,48.2794385],[22.6485561,48.2807391],[22.648589,48.2810492],[22.6487067,48.2816166],[22.6487245,48.2818409]]}},
{"type":"Feature","properties":{"full_id":"w151906923","ref":"С-070105","length_km":3.66855,"name:uk":"Косоньська сільська громада","lenght_roads":3.6685,"id_roads":"55751"},"geometry":{"type":"LineString","coordinates":[[22.4375474,48.2879672],[22.43775,48.2879493],[22.4449155,48.2883759],[22.4493838,48.288639],[22.4509518,48.2887367],[22.4520483,48.288805],[22.4531392,48.2888679],[22.4552862,48.2888756],[22.4573848,48.2888682],[22.4622883,48.2891319],[22.4624786,48.289063],[22.4642773,48.2879803],[22.4666053,48.2868157],[22.4686472,48.2858865],[22.4692604,48.2856936],[22.472674,48.2841244],[22.4736768,48.2830323],[22.4742937,48.2824325],[22.4747979,48.2820189],[22.4749061,48.2818652],[22.4749775,48.2817202],[22.4749746,48.2815907],[22.4749668,48.2814203],[22.4749021,48.2809834],[22.4747469,48.2806092],[22.4743234,48.2797269],[22.4740961,48.2794128],[22.4738308,48.2791253],[22.4734259,48.2786763],[22.4728249,48.2780613],[22.4726934,48.277891],[22.472589,48.2776558],[22.4725379,48.2774514],[22.4725297,48.2773005],[22.4725226,48.2771866],[22.4725163,48.2771017]]}},
{"type":"Feature","properties":{"full_id":"w203731224","ref":"С-071002","length_km":7.4408,"name:uk":"Свалявська міська громада","lenght_roads":7.4408,"id_roads":"58990"},"geometry":{"type":"LineString","coordinates":[[23.0333173,48.5277825],[23.0336593,48.5281773],[23.0339692,48.5285093],[23.0341742,48.5287396],[23.0342914,48.5288114],[23.034372,48.5288316],[23.034516,48.5288426],[23.0347683,48.5288207],[23.0349468,48.5288236],[23.035303,48.5288708],[23.0355492,48.528902],[23.035728,48.5289412],[23.0358919,48.5290255],[23.0360737,48.5291461],[23.0363158,48.5293978],[23.0363922,48.5295102],[23.0364062,48.5297076],[23.0363334,48.5299345],[23.0363432,48.5300979],[23.0363981,48.5302273],[23.0370047,48.5309991],[23.0370399,48.5310877],[23.0370322,48.5311869],[23.0369639,48.5316403],[23.0368377,48.5318998],[23.0365466,48.5323066],[23.0364872,48.5324236],[23.0364604,48.532552],[23.0364933,48.5330171],[23.0365189,48.5331956],[23.0366644,48.5340095],[23.0368403,48.5347271],[23.0368978,48.5348691],[23.0369622,48.5349807],[23.0372576,48.5352493],[23.037609,48.5355667],[23.0379009,48.5358033],[23.0380086,48.535873],[23.0386913,48.5363124],[23.0388746,48.5364303],[23.0398373,48.5369486],[23.040121,48.537098],[23.0403253,48.5371626],[23.0407256,48.5372069],[23.0410547,48.5372644],[23.0415401,48.5373913],[23.0416863,48.5374141],[23.0420602,48.5374487],[23.0423829,48.5375225],[23.043009,48.5377263],[23.0450235,48.5384135],[23.045159,48.5384513],[23.0453335,48.5384833],[23.0454943,48.5385046],[23.0455847,48.5385148],[23.0457802,48.538537],[23.0463794,48.5386396],[23.0465725,48.5386715],[23.0469737,48.5387098],[23.0478393,48.5387815],[23.0483051,48.5388239],[23.0486485,48.5388296],[23.0490696,48.5388118],[23.049193,48.5388154],[23.0493185,48.5388338],[23.0497741,48.5389458],[23.0505573,48.5391867],[23.0508248,48.539247],[23.0510035,48.5392736],[23.0511944,48.5392822],[23.0514193,48.539286],[23.0518591,48.5393038],[23.053239,48.5393681],[23.0535863,48.5393776],[23.05419,48.5393712],[23.054426,48.539354],[23.0545709,48.5393499],[23.0547854,48.5393641],[23.0551904,48.5394245],[23.0553514,48.5394298],[23.055521,48.5394167],[23.055725,48.5393757],[23.056016,48.5392776],[23.0597917,48.5380053],[23.0604583,48.5378084],[23.0625094,48.5372846],[23.0631191,48.537162],[23.063986,48.5370318],[23.0643505,48.5369597],[23.0644093,48.5369481],[23.0645419,48.5368986],[23.0646547,48.5368298],[23.0647765,48.5367553],[23.0652013,48.5364954],[23.0653279,48.5364374],[23.0655952,48.5363116],[23.0658093,48.5362269],[23.0660652,48.5360953],[23.0662492,48.5359747],[23.0666717,48.5356541],[23.06706,48.5354169],[23.0672933,48.535296],[23.0677427,48.5350684],[23.0679349,48.5349614],[23.068201,48.5347716],[23.0691021,48.534014],[23.0696724,48.5334915],[23.069893,48.533244],[23.0700056,48.5331499],[23.0700766,48.5330966],[23.0702162,48.5330033],[23.0704164,48.5328882],[23.0706949,48.5327404],[23.0708894,48.532633],[23.0711023,48.5325286],[23.072139,48.5321515],[23.0726721,48.5319633],[23.0728192,48.5319101],[23.0730098,48.531832],[23.0732303,48.5317198],[23.0734561,48.5315921],[23.0740895,48.5310904],[23.0745609,48.5306818],[23.0746014,48.5306343],[23.07491,48.5303268],[23.0750093,48.5302343],[23.075099,48.5301719],[23.0752185,48.530109],[23.075342,48.5300685],[23.0755323,48.5300149],[23.0757616,48.5299652],[23.0761881,48.5298798],[23.0766741,48.5297427],[23.0768717,48.5296682],[23.0773056,48.529508],[23.0774968,48.5294576],[23.0777263,48.5294247],[23.0782253,48.5293435],[23.0783442,48.5293004],[23.0784485,48.5292343],[23.0796358,48.5284486],[23.0801166,48.5280872],[23.0802905,48.5279739],[23.0804592,48.5278819],[23.0805826,48.5278268],[23.0807492,48.5277866],[23.080852,48.5277772],[23.0812057,48.5277712],[23.0816906,48.5277483],[23.0819136,48.5277403],[23.0821278,48.5277661],[23.0822265,48.5277789],[23.0824145,48.5278304],[23.0826748,48.5279638],[23.0828113,48.5280323],[23.0828998,48.5280636],[23.0829749,48.5280912],[23.0831372,48.5281297],[23.0835368,48.5281713],[23.0838399,48.5281807],[23.0841288,48.5281729],[23.0843698,48.5281571],[23.0845606,48.5281374],[23.0847861,48.5281231],[23.0849978,48.5281223],[23.085156,48.5281285],[23.0853319,48.5281401],[23.0856589,48.5281756],[23.0861328,48.5282431],[23.0863282,48.528292],[23.0865507,48.5283789],[23.0868379,48.5284989],[23.0869997,48.5285554],[23.0872294,48.5286241],[23.0874968,48.5286925],[23.0882881,48.5288474],[23.0886034,48.5289378],[23.0887972,48.5290077],[23.0892233,48.5291579],[23.0895703,48.5292671],[23.0899599,48.5293604],[23.0901503,48.5294172],[23.0902771,48.5294663],[23.0904454,48.5295344],[23.0906904,48.5296288],[23.0908236,48.5296872],[23.0909354,48.529748],[23.0910033,48.5297867],[23.0910976,48.5298797],[23.0911575,48.5299759],[23.0912335,48.5300972],[23.0913215,48.5302011],[23.0914178,48.5302831],[23.091617,48.5304071],[23.0921784,48.5307687],[23.0923417,48.530887],[23.0926613,48.5311921],[23.0931893,48.5317813],[23.0935712,48.5322441],[23.0936895,48.5323959],[23.0937925,48.5325647],[23.0938169,48.5326428],[23.0938388,48.5327311],[23.0938463,48.5328975],[23.0938525,48.5329627],[23.0937893,48.5337518],[23.0937029,48.5348273],[23.0936705,48.5349845],[23.0936198,48.5351604],[23.0935497,48.5353553],[23.0933962,48.5356594],[23.0931007,48.5361176],[23.0928821,48.5364371],[23.092748,48.5365901],[23.0924727,48.5369187],[23.0921232,48.5374709],[23.0918201,48.5378651],[23.0913196,48.5383961],[23.0911022,48.5386677],[23.0906805,48.5391433],[23.0900483,48.5398561],[23.0897692,48.5402209],[23.0897535,48.5402414],[23.0894662,48.5406164],[23.0893714,48.5406954],[23.0892284,48.5407928],[23.0889606,48.5410018],[23.0888535,48.5411151],[23.0887625,48.5412485],[23.0886853,48.5413757],[23.0886679,48.5414555],[23.0886464,48.5416444],[23.088643,48.5417855],[23.0885866,48.5419537],[23.0880275,48.5431068],[23.0879322,48.54335],[23.0878718,48.5436199],[23.0878258,48.5438418],[23.0877005,48.5444278],[23.0876606,48.5446962]]}},
{"type":"Feature","properties":{"full_id":"w121025095","ref":"С-070212","length_km":4.90624,"name:uk":"Великоберезнянська селищна громада","lenght_roads":4.9062,"id_roads":"24970"},"geometry":{"type":"LineString","coordinates":[[22.506098,48.9712557],[22.505628,48.9712658],[22.5054556,48.9712382],[22.505317,48.9711839],[22.5051313,48.9710392],[22.5045971,48.970575],[22.5044325,48.9704167],[22.5041745,48.9700206],[22.5039938,48.9698455],[22.5036804,48.9696624],[22.503621,48.9696236],[22.5035432,48.9695338],[22.5033191,48.9691719],[22.5032213,48.969025],[22.503101,48.968913],[22.5026096,48.9686188],[22.5022745,48.968458],[22.5019441,48.9683333],[22.5010706,48.9680024],[22.5009422,48.9679339],[22.5008244,48.9678156],[22.5005655,48.9674771],[22.5004301,48.9673358],[22.5003349,48.9671755],[22.5001861,48.9670046],[22.4999033,48.9667174],[22.4997881,48.9666021],[22.4996807,48.966447],[22.4996023,48.9662204],[22.499565,48.9655596],[22.4995457,48.9652183],[22.4994672,48.9647564],[22.4992929,48.9643338],[22.4989705,48.9638676],[22.4985348,48.9635103],[22.4977854,48.9629439],[22.497646,48.9628132],[22.4975153,48.9626389],[22.4974369,48.962334],[22.4972757,48.9619723],[22.496901,48.9616935],[22.4964653,48.9614843],[22.4959381,48.9614321],[22.4954936,48.9615541],[22.4950884,48.961541],[22.494522,48.961419],[22.4939643,48.9613754],[22.4933239,48.961236],[22.492117,48.9607567],[22.4917066,48.9606412],[22.4913053,48.9605863],[22.4909717,48.960613],[22.4907433,48.9606553],[22.4906221,48.9606778],[22.4905284,48.9606974],[22.4902598,48.9605106],[22.4901549,48.9604606],[22.4900601,48.9604403],[22.4899162,48.9604281],[22.4898317,48.9604298],[22.4897448,48.9604262],[22.4896936,48.9603999],[22.4896279,48.9603453],[22.4895233,48.9602176],[22.4893149,48.959963],[22.4888886,48.9593882],[22.488645,48.9591533],[22.4883422,48.9588889],[22.4873072,48.9578564],[22.4870821,48.9576848],[22.4868518,48.9575204],[22.486594,48.9574018],[22.4863011,48.9572694],[22.486251,48.9572105],[22.4862046,48.9571019],[22.4861674,48.9567016],[22.4861279,48.9564627],[22.4859861,48.9562258],[22.4856794,48.956033],[22.4854083,48.9559449],[22.4851084,48.9559072],[22.4849065,48.9558173],[22.4847049,48.9556473],[22.484249,48.9551673],[22.484014,48.9549631],[22.4839222,48.9548692],[22.4837619,48.9548169],[22.4835831,48.9547895],[22.48344,48.9548011],[22.4832339,48.9548618],[22.4831048,48.9549702],[22.4829138,48.9550891],[22.482705,48.9551712],[22.4824744,48.9552344],[22.4823323,48.955259],[22.4821418,48.9552714],[22.4819916,48.9552573],[22.4818824,48.9552211],[22.4817945,48.9551625],[22.481567,48.9549875],[22.4811674,48.9547055],[22.4806589,48.9544461],[22.4804835,48.9542879],[22.4802433,48.9539993],[22.4800444,48.9537725],[22.4798596,48.9536176],[22.479381,48.9532664],[22.4790191,48.9529861],[22.478696,48.9527319],[22.4783817,48.9525484],[22.4772004,48.9519917],[22.4770161,48.9519319],[22.4768068,48.9518811],[22.4763483,48.9518082],[22.4759593,48.9517105],[22.4755375,48.9515375],[22.4752271,48.9513735],[22.4750137,48.9511925],[22.4747244,48.9507922],[22.4746027,48.9506404],[22.4744428,48.9505018],[22.4741575,48.9504048],[22.4737996,48.9503048],[22.4734571,48.9501049],[22.4731982,48.9498749],[22.4730688,48.9496399],[22.473002,48.9492499],[22.4729774,48.94884],[22.4729559,48.9487023],[22.4728974,48.9485493],[22.4727862,48.9483973],[22.4725587,48.948115],[22.4723456,48.94779],[22.471888,48.9471746],[22.4714819,48.9466285],[22.4714345,48.9465224],[22.4713931,48.9464006],[22.4713701,48.9462141],[22.4713742,48.9460046],[22.4713942,48.9458759],[22.4714495,48.9456777],[22.4716257,48.9453143],[22.4717617,48.9450831],[22.4718222,48.9449152],[22.4718546,48.9446778],[22.4718153,48.9444437],[22.4717202,48.9442363],[22.4715262,48.9439954],[22.4712413,48.9437038],[22.471031,48.9434163],[22.4708749,48.943126],[22.4707776,48.9427034],[22.4707478,48.94246],[22.4707535,48.9422897],[22.4708283,48.9419808],[22.4709824,48.941646],[22.4714451,48.9408739],[22.4716569,48.9402663],[22.4716205,48.9399577]]}},
{"type":"Feature","properties":{"full_id":"w916907323","ref":"О-070702","length_km":0.08984,"name:uk":"Верхньокоропецька сільська громада","lenght_roads":0.0898,"id_roads":"64312"},"geometry":{"type":"LineString","coordinates":[[22.878697756044424,48.373161947782016],[22.8786338,48.3731458],[22.8779559,48.3729536],[22.8776988,48.3728294],[22.877641618391092,48.372783138175365]]}},
{"type":"Feature","properties":{"full_id":"w82264846","ref":"О-070106","length_km":11.18612,"name:uk":"Батівська селищна громада","lenght_roads":11.1861,"id_roads":"50914"},"geometry":{"type":"LineString","coordinates":[[22.3608154,48.3094236],[22.3618461,48.3107493],[22.3628979,48.3121223],[22.3629485,48.3122804],[22.3634568,48.3140345],[22.3615121,48.3143098],[22.3611796,48.3163023],[22.3608325,48.3182973],[22.3586262,48.331185],[22.3585897,48.3314826],[22.3585966,48.3316096],[22.3586449,48.3317541],[22.3587028,48.3318741],[22.3587897,48.3319805],[22.3589094,48.3320754],[22.3592701,48.3323282],[22.3595222,48.3324679],[22.3598286,48.3325644],[22.3601201,48.3325957],[22.360914,48.3326581],[22.361946,48.3327382],[22.3639323,48.3328957],[22.3643997,48.3329674],[22.3648162,48.3330325],[22.3662669,48.3333285],[22.3680212,48.3336732],[22.3678048,48.3341578],[22.3672705,48.3353419],[22.3667877,48.3364244],[22.3662601,48.3376329],[22.3660391,48.3380958],[22.3659566,48.3382203],[22.3658607,48.3383332],[22.3657554,48.3384397],[22.3656448,48.3385334],[22.3652995,48.3387633],[22.3649296,48.3389778],[22.3640484,48.3395095],[22.3626996,48.3403112],[22.3615114,48.3410352],[22.3612221,48.3412185],[22.3610091,48.3413542],[22.3609601,48.3414217],[22.3609086,48.3414927],[22.3608049,48.3416461],[22.3606995,48.3418726],[22.3605758,48.3421831],[22.360526,48.3423198],[22.3604217,48.3426061],[22.3603964,48.3426757],[22.3601339,48.3434247],[22.359534,48.3451004],[22.3591101,48.3462846],[22.3590751,48.3463778],[22.3582095,48.3486797],[22.3575424,48.3505174],[22.3572995,48.3511268],[22.3559707,48.3546837],[22.3557726,48.3551987],[22.3554803,48.3559534],[22.3567,48.356313],[22.3574939,48.3566565],[22.357541,48.3566763],[22.3579615,48.3568411],[22.358013,48.3568589],[22.3586744,48.3570867],[22.3594864,48.3573511],[22.3601998,48.3575868],[22.3607766,48.3577827],[22.3610919,48.3578863],[22.3622199,48.3582568],[22.3626655,48.3583735],[22.3628093,48.3583959],[22.3629541,48.358399],[22.365052,48.3583178],[22.3655838,48.3583129],[22.3670515,48.358333],[22.3690082,48.3583508],[22.3689736,48.3594326],[22.3689748,48.3599647],[22.3689096,48.3638185],[22.3688928,48.3645021],[22.3688959,48.3646114],[22.3688863,48.3647496],[22.3688588,48.3648943],[22.3687827,48.3650306],[22.3687413,48.3650907],[22.368597,48.365287],[22.3683434,48.3655793],[22.3681506,48.3657265],[22.3679266,48.3658542],[22.367236,48.3661719],[22.3669755,48.3663411],[22.3666399,48.3666197],[22.3659682,48.3671369],[22.3657851,48.3672501],[22.3655204,48.3673172],[22.3651655,48.3673697],[22.3643909,48.3674781],[22.3630121,48.3677258],[22.361302,48.3680338],[22.3609562,48.3681049],[22.3600228,48.3682686],[22.3593303,48.3683587],[22.3579322,48.3684696],[22.3567213,48.3685708],[22.3555395,48.3686634],[22.3538274,48.3688354],[22.3522987,48.3689966],[22.3515158,48.3690725],[22.3509992,48.3691226],[22.3502672,48.3692021],[22.3491853,48.369303],[22.3483179,48.3694001],[22.3475127,48.3694886],[22.3468137,48.3695583],[22.3466773,48.3695715],[22.3461346,48.3696179],[22.3448132,48.3697566],[22.34322,48.3699228],[22.3412454,48.3701228],[22.3370208,48.370525],[22.3364908,48.3705754],[22.3355349,48.3706153],[22.3352459,48.3706196],[22.3345838,48.3706293],[22.3326291,48.370552],[22.3295215,48.3703966],[22.326841173869923,48.370190577574867]]}},
{"type":"Feature","properties":{"full_id":"w131492377","ref":"О-071101","length_km":5.236,"name:uk":"Дубівська селищна громада","lenght_roads":5.236,"id_roads":"92432"},"geometry":{"type":"LineString","coordinates":[[23.889524,48.1515341],[23.8897504,48.1515686],[23.8899516,48.1515498],[23.8900937,48.1515086],[23.8902374,48.1514486]]}},
{"type":"Feature","properties":{"full_id":"w93295597","ref":"С-070712","length_km":12.44941,"name:uk":"Івановецька сільська громада","lenght_roads":12.4494,"id_roads":"58441"},"geometry":{"type":"LineString","coordinates":[[22.6486957,48.4599044],[22.6486776,48.4601388],[22.6485018,48.4610852],[22.648305,48.4622297],[22.6479558,48.4640408],[22.6477109,48.4651784],[22.6476916,48.4652556],[22.6471406,48.4681983],[22.6469351,48.4698895],[22.6468037,48.4710617],[22.6467386,48.4717164],[22.6466567,48.4725617],[22.646652,48.472675],[22.6466384,48.4728003],[22.6466073,48.4728993],[22.646572,48.4729408],[22.6465157,48.4729782],[22.6464218,48.473019],[22.6463038,48.4730386],[22.6461389,48.4730529],[22.645829,48.4730635],[22.6456271,48.4730793],[22.6454597,48.4731034],[22.6452025,48.4731896],[22.6448377,48.4733225],[22.6446902,48.4734156],[22.6446086,48.4734672],[22.6445502,48.4735437],[22.6445148,48.473661],[22.6445228,48.4737973],[22.6446618,48.4740726],[22.644711,48.4742],[22.6447856,48.4744132],[22.6448742,48.4747759],[22.645027,48.4751369],[22.6451558,48.4753736],[22.6452647,48.4755086],[22.645503,48.4757085],[22.6457568,48.4759123],[22.6458626,48.476021],[22.6460016,48.4762012],[22.6460956,48.4763648],[22.6465259,48.4772245],[22.6466277,48.4773806],[22.6473266,48.4782914],[22.64756,48.4785967],[22.6481478,48.4793423],[22.6482233,48.4794401],[22.6511187,48.4830915],[22.6511546,48.4831365],[22.652033,48.4843469],[22.6528162,48.4853781],[22.6542548,48.4873028],[22.6545113,48.4876643],[22.6552828,48.4889217],[22.6555306,48.4891824],[22.6565995,48.4899521],[22.6576783,48.4906186],[22.6589451,48.4913599],[22.6591731,48.491463],[22.6594393,48.4915488],[22.6598061,48.4916194],[22.6600878,48.4916496],[22.6604642,48.4916627],[22.6615578,48.4915719],[22.6617421,48.491575],[22.6618659,48.4916],[22.6619491,48.4916355],[22.6620591,48.4916889],[22.6627891,48.4922481],[22.6628879,48.492343],[22.6629281,48.4924088],[22.6629603,48.4924799],[22.6631239,48.4928176],[22.6631936,48.4929296],[22.6632607,48.4930113],[22.6633466,48.4930896],[22.6634565,48.4931602],[22.6642694,48.4936212],[22.6642879,48.4936317],[22.6654816,48.494316],[22.6662858,48.4948285],[22.6666135,48.495091],[22.6669487,48.495363],[22.6674235,48.4957984],[22.6682711,48.4965681],[22.6687539,48.4970053],[22.6689497,48.4971582],[22.6691258,48.497275],[22.6693734,48.4974177],[22.6696444,48.497535],[22.6699287,48.4976416],[22.6703069,48.4977838],[22.6704195,48.4978496],[22.6705429,48.4979562],[22.6721656,48.4998917],[22.6722165,48.4999646],[22.6722488,48.50001],[22.6722756,48.5000927],[22.6722658,48.5001724],[22.6721817,48.5002366],[22.6720128,48.5003307],[22.6716105,48.500544],[22.6712403,48.5007821],[22.6707065,48.501246],[22.6705,48.5013793],[22.6702573,48.5015204],[22.6697033,48.5016281],[22.6695156,48.5016476],[22.6693252,48.5016459],[22.6685392,48.5015943],[22.6669943,48.501493],[22.666584,48.5014646],[22.6647771,48.5013442],[22.6643282,48.5013028],[22.6639876,48.5012797],[22.6636818,48.5012637],[22.6634767,48.5012557],[22.6633611,48.5012582],[22.6632738,48.5012709],[22.6632057,48.501292],[22.6631376,48.5013259],[22.6630652,48.5013781],[22.6630141,48.5014303],[22.6629587,48.5015332],[22.6629004,48.5016706],[22.6625365,48.502785],[22.6620724,48.5042529],[22.6620324,48.5044781],[22.6620027,48.504747],[22.6620081,48.5049372],[22.6620403,48.5051024],[22.6621422,48.505337],[22.6624803,48.5059714],[22.6626187,48.5061993],[22.662777,48.5063913],[22.6631102,48.5067324],[22.6633966,48.5069937],[22.6636238,48.5071982],[22.6638298,48.5073481],[22.6642186,48.5076236],[22.6647386,48.5079262],[22.6651195,48.5081874],[22.6652221,48.5082796],[22.6652696,48.5083378],[22.6653126,48.5085162],[22.6654172,48.5090635],[22.6655003,48.5093567],[22.6655835,48.5096303],[22.6658111,48.5101725],[22.6659536,48.510652],[22.6659965,48.5109008],[22.6660261,48.5111656],[22.6661119,48.5119687],[22.6662209,48.512306],[22.6663584,48.5125864],[22.6669916,48.5136656],[22.6675216,48.5146931],[22.6675908,48.5148898],[22.6676445,48.5152203],[22.6677387,48.5162348],[22.6677709,48.5163946],[22.6678128,48.5165626],[22.6680973,48.5172348],[22.6681499,48.517379],[22.6681818,48.5175386],[22.6681779,48.5176878],[22.6681617,48.5178815],[22.66815,48.5180048],[22.6681376,48.5180965],[22.6678789,48.5187846],[22.6677371,48.5193284],[22.6676783,48.5196176],[22.6676488,48.5205698],[22.6675683,48.5218699],[22.6675555,48.5223887],[22.667566,48.5231421],[22.6675322,48.5234443],[22.6675004,48.5236079],[22.6674133,48.5239735],[22.6673646,48.5242464],[22.6673444,48.5244571],[22.6673633,48.5246461],[22.667483,48.5251969],[22.6674611,48.5253217],[22.6673901,48.5254201],[22.6673019,48.5254988],[22.6671674,48.5255835],[22.6656864,48.5262325],[22.6653644,48.5263951],[22.665281,48.5264313],[22.665149,48.526489],[22.6643393,48.526855],[22.6641707,48.5269578],[22.6640043,48.5271052],[22.6633365,48.5276935],[22.6631382,48.5278975],[22.6628217,48.528145],[22.6626689,48.5282445],[22.6625351,48.5283241],[22.6624158,48.5283754],[22.6623219,48.5284074],[22.6621878,48.5284394],[22.6620573,48.5284523],[22.6618701,48.5284572],[22.6616841,48.5284574],[22.6615066,48.5284731],[22.6613625,48.5285045],[22.6612437,48.5285939],[22.6611926,48.5286714],[22.6611378,48.5287955],[22.6611149,48.5289314],[22.6610828,48.5290344],[22.6610302,48.5291267],[22.660498,48.5298071],[22.6604015,48.529967],[22.6603452,48.5301144],[22.6601332,48.5306952],[22.6600152,48.5308799],[22.6597953,48.5311854],[22.6597068,48.5313808],[22.6596521,48.5315959],[22.6596049,48.5318923],[22.6595806,48.5331488],[22.659555,48.5334223],[22.6595237,48.5335741],[22.6594401,48.5337578],[22.6587549,48.5349684],[22.6586323,48.5351231],[22.6584429,48.5352845],[22.658242,48.5354356],[22.6580271,48.535574],[22.6578065,48.535702],[22.6575997,48.5358032],[22.6573438,48.5358977],[22.657082,48.5359578],[22.6568175,48.5359931],[22.656549,48.5360057],[22.6560204,48.536022],[22.6557816,48.5360326],[22.6556592,48.5360386],[22.6554974,48.5360696],[22.6552784,48.5361123],[22.6551819,48.5361478],[22.6548587,48.5362805],[22.6545368,48.5364008],[22.6543393,48.5364725],[22.6524246,48.5371708],[22.6523066,48.5372152],[22.6522207,48.5372383],[22.6521785,48.5372424],[22.6521288,48.5372372],[22.6519736,48.5374916],[22.6518881,48.5376415],[22.6517403,48.5379212],[22.6516471,48.5381246],[22.6509706,48.5396004],[22.6509399,48.5396673],[22.6505899,48.5404989],[22.6499354,48.5419943],[22.6496008,48.5427589],[22.6495913,48.5428166],[22.6495779,48.5428979],[22.6495419,48.5431161],[22.6494291,48.5438801],[22.6492594,48.5449024],[22.6491052,48.5457612],[22.6489699,48.5465116],[22.6484696,48.5494237],[22.6484388,48.5495976],[22.6483623,48.5498364],[22.6482189,48.5500593],[22.6479614,48.5503647],[22.6476041,48.5507979],[22.647541,48.5508676],[22.6474759,48.5509382],[22.6473981,48.5510234],[22.6472855,48.5512828]]}},
{"type":"Feature","properties":{"full_id":"w152326591","ref":"О-070706","length_km":2.99417,"name:uk":"Батівська селищна громада","lenght_roads":2.9942,"id_roads":"40864"},"geometry":{"type":"LineString","coordinates":[[22.497022659560702,48.344798064579344],[22.4992397,48.3455634],[22.4996114,48.3457487],[22.4997682,48.3459185],[22.4998263,48.3460656],[22.4998437,48.3462505],[22.5002085,48.3532123],[22.5003243,48.3569972],[22.5003489,48.3578017],[22.5003315,48.357956],[22.4994551,48.3610446],[22.4993833,48.3611875],[22.4992646,48.3613304],[22.4990117,48.3615577]]}},
{"type":"Feature","properties":{"full_id":"w171672723","ref":"С-070707","length_km":0.45091,"name:uk":"Кольчинська селищна громада","lenght_roads":0.4509,"id_roads":"11563"},"geometry":{"type":"LineString","coordinates":[[22.7151159,48.4132752],[22.7151614,48.413084],[22.7151576,48.412888],[22.7151185,48.4125072],[22.7150351,48.4121666],[22.7147879,48.4117282],[22.7137353,48.4102991],[22.7132356,48.4096728],[22.713101036548789,48.409528929060485]]}},
{"type":"Feature","properties":{"full_id":"w892152007","ref":"С-071312","length_km":2.07756,"name:uk":"Вишківська селищна громада","lenght_roads":2.0776,"id_roads":"70693"},"geometry":{"type":"LineString","coordinates":[[23.3513213,48.0596596],[23.3508749,48.0596305],[23.3505588,48.0596614],[23.3503068,48.0597102],[23.3501167,48.0596542],[23.3499249,48.0595632],[23.3498806,48.0595422],[23.3494373,48.0593318],[23.3493811,48.059321],[23.3490961,48.0592663],[23.348542,48.0592047],[23.347669,48.0591076],[23.3470666,48.0590406],[23.3470171,48.0590309],[23.3462731,48.0588847],[23.3461732,48.0588651],[23.346136,48.0588578],[23.3454735,48.0587249],[23.344967,48.0586404],[23.3444372,48.0585062],[23.3442738,48.0584512],[23.3436433,48.0579761],[23.3432296,48.0577892],[23.3423101,48.0575532],[23.3407866,48.0571623],[23.3404836,48.0570942],[23.3402901,48.0570644],[23.3401179,48.0570761],[23.3400024,48.0571092],[23.3396317,48.0573139],[23.3394033,48.0573506],[23.3392041,48.0573304],[23.3385697,48.0572662],[23.3371739,48.056933],[23.336817,48.0568211],[23.3363249,48.0566425],[23.335609,48.0564146],[23.3353662,48.0563128],[23.3352532,48.0562397],[23.3350933,48.0561444],[23.3349099,48.0559961],[23.3346785,48.0558845],[23.3344865,48.055851],[23.3342427,48.0558302],[23.3338435,48.0558193],[23.3328291,48.0557638],[23.3326298,48.055803],[23.3322972,48.0559535],[23.3316501,48.0562919],[23.331239,48.0565068],[23.3306947,48.0568571],[23.3303434,48.0571009],[23.329914,48.0574719],[23.3297246,48.0576159],[23.329244,48.0579521],[23.3290109,48.0581999],[23.3289606,48.0582517],[23.3288476,48.0583874],[23.328775,48.058474],[23.3286302,48.0586497],[23.3283969,48.0588226],[23.3280973,48.0589924],[23.3277159,48.0591671],[23.3274637,48.0592725],[23.3273801,48.0593074]]}},
{"type":"Feature","properties":{"full_id":"w371730908","ref":"О-070110","length_km":6.15809,"name:uk":"Кам'янська сільська громада","lenght_roads":6.1581,"id_roads":"42782"},"geometry":{"type":"LineString","coordinates":[[22.868795646157217,48.269115350425068],[22.871038,48.2702267],[22.872966,48.2712622],[22.8733286,48.2714684],[22.8748694,48.2723518],[22.8755844,48.2727039],[22.8769782,48.2732619],[22.8775505,48.2735421],[22.8781754,48.2738556],[22.8783417,48.2739518],[22.8789549,48.2743583],[22.8795657,48.2747681],[22.8799212,48.2750372],[22.8801548,48.2753139],[22.8804723,48.2757118],[22.8807597,48.2760141],[22.8816032,48.2767066],[22.8818978,48.2768974],[22.8827981,48.2774051],[22.8832104,48.2776222],[22.8836158,48.2777525],[22.8841884,48.2778859],[22.8853174,48.2781028],[22.8861975,48.2782549],[22.8867681,48.2783103],[22.887408,48.2783346],[22.8881626,48.2783093],[22.8887703,48.2782386],[22.8911519,48.2777773],[22.8932118,48.2773882],[22.8934832,48.2773449],[22.8937644,48.2773346],[22.8962994,48.2773951],[22.8974933,48.2773796],[22.8977925,48.2773882],[22.8985263,48.2774319],[22.8988533,48.2774669],[22.8994064,48.2775556],[22.8998864,48.2776317],[22.9002607,48.2777273],[22.9006337,48.2778772],[22.9010439,48.2780808],[22.9014634,48.2783218],[22.90323,48.2794766],[22.9036224,48.2796417],[22.9040164,48.2797991],[22.904795,48.2800149],[22.9070953,48.2805235],[22.9077564,48.2806769],[22.9084468,48.280819],[22.9089051,48.2808976],[22.9092698,48.2809441],[22.9097217,48.2809531],[22.9113713,48.2808895],[22.9146068,48.2807196],[22.9220709,48.2803598],[22.9228338,48.280323],[22.9264444,48.2801871],[22.9300754,48.2800374],[22.9323482,48.2799727],[22.9331409,48.2800371],[22.9332233,48.2800369],[22.9333462,48.2800366],[22.9336005,48.2800122],[22.9338849,48.279955],[22.9344989,48.2797635],[22.9352978,48.2794729],[22.935635,48.2794099],[22.9362616,48.2793867],[22.9365766,48.2793899],[22.9371183,48.2794591],[22.9378813,48.2796944],[22.9385101,48.2798798],[22.9388343,48.2799384],[22.9391795,48.27998],[22.9395191,48.2799922],[22.9400791,48.2800042],[22.9408317,48.2799102],[22.9420933,48.2795899],[22.9441156,48.2793095],[22.9443592,48.2792862]]}},
{"type":"Feature","properties":{"full_id":"w150908341","ref":"О-071002","length_km":19.84272,"name:uk":"Довжанська сільська громада","lenght_roads":19.8427,"id_roads":"92802"},"geometry":{"type":"LineString","coordinates":[[23.281131,48.3666197],[23.2811651,48.3666878],[23.2811934,48.3667591],[23.2811786,48.3668189],[23.2811116,48.3669088],[23.2810206,48.3670268],[23.2808651,48.3672113],[23.2807938,48.3672956],[23.2803633,48.3678381],[23.2802157,48.3680404],[23.2801788,48.3681188],[23.28016,48.3681897],[23.2801647,48.3682559],[23.2801782,48.3682933],[23.2802117,48.3683928],[23.2804061,48.3686071],[23.2811612,48.3692601],[23.2812376,48.3693082],[23.2817647,48.3696396],[23.2819672,48.3697848],[23.2820341,48.3698464],[23.2821617,48.3699638],[23.2825406,48.3704132],[23.2831206,48.3711453],[23.283488,48.3715934],[23.2835699,48.3717226],[23.2836341,48.3718358],[23.2837858,48.3722606],[23.2838389,48.372415],[23.2838656,48.3724927],[23.2839529,48.3727466],[23.2842746,48.3736822],[23.284422,48.3741107],[23.2845421,48.374447],[23.2849002,48.37545],[23.2850144,48.3757836],[23.2853588,48.3767897],[23.2862485,48.3793767],[23.2863392,48.3795947],[23.286447,48.3797959],[23.2864746,48.3798475],[23.2866598,48.3801354],[23.2872377,48.3811252],[23.2872872,48.3812045],[23.2873316,48.3812757],[23.2874107,48.3813432],[23.2875819,48.3814815],[23.2877746,48.3816197],[23.2880799,48.3818518],[23.2883809,48.3820637],[23.2884838,48.3821362],[23.2886553,48.3823069],[23.2888294,48.3825207],[23.2891118,48.3828655],[23.2894049,48.383196],[23.289751,48.3835432],[23.2907294,48.3844005],[23.2910636,48.3847275],[23.2912422,48.3849376],[23.2913402,48.3851082],[23.2914316,48.3853096],[23.2920928,48.3869119],[23.2921391,48.387041],[23.292169,48.3871754],[23.2921779,48.3872888],[23.2921864,48.3874426],[23.2921609,48.387667],[23.2920483,48.3879449],[23.2919376,48.3881159],[23.2916915,48.388424],[23.2914067,48.3886692],[23.2902648,48.3895001],[23.2900742,48.3896388],[23.2898006,48.3898044],[23.2895672,48.3899184],[23.2893285,48.389995],[23.2890683,48.3900555],[23.2887143,48.3901108],[23.2883126,48.3901726],[23.2877775,48.3902599],[23.2875683,48.3903143],[23.2874651,48.3903543],[23.2873993,48.3903944],[23.287337,48.3904438],[23.28729,48.3905124],[23.2872565,48.3906326],[23.2872605,48.390817],[23.2872887,48.3911144],[23.2873082,48.3914052],[23.2873169,48.391582],[23.2873236,48.3918396],[23.2873249,48.3918883],[23.287278,48.3920878],[23.2871868,48.3922882],[23.2870312,48.3925117],[23.2869444,48.392626],[23.2867934,48.3927721],[23.2867783,48.3927867],[23.2859906,48.3935606],[23.2858618,48.3936649],[23.2857236,48.3937531],[23.2855627,48.393835],[23.2839024,48.3944637],[23.282845,48.3948521],[23.2818613,48.3952135],[23.2783783,48.3965251],[23.2780498,48.3966515],[23.2777776,48.3967861],[23.2775268,48.3969766],[23.2774618,48.3970454],[23.2758733,48.3992195],[23.275735,48.3994181],[23.2731332,48.4028899],[23.2730073,48.403066],[23.2728892,48.4032663],[23.2725712,48.4038784],[23.272507,48.4040258],[23.2724638,48.404149],[23.2724172,48.4043365],[23.2724094,48.4045609],[23.2724082,48.4048504],[23.2724285,48.4056553],[23.2724011,48.4057378],[23.2723535,48.4057882],[23.2722563,48.4058571],[23.2722029,48.4058846],[23.2721178,48.4059284],[23.2711441,48.4062547],[23.271048,48.4063057],[23.2704361,48.4068542],[23.270284,48.4070643],[23.2702473,48.4071498],[23.2702124,48.4072708],[23.2700697,48.408281],[23.2700434,48.4083436],[23.2700112,48.4083837],[23.2699073,48.4084928],[23.2698101,48.408592],[23.2696084,48.4087683],[23.2693075,48.4090121],[23.2692659,48.4090485],[23.2691956,48.4090948],[23.268561,48.4095128],[23.2684636,48.40959],[23.2684113,48.4096505],[23.2683803,48.4097032],[23.2683285,48.4098445],[23.2683174,48.4099461],[23.2683161,48.4100751],[23.268312,48.4101404],[23.2682463,48.410352],[23.2676997,48.4114283],[23.2676515,48.4115232],[23.2672343,48.4123524],[23.2671504,48.412677],[23.2671187,48.4129973],[23.2671286,48.4132608],[23.2671776,48.41352],[23.2672964,48.4141009],[23.267347,48.4143482],[23.268198,48.4168952],[23.2686352,48.4181598],[23.2686651,48.4182545],[23.2686971,48.4183562],[23.2687132,48.4185873],[23.2686621,48.4189441],[23.2684778,48.4202297],[23.2684191,48.4206393],[23.2683432,48.4211685],[23.2682812,48.421312],[23.268201089235212,48.421427958891194]]}},
{"type":"Feature","properties":{"full_id":"w165948063","ref":"О-070602","length_km":6.59078,"name:uk":"Бедевлянська сільська громада","lenght_roads":6.5908,"id_roads":"25546"},"geometry":{"type":"LineString","coordinates":[[23.6573548,48.0038773],[23.6573622,48.0042016],[23.6573651,48.0043307],[23.657332,48.0044829],[23.6572418,48.004817],[23.6570165,48.0053931],[23.6569816,48.0055044],[23.6569802,48.005569],[23.6570011,48.0056103],[23.6570433,48.0056587],[23.6571157,48.0057018],[23.657219,48.0057511],[23.6574063,48.0058194],[23.6576924,48.0059036],[23.6579792,48.0059601],[23.6586963,48.0059782],[23.6589932,48.0059709],[23.6594442,48.005935],[23.6604524,48.0060445],[23.6611417,48.0061253],[23.66159,48.0061968],[23.6622414,48.0063783],[23.662464,48.0064501],[23.6626459,48.0064821],[23.662979,48.0065093],[23.6637622,48.0065344],[23.6643979,48.0065631],[23.6647117,48.0065936],[23.6649588,48.0066196],[23.666136,48.006861],[23.6664542,48.006947],[23.6666483,48.0070405],[23.6668843,48.0071661],[23.6691157,48.0084206],[23.6751419,48.0118027],[23.678328,48.0137199],[23.6815319,48.0156366],[23.6827796,48.0164065],[23.6831839,48.0166559],[23.6854233,48.0179582],[23.6862785,48.0187219],[23.6865717,48.0189223],[23.6869017,48.0190964],[23.6872771,48.0192255],[23.6878119,48.0193748],[23.6881167,48.0194821],[23.6884384,48.0196198],[23.6891578,48.0199799],[23.6906801,48.0207465],[23.6908478,48.0208451],[23.6909169,48.0209012],[23.6909927,48.0209679],[23.6910369,48.0210231],[23.6910819,48.0210909],[23.6912241,48.0213606],[23.6913442,48.0216252],[23.6914999,48.0219682],[23.6916867,48.0224243],[23.6917832,48.0226682],[23.6918481,48.022901],[23.6918905,48.0231544],[23.6919308,48.0234585],[23.6919683,48.0240608],[23.692058,48.0247262],[23.6921627,48.0251039],[23.6922955,48.0254165],[23.6924968,48.0257532],[23.6934711,48.0272084],[23.6945334,48.0287152],[23.6955272,48.0299748],[23.6961711,48.0305186],[23.6964848,48.0308399],[23.696676,48.0312454],[23.6967296,48.0316816],[23.6968706,48.0320301],[23.6972422,48.0324161],[23.6975024,48.0326227],[23.6977166,48.0327834],[23.6979997,48.03312],[23.6984129,48.0340229],[23.6984817,48.0345355],[23.6983364,48.0350022],[23.6982905,48.0354996],[23.6984212,48.0361032],[23.6988157,48.0366945],[23.6999824,48.0381822],[23.6999924,48.0381954],[23.7001751,48.038436],[23.7010972,48.0396507],[23.7014231,48.0402571],[23.7015805,48.0405833],[23.7018538,48.0411498],[23.7021826,48.0417135],[23.7025976,48.0421128],[23.704267,48.0437748],[23.705431,48.0452702],[23.705848,48.0457797],[23.7062328,48.0462001],[23.7064839,48.0467437],[23.7066212,48.0469443],[23.7068855,48.0471856],[23.707178119153095,48.047567971725734]]}},
{"type":"Feature","properties":{"full_id":"w244818807","ref":"С-071117","length_km":13.23801,"name:uk":"Нересницька сільська громада","lenght_roads":13.238,"id_roads":"48244"},"geometry":{"type":"LineString","coordinates":[[23.7745269,48.1211591],[23.7748137,48.1211485]]}},
{"type":"Feature","properties":{"full_id":"w121854763","ref":"О-071001","length_km":5.97982,"name:uk":"Чинадіївська селищна громада","lenght_roads":5.9798,"id_roads":"96555"},"geometry":{"type":"LineString","coordinates":[[22.8492951,48.5033082],[22.8491485,48.5030614],[22.8487265,48.502141],[22.8486099,48.5019029],[22.8483185,48.5012433],[22.8478613,48.5002489],[22.8475313,48.499531],[22.8473638,48.499159],[22.8469566,48.4982546],[22.8467751,48.4978467],[22.8465187,48.4972791],[22.8458079,48.4957054],[22.8457406,48.4955563],[22.8456607,48.4953796],[22.845402,48.4948067],[22.8451523,48.4943484],[22.8447226,48.4932751],[22.8444282,48.4929712],[22.8442749,48.4928555],[22.8412408,48.4911622],[22.8392813,48.49005],[22.8388569,48.4898005],[22.8386639,48.4897334],[22.8384462,48.4896826],[22.8379466,48.4896282],[22.8375702,48.4895556],[22.8374411,48.4894975],[22.8373552,48.4894231],[22.8372782,48.4892533],[22.837258,48.4892085],[22.8371283,48.4889109],[22.837016,48.4887863],[22.8368939,48.4886865],[22.8367168,48.4885723],[22.8336198,48.4868271],[22.8324661,48.4861815],[22.8314917,48.4855961],[22.8313656,48.4855287],[22.8312087,48.4854776],[22.8305975,48.4853158],[22.8294701,48.4850534],[22.829444,48.4850489],[22.8293692,48.4850299],[22.828532,48.4848227],[22.8278461,48.484653],[22.8274983,48.4845669],[22.8267868,48.4842775],[22.8246203,48.4834043],[22.8204605,48.4817278],[22.8198484,48.4815246],[22.8189951,48.4812552],[22.8171957,48.4807038],[22.816726,48.4805671],[22.8128246,48.4793454],[22.8127063,48.4793086],[22.7969087,48.4743915],[22.7966342,48.474306],[22.7963114,48.4742055],[22.7961896,48.4741676],[22.7958786,48.4740706],[22.7945521,48.473657],[22.789019189200808,48.471931916680667]]}},
{"type":"Feature","properties":{"full_id":"w133485281","ref":"О-071208","length_km":0.36442,"name:uk":"Ужгородська міська громада","lenght_roads":0.3644,"id_roads":"10460"},"geometry":{"type":"LineString","coordinates":[[22.2605653,48.610345],[22.2592838,48.6099865],[22.2591059,48.6099367],[22.2590073,48.6099091],[22.2573118,48.6094347],[22.2571157,48.6093824]]}},
{"type":"Feature","properties":{"full_id":"w230066146","ref":"С-071303","length_km":8.41403,"name:uk":"Хустська міська громада","lenght_roads":8.414,"id_roads":"11840"},"geometry":{"type":"LineString","coordinates":[[23.3917903,48.2453789],[23.3918749,48.245236],[23.3920289,48.2449759],[23.3925424,48.2443084],[23.3928362,48.2441234],[23.3933909,48.2439176],[23.3947052,48.2435039],[23.3958641,48.2432095],[23.3991737,48.2422626],[23.4007867,48.2418965],[23.4033913,48.2411406],[23.4045383,48.2408223],[23.4053389,48.240695],[23.4058407,48.2405756],[23.4061155,48.2403449],[23.4065934,48.2400027],[23.4075492,48.239565],[23.408756,48.2393263],[23.4092445,48.2392513],[23.4094913,48.2392135],[23.41013,48.2390796],[23.4105697,48.2389178],[23.4110134,48.2386831],[23.4114363,48.2384784],[23.4117709,48.2383139],[23.4121893,48.2380094],[23.4125708,48.2376229],[23.4129595,48.2372393],[23.4132154,48.2368948],[23.4134219,48.236663],[23.4135416,48.2365364],[23.4137579,48.2363846],[23.4143767,48.2360303],[23.4145877,48.2359326],[23.4148503,48.2358374],[23.4151392,48.2357711],[23.4153281,48.2357221],[23.4160413,48.2355478],[23.4162913,48.2354772],[23.4166347,48.2353803],[23.4167767,48.2353426],[23.4172092,48.2352277],[23.4177477,48.2350486],[23.4182624,48.2348562],[23.4185117,48.2347267],[23.4188352,48.234511],[23.4193834,48.2342691],[23.4198297,48.23418],[23.4202799,48.2341854],[23.4206692,48.2342662],[23.4210272,48.2344295],[23.4213454,48.2346085],[23.421867,48.2348315],[23.422454,48.2349557],[23.4227899,48.2349267],[23.4231579,48.2348512],[23.4236885,48.2346758],[23.4241038,48.2345134],[23.4245733,48.2342789],[23.4252187,48.2340651],[23.4258885,48.2339313],[23.426512,48.2338094],[23.4266657,48.2338066],[23.4269095,48.2338395],[23.4273179,48.2340263],[23.4273791,48.2340906],[23.427502,48.2342597],[23.4276018,48.2343443],[23.4277423,48.2344232],[23.4279861,48.2345074],[23.4281838,48.2345014],[23.4283125,48.234439],[23.4284081,48.2343101],[23.4284332,48.2341317],[23.4284076,48.2340298],[23.4283562,48.2339301],[23.4281486,48.2336655],[23.4281355,48.2335922],[23.4282659,48.233473],[23.4283908,48.2333874],[23.4285893,48.2333157],[23.42879,48.2331509],[23.4288111,48.2330202],[23.4286915,48.232751],[23.4285459,48.2323933],[23.4285475,48.2322419],[23.4286508,48.2319722],[23.4287004,48.2317372],[23.4287458,48.2315643],[23.4287078,48.2314507],[23.4285924,48.2312937],[23.4285187,48.2310434],[23.4285819,48.2308389],[23.4285729,48.2306224],[23.4284104,48.2304059],[23.428267,48.2302975],[23.4282267,48.2302154],[23.4282659,48.2300931],[23.4285458,48.2299247],[23.4288708,48.2296781],[23.4291417,48.2294255],[23.4291868,48.229185],[23.4291607,48.229035],[23.428934,48.2285715],[23.4287693,48.2282716],[23.4286864,48.2280163],[23.4288076,48.2276392],[23.4288415,48.2274846],[23.4288168,48.2273172],[23.4287174,48.227134],[23.4286022,48.2269777],[23.4285709,48.226812],[23.4286463,48.2265805],[23.4288793,48.2262753],[23.4291146,48.225883],[23.429223,48.2255943],[23.4291936,48.2253944],[23.42924,48.2251799],[23.4294169,48.2249214],[23.4296127,48.2245885],[23.4297391,48.2242539],[23.4297862,48.2238784],[23.4297466,48.2234048],[23.4297207,48.2231198],[23.429732,48.2229403],[23.429882,48.2224544],[23.4300318,48.2221816],[23.4301851,48.2219685],[23.4303671,48.2217545],[23.4306043,48.2215221],[23.4308497,48.2212664],[23.4309564,48.2211552],[23.431143,48.2208528],[23.4312603,48.2206144],[23.4312898,48.2205072],[23.4312849,48.2204097],[23.4312388,48.2202838],[23.4311739,48.2201271],[23.431143,48.2200161],[23.4312082,48.219771],[23.4313109,48.2195362],[23.4313676,48.2192437],[23.4313339,48.2190038],[23.4312066,48.2186098],[23.431135,48.218336],[23.4309568,48.2176992],[23.4308252,48.2172056],[23.4306641,48.2168708],[23.4300774,48.2159768],[23.4294707,48.2150235],[23.429305,48.2147471],[23.4291689,48.2144276],[23.428927,48.2138983],[23.4280572,48.212074],[23.4278611,48.2116626],[23.427668,48.2112331],[23.427642,48.2110224],[23.4276526,48.2108956],[23.4276903,48.2107149],[23.4277923,48.210521],[23.4281942,48.2095346],[23.4283984,48.2090419],[23.4285231,48.2086224],[23.4286201,48.2078896],[23.4285716,48.2069735],[23.4285716,48.2061005],[23.4286525,48.2056047],[23.4286848,48.2053461],[23.4292516,48.2045474],[23.4299138,48.2035785],[23.430415,48.2029333],[23.4305334,48.2027425],[23.4305635,48.2024679],[23.4305763,48.2023312],[23.4305933,48.2022131],[23.4306901,48.2017354],[23.4306764,48.2014335],[23.4305769,48.2009593],[23.4304342,48.2004168],[23.4303939,48.200254],[23.4303988,48.2001006],[23.4304288,48.1999679],[23.4305038,48.1998166],[23.4306349,48.1996415],[23.4306622,48.199605],[23.4309025,48.1993387],[23.4317489,48.198593],[23.4322129,48.1982141],[23.4324083,48.1980853],[23.4325397,48.1980174],[23.4326159,48.1979885],[23.4329876,48.1978493],[23.4330705,48.1978167],[23.4332398,48.1977501],[23.4334114,48.1976527],[23.4335523,48.197526],[23.43373,48.1972819],[23.4345703,48.1960523],[23.4350165,48.1953739],[23.4359484,48.1938182],[23.4364467,48.1930328],[23.4376384,48.1914799],[23.4378944,48.1911416]]}},
{"type":"Feature","properties":{"full_id":"w95936572","ref":"С-071205","length_km":4.83705,"name:uk":"Оноківська сільська громада","lenght_roads":4.8371,"id_roads":"97476"},"geometry":{"type":"LineString","coordinates":[[22.3629477,48.6615099],[22.363167,48.6613686],[22.3632308,48.661326],[22.3649155,48.6602013],[22.3664119,48.6592263],[22.3673405,48.6586037],[22.3676652,48.658335],[22.3679576,48.658016],[22.3679972,48.6579074],[22.3681265,48.6574676],[22.3682489,48.6570365],[22.368491,48.6561523],[22.3686804,48.6554938],[22.3687555,48.6551475],[22.3687889,48.6549918],[22.3688306,48.6548231],[22.3688566,48.6546579],[22.3690009,48.6541968],[22.3690975,48.6540303],[22.369198,48.653889],[22.3693808,48.653692],[22.36965,48.6535146],[22.3698667,48.6534048],[22.3700497,48.6533056],[22.3702106,48.6532064],[22.3702936,48.6531441],[22.3703608,48.6530539],[22.370409,48.6528991],[22.3705585,48.6522413],[22.3706641,48.6520753],[22.3707952,48.6519454],[22.37107,48.6517672],[22.3719609,48.65136],[22.3722109,48.6512423],[22.3724027,48.6510675],[22.3726798,48.6507003],[22.3730907,48.6500308],[22.3732301,48.6497337],[22.3732752,48.6494784],[22.3732466,48.6493701],[22.3731585,48.6492436],[22.3730485,48.6491564],[22.3728776,48.6490498],[22.3726918,48.6488936],[22.3726295,48.6487817],[22.372617730362979,48.648573258022587]]}},
{"type":"Feature","properties":{"full_id":"w1095672313","ref":"С-071108","length_km":1.60249,"name:uk":"Буштинська селищна громада","lenght_roads":1.6025,"id_roads":"42502"},"geometry":{"type":"LineString","coordinates":[[23.5503371,48.1933531],[23.5475424,48.1927426],[23.5465765,48.1925338],[23.5464182,48.1924838],[23.5463365,48.1924135],[23.5463249,48.192328],[23.5462839,48.1921255],[23.5461689,48.1919612],[23.5459964,48.1917696],[23.5457418,48.1916218],[23.5454216,48.1914575],[23.5449042,48.1913152],[23.5444639,48.1911822],[23.5446714,48.1905916],[23.5440069,48.1904364],[23.5428804,48.1901771],[23.5420892,48.1899732],[23.541778,48.1898803],[23.5415956,48.1897283],[23.5413757,48.1895298],[23.5410646,48.1892848],[23.540799,48.1891739],[23.539702,48.18887],[23.5393855,48.1887877],[23.5391092,48.1887555],[23.538841,48.1887501],[23.5386747,48.1887376],[23.5385124,48.1888369],[23.5383582,48.1889737],[23.538208,48.1891149],[23.5381168,48.1890881],[23.5369071,48.1887376],[23.5363035,48.1885691],[23.5363278,48.1884533],[23.5363197,48.1882709],[23.5361937,48.1876826],[23.5362124,48.1875002],[23.5362661,48.1873035],[23.5363465,48.1868618],[23.5362902,48.1865202],[23.5361856,48.1862878],[23.5359737,48.1859712]]}},
{"type":"Feature","properties":{"full_id":"w165948061","ref":"О-070602","length_km":9.59629,"name:uk":"Нересницька сільська громада","lenght_roads":9.5963,"id_roads":"75850"},"geometry":{"type":"LineString","coordinates":[[23.749290969089671,48.107458340442882],[23.7493176,48.107528],[23.7493685,48.1076229],[23.7493924,48.1077096],[23.7494563,48.1078479],[23.7496202,48.1080817],[23.7498718,48.1083876],[23.7502726,48.1087837],[23.7510976,48.1093881],[23.7519747,48.1100066],[23.7526335,48.1104886],[23.7527042,48.110551],[23.7529296,48.1107552],[23.753509,48.111425],[23.7537834,48.1116649],[23.7543186,48.1121352],[23.7546787,48.1123565],[23.7549788,48.1124923],[23.7553648,48.112638],[23.7557914,48.1127417],[23.7561853,48.1128096],[23.7563668,48.1128425],[23.7591368,48.1132919],[23.7610459,48.1135719],[23.7614298,48.113635],[23.7650816,48.1142803],[23.7688673,48.1149242],[23.7690576,48.1148902],[23.7692731,48.1148071],[23.7693987,48.1147023],[23.7694552,48.1146334],[23.7695036,48.1145743],[23.7700885,48.1137356],[23.7703251,48.1134424],[23.7704229,48.1132757],[23.771043,48.1132222],[23.77162,48.1131901],[23.7719277,48.1131872],[23.7722656,48.1132158],[23.7726191,48.1132842],[23.7730139,48.1134146],[23.7739907,48.1138221],[23.7752542,48.1143491],[23.7758975,48.1146175],[23.7762783,48.1147777],[23.7766135,48.1148687],[23.77693,48.1149278],[23.7772563,48.1149469],[23.7776998,48.1148991],[23.7789276,48.1146606],[23.7796003,48.1144063],[23.7799555,48.1143046],[23.7802873,48.1142513],[23.78061,48.1142509],[23.7809483,48.1142823],[23.7818301,48.1145264],[23.7845083,48.1156448],[23.7850088,48.1159199],[23.7856212,48.1163039],[23.7865854,48.116861],[23.7879789,48.1174687],[23.7887829,48.1177322],[23.7892503,48.1179303],[23.789562,48.1182274],[23.7896919,48.1184519],[23.7898624,48.1187789],[23.7901265,48.1192164],[23.7902658,48.1194122],[23.790457,48.1196121],[23.7917556,48.1207537],[23.7920541,48.1209446],[23.7923153,48.1210527],[23.7931617,48.1212512],[23.793447,48.1213311],[23.7936519,48.1214079],[23.7959957,48.1226545],[23.7964872,48.1228374],[23.7968456,48.1228988],[23.7978464,48.1229202],[23.8004205,48.1229358],[23.8009275,48.1229805],[23.8011924,48.1230562],[23.8014908,48.1231689],[23.8017401,48.1233078],[23.8025428,48.1241537],[23.8030306,48.1245893],[23.8033991,48.1248416],[23.804625,48.1255185],[23.8049801,48.1257495],[23.8052379,48.1259924],[23.8054413,48.1262645],[23.8056193,48.1265026],[23.805944,48.1271232],[23.8060343,48.1272186],[23.8061056,48.12726],[23.806254,48.1273462],[23.806371,48.1273874],[23.8065781,48.1274486],[23.8070485,48.1275725],[23.8074571,48.1276174],[23.8087705,48.1276025],[23.8092356,48.1275604],[23.8100362,48.127364],[23.8103767,48.1273108],[23.8105343,48.1273002],[23.8108047,48.1272821],[23.8111094,48.1272843],[23.8113494,48.1273141],[23.8117316,48.1274087],[23.8120935,48.1275753],[23.8123402,48.1276902],[23.8126971,48.1278563],[23.8130388,48.127956],[23.8133335,48.1280011],[23.8136817,48.128033],[23.8140028,48.1280578],[23.8145768,48.1280424],[23.8148259,48.1280027],[23.8158807,48.1278346],[23.8161131,48.1278221],[23.8163665,48.1278142],[23.81668,48.1278367],[23.8171075,48.1279005],[23.8179879,48.1280318],[23.8181287,48.128055],[23.8182685,48.1280628],[23.8184036,48.1280612],[23.8185254,48.1280481],[23.8187355,48.1280163],[23.8190822,48.1279216],[23.8194259,48.1278378],[23.8197447,48.127807],[23.8200543,48.1277894],[23.8207266,48.1278205],[23.8211067,48.1278858],[23.8213152,48.1279216],[23.8218892,48.1279968],[23.8221827,48.1280125],[23.8224481,48.1280032],[23.8226452,48.1279527],[23.8228009,48.1278898],[23.823044,48.1277585],[23.8232404,48.1276798],[23.8235247,48.1276234],[23.82376,48.1276314],[23.823986,48.1276713],[23.8247202,48.1279464],[23.8251239,48.1280577],[23.8255011,48.1281366],[23.8258099,48.1281668],[23.825925,48.128178],[23.8265009,48.1281772],[23.8268155,48.1281431],[23.826953,48.1280968],[23.8271973,48.1280146],[23.8276106,48.1278381],[23.8278853,48.127754],[23.8280707,48.1277109],[23.8282058,48.1276871],[23.8283856,48.1276752],[23.8285249,48.1276817],[23.8287403,48.127714],[23.8288912,48.1277454],[23.8291801,48.1278156],[23.8295466,48.127884],[23.8298208,48.1279069],[23.8299408,48.1278953],[23.830017,48.1278879],[23.830217,48.127861],[23.8303965,48.1278191],[23.8305812,48.1277809],[23.8307534,48.1277346],[23.8309843,48.1276585],[23.8311198,48.127573],[23.8313908,48.1274055],[23.8315595,48.1272807],[23.831679,48.1272154],[23.8317972,48.1272099],[23.8319025,48.127205],[23.832293,48.127228],[23.8328264,48.1271947],[23.8333545,48.1271034],[23.8337735,48.126972],[23.8340181,48.1268975],[23.8342661,48.1268471],[23.8345438,48.1268564],[23.8348834,48.1269088],[23.8356025,48.1269968],[23.8367943,48.1270502],[23.8375016,48.1270723],[23.8381236,48.1270723],[23.8385482,48.1270269],[23.8399403,48.1267754],[23.8412884,48.1265318],[23.8418465,48.1264821],[23.8419012,48.126481],[23.8429713,48.1264589],[23.8434059,48.1264842],[23.8434935,48.1264893],[23.8436204,48.1265019],[23.8440073,48.1265494],[23.8444995,48.1267049],[23.8453719,48.1269743],[23.8457376,48.1270864],[23.8459352,48.127175],[23.8461792,48.1272753],[23.8468605,48.1276334],[23.8477591,48.128029],[23.8481265,48.1281937],[23.8483782,48.12833],[23.8486013,48.1284909],[23.8489795,48.1287863],[23.8494588,48.1291822],[23.8498887,48.1295794],[23.8503667,48.130027],[23.8506892,48.1302175],[23.8515696,48.1305247],[23.8526277,48.1310322],[23.85333,48.1312604],[23.8540623,48.1314555],[23.8543144,48.1315289],[23.8545207,48.1315995],[23.8546792,48.1316703],[23.8549662,48.1318225],[23.8558245,48.1322557],[23.856605,48.1326084],[23.8569951,48.1328079],[23.8573614,48.1329952],[23.857915045839018,48.133266308380122]]}},
{"type":"Feature","properties":{"full_id":"w660429811","ref":"С-071222","length_km":4.00403,"name:uk":"Середнянська селищна громада","lenght_roads":4.004,"id_roads":"90686"},"geometry":{"type":"LineString","coordinates":[[22.5849541,48.5746845],[22.585202,48.574822],[22.5858333,48.5751498],[22.5860265,48.5752567],[22.5861558,48.5753503],[22.5862142,48.5754235],[22.5862625,48.5755226],[22.58641,48.5758317],[22.5864636,48.5759399],[22.5865463,48.5760466],[22.5866809,48.5761689],[22.5868058,48.5762641],[22.5871047,48.5764315],[22.5873907,48.5765708],[22.5876573,48.576703],[22.5877914,48.5767775],[22.5879096,48.576865],[22.5880435,48.5769834],[22.588196,48.5771363],[22.5883171,48.5772939],[22.5885022,48.5775637],[22.5885827,48.577679],[22.5886716,48.5777526],[22.5887624,48.577821],[22.5888639,48.5778707],[22.5889528,48.5779061],[22.5890762,48.577947],[22.5892306,48.5779869],[22.5898629,48.5781221],[22.5900659,48.5781581],[22.5903227,48.5782162],[22.5908306,48.5783834],[22.5910798,48.5784899],[22.5912568,48.5785591],[22.5914795,48.5786354],[22.5916217,48.5786612],[22.5917849,48.5786808],[22.5922355,48.578735],[22.5924938,48.5787912],[22.5928034,48.578884],[22.59355,48.5792279],[22.5938022,48.5793045],[22.5940545,48.5793548],[22.5947449,48.5794634],[22.5950549,48.5795652],[22.5960288,48.5800663],[22.5969784,48.5805731],[22.5978548,48.5809938],[22.5989158,48.5814473],[22.5994468,48.5816685],[22.599746,48.5818455],[22.6000862,48.5821078],[22.60091,48.5827628],[22.6013687,48.5831301],[22.6017321,48.5834169],[22.6022217,48.5837763],[22.6024773,48.5839814],[22.602561,48.5840726],[22.6026838,48.5842351],[22.6029381,48.5845745],[22.6031109,48.5847963],[22.6031632,48.5848383],[22.6032476,48.5849061],[22.603935,48.5852231],[22.6045198,48.5854814],[22.6049404,48.585686],[22.6052847,48.5859939],[22.6056716,48.5864014],[22.6058105,48.5866184],[22.6059397,48.5868365],[22.6061082,48.5871081],[22.6062587,48.5873093],[22.6068011,48.5877283],[22.6071025,48.588095],[22.6073807,48.5884039],[22.608259,48.5891222],[22.6094045,48.5897021],[22.610378,48.5902847],[22.6117131,48.5912183],[22.6123255,48.5915719],[22.6125951,48.5917404],[22.6127225,48.5918078],[22.6128504,48.5918593],[22.612972,48.591901],[22.6131081,48.5919352],[22.6140616,48.5921096],[22.6142031,48.5921538],[22.6143372,48.5922247],[22.6144485,48.5922975],[22.6145418,48.592364],[22.6152205,48.5929329],[22.6154503,48.5931295],[22.6156354,48.593275],[22.6158017,48.5933814],[22.6160412,48.5935182],[22.6162362,48.5935398],[22.6165541,48.5935939],[22.6167029,48.5936253],[22.6168517,48.5936599],[22.6171111,48.593756],[22.61762,48.5939842],[22.6178294,48.594091],[22.6182773,48.5943788],[22.6188222,48.5947053],[22.618948,48.5947793],[22.6190525,48.5948219],[22.6191656,48.5948616],[22.6192617,48.5948786],[22.6193932,48.5948928],[22.6197797,48.5949176],[22.6201093,48.5949443],[22.6204486,48.5949905],[22.6206511,48.5950206],[22.6208093,48.5950218],[22.6210159,48.595001],[22.6211929,48.5949549],[22.6215267,48.5948383],[22.6219138,48.5946554],[22.6220217,48.5945842],[22.6221905,48.5945181],[22.6226332,48.5943801],[22.6230548,48.594235],[22.6232582,48.5941371],[22.6233789,48.5940449],[22.6234753,48.5939744],[22.6237308,48.5937758],[22.6240437,48.593623],[22.624323,48.5935251],[22.6245752,48.5934954],[22.6247764,48.593502],[22.6249226,48.5935113],[22.6251076,48.5935424],[22.6252755,48.5936092],[22.625345,48.5936493],[22.6253732,48.5936741],[22.6253936,48.5937093]]}},
{"type":"Feature","properties":{"full_id":"w112620312","ref":"С-071219","length_km":4.94124,"name:uk":"Середнянська селищна громада","lenght_roads":4.9412,"id_roads":"22907"},"geometry":{"type":"LineString","coordinates":[[22.4570179,48.5043267],[22.4591339,48.505321],[22.4607045,48.5060041],[22.4612903,48.5062589],[22.4622579,48.5067209],[22.4624115,48.5068173],[22.4625941,48.5069997],[22.4626797,48.5071066],[22.462979,48.50748],[22.463929,48.5086848],[22.4651415,48.5102224],[22.4658177,48.5109847],[22.4666015,48.5118682],[22.4674549,48.5128002],[22.4684868,48.5139273],[22.4695356,48.5150727],[22.4695823,48.5151251],[22.4698665,48.5154439],[22.4706535,48.5163267],[22.4719144,48.517766],[22.4730277,48.5190064],[22.473389,48.5193664],[22.4736723,48.5196203],[22.4738304,48.5197805],[22.4741167,48.52025],[22.4744736,48.5209088],[22.4747324,48.521279],[22.4748329,48.5214065],[22.4748956,48.5215334],[22.4749608,48.5217546],[22.4749798,48.5219402],[22.4749401,48.5220549],[22.4748615,48.5221566],[22.4747837,48.5222522],[22.4747685,48.5223267],[22.4747121,48.522595],[22.4746599,48.5229346],[22.4746745,48.5232346],[22.4747175,48.523566],[22.474707,48.5239422],[22.4746633,48.5243028],[22.4746354,48.5245329],[22.4746038,48.5247934],[22.4745131,48.525414],[22.4745125,48.52561],[22.4745117,48.5258971],[22.4745344,48.5262056],[22.4746709,48.5273388],[22.4747873,48.5280511],[22.4748588,48.528536],[22.4749318,48.5290318],[22.4749926,48.5294444],[22.4751206,48.5303134],[22.4751283,48.5303663],[22.4754048,48.5322568],[22.475413,48.5323181],[22.475476,48.5327883],[22.4755281,48.5331774],[22.475624,48.5338932],[22.4757539,48.5345974],[22.4758465,48.5350989],[22.4760345,48.536377],[22.476161,48.5371814],[22.4761895,48.5373623],[22.4762214,48.537654],[22.4762873,48.5379292],[22.4773757,48.5378692],[22.4784219,48.5377943],[22.4789924,48.5377534],[22.4800227,48.5377083],[22.4803683,48.5377175],[22.4815411,48.5377488],[22.4818795,48.537754],[22.4835275,48.5377792],[22.4845313,48.5378178],[22.4854372,48.5377558],[22.4860368,48.5377628],[22.4862579,48.5378202]]}},
{"type":"Feature","properties":{"full_id":"w127630858","ref":"О-070107","length_km":6.31589,"name:uk":"Берегівська міська громада","lenght_roads":6.3159,"id_roads":"80590"},"geometry":{"type":"LineString","coordinates":[[22.648164,48.2063152],[22.6482001,48.2064411],[22.6483312,48.2066434],[22.6486067,48.2070285],[22.6489856,48.2074896],[22.6513547,48.2096074],[22.6526447,48.210624],[22.653468,48.2108841],[22.6545087,48.2111046],[22.6553792,48.2113268],[22.6562611,48.211635],[22.6568795,48.2118177],[22.6570002,48.2118733],[22.6571054,48.2119217],[22.6573648,48.2121322],[22.6577722,48.2124628],[22.6579492,48.2126024],[22.6579949,48.2126364],[22.6582078,48.2128068],[22.6582282,48.2128316],[22.6583294,48.2129486],[22.6583389,48.2129609],[22.6583781,48.2130213],[22.6584193,48.2130849],[22.6584981,48.2132726],[22.6585266,48.2134042],[22.6585627,48.2135736],[22.6584709,48.2138602],[22.6584497,48.2139248],[22.6582239,48.2142167],[22.6578421,48.2147202],[22.6575194,48.2152577],[22.6572559,48.2157988],[22.6572291,48.2161356],[22.6572882,48.2166265],[22.6575571,48.216992],[22.6577722,48.2172714],[22.6578959,48.217662],[22.6579417,48.2182655],[22.6579471,48.218663],[22.657729,48.2192487],[22.6576657,48.219434],[22.6576966,48.2196028],[22.6578109,48.2197873],[22.6584627,48.2202814],[22.6586859,48.2204685],[22.6588887,48.2206627],[22.6590636,48.2209033],[22.6594573,48.2216134],[22.6596868,48.2220157],[22.659798,48.2223396],[22.659873,48.2227656],[22.659924,48.2229214],[22.6600401,48.2231044],[22.6605248,48.2236255],[22.6608337,48.2238928],[22.6611044,48.2240823],[22.6612784,48.2241817],[22.6625185,48.2248902],[22.6629361,48.2251044],[22.6634601,48.2253191],[22.6645225,48.2256628],[22.6649773,48.2258556],[22.6654059,48.2260835],[22.6658229,48.2263521],[22.6662151,48.2267075],[22.6684293,48.2290629],[22.6697099,48.2303412],[22.6700038,48.2301618],[22.670728,48.2296436],[22.6711678,48.2293542],[22.6715639,48.2291097],[22.6728362,48.2285144],[22.6741828,48.2278287],[22.6761799,48.226791],[22.6766385,48.226601],[22.6788505,48.2259891],[22.679356,48.2258492],[22.679902,48.2256982],[22.6813227,48.2253052],[22.6832694,48.2247888],[22.6857708,48.2241253],[22.6858408,48.2241086],[22.6861694,48.2240301],[22.6863223,48.2239936],[22.6868043,48.2238695],[22.687685,48.2235826],[22.6881355,48.2234379],[22.6901305,48.2227575],[22.69103,48.2224962],[22.6914293,48.2223496],[22.6924065,48.2219164],[22.6925182,48.2217063],[22.6926094,48.221574],[22.6927921,48.2214549],[22.6930654,48.2213453],[22.693399,48.2212875],[22.6963825,48.2208868],[22.6964803,48.2192658],[22.6964706,48.2184844],[22.6964975,48.2152338]]}},
{"type":"Feature","properties":{"full_id":"w204578554","ref":"С-071325","length_km":1.11514,"name:uk":"Хустська міська громада","lenght_roads":1.1151,"id_roads":"75141"},"geometry":{"type":"LineString","coordinates":[[23.489265,48.227124],[23.4889657,48.2270151],[23.4887008,48.2268468],[23.4884544,48.2266252],[23.4883188,48.2263728],[23.4880724,48.2258782],[23.4879183,48.225714],[23.4877643,48.2255991],[23.4876247,48.2254421],[23.4875364,48.2251804],[23.4874501,48.2250244],[23.4873136,48.2246175],[23.4873354,48.2244056],[23.4873485,48.2241182],[23.4873223,48.2235029],[23.4874051,48.2231924],[23.487453,48.2229515],[23.48744,48.2227773],[23.4873746,48.2224929],[23.4872962,48.2221271],[23.4873136,48.2219965],[23.487392,48.2219182],[23.4874901,48.2218238],[23.4875118,48.2217077],[23.4874795,48.2213428],[23.4874887,48.2211561],[23.4875658,48.2209898],[23.4877198,48.2208338],[23.4882466,48.2203782],[23.4883611,48.2202446],[23.488613,48.2195307],[23.4887057,48.21893],[23.4887065,48.218881],[23.4887249,48.2177643]]}},
{"type":"Feature","properties":{"full_id":"w93181146","ref":"С-070721","length_km":8.14661,"name:uk":"Верхньокоропецька сільська громада","lenght_roads":8.1466,"id_roads":"81593"},"geometry":{"type":"LineString","coordinates":[[22.845907025022903,48.436825878117247],[22.8466714,48.431718],[22.8467864,48.4309492],[22.8472837,48.4284542],[22.8472779,48.4281638],[22.8472491,48.4278582],[22.8473585,48.4275334],[22.8480264,48.4263567],[22.8483758,48.4258103],[22.8487691,48.4251952],[22.849473,48.4241884],[22.8501258,48.4230467],[22.8502431,48.4228415],[22.8503762,48.4224606],[22.850365,48.42208],[22.85023,48.4213785],[22.8500051,48.4206994],[22.8495553,48.4197143],[22.8495173,48.4193123],[22.8495859,48.4188802],[22.8498084,48.4180991],[22.850409,48.4172995],[22.8505521,48.4171432],[22.8507685,48.4169116],[22.8513102,48.4161856],[22.8514767,48.4158363],[22.8514866,48.4155796],[22.8513662,48.4150344],[22.8513399,48.4145582],[22.8516362,48.4127421],[22.8516795,48.4126444],[22.8517137,48.4125379],[22.8523029,48.4101012],[22.8527539,48.4080632],[22.852853,48.4061685],[22.8534341,48.4050409],[22.8534535,48.4031792],[22.853221,48.4025699],[22.8532032,48.4023008],[22.853382,48.4012008],[22.8532985,48.4005123],[22.8533096,48.4003283],[22.8533224,48.4001166],[22.8534791,48.3993687],[22.8525312,48.3990934],[22.8443641,48.3959648],[22.8437681,48.3957113],[22.8433024,48.395297],[22.8385659,48.3901133],[22.8376887,48.3891533],[22.8373584,48.3887917],[22.83615,48.387301],[22.8356529,48.3866408],[22.8350917,48.3854056],[22.8348683,48.3842024],[22.8346475,48.3836095],[22.8342503,48.3830252],[22.8329475,48.3812748],[22.8318702,48.379379],[22.8316767,48.3792495],[22.8311147,48.3790421],[22.8306095,48.3788517],[22.8303188,48.3786678],[22.829249,48.3777665],[22.8278282,48.3765922],[22.8229563,48.3725656]]}},
{"type":"Feature","properties":{"full_id":"w36886700","ref":"О-070109","length_km":2.69865,"name:uk":"Горондівська сільська громада","lenght_roads":2.6986,"id_roads":"23178"},"geometry":{"type":"LineString","coordinates":[[22.563422323268004,48.330146919392021],[22.5634103,48.3301565],[22.5632592,48.3302824],[22.5632393,48.330357],[22.5627172,48.330833],[22.5600018,48.3330084],[22.5589119,48.3338389],[22.5575997,48.3347406],[22.5558301,48.3357656],[22.5554932,48.3359351],[22.5551491,48.3360667],[22.5523185,48.3366845],[22.5518671,48.3368154],[22.5512447,48.3370315],[22.550781,48.3372608],[22.5503509,48.3374137],[22.5501869,48.3374515],[22.55003,48.3374586],[22.5498431,48.337446],[22.5496704,48.3374098],[22.5493773,48.3372741],[22.5486361,48.3368501],[22.5483912,48.3367047],[22.5482577,48.3366612],[22.5481169,48.3366374],[22.547912,48.3366326],[22.5449615,48.3369176],[22.5446215,48.3369973],[22.5441318,48.3372103],[22.5438513,48.3373761],[22.5436198,48.3376129],[22.5428454,48.3384545],[22.5425683,48.3386303],[22.535365398126686,48.342768967289516]]}},
{"type":"Feature","properties":{"full_id":"w203600264","ref":"С-071314","length_km":9.1612,"name:uk":"Хустська міська громада","lenght_roads":9.1612,"id_roads":"23967"},"geometry":{"type":"LineString","coordinates":[[23.37051,48.2556649],[23.3700187,48.2558847],[23.3696687,48.2560127],[23.3693774,48.2560747],[23.3690644,48.2561015],[23.3679524,48.2561615],[23.3673005,48.2562502],[23.3669265,48.256317],[23.365837,48.2563993],[23.3653626,48.2564352],[23.3643687,48.2565092],[23.3634744,48.2565905],[23.3626148,48.2566787],[23.3612383,48.2567833],[23.3609086,48.2568342],[23.3598968,48.2570473],[23.3596533,48.2571092],[23.3594792,48.2571994],[23.3593078,48.2573283],[23.3590418,48.2576235],[23.3588366,48.2578508],[23.3585749,48.2580875],[23.3581011,48.258476],[23.3576041,48.2588878],[23.3573441,48.2591005],[23.3572501,48.2591682],[23.357124,48.2592289],[23.3569175,48.2593128],[23.3565099,48.2594274],[23.3562447,48.259519],[23.3559412,48.2596128],[23.3557353,48.2596888],[23.3548222,48.2599771],[23.354651,48.2600146],[23.354428,48.2600238],[23.3541907,48.2600265],[23.3532956,48.2599572],[23.3531678,48.259945],[23.3529701,48.2599437],[23.3526177,48.2599646],[23.3523455,48.2599654],[23.3521777,48.2599407],[23.3520654,48.2599146],[23.3518479,48.2598335],[23.3513988,48.2596703],[23.3510789,48.2595708],[23.350904,48.2595289],[23.3507818,48.2595324],[23.3506348,48.2595513],[23.3499438,48.2596807],[23.3496163,48.2597455],[23.3494475,48.2597932],[23.3493022,48.2598674],[23.3490731,48.2600412],[23.3487855,48.2602669],[23.3487207,48.2603182],[23.3486031,48.2603671],[23.3479569,48.2605973],[23.3478758,48.2606307],[23.3477657,48.2607344],[23.3476253,48.2608874],[23.3474656,48.2611128],[23.3473876,48.2612074],[23.3473024,48.2612661],[23.3471148,48.2613768],[23.3467948,48.2615199],[23.3465182,48.2616737],[23.3462212,48.2618531],[23.3458486,48.2620502],[23.3455293,48.2622339],[23.3453545,48.2623681],[23.3451748,48.2625681],[23.3447053,48.2629748],[23.3432971,48.2641126],[23.343032,48.2643424],[23.3428708,48.2644639],[23.3424765,48.2647233],[23.3421284,48.2650092],[23.3415535,48.265363],[23.3409041,48.2657689],[23.3399406,48.2663417],[23.3393805,48.2666254],[23.3389486,48.2668292],[23.3385336,48.2670757],[23.337394,48.2675689],[23.3362032,48.2681552],[23.3358056,48.2683423],[23.3354419,48.2684523],[23.3350468,48.2685334],[23.3341705,48.2686573],[23.333829,48.2687084],[23.3335257,48.2687933],[23.3330405,48.2690143],[23.3326765,48.269248],[23.3313327,48.2702863],[23.3310771,48.2703973],[23.3307867,48.270472],[23.3304958,48.2704917],[23.3301916,48.2704997],[23.3300348,48.2705038],[23.3297028,48.2705257],[23.3294012,48.2705825],[23.3291084,48.270683],[23.3288509,48.2708079],[23.3286892,48.2709056],[23.3285766,48.2710304],[23.3282272,48.2715047],[23.327955,48.2718077],[23.3269688,48.2727993],[23.3242132,48.2755417],[23.3222092,48.2775043],[23.3202987,48.2795058],[23.3189317,48.2808372],[23.318089,48.2817167],[23.3177095,48.2821757],[23.3175371,48.2825071],[23.3173136,48.282779],[23.317115,48.2829265],[23.3168406,48.2831191],[23.3162346,48.283497],[23.3148246,48.2842002],[23.3132264,48.2850204],[23.3129298,48.2852961],[23.3128021,48.2855382],[23.3126234,48.2858144],[23.3121507,48.2862803],[23.3115635,48.2868255],[23.311206,48.2872291],[23.3107038,48.2879041],[23.3102611,48.2884993],[23.3098732,48.2889475],[23.3096545,48.2892003],[23.309463,48.289332],[23.3093161,48.2894169],[23.309048,48.2895231],[23.3068964,48.2901901],[23.3066027,48.2903218],[23.3062707,48.2905596],[23.3060217,48.2908018],[23.3057535,48.291337],[23.305645,48.2916131],[23.3054394,48.2917931],[23.3054024,48.2918255],[23.3050704,48.2920125],[23.3043872,48.292331],[23.3041957,48.2925095],[23.3037998,48.292998],[23.3035044,48.2935205],[23.3023058,48.29564],[23.302076,48.2958779],[23.3018078,48.2960605],[23.3014694,48.2962729],[23.2997584,48.2970332],[23.2993881,48.2972658],[23.2988454,48.2976066],[23.2986091,48.2977978],[23.2985325,48.2979294],[23.29859,48.2980399],[23.2986794,48.2981078],[23.298922,48.2981376],[23.2990058,48.2981443],[23.3005564,48.2982692],[23.3007735,48.298248],[23.3010097,48.29818],[23.3013992,48.2981036],[23.3016929,48.2980696],[23.3019355,48.2980993],[23.3021079,48.298214],[23.302242,48.2983882],[23.3023633,48.2985581],[23.3024829,48.2986167],[23.302574,48.2986388],[23.3029826,48.2986557],[23.3037679,48.2985793],[23.3042084,48.2985283],[23.3044894,48.2985496],[23.3047703,48.2986473],[23.3050576,48.2987577],[23.3052179,48.298767],[23.3054215,48.2987789],[23.3058365,48.2987195],[23.3069666,48.2985071],[23.3074901,48.2984604],[23.308078,48.2984435],[23.3083776,48.2984349],[23.309878,48.2981758],[23.3102915,48.2980858],[23.3105803,48.2980229],[23.3111357,48.2979252],[23.3122275,48.2978445],[23.312949,48.2978275],[23.3138556,48.2978487],[23.3143408,48.2978445],[23.3147111,48.2978148],[23.314788,48.2978081],[23.3150048,48.2977893],[23.3152602,48.2977935],[23.3154134,48.2978403],[23.3157518,48.2978955],[23.3161732,48.297921],[23.3164605,48.2979379],[23.3169074,48.2979337],[23.3173416,48.2978955],[23.3175907,48.2978302],[23.3182412,48.2977245],[23.3186017,48.2976446]]}},
{"type":"Feature","properties":{"full_id":"w663103496","ref":"С-070737","length_km":2.21738,"name:uk":"Кольчинська селищна громада","lenght_roads":2.2174,"id_roads":"34872"},"geometry":{"type":"LineString","coordinates":[[22.7194651,48.5976274],[22.7194959,48.5977524],[22.7194713,48.5978831],[22.7194262,48.597967],[22.7193484,48.5980291],[22.7191822,48.5981273],[22.7184539,48.5985502],[22.7179831,48.598806],[22.7174473,48.5989832],[22.7163613,48.599269],[22.7157204,48.5994682],[22.7145631,48.5997875],[22.7144641,48.5998331],[22.7144104,48.5998863],[22.714377,48.6000767],[22.7142652,48.6006303],[22.7140755,48.6011431],[22.7138723,48.602084],[22.7134323,48.6023462],[22.7120862,48.6026504],[22.7111824,48.6028414],[22.7108198,48.6029828],[22.7106446,48.6031127],[22.7104951,48.6032975],[22.709938,48.6040328],[22.7098722,48.6041197],[22.7094624,48.6045567],[22.709083,48.6048603],[22.7085233,48.6050117],[22.7079046,48.6050703],[22.707203,48.6050916],[22.7068573,48.6051559],[22.7065357,48.6052758],[22.7059485,48.6054286],[22.7047329,48.6056546],[22.7041966,48.6057367],[22.7039541,48.6058153],[22.7035745,48.6059141],[22.7032524,48.6060604],[22.7028328,48.6062772],[22.7025524,48.6065304],[22.7023176,48.6067647],[22.70215,48.6069135],[22.70193,48.6070466],[22.7016619,48.6071423],[22.7012643,48.6072023],[22.7007708,48.6072458],[22.7006346,48.6072576],[22.7004951,48.607293],[22.7002876,48.6073902],[22.7001733,48.6074793],[22.7001142,48.6075721],[22.7000448,48.6076997],[22.6996202,48.6078636],[22.6995284,48.6079034],[22.6988417,48.6083529],[22.6983064,48.6086575],[22.6979212,48.6088804],[22.6976794,48.6090486]]}},
{"type":"Feature","properties":{"full_id":"w185665196","ref":"С-070113","length_km":13.83378,"name:uk":"Великоберезька сільська громада","lenght_roads":13.8338,"id_roads":"93692"},"geometry":{"type":"LineString","coordinates":[[22.7428806,48.2308514],[22.7426165,48.2310015],[22.7424087,48.2311645],[22.7422162,48.2313988],[22.7420934,48.231857],[22.742064,48.2323487],[22.7421642,48.2330854],[22.7423188,48.23374],[22.7423376,48.2341496],[22.7422839,48.2344783],[22.7421473,48.234985],[22.7419268,48.2356101],[22.7417685,48.235773],[22.7415436,48.235854],[22.7412292,48.2359268],[22.7404217,48.2381033],[22.7398186,48.2394958],[22.7396783,48.2398249],[22.7395665,48.2400682],[22.7394082,48.2403053],[22.7391465,48.2406649],[22.7388959,48.2410127],[22.7383343,48.2417841],[22.7383047,48.2418256],[22.7381459,48.2420489],[22.7381141,48.2420936],[22.7380351,48.2422047],[22.7380085,48.2422421],[22.7365709,48.2442642],[22.7347027,48.2468846],[22.7346877,48.2469056],[22.7326019,48.2498253],[22.7325194,48.2499334],[22.7325086,48.2499745],[22.7325168,48.250008],[22.7325327,48.2500294],[22.7325668,48.2500468],[22.7326493,48.2500578],[22.7327488,48.2500626],[22.7328381,48.2500719],[22.7406692,48.2525481],[22.7432764,48.2533839],[22.7433382,48.2534017],[22.744535,48.2537467],[22.7447921,48.2538377],[22.7448851,48.2538871],[22.744936,48.2539274],[22.7449639,48.2539728],[22.7449811,48.2540228],[22.7459749,48.2598313],[22.745968091158385,48.259856534830526]]}},
{"type":"Feature","properties":{"full_id":"w204054740","ref":"С-071111","length_km":10.02203,"name:uk":"Углянська сільська громада","lenght_roads":10.022,"id_roads":"16929"},"geometry":{"type":"LineString","coordinates":[[23.6460598,48.1450307],[23.6463038,48.145225],[23.6478354,48.1461434],[23.6480001,48.1462891],[23.6521534,48.1499643],[23.6535591,48.1513249],[23.6540891,48.1518015],[23.654308,48.1520052],[23.6545039,48.1522473],[23.6546959,48.1525439],[23.6553453,48.1536622],[23.6562059,48.1549809],[23.6564248,48.155223],[23.656684,48.155419],[23.6569951,48.1556112],[23.6573408,48.1557841],[23.657744,48.1559878],[23.6580666,48.1561684],[23.6582581,48.1563373],[23.6595946,48.1575786],[23.6604614,48.1584266],[23.662569,48.1604325],[23.6627535,48.1606467],[23.6629164,48.1608695],[23.6630957,48.1612336],[23.6636148,48.1624515],[23.663725,48.1627517],[23.6638402,48.1632551],[23.6638384,48.1648292],[23.6637482,48.1659604],[23.663679,48.1672821],[23.6637078,48.1675434],[23.6637943,48.16782],[23.6639268,48.1681236],[23.6643588,48.1690956],[23.6644107,48.1693569],[23.6643934,48.1695797],[23.6643473,48.1698218],[23.663975,48.1708101],[23.6639116,48.1710829],[23.6639174,48.1717859],[23.6638713,48.1729462],[23.663854,48.1730922],[23.663733,48.1732727],[23.6628055,48.1744137],[23.6624944,48.1749208],[23.6623792,48.1752282],[23.662264,48.1757007],[23.6621373,48.1759696],[23.6621315,48.1762616],[23.6620796,48.1764805],[23.6618031,48.1772104],[23.6616985,48.1773642],[23.6615315,48.1774526],[23.6613529,48.1774948],[23.6611414,48.1775294],[23.6607426,48.1775459],[23.6606123,48.1775966],[23.660209,48.1778248],[23.6597806,48.1781302],[23.6593888,48.1785796],[23.6568314,48.1821999],[23.6566017,48.18266],[23.6564735,48.1830815],[23.6564054,48.1836586],[23.6561948,48.1848652],[23.6561367,48.1852056],[23.6559754,48.1858201],[23.6558314,48.186377],[23.6558314,48.186596],[23.6558832,48.1867189],[23.6559886,48.1869364],[23.6564156,48.1876372],[23.6574631,48.1893561],[23.6575611,48.1895558],[23.6576014,48.1896979],[23.6566469,48.1917448],[23.6565041,48.192051],[23.6563572,48.1923782],[23.655468,48.194359],[23.6554095,48.1944892],[23.6553784,48.1946633],[23.6553682,48.1947203],[23.6554212,48.1949867],[23.6557149,48.1955335],[23.6560615,48.1959859],[23.656254,48.1963102],[23.6564795,48.1967154],[23.656531,48.1969107],[23.6565382,48.1970879],[23.6564838,48.1972707],[23.6563019,48.1975893],[23.6562413,48.1977224],[23.6562195,48.1978527],[23.6561779,48.1985196],[23.6561608,48.1987486],[23.6561138,48.1991025],[23.6561091,48.1995202],[23.6561094,48.1995603],[23.6561125,48.2000501],[23.6561431,48.2003035],[23.6561779,48.2005913],[23.6565647,48.2021803],[23.6566417,48.2025396],[23.6567358,48.2027271],[23.6568928,48.2029372],[23.6571344,48.2031673],[23.6572552,48.2033038],[23.6573964,48.2034854],[23.6574774,48.203714],[23.6577479,48.2060611],[23.6577863,48.2064807],[23.6577492,48.2070851],[23.6576989,48.2076805],[23.657523,48.208432],[23.6573195,48.2091098],[23.656938,48.2104819],[23.6568869,48.2108935],[23.6568758,48.211065],[23.6568186,48.2112534],[23.6565124,48.2114828],[23.6563735,48.2116283],[23.6561951,48.2119275],[23.6558068,48.2129849],[23.6557445,48.213151],[23.655501,48.2137999],[23.6553574,48.2144097],[23.6552933,48.2150478],[23.6553117,48.215245],[23.655354,48.215409],[23.6555196,48.2156575],[23.6557218,48.2158503],[23.6560525,48.2160644],[23.6568914,48.216598],[23.6588619,48.2178512],[23.6591035,48.2180049],[23.6598012,48.2184486],[23.660443,48.2188567],[23.6606461,48.2189859],[23.6623366,48.2200611],[23.6624161,48.2201116],[23.6635871,48.2208276],[23.6638984,48.2209757],[23.6644912,48.2211831],[23.6652175,48.2215188],[23.6667146,48.2223138],[23.6675965,48.2228076],[23.6688653,48.2233243],[23.6689858,48.2234155],[23.6690801,48.2235805],[23.669387,48.2243328]]}},
{"type":"Feature","properties":{"full_id":"w151081537","ref":"О-071207","length_km":11.46473,"name:uk":"Сюртівська сільська громада","lenght_roads":11.4647,"id_roads":"40581"},"geometry":{"type":"LineString","coordinates":[[22.298855106090432,48.547534558573972],[22.2989103,48.5474164],[22.2989912,48.5472539],[22.2992367,48.5466501],[22.2995632,48.545757],[22.2996102,48.5456447],[22.2996819,48.545519],[22.2997463,48.5454294],[22.2998844,48.5453011],[22.3000051,48.5452047],[22.3002465,48.5450139],[22.3006584,48.5446924],[22.3009372,48.5444652],[22.3010632,48.544348],[22.3011709,48.5442295],[22.3012805,48.5440982],[22.3013288,48.5440035],[22.3013666,48.5439011],[22.3015058,48.5432965],[22.3015363,48.5432152],[22.3016117,48.5431191],[22.3016721,48.5430632],[22.3017312,48.5430217],[22.3019332,48.5429021],[22.302108,48.5428137],[22.3022961,48.5427375],[22.3024929,48.5426743],[22.3028686,48.5425639],[22.3032626,48.542463],[22.3036597,48.5423724],[22.3039669,48.5423077],[22.3042364,48.5422447],[22.3044596,48.5421818],[22.3045528,48.5421451],[22.304631,48.5421],[22.3046842,48.5420643],[22.3047687,48.541988],[22.3049109,48.5418211],[22.3051555,48.5414896],[22.3056375,48.5408364],[22.3058076,48.5405608],[22.3058537,48.5404714],[22.3058913,48.5403818],[22.3059167,48.5402876],[22.3059314,48.5402002],[22.305932,48.5400446],[22.3058893,48.539897],[22.3057879,48.5397388],[22.305674,48.5395825],[22.3055483,48.5394342]]}},
{"type":"Feature","properties":{"full_id":"w165948060","ref":"С-071114","length_km":2.40322,"name:uk":"Вільховецька сільська громада","lenght_roads":2.4032,"id_roads":"30394"},"geometry":{"type":"LineString","coordinates":[[23.744513,48.1133],[23.744545,48.1134272],[23.7446008,48.1135154],[23.7452086,48.1141954],[23.7453527,48.1144034],[23.7457359,48.1152089],[23.7461049,48.1160251],[23.7461414,48.1162049],[23.7460931,48.1163428],[23.74596,48.1165043],[23.7443319,48.1179951],[23.7440395,48.1182301],[23.7436598,48.1185342],[23.743279,48.1188529],[23.7430107,48.1190821],[23.7427881,48.1193149],[23.7426835,48.1194295],[23.7426085,48.1195585],[23.7425172,48.1198754],[23.7424421,48.1200473],[23.7423173,48.1202175],[23.7419513,48.1205755],[23.7411922,48.1212631],[23.7404922,48.1219238],[23.7403688,48.1220294],[23.7402803,48.1221315],[23.7396211,48.1236101],[23.7395326,48.1238675],[23.739428,48.1241226],[23.7391645,48.1245217],[23.7390063,48.1246793],[23.7388292,48.1248673],[23.7386388,48.1251179],[23.7384673,48.125435],[23.7382418,48.1257875],[23.7381738,48.12594],[23.7380004,48.1262297],[23.7375873,48.1269477],[23.7372949,48.1275672],[23.737193,48.1278518],[23.7371474,48.1279753],[23.737118,48.1281203],[23.7371045,48.1282797],[23.7371206,48.128482],[23.7371394,48.1285947],[23.7371742,48.1287433],[23.737185,48.1288561],[23.7371581,48.1289636],[23.7370777,48.1291211],[23.7369463,48.1292536],[23.7365225,48.1296313],[23.7360477,48.1301236],[23.7357688,48.130419],[23.7356106,48.130589],[23.7355623,48.1306696],[23.7355381,48.1307842],[23.7355328,48.1309758],[23.7355301,48.1312532],[23.7355408,48.1313571],[23.735581,48.1314502],[23.7356856,48.1316059],[23.7359297,48.1318816],[23.7360102,48.1319979],[23.7360799,48.1321268],[23.7361282,48.1322593],[23.7361685,48.132406],[23.7361792,48.1325457],[23.7361792,48.1326513]]}},
{"type":"Feature","properties":{"full_id":"w688578242","ref":"О-070702","length_km":6.29156,"name:uk":"Верхньокоропецька сільська громада","lenght_roads":0.0,"id_roads":"63435"},"geometry":{"type":"LineString","coordinates":[[22.877641618391092,48.372783138175365],[22.877641618391085,48.372783138175357]]}},
{"type":"Feature","properties":{"full_id":"w165723537","ref":"О-070501","length_km":11.39623,"name:uk":"Білківська сільська громада","lenght_roads":11.3962,"id_roads":"97823"},"geometry":{"type":"LineString","coordinates":[[23.10758322247872,48.269228799325617],[23.1152777,48.2704405],[23.1223376,48.2715829],[23.1227312,48.2716458],[23.1251152,48.272027],[23.1303003,48.2726651],[23.13095,48.272743],[23.134134,48.2731272],[23.1351894,48.2732568],[23.1372279,48.2735072],[23.1379781,48.2735994],[23.1396843,48.2738089],[23.1422191,48.2741201],[23.1438995,48.2744271],[23.1452169,48.2749689],[23.1461737,48.2751382],[23.1469776,48.2752146],[23.1477127,48.275216],[23.1480744,48.2751912],[23.1484111,48.2751543],[23.1484663,48.2751496],[23.1485234,48.2751575],[23.1491301,48.2753094],[23.150024,48.275551],[23.1500647,48.2756183],[23.1501494,48.2757743],[23.150197,48.2759065],[23.1502138,48.2760345],[23.1501385,48.2764095],[23.1500725,48.2766358],[23.1500092,48.2767664],[23.1498529,48.2768256],[23.1494599,48.2770771],[23.1493458,48.2771771],[23.1492217,48.2773342],[23.1491126,48.277524],[23.1489919,48.2777466],[23.1489049,48.2779748],[23.1488056,48.2786968],[23.1486099,48.2794143],[23.1481629,48.2808125],[23.147889,48.2813065],[23.1473179,48.2822717],[23.1472646,48.2823522],[23.1472023,48.2824376],[23.14686,48.2829478],[23.1467737,48.2830763],[23.1436143,48.2877809],[23.1424439,48.2892961],[23.1414438,48.2903301],[23.141205,48.2905769],[23.1401241,48.2917207],[23.1390682,48.2928298],[23.1385594,48.2933712],[23.1381909,48.2936941],[23.1381478,48.2937191],[23.1380819,48.2937578],[23.1369091,48.2942765],[23.1368049,48.2943512],[23.1367096,48.2944826],[23.1361377,48.2958383],[23.135852,48.2965533],[23.13543,48.2975924],[23.1347903,48.2991522],[23.1347412,48.2992665],[23.1346308,48.2994059],[23.1339731,48.3000877],[23.1339416,48.3001503],[23.1339422,48.3002104],[23.1339737,48.300256],[23.1340535,48.3003047],[23.1357751,48.3002026],[23.1358833,48.3002038],[23.1359872,48.300219],[23.1367327,48.3004071],[23.1368596,48.3004246],[23.1372726,48.3004259],[23.1373762,48.3004242],[23.138463,48.30034],[23.1385459,48.3003354],[23.1403365,48.3002658],[23.1404158,48.3002993],[23.1404618,48.3003466],[23.1404842,48.3003929],[23.1410314,48.3024116],[23.1411324,48.3028071],[23.141338,48.3036906],[23.1414612,48.304707],[23.1415306,48.3050352],[23.141593,48.3052385],[23.1419841,48.3064125],[23.1419939,48.3066051],[23.1420107,48.3068005],[23.1420446,48.3069044],[23.1420873,48.3069699],[23.1423918,48.3074669],[23.1424104,48.307511],[23.1424234,48.3075686],[23.1424203,48.3080878],[23.1424114,48.3081521],[23.1424001,48.308194],[23.1423775,48.3082629],[23.1421577,48.3088546],[23.142149,48.3088813],[23.1420541,48.3091773],[23.1420306,48.3092505],[23.1419481,48.309519],[23.141922,48.3096064],[23.1417722,48.3101553],[23.1417245,48.3104494],[23.1417144,48.3108443],[23.1416792,48.3110961],[23.1416521,48.311195],[23.1415805,48.3112795],[23.1414039,48.3114137],[23.1406473,48.3120418],[23.1404155,48.3122343],[23.1403291,48.3122941],[23.1402171,48.3123346],[23.1401019,48.3123527],[23.1400002,48.3123525],[23.1398843,48.3123393],[23.1397075,48.3122976],[23.1394697,48.3122265],[23.1393514,48.3121903]]}},
{"type":"Feature","properties":{"full_id":"w223851206","ref":"О-070602","length_km":22.29559,"name:uk":"Усть-Чорнянська селищна громада","lenght_roads":22.2956,"id_roads":"21436"},"geometry":{"type":"LineString","coordinates":[[23.789603929740228,48.398888856240852],[23.7896676,48.3989031],[23.7903358,48.3990478],[23.7905065,48.3990871],[23.7906284,48.3991259],[23.7910677,48.3992832],[23.7917326,48.3995963],[23.7920207,48.3996595],[23.792433,48.3997409],[23.7926712,48.3997905],[23.7927182,48.3998093],[23.7928448,48.39986],[23.793028,48.4000809],[23.7931206,48.4002191],[23.7932618,48.4003089],[23.7934603,48.4004086],[23.7935972,48.4004474],[23.7937499,48.4004656],[23.7938896,48.4004599],[23.7940557,48.4004264],[23.7947425,48.4003085],[23.7948632,48.4002978],[23.7950751,48.4002836],[23.7952843,48.4002943],[23.7954238,48.4003156],[23.7955284,48.4003459],[23.7956008,48.4003869],[23.7956974,48.4004456],[23.7957779,48.4005543],[23.7958154,48.4007056],[23.7958127,48.4008285],[23.7958395,48.4009995],[23.7958422,48.4011455],[23.7957671,48.4012986],[23.7957188,48.4013716],[23.7955041,48.4016409],[23.7954667,48.401726],[23.7954376,48.4020404],[23.7954479,48.4021997],[23.7954801,48.4022762],[23.795557,48.4023392],[23.7956947,48.4023902],[23.7958395,48.4023849],[23.7961453,48.4023297],[23.796317,48.402319],[23.796489,48.4023201],[23.7967515,48.4023955],[23.7969044,48.4024258],[23.7971136,48.402424],[23.797574,48.4024073],[23.7977734,48.4024151],[23.7979664,48.4024458],[23.7981114,48.4024864],[23.7982614,48.402542],[23.7984921,48.40272],[23.7986637,48.4028767],[23.7988034,48.4030882],[23.7988704,48.4033571],[23.7989202,48.4038264],[23.7989032,48.4039282],[23.7988777,48.4040865],[23.7988649,48.4041543],[23.7988713,48.404266],[23.7989241,48.4043258],[23.7990054,48.4043409],[23.7990931,48.4043311],[23.799168,48.4042692],[23.7994759,48.403842],[23.7995759,48.4036667],[23.7997505,48.4034166],[23.8000209,48.4031188],[23.8001056,48.4030079],[23.8001014,48.4029301],[23.8000538,48.4028477],[23.7998546,48.4025028],[23.7994108,48.4020254],[23.7992897,48.4018334],[23.7992216,48.4013774],[23.7991859,48.4012978],[23.7990983,48.4011997],[23.7990483,48.4011436],[23.7989749,48.4009998],[23.798942,48.4008244],[23.7992162,48.4001985],[23.799415,48.4000035],[23.7995895,48.3998459],[23.7998826,48.3996565],[23.8000478,48.3995735],[23.8006915,48.3993971],[23.8008553,48.3993878],[23.8009919,48.3994043],[23.8012426,48.399515],[23.8015364,48.3996446],[23.8017322,48.3996995],[23.8018396,48.3997102],[23.8019212,48.3996855],[23.8019744,48.3996294],[23.8020272,48.3992828],[23.8020326,48.3992476],[23.8020888,48.3990865],[23.8022338,48.3989015],[23.8023963,48.3987889],[23.8026156,48.3986925],[23.8028766,48.3986134],[23.8032394,48.3985035],[23.8035758,48.3984643],[23.8037393,48.3984739],[23.8039455,48.3984896],[23.8040097,48.3984852],[23.8041122,48.398454],[23.8043983,48.3982294],[23.8046112,48.3981262],[23.8048038,48.3980476],[23.805206,48.3979803],[23.8053716,48.3978973],[23.8055304,48.3978031],[23.8060615,48.3976163],[23.8062522,48.3975592],[23.8063431,48.3975464],[23.8064347,48.3975399],[23.806574,48.3975416],[23.8067208,48.3975614],[23.8068437,48.3975873],[23.8069369,48.3976264],[23.8070923,48.3977249],[23.8072032,48.3978188],[23.8074176,48.3980666],[23.8075141,48.3982249],[23.8075749,48.3983124],[23.8076425,48.3983707],[23.8077371,48.3983999],[23.8078237,48.3983959],[23.8078993,48.398373],[23.8079685,48.3983247],[23.8080543,48.3982552],[23.8080946,48.3981751],[23.808116,48.3980451],[23.8081402,48.397908],[23.8081884,48.3976337],[23.8081832,48.3974575],[23.8081562,48.3973072],[23.8080514,48.3969953],[23.8079061,48.3967507],[23.8076864,48.3965151],[23.8074141,48.3963391],[23.8073313,48.3962551],[23.8073106,48.3961632],[23.8073469,48.3960924],[23.8074161,48.3960215],[23.8075224,48.3959641],[23.8077601,48.3959357],[23.8080622,48.3959066],[23.8082135,48.3958581],[23.8087918,48.3955433],[23.8089243,48.3955096],[23.8093424,48.395486],[23.8094526,48.3954638],[23.809591,48.3953973],[23.8096527,48.395327],[23.8098288,48.3950592],[23.8099969,48.3949536],[23.8102052,48.3948606],[23.8105069,48.3948065],[23.8110915,48.3947505],[23.8111947,48.3947406],[23.8115204,48.394706],[23.8116714,48.3946899],[23.8119782,48.3946315],[23.8125866,48.3944585],[23.8128126,48.3943675],[23.8129609,48.3943429],[23.8130923,48.394347],[23.8132657,48.3943679],[23.8135314,48.3945082],[23.8136453,48.3945519],[23.8137299,48.3945883],[23.8137969,48.3945955],[23.8138881,48.3945901],[23.8141079,48.3945549],[23.8142663,48.3945705],[23.8144031,48.3946079],[23.8145077,48.3946222],[23.8145694,48.3946168],[23.8146606,48.3945919],[23.8149291,48.3944465],[23.8150179,48.3944325],[23.8151024,48.3944504],[23.8151598,48.3944829],[23.8152453,48.3946507],[23.8152802,48.3947077],[23.8153462,48.3947511],[23.8153928,48.3947718],[23.8154781,48.3947805],[23.815562,48.3947739],[23.8156026,48.3947593],[23.8156423,48.3947257],[23.8157298,48.3945812],[23.815898,48.3942278],[23.8159168,48.3941123],[23.8161641,48.3936284],[23.8162152,48.3935676],[23.8162918,48.3935153],[23.8163749,48.39348],[23.8164834,48.3934489],[23.816641,48.3934234],[23.8171274,48.3933309],[23.8173967,48.393258],[23.8175542,48.3931845],[23.8176543,48.3931167],[23.8177757,48.3929965],[23.8179034,48.3929117],[23.8180886,48.3928297],[23.8183143,48.3927633],[23.8184825,48.3927238],[23.8190212,48.3926709],[23.8192931,48.3926366],[23.8195422,48.3925735],[23.8201401,48.392307],[23.820269,48.3922533],[23.8206017,48.3921893],[23.8208943,48.3921851],[23.8219131,48.3921879],[23.8221789,48.3921771],[23.822929,48.3921647],[23.8230553,48.3921626],[23.8234384,48.3921356],[23.8238354,48.3920673],[23.8242489,48.3919772],[23.8245369,48.3919406],[23.824786,48.3918953],[23.824918,48.3918826],[23.8251735,48.3918868],[23.8252884,48.3918812],[23.825612,48.3918642],[23.8261975,48.3918628],[23.8267912,48.3918551],[23.8268962,48.3918667],[23.8275663,48.3919519],[23.8282241,48.392048],[23.8285264,48.3920847],[23.8289863,48.3921257],[23.829329,48.3921328],[23.8294881,48.3921331],[23.8297953,48.3921328],[23.8298636,48.3921171],[23.8299181,48.3920924],[23.8299684,48.3920093],[23.8300943,48.3914506],[23.8303346,48.3903784],[23.8304178,48.3901226],[23.8305049,48.389889],[23.8306715,48.389632],[23.8319834,48.387915],[23.8349102,48.3842811],[23.8357535,48.3832654],[23.8365438,48.3822383],[23.8368335,48.3819116],[23.8369854,48.3817404],[23.8371579,48.381599],[23.8374539,48.3814339],[23.8387307,48.3806706],[23.8389542,48.3804914],[23.8406094,48.3788214],[23.8414317,48.3779851],[23.8422899,48.3771579],[23.8427957,48.3766742],[23.8434438,48.3762452],[23.844658,48.3754907],[23.8453225,48.3750643],[23.8455572,48.3748973],[23.8461939,48.3744172],[23.8468272,48.3738954],[23.8481678,48.3727359],[23.8499167,48.3712607],[23.8503864,48.3708829],[23.8505791,48.3707496],[23.8508703,48.3706101],[23.8515388,48.3703614],[23.8527124,48.3700087],[23.8531709,48.3698888],[23.8535663,48.3698209],[23.8538815,48.3697734],[23.8542463,48.3697503],[23.8546324,48.3697578],[23.8550526,48.3697695],[23.8557237,48.3697309],[23.8564578,48.3696827],[23.8574916,48.369583],[23.8578808,48.3695738],[23.8588854,48.3695852],[23.8591876,48.3695753],[23.8593693,48.3695299],[23.859525,48.3694407],[23.8596979,48.3692593],[23.8600052,48.3688771],[23.8604574,48.3684195],[23.8608869,48.3680499],[23.861095,48.3678916],[23.8613677,48.3677363],[23.8627927,48.3670363],[23.8643115,48.3662791],[23.8646228,48.3661686],[23.8649345,48.3660989],[23.8661675,48.3658729],[23.8663925,48.3658225],[23.8665907,48.3657577],[23.8676133,48.3652764],[23.8686715,48.3648214],[23.8692824,48.3645474],[23.8698061,48.3643007],[23.8700994,48.3641256],[23.8705046,48.3638909],[23.870773,48.3637956],[23.8711271,48.3637337],[23.8729714,48.3634678],[23.8734837,48.3634008],[23.8740857,48.3634113],[23.8749071,48.3634138],[23.8755103,48.3634167],[23.87671,48.3633498],[23.8774182,48.3632712],[23.8781739,48.3631738],[23.8786446,48.3630975],[23.8789312,48.3630421],[23.8791915,48.3629744],[23.8814392,48.3621239],[23.8816503,48.3620206],[23.8835361,48.3612386],[23.885685,48.3604678],[23.8858411,48.3604043],[23.886072,48.3602959],[23.8866285,48.3600491],[23.8871672,48.3597514],[23.8879376,48.3593415],[23.8885095,48.3590539],[23.8887111,48.3589272],[23.8888513,48.3587853],[23.8891254,48.3583078],[23.8892224,48.3581813],[23.889372,48.358085],[23.8896552,48.3579458],[23.8906556,48.3574699],[23.8921123,48.3568355],[23.8924062,48.3566887],[23.892717,48.3565119],[23.8930566,48.356273],[23.8932047,48.3561551],[23.8933444,48.3560127],[23.8935522,48.3557442],[23.8942449,48.3546196],[23.8943329,48.3544869],[23.8944277,48.3543659],[23.8946916,48.3541059],[23.8950685,48.3537567],[23.8954395,48.3534315],[23.8962017,48.3528423],[23.8969685,48.3523364],[23.8977233,48.3518475],[23.8979684,48.3516745],[23.9009053,48.3496808],[23.9025164,48.3488512],[23.9029479,48.3485465],[23.9036975,48.3477116],[23.9041926,48.3472034],[23.9044649,48.3469995],[23.9047688,48.3468108],[23.9049279,48.3467186],[23.9050341,48.3466081],[23.905529,48.3461242],[23.9056005,48.3460397],[23.9065414,48.3453975],[23.9081307,48.3440158],[23.9088249,48.3433972],[23.9095273,48.3428511],[23.9096835,48.3427183],[23.9098196,48.342594],[23.9106934,48.34169],[23.9114964,48.3408938],[23.912204,48.3401428],[23.9124669,48.339879],[23.9127041,48.3396656],[23.9130722,48.3394366],[23.9133625,48.3393328],[23.9139679,48.3392274],[23.9145514,48.3391741],[23.9150388,48.3390968],[23.9159423,48.3388703],[23.9167306,48.338653],[23.9169976,48.3385572],[23.9171971,48.3384422],[23.917333,48.3382889],[23.9174732,48.3380631],[23.9176096,48.3377236],[23.9179329,48.3361441],[23.9180142,48.3359158],[23.9181273,48.3357284],[23.9184547,48.3353156],[23.9189842,48.3349184],[23.9193344,48.334758],[23.9199098,48.3345548],[23.9205742,48.334384],[23.9211073,48.3342835],[23.9214363,48.3342674],[23.9216533,48.3342652],[23.9224834,48.3343889],[23.9230859,48.3344787],[23.9235208,48.3345276],[23.9239661,48.3345376],[23.9244192,48.3345259],[23.9248204,48.3345091],[23.9254502,48.3344619],[23.9257011,48.3344025],[23.9259058,48.3343109],[23.9260207,48.3341991],[23.9261722,48.3339853],[23.9263102,48.3337316],[23.9263957,48.3335499],[23.9264712,48.3333428],[23.9265101,48.3329896],[23.9265636,48.33268],[23.926648,48.332462],[23.9267565,48.3322478],[23.9269671,48.3319612],[23.9271044,48.3318231],[23.9272115,48.3316346],[23.9272919,48.3314795],[23.9273625,48.3313099],[23.9273826,48.3311109],[23.9273782,48.3297257],[23.9274154,48.329371],[23.9274373,48.329205],[23.9275159,48.3290274],[23.9276704,48.3288482],[23.9279434,48.3286085],[23.9282757,48.3283767],[23.9296761,48.3276423],[23.9304846,48.3272454],[23.9306007,48.3271995],[23.9310565,48.3270263],[23.932338,48.326657],[23.9329168,48.3264464],[23.933352,48.3262066],[23.9342874,48.3255675],[23.9352102,48.3249263],[23.9355891,48.3246735],[23.935765,48.3245562],[23.9376949,48.3232128],[23.9386135,48.3225734],[23.9390711,48.3222665],[23.9408147,48.321097],[23.9420421,48.3204275],[23.9422592,48.320283],[23.9424621,48.3201361],[23.9432565,48.3194716],[23.9440605,48.3188317],[23.9451387,48.3181242],[23.9470613,48.3168171],[23.9480882,48.3161019],[23.9482272,48.3159788],[23.948289,48.3159057],[23.9483296,48.3158349],[23.9484781,48.3153701],[23.9486756,48.3145491],[23.948746,48.3139305],[23.9487784,48.3136458],[23.9488502,48.3133346],[23.949119,48.3121696],[23.9491664,48.3120169],[23.9492192,48.3118669],[23.9493038,48.3117119],[23.9494005,48.3115543],[23.949494,48.31143],[23.9499869,48.3109142],[23.9501095,48.3107859],[23.9515455,48.3092835],[23.9522459,48.3085506],[23.9528732,48.3077319],[23.9533187,48.3068909],[23.9537196,48.3062315],[23.9538515,48.3060852],[23.9549704,48.3050187],[23.9551497,48.3047852],[23.9552723,48.3045329],[23.9554681,48.30395],[23.955597,48.3027257],[23.9556586,48.3024473],[23.9558052,48.3021748],[23.9563188,48.3016077],[23.9564818,48.3014057],[23.9566652,48.3010469],[23.9568089,48.3006203],[23.9566513,48.298866],[23.9566232,48.2980799],[23.9567799,48.2971034],[23.9567993,48.2967809],[23.9568257,48.2965498],[23.9567679,48.2960528],[23.9565555,48.2952829],[23.955457,48.2935922],[23.9551587,48.2931181],[23.95495,48.2927045],[23.9548486,48.2924459],[23.9547928,48.2921368],[23.9547842,48.2918374],[23.9548603,48.2915141],[23.955006,48.2910464],[23.9555373,48.2900104],[23.9557364,48.2897351],[23.9561838,48.2892778],[23.9568844,48.2885893],[23.9573176,48.2882357],[23.9580564,48.2878306],[23.9582561,48.2876966],[23.9585297,48.287513],[23.9587516,48.2873515],[23.9589539,48.2871657],[23.9591351,48.2869945],[23.9593293,48.2868006],[23.9594758,48.2866197],[23.9595908,48.2864209],[23.9597557,48.2859904],[23.9598328,48.2857231],[23.9598861,48.2854275],[23.9599186,48.285156],[23.9598934,48.284775],[23.9598727,48.2846351],[23.959852,48.2845484],[23.9597976,48.2844102],[23.9597291,48.284269],[23.9595575,48.2840826],[23.9593363,48.2838493],[23.9588065,48.283435],[23.9584811,48.2832333],[23.9569277,48.2825182],[23.955391,48.2817811],[23.9551252,48.2816722],[23.9548621,48.281575],[23.954229,48.2814358],[23.9532634,48.2813359],[23.9523783,48.2812109],[23.9517973,48.2810567],[23.951241,48.2808861],[23.951061786142446,48.28081127571641]]}},
{"type":"Feature","properties":{"full_id":"w148639634","ref":"О-070704","length_km":10.05858,"name:uk":"Горондівська сільська громада","lenght_roads":10.0586,"id_roads":"26898"},"geometry":{"type":"LineString","coordinates":[[22.5576794,48.3885777],[22.5578164,48.3882673],[22.5590131,48.3858432],[22.5590214,48.3858277],[22.5590376,48.3857969],[22.5590465,48.3857763],[22.5591172,48.3856358],[22.559141,48.3855876],[22.5591635,48.3855441],[22.5591825,48.385502],[22.5592058,48.3854449],[22.5592356,48.3853841],[22.559254,48.3853464],[22.5592693,48.3853126],[22.5593225,48.385195],[22.5593574,48.3851274],[22.5595326,48.3847836],[22.5600712,48.3837269],[22.5601995,48.3835718],[22.5604248,48.3834186],[22.5615674,48.3825422],[22.5617512,48.3823501],[22.5620215,48.3820076],[22.5622046,48.3817756],[22.5630069,48.3806973],[22.5633077,48.3807188],[22.5647339,48.3808966],[22.5649116,48.3809036],[22.5650371,48.3808498],[22.5651619,48.3807293],[22.5653501,48.3805539],[22.5655849,48.3803792],[22.5659151,48.3801492],[22.566099,48.3799813],[22.5664925,48.3795387],[22.5666813,48.3793264],[22.567424,48.3784911],[22.568605,48.3771333],[22.5688462,48.376856],[22.5698156,48.3757726],[22.5706582,48.3748296],[22.570861,48.3745974],[22.5709611,48.3744835],[22.5719932,48.3733091],[22.5728766,48.3723039],[22.5742148,48.3707811],[22.577281,48.3672965],[22.5785642,48.3658267],[22.5786428,48.3657343],[22.5789572,48.3653826],[22.5812929,48.3627414],[22.5841262,48.359553],[22.5851721,48.358372],[22.5872107,48.3560518],[22.5872531,48.3560048],[22.5880452,48.3550783],[22.5885238,48.3545366],[22.5886686,48.3544177],[22.5893373,48.3537668],[22.5899774,48.3531454],[22.5909784,48.3521735],[22.5911004,48.352158],[22.5954609,48.3542869],[22.5962748,48.3546843],[22.596852,48.3549703],[22.5974289,48.3551656],[22.6015778,48.3560915],[22.6018313,48.3562021],[22.6032253,48.3570282],[22.6041213,48.3565711],[22.6065301,48.3553228],[22.6092853,48.353869],[22.6105569,48.3532015],[22.6112548,48.3528345],[22.6119568,48.3524653],[22.6126179,48.3521176],[22.6134292,48.3516909],[22.614216,48.3512771],[22.6225848,48.3468755],[22.6226497,48.3468414],[22.6361531,48.3397385],[22.6381682,48.3386784]]}},
{"type":"Feature","properties":{"full_id":"w203891753","ref":"С-070411","length_km":1.96243,"name:uk":"Жденіївська селищна громада","lenght_roads":1.9624,"id_roads":"86831"},"geometry":{"type":"LineString","coordinates":[[23.0446003,48.7515544],[23.0446225,48.751621],[23.0448372,48.7516879],[23.0449923,48.7517823],[23.0449983,48.7518963],[23.0448671,48.7519632],[23.0439842,48.7521048],[23.0425466,48.7523879],[23.041974,48.7525334],[23.041628,48.7526947],[23.0411985,48.7529936],[23.0409539,48.7532296],[23.0405483,48.7536622],[23.0401964,48.7539729],[23.0387707,48.7550111],[23.0378461,48.7558488],[23.0374777,48.7562448],[23.0372545,48.7565752],[23.0370945,48.7568712],[23.0369036,48.7573746],[23.0367604,48.7581021],[23.0365875,48.7589948],[23.0363966,48.7597459],[23.0363712,48.7603282],[23.0363667,48.7604301],[23.0364025,48.7611536],[23.0365159,48.7616097],[23.0366123,48.7618739],[23.0366504,48.7619421],[23.0368619,48.762235],[23.0374285,48.762809],[23.0380295,48.7632966],[23.0383531,48.7635561],[23.0385294,48.7637485],[23.0386348,48.7639459],[23.0386475,48.7641683],[23.0386812,48.7643111],[23.0387055,48.7643991],[23.0387528,48.7645706],[23.0395553,48.7658081],[23.0395828,48.7658946]]}},
{"type":"Feature","properties":{"full_id":"w200730630","ref":"С-070811","length_km":2.04872,"name:uk":"Тур'є-Реметівська сільська громада","lenght_roads":2.0487,"id_roads":"57702"},"geometry":{"type":"LineString","coordinates":[[22.7219433,48.7626983],[22.7227534,48.7628929],[22.7231115,48.7630351],[22.7234816,48.763318],[22.7237499,48.7638236],[22.7238303,48.764149],[22.7236158,48.7646723],[22.7234387,48.7650153],[22.7230042,48.7655492],[22.7227843,48.7657932],[22.722618,48.7660336],[22.7225015,48.7661457],[22.7223908,48.7663394],[22.7224546,48.7665499],[22.7225568,48.7666818],[22.7227442,48.766881],[22.7228808,48.7670926],[22.7228916,48.767326],[22.7228701,48.7677149],[22.722905,48.7680013],[22.7230418,48.7683036],[22.7232429,48.7685617],[22.723369,48.7687774],[22.7234421,48.7688672],[22.7235943,48.7690602],[22.7236573,48.769222],[22.7236681,48.7693846],[22.7236619,48.7694983],[22.723597,48.7696825],[22.7233341,48.7701174],[22.7231227,48.7703193],[22.7230015,48.7704488],[22.7228862,48.7706168],[22.7228567,48.7707732],[22.7228559,48.7708135],[22.7228499,48.7709076],[22.7228352,48.7711993],[22.7228594,48.7717667],[22.7229211,48.7720001],[22.7229962,48.7721786],[22.7232107,48.7725816],[22.723428,48.7730483],[22.7234468,48.7731703],[22.7234709,48.7734231],[22.7234817,48.7735751],[22.7235399,48.7739998],[22.7235874,48.7742014],[22.7238142,48.7745879],[22.7248093,48.775523],[22.7249032,48.7756255],[22.7249676,48.7757625],[22.724985,48.7758835],[22.7249917,48.776071],[22.7249582,48.7762433],[22.7249113,48.7763776],[22.7248016,48.7766226],[22.7247637,48.7766914],[22.7246001,48.7768628],[22.7244581,48.7769762],[22.7243453,48.7770661],[22.7241656,48.7772588],[22.7241066,48.7773878],[22.7241093,48.7775486],[22.7241254,48.7776547],[22.7241737,48.7777554],[22.7243304,48.7779408],[22.7249408,48.7784898],[22.7252365,48.7786622],[22.7253034,48.7787083],[22.7254283,48.778835],[22.7255154,48.7789366],[22.7256073,48.7790086],[22.7257078,48.7790942],[22.7257401,48.779139]]}},
{"type":"Feature","properties":{"full_id":"w122522083","ref":"С-070509","length_km":1.19574,"name:uk":"Мукачівська міська громада","lenght_roads":1.1957,"id_roads":"22288"},"geometry":{"type":"LineString","coordinates":[[22.8843382,48.3485051],[22.8845444,48.3487005],[22.8863647,48.350425],[22.8867273,48.3506615],[22.8881944,48.3512873],[22.8882979,48.3513314],[22.8895674,48.3519563],[22.889707,48.3520541],[22.889977,48.3523045],[22.8901535,48.3524059],[22.8903144,48.3524565],[22.8908462,48.3524913],[22.8926525,48.3526095],[22.8928983,48.3526174],[22.8938892,48.3526491],[22.895451,48.3527985],[22.8978587,48.35296]]}}
]
}
