{
"type": "FeatureCollection",
"name": "Probna_new_01",
"crs": { "type": "name", "properties": { "name": "urn:ogc:def:crs:OGC:1.3:CRS84" } },
"features": [
{"type":"Feature","properties":{"full_id":"w70483180","ref":null,"osm_id":null,"highway":null,"layer":"Roads_Rain_blue","path":"Roads_Rain_blue.geojson"},"geometry":{"type":"LineString","coordinates":[[16.9893699,48.2450192],[16.9890617,48.2450494],[16.9888368,48.2450714],[16.9885184,48.2450992],[16.9883885,48.2451139],[16.9882981,48.2451241]]}},
{"type":"Feature","properties":{"full_id":"w70483180","ref":null,"osm_id":null,"highway":null,"layer":"Roads_Rain_blue","path":"Roads_Rain_blue.geojson"},"geometry":{"type":"LineString","coordinates":[[16.9883213,48.2450198],[16.9885084,48.2450298],[16.9888359,48.2450005],[16.9890829,48.2449995],[16.9893699,48.2450192]]}},
{"type":"Feature","properties":{"full_id":"w70483180","ref":null,"osm_id":null,"highway":null,"layer":"Roads_Rain_blue","path":"Roads_Rain_blue.geojson"},"geometry":{"type":"LineString","coordinates":[[16.9893699,48.2450192],[16.9896446,48.2450429],[16.9899197,48.2451029],[16.9902009,48.2452077],[16.9904609,48.2453458],[16.9908752,48.245578],[16.9911341,48.2456989],[16.9914087,48.2457821],[16.9917029,48.2458422],[16.9919944,48.2458709],[16.9923863,48.2458957]]}},
{"type":"Feature","properties":{"full_id":"w70483180","ref":null,"osm_id":null,"highway":null,"layer":"Roads_Rain_blue","path":"Roads_Rain_blue.geojson"},"geometry":{"type":"LineString","coordinates":[[17.0184339,48.4370645],[17.0183044,48.4371412],[17.0182557,48.437169],[17.0177651,48.4374491]]}},
{"type":"Feature","properties":{"full_id":"w70483180","ref":null,"osm_id":null,"highway":null,"layer":"Roads_Rain_blue","path":"Roads_Rain_blue.geojson"},"geometry":{"type":"LineString","coordinates":[[17.0296353,48.2506386],[17.029916,48.2506411],[17.0301914,48.2506205],[17.0303986,48.250584],[17.0305829,48.2505405],[17.0307804,48.2504735],[17.0309792,48.2503727],[17.0312245,48.2502201],[17.0314917,48.2500389],[17.0316459,48.2499488],[17.0318007,48.2498813],[17.0319694,48.2498264],[17.0321341,48.249791],[17.0323187,48.2497717],[17.0325135,48.2497652],[17.0332295,48.2497798]]}},
{"type":"Feature","properties":{"full_id":"w70483180","ref":null,"osm_id":null,"highway":null,"layer":"Roads_Rain_blue","path":"Roads_Rain_blue.geojson"},"geometry":{"type":"LineString","coordinates":[[17.0332295,48.2497798],[17.0335649,48.2497699],[17.0338523,48.2497719],[17.0339554,48.2498078],[17.0338526,48.2498315],[17.0336118,48.2498275],[17.0332295,48.2497798]]}},
{"type":"Feature","properties":{"full_id":null,"ref":null,"osm_id":null,"highway":null,"layer":"Roads_Rain_blue","path":"Roads_Rain_blue.geojson"},"geometry":{"type":"LineString","coordinates":[[22.109533153650041,48.761104892916933],[22.073271787636738,48.432453971542124]]}},
{"type":"Feature","properties":{"full_id":"w377171791","ref":"79","osm_id":null,"highway":null,"layer":"Roads_Rain_blue","path":"Roads_Rain_blue.geojson"},"geometry":{"type":"LineString","coordinates":[[22.0749957,48.4322443],[22.080188,48.4318038],[22.0803483,48.4317843],[22.0818742,48.4316229],[22.0831043,48.4314866],[22.0833121,48.4314688],[22.0835803,48.4314492],[22.0838767,48.4314368],[22.0841297,48.4314327],[22.0845411,48.431429],[22.0913315,48.43136],[22.0916604,48.4313591],[22.0919563,48.4313642],[22.0921655,48.4313744],[22.0924464,48.4313936],[22.0930506,48.4314426],[22.0945868,48.4315832],[22.0959292,48.4317037],[22.0972939,48.4318304],[22.1009027,48.4321362],[22.1044389,48.4324113],[22.1058802,48.4325197],[22.1068186,48.43259],[22.1070178,48.4326042],[22.1075955,48.432647],[22.108022,48.4326701],[22.1083505,48.4326826],[22.1089581,48.4326977],[22.1108477,48.4327395],[22.1113479,48.4327493],[22.1118562,48.4327511],[22.113033,48.4327475],[22.1134236,48.4327481],[22.1135332,48.4327483],[22.1148093,48.4327502],[22.1159291,48.43276],[22.1169819,48.4327751],[22.1190901,48.4328053],[22.1201791,48.4328338],[22.1225093,48.432902],[22.1226431,48.4329039],[22.1229569,48.4329152],[22.1246973,48.4329695],[22.1250104,48.4329757],[22.1252049,48.432974],[22.1253289,48.432966],[22.1254912,48.4329495]]}},
{"type":"Feature","properties":{"full_id":"w4782528","ref":"19","osm_id":null,"highway":null,"layer":"Roads_Rain_blue","path":"Roads_Rain_blue.geojson"},"geometry":{"type":"LineString","coordinates":[[22.1071713,48.7638192],[22.1073324,48.763786],[22.1096264,48.7633136],[22.1123588,48.7627497],[22.1185398,48.7614681],[22.1217263,48.7608035],[22.1223659,48.760675],[22.1237398,48.760399],[22.1242234,48.7603018],[22.125869,48.7599712],[22.1275561,48.7596569],[22.1365237,48.7578389],[22.1419523,48.7567349],[22.1446715,48.7561882],[22.1473043,48.7556493],[22.1483328,48.7554426],[22.1484513,48.7554179],[22.1490181,48.7552979],[22.1493708,48.7552251],[22.1496008,48.7551711],[22.1498285,48.7551101],[22.1500504,48.755052],[22.1502914,48.7549837],[22.1507142,48.7548515],[22.1509206,48.754792],[22.1511113,48.7547322],[22.151654,48.7545641],[22.1523282,48.7543549],[22.153136,48.7541014],[22.1534528,48.7540023],[22.1548389,48.7535724],[22.1563541,48.7530982],[22.1587185,48.7523577],[22.158838,48.75232],[22.1588716,48.7523092],[22.1621191,48.7512914],[22.1622498,48.7512507],[22.163063,48.7510019],[22.1634988,48.7508634],[22.1637138,48.7507951],[22.164079,48.750679],[22.1642931,48.750611],[22.1646741,48.7504899],[22.1657659,48.7501431],[22.165917,48.7500938],[22.1661117,48.7500305],[22.1662815,48.749975],[22.1678024,48.7494975],[22.1681083,48.7494021],[22.1688831,48.7491517],[22.1691294,48.7490752],[22.1697553,48.7488774],[22.1706209,48.7486134],[22.1710342,48.7484833],[22.1717841,48.7482379],[22.1718949,48.7482023],[22.1726257,48.7479678],[22.1726502,48.7479597],[22.172736,48.7479315],[22.1731747,48.7477869],[22.1740674,48.747497],[22.1743035,48.7474203],[22.1746426,48.7473079],[22.1751385,48.7471499],[22.1754651,48.7470481],[22.1757647,48.7469515],[22.1761064,48.7468413],[22.1768504,48.7465995],[22.1770516,48.7465422],[22.1773411,48.7464474],[22.1781894,48.7461767],[22.1783851,48.7461202],[22.1788548,48.7459714],[22.1792395,48.7458457],[22.1795126,48.7457613],[22.1799401,48.7456236],[22.1805164,48.7454473],[22.1805985,48.7454209],[22.1808606,48.7453366],[22.1809216,48.7453169],[22.18101,48.7452884],[22.1813054,48.7451979],[22.1815243,48.7451248],[22.1816386,48.7450878],[22.1816713,48.7450771],[22.1819973,48.7449707],[22.1829058,48.7446733],[22.1831033,48.74461],[22.1833854,48.744526],[22.1841989,48.7442393],[22.184419,48.7441643],[22.185448,48.7438231],[22.1856657,48.7437479],[22.1861119,48.7435938],[22.1870056,48.7432704],[22.1874306,48.743102],[22.189965,48.7420975],[22.1908915,48.741764],[22.1918213,48.7414928],[22.1920602,48.7414385],[22.1922873,48.7413886],[22.1927858,48.7412873],[22.1937355,48.741101],[22.1956965,48.7407503],[22.1995666,48.7400421],[22.2023776,48.7395058],[22.2035609,48.7392934],[22.205138,48.7389998],[22.2056604,48.7389121],[22.2079014,48.7385357],[22.2081668,48.7384731],[22.2082091,48.7384612],[22.2082763,48.7384422],[22.2083323,48.7384248],[22.2084142,48.7383941],[22.2085376,48.7383363],[22.2085993,48.7383075],[22.2086979,48.7382584],[22.2088209,48.7381868],[22.2089381,48.7381095],[22.2090744,48.7380022],[22.2092027,48.7379021],[22.2093334,48.7377901],[22.2094401,48.7376882],[22.209506,48.7376201],[22.2095792,48.737551],[22.2096093,48.7375005],[22.2096345,48.7374675],[22.209691,48.7373477],[22.2097158,48.7372906],[22.2097421,48.7372298],[22.2098143,48.7370619],[22.2100535,48.7365494],[22.2101785,48.7362707],[22.2102323,48.7361439],[22.2103088,48.7359808],[22.21043,48.7356877],[22.2105367,48.7354196],[22.2106184,48.7352687],[22.2106496,48.7351833],[22.2106806,48.7350722],[22.2107111,48.7349334],[22.2107414,48.7347696],[22.2108549,48.7340786],[22.2109841,48.7331267],[22.211119,48.7321779],[22.211251,48.7312282],[22.211278,48.7310279],[22.2113141,48.7307604],[22.2113293,48.730648],[22.2113444,48.7305274],[22.2113657,48.7302776],[22.2114175,48.7294131],[22.2114507,48.7288602],[22.2114819,48.728103],[22.2115362,48.7274747],[22.2115562,48.7272674],[22.2115762,48.7271247],[22.211593,48.7270259],[22.2116138,48.7269426],[22.2116289,48.7268744],[22.2116471,48.7268124],[22.2116695,48.7267551],[22.211693,48.7267078],[22.2117232,48.7266538],[22.2117535,48.7266041],[22.2118229,48.7265031],[22.2118886,48.7264151],[22.2119553,48.726335],[22.212715,48.7254723],[22.213273,48.7248063],[22.2133837,48.7246742],[22.2134298,48.7246191],[22.2135081,48.7245162],[22.2136519,48.7243288],[22.2137498,48.7241915],[22.2138432,48.7240626],[22.2139766,48.7238629],[22.214569,48.7229686],[22.2148411,48.7225162],[22.2149374,48.7223561],[22.2153908,48.7216024],[22.2155292,48.7213723],[22.21606,48.7204703],[22.2162155,48.720194],[22.2162585,48.7201213],[22.2164035,48.7198622],[22.2168392,48.7190709],[22.2172752,48.7182988],[22.2181623,48.7167467],[22.2188064,48.7156224],[22.2194435,48.7145016],[22.2206623,48.7123291],[22.2210446,48.7116572],[22.2212424,48.7113249],[22.221364,48.711142],[22.2214268,48.7110289],[22.2215693,48.7108045],[22.2216927,48.7106242],[22.2218282,48.7104385],[22.2220634,48.7101415],[22.2221661,48.7100093],[22.2223667,48.7097513],[22.2226348,48.7094122],[22.223605,48.7081655],[22.224164,48.7074544],[22.2247142,48.7067494],[22.2249287,48.7064811],[22.2252267,48.7060917],[22.2252959,48.7060018],[22.2253184,48.7059732],[22.2258244,48.7053309],[22.225906,48.705218],[22.2266364,48.7042548],[22.2273285,48.703316],[22.228809,48.7014738],[22.2294836,48.7005911],[22.2295548,48.7004987],[22.2299058,48.700036],[22.2303397,48.6994758],[22.2303989,48.699402],[22.2317812,48.6976126],[22.2330526,48.6959654],[22.2336594,48.6951926],[22.2342734,48.6944202],[22.2355025,48.6928925],[22.235593,48.6927795],[22.2358696,48.6924364],[22.2370607,48.6908977],[22.2382542,48.6893578],[22.2385189,48.6890165],[22.2387833,48.6886863],[22.2388567,48.6885953],[22.2393259,48.6880137],[22.2394082,48.6879222],[22.2396074,48.6877084],[22.2397935,48.6874968],[22.2399247,48.6873647],[22.2399471,48.687343],[22.2405432,48.6867642],[22.2407386,48.6865531],[22.2418063,48.6855236],[22.2421592,48.6851807],[22.2427247,48.6846312],[22.2436246,48.6837587],[22.244514,48.6828907],[22.2454036,48.6820272],[22.2459226,48.6815116],[22.2464812,48.6809728],[22.2473377,48.6801369],[22.2481791,48.6793054],[22.2482865,48.6792],[22.2485178,48.6789879],[22.2486304,48.678876],[22.248752,48.6787552],[22.2487791,48.6787288],[22.2488274,48.6786786],[22.2489309,48.6785711],[22.249013,48.6784899],[22.2492274,48.6782893],[22.2493364,48.6781802],[22.2494692,48.6780385],[22.2499231,48.6775397],[22.2504633,48.6769268],[22.2507939,48.6765517],[22.2515802,48.6756071],[22.2524269,48.6746564],[22.2544788,48.6723325],[22.2553133,48.6713476],[22.2553856,48.6712649],[22.256424,48.6700892],[22.2568088,48.6696057],[22.2571387,48.6691207],[22.2571863,48.6690207],[22.2572431,48.6688952],[22.2572941,48.6687788],[22.2573431,48.6686381],[22.2574805,48.6681888],[22.2575133,48.6680398],[22.2575375,48.6679007],[22.2575469,48.6678124],[22.2575527,48.6677075],[22.2575539,48.6676087],[22.2575498,48.6674801],[22.257533,48.6673521],[22.257504,48.6671806],[22.25744,48.6668522],[22.257333,48.6663357],[22.2565661,48.6634315],[22.2565049,48.6632002],[22.2563829,48.6627395],[22.2560263,48.6613924],[22.2558672,48.6607917],[22.2557055,48.6601808],[22.2552596,48.6583567],[22.2552489,48.6581006],[22.2552436,48.6578943],[22.2552631,48.6577249],[22.2552805,48.6576154],[22.255313,48.6574186],[22.2553443,48.6572455],[22.2553687,48.6571505],[22.2554058,48.6570443],[22.2555577,48.6567285],[22.2556342,48.6565913],[22.2557306,48.656459],[22.2560215,48.6561433],[22.2563285,48.6558411],[22.2564888,48.6557074],[22.2566511,48.655591],[22.25699,48.6553758],[22.2572388,48.6552367],[22.2575954,48.6550682],[22.2579896,48.6549393],[22.2583391,48.6548526],[22.2587106,48.6547907],[22.259041,48.6547512],[22.2593043,48.6547401],[22.259564,48.6547478],[22.2598446,48.6547677],[22.2601488,48.6548012],[22.2604371,48.6548542],[22.2607131,48.6549339],[22.2609937,48.6550289],[22.2612853,48.6551436],[22.2614158,48.6552027],[22.2615503,48.6552778],[22.2616766,48.6553521],[22.261818,48.6554565],[22.2627903,48.6562497],[22.2631542,48.6565344],[22.2636786,48.6569425],[22.2637647,48.6569975],[22.2639607,48.6571033],[22.2640409,48.6571406],[22.2641163,48.6571728],[22.2641974,48.6572011],[22.2642739,48.6572227],[22.2644537,48.6572662],[22.2646876,48.6573143]]}},
{"type":"Feature","properties":{"full_id":"w4782528","ref":"19","osm_id":null,"highway":null,"layer":"Roads_Rain_blue","path":"Roads_Rain_blue.geojson"},"geometry":{"type":"LineString","coordinates":[[22.2646876,48.6573143],[22.2652449,48.6573775],[22.2654595,48.6573807],[22.2656015,48.6573487],[22.2656903,48.6573071],[22.2657526,48.6572473]]}},
{"type":"Feature","properties":{"full_id":"w4782528","ref":"19","osm_id":null,"highway":null,"layer":"Roads_Rain_blue","path":"Roads_Rain_blue.geojson"},"geometry":{"type":"LineString","coordinates":[[22.2646876,48.6573143],[22.2647112,48.6572205],[22.264717,48.6571944],[22.2647312,48.6571301],[22.2647407,48.6570782],[22.2647553,48.6569984],[22.2648199,48.6565179]]}},
{"type":"Feature","properties":{"full_id":"w4782528","ref":"19","osm_id":null,"highway":null,"layer":"Roads_Rain_blue","path":"Roads_Rain_blue.geojson"},"geometry":{"type":"LineString","coordinates":[[22.2648199,48.6565179],[22.2647783,48.6563939],[22.2646992,48.6562601],[22.2646346,48.6560746],[22.2646418,48.6559758],[22.2646981,48.6557114],[22.2647831,48.6553674],[22.2648991,48.6551944],[22.2651885,48.6549294]]}},
{"type":"Feature","properties":{"full_id":"w4782528","ref":"19","osm_id":null,"highway":null,"layer":"Roads_Rain_blue","path":"Roads_Rain_blue.geojson"},"geometry":{"type":"LineString","coordinates":[[22.2651885,48.6549294],[22.2652651,48.654995],[22.2653295,48.6551501],[22.2653426,48.6553303],[22.2653197,48.6554753],[22.26525,48.6558218],[22.2651687,48.6560898],[22.2650973,48.6561875],[22.2650197,48.6562712],[22.2649708,48.6563146],[22.2649071,48.6563705],[22.2648772,48.656421],[22.2648199,48.6565179]]}},
{"type":"Feature","properties":{"full_id":"w4782528","ref":"19","osm_id":null,"highway":null,"layer":"Roads_Rain_blue","path":"Roads_Rain_blue.geojson"},"geometry":{"type":"LineString","coordinates":[[22.2651885,48.6549294],[22.2651912,48.6549002]]}},
{"type":"Feature","properties":{"full_id":"w4782528","ref":"19","osm_id":null,"highway":null,"layer":"Roads_Rain_blue","path":"Roads_Rain_blue.geojson"},"geometry":{"type":"LineString","coordinates":[[22.2657526,48.6572473],[22.2657201,48.6571224],[22.2657706,48.6568343],[22.2658107,48.6566237],[22.2658592,48.6563691],[22.2658652,48.6563391],[22.2659504,48.655857],[22.2659558,48.6557295],[22.265925,48.6556072],[22.2658834,48.6554123],[22.2659089,48.655228],[22.2659748,48.6550294]]}},
{"type":"Feature","properties":{"full_id":"w4782528","ref":"19","osm_id":null,"highway":null,"layer":"Roads_Rain_blue","path":"Roads_Rain_blue.geojson"},"geometry":{"type":"LineString","coordinates":[[22.2661413,48.6550302],[22.2661289,48.6551683],[22.2661049,48.6554365],[22.2661017,48.6554724],[22.2661248,48.6556559],[22.266134,48.6558638],[22.2660443,48.6564081],[22.266009,48.6566347],[22.2659735,48.6568622],[22.2659502,48.6570827],[22.2658988,48.6571784],[22.2657526,48.6572473]]}},
{"type":"Feature","properties":{"full_id":null,"ref":"M-880","osm_id":null,"highway":null,"layer":"Roads_Rain_blue","path":"Roads_Rain_blue.geojson"},"geometry":{"type":"LineString","coordinates":[[22.265513393074439,48.655055215376322],[22.26553929307444,48.65490301537632],[22.265572693074439,48.654707315376321]]}},
{"type":"Feature","properties":{"full_id":null,"ref":"M-880","osm_id":null,"highway":null,"layer":"Roads_Rain_blue","path":"Roads_Rain_blue.geojson"},"geometry":{"type":"LineString","coordinates":[[22.265572693074439,48.654707315376321],[22.26561439307444,48.654422315376323],[22.265792793074439,48.654311115376323],[22.265843193074438,48.654083215376325],[22.265912093074437,48.65379031537632],[22.265942293074438,48.653712815376323],[22.265953793074438,48.653639715376322],[22.265975693074438,48.653444315376319],[22.265930993074438,48.65327841537632],[22.265852193074437,48.652998415376324],[22.265871393074438,48.652866015376318]]}},
{"type":"Feature","properties":{"full_id":null,"ref":"M-880","osm_id":null,"highway":null,"layer":"Roads_Rain_blue","path":"Roads_Rain_blue.geojson"},"geometry":{"type":"LineString","coordinates":[[22.265871393074438,48.652866015376318],[22.266027093074438,48.653161215376322],[22.26610659307444,48.653411815376323],[22.266130393074437,48.653575315376322],[22.266131293074437,48.653653715376322],[22.266116793074438,48.653729915376324],[22.266099993074437,48.653805115376322],[22.265981393074441,48.654148315376325],[22.265953593074439,48.65423481537632],[22.265902493074439,48.654302815376319],[22.265758093074439,48.654427915376324],[22.26569829307444,48.654556315376325],[22.265572693074439,48.654707315376321]]}},
{"type":"Feature","properties":{"full_id":null,"ref":"M-880","osm_id":null,"highway":null,"layer":"Roads_Rain_blue","path":"Roads_Rain_blue.geojson"},"geometry":{"type":"LineString","coordinates":[[22.286231393074438,48.655176315376323],[22.28564419307444,48.655109715376319],[22.285480893074439,48.655081315376322],[22.285225093074438,48.65504101537632],[22.28495689307444,48.654996815376322],[22.28450179307444,48.654903715376321],[22.283985893074441,48.654777115376319],[22.28351949307444,48.654642015376325],[22.282969393074438,48.654442215376321],[22.282471393074438,48.654248415376323],[22.281362693074438,48.653737515376321],[22.279702493074439,48.652859915376325],[22.278328993074439,48.652110715376324],[22.277861093074439,48.651855415376325],[22.27456599307444,48.650097415376322],[22.271253893074437,48.64831631537632],[22.270579693074438,48.647958315376322],[22.269865893074439,48.64757571537632],[22.269311993074439,48.647282015376319],[22.269122193074438,48.647182515376322],[22.268901293074439,48.647066715376319],[22.268757693074438,48.647030815376318],[22.268609993074438,48.647015015376319],[22.26840129307444,48.647005315376319],[22.268193093074437,48.647006915376323],[22.267980593074437,48.647015515376324],[22.267834393074438,48.647031415376318],[22.26759929307444,48.647078815376325],[22.267318893074439,48.647179415376321],[22.267154293074437,48.647264615376322],[22.267016693074439,48.647357015376322],[22.266909293074438,48.647464415376319],[22.266847993074439,48.647785115376323],[22.266662393074437,48.648741215376319],[22.26663919307444,48.648859515376323],[22.266573793074439,48.649193915376323],[22.266550893074438,48.649318815376319],[22.266296993074437,48.650705315376321],[22.26628989307444,48.650741615376319],[22.26624489307444,48.650971315376324],[22.266222493074437,48.651085415376322],[22.266138893074437,48.651509815376322],[22.266122893074439,48.651590815376323],[22.265953793074438,48.652448515376321],[22.265898093074441,48.652730715376322],[22.265871393074438,48.652866015376318]]}},
{"type":"Feature","properties":{"full_id":null,"ref":"M-880","osm_id":null,"highway":null,"layer":"Roads_Rain_blue","path":"Roads_Rain_blue.geojson"},"geometry":{"type":"LineString","coordinates":[[22.266296993074437,48.655184415376318],[22.266435793074439,48.655094315376324],[22.26650329307444,48.655050515376324],[22.266688393074439,48.654966715376325],[22.266748893074439,48.654944715376324],[22.267043193074439,48.654837315376319],[22.268108393074439,48.654459315376322],[22.268523393074439,48.654312315376323],[22.26889989307444,48.654089115376323],[22.269165093074438,48.653970415376321],[22.26967419307444,48.653882815376321],[22.269974793074439,48.653835015376323],[22.270244993074439,48.653831915376323],[22.27063489307444,48.653827515376321],[22.27090479307444,48.653852115376324],[22.27118999307444,48.653856115376321],[22.271522393074438,48.65383471537632],[22.27184759307444,48.653809315376321],[22.273148193074437,48.653806515376324]]}},
{"type":"Feature","properties":{"full_id":null,"ref":"M-880","osm_id":null,"highway":null,"layer":"Roads_Rain_blue","path":"Roads_Rain_blue.geojson"},"geometry":{"type":"LineString","coordinates":[[22.273148193074437,48.653806515376324],[22.272476493074439,48.654250215376322],[22.27151589307444,48.65427861537632],[22.270730493074439,48.654301915376323],[22.270279693074439,48.654315215376322],[22.269995693074438,48.65432361537632],[22.269610093074437,48.654335015376319],[22.269421793074439,48.654351915376324],[22.269139493074437,48.654448015376325],[22.268857093074438,48.654611915376321],[22.268655993074439,48.654727815376319],[22.268454893074438,48.654792815376325],[22.267406793074439,48.654948215376322],[22.266697393074438,48.655033615376325],[22.26658059307444,48.655075215376321],[22.26650329307444,48.655125215376323],[22.26646349307444,48.655185215376321]]}},
{"type":"Feature","properties":{"full_id":null,"ref":"M-880","osm_id":null,"highway":null,"layer":"Roads_Rain_blue","path":"Roads_Rain_blue.geojson"},"geometry":{"type":"LineString","coordinates":[[22.273148193074437,48.653806515376324],[22.274322593074437,48.653780415376325],[22.274691393074438,48.653764515376324],[22.275137793074439,48.653718715376321],[22.275709493074437,48.653632115376325],[22.276166493074438,48.653558015376319],[22.276552493074441,48.653518315376324],[22.277012293074439,48.653506815376325],[22.277406493074437,48.653560715376322],[22.277701693074437,48.65361891537632],[22.27828959307444,48.653751215376325],[22.278798693074439,48.653906615376322],[22.279932993074439,48.65440871537632],[22.280283193074439,48.654593715376322],[22.280792293074438,48.65489151537632],[22.281607393074438,48.655318015376324],[22.28218579307444,48.655624215376321],[22.282595993074438,48.655844115376318],[22.282992693074437,48.65603641537632],[22.28335749307444,48.656166215376324],[22.283698193074439,48.65622971537632],[22.283990793074437,48.656253615376322],[22.284259393074439,48.65625891537632],[22.284620093074437,48.65622181537632],[22.28491669307444,48.656150315376323],[22.285189293074438,48.656060315376322],[22.285417793074437,48.65594641537632],[22.28563449307444,48.655817915376325]]}},
{"type":"Feature","properties":{"full_id":null,"ref":"M-880","osm_id":null,"highway":null,"layer":"Roads_Rain_blue","path":"Roads_Rain_blue.geojson"},"geometry":{"type":"LineString","coordinates":[[22.28563449307444,48.655817915376325],[22.285940593074439,48.65556701537632],[22.286053993074439,48.655428515376322],[22.286231393074438,48.655176315376323]]}},
{"type":"Feature","properties":{"full_id":null,"ref":"M-880","osm_id":null,"highway":null,"layer":"Roads_Rain_blue","path":"Roads_Rain_blue.geojson"},"geometry":{"type":"LineString","coordinates":[[22.286231393074438,48.655176315376323],[22.286240593074439,48.655266515376319],[22.286271293074439,48.655372115376323],[22.286104093074439,48.655499415376319],[22.28563449307444,48.655817915376325]]}},
{"type":"Feature","properties":{"full_id":null,"ref":"M-880","osm_id":null,"highway":null,"layer":"Roads_Rain_blue","path":"Roads_Rain_blue.geojson"},"geometry":{"type":"LineString","coordinates":[[22.30878929307444,48.643063315376324],[22.30794109307444,48.643368415376322],[22.30753099307444,48.643545915376322],[22.30727769307444,48.643675915376321],[22.306987193074438,48.643843315376323],[22.306593793074438,48.64409781537632],[22.306310793074438,48.644312315376325],[22.30598539307444,48.644619815376323],[22.305837793074438,48.644768115376323],[22.30570109307444,48.644906815376324],[22.30561359307444,48.645010415376319],[22.305572393074439,48.645059315376322],[22.30544089307444,48.64523121537632],[22.305295193074439,48.645442415376323],[22.30518609307444,48.645610415376325],[22.305086293074439,48.645804415376325],[22.305001093074438,48.645987915376324],[22.304949493074439,48.646148215376321],[22.304881993074439,48.646389715376323],[22.30482619307444,48.646767015376319],[22.30478789307444,48.647410415376321],[22.304774593074438,48.647715115376322],[22.30474619307444,48.648559215376324],[22.304705993074439,48.648968615376319],[22.304662993074437,48.649359215376322],[22.30463619307444,48.649517915376322],[22.30456379307444,48.649801415376324],[22.30447659307444,48.65009111537632],[22.304259593074438,48.65051551537632],[22.303987193074438,48.650931915376319],[22.303723893074437,48.651255815376324],[22.303423993074439,48.651594715376319],[22.30317719307444,48.65186051537632],[22.302818293074438,48.652249915376323],[22.302490093074439,48.652620715376322],[22.301884193074439,48.65309901537632],[22.301444293074439,48.653434715376321],[22.300970493074438,48.65375511537632],[22.30080869307444,48.65386451537632],[22.300302693074439,48.654144115376319],[22.299553493074438,48.654475815376323],[22.298802293074438,48.654772815376319],[22.298298193074437,48.654929415376323],[22.29763079307444,48.65509881537632],[22.296513093074438,48.655315015376324],[22.296014893074439,48.65539251537632],[22.29547479307444,48.655437415376319],[22.294561893074437,48.655466315376323],[22.293784693074439,48.65546061537632],[22.291487393074437,48.655385315376321],[22.28872359307444,48.655295015376325],[22.288185393074439,48.655277415376325],[22.286692293074438,48.655209415376319],[22.286231393074438,48.655176315376323]]}},
{"type":"Feature","properties":{"full_id":null,"ref":"M-880","osm_id":null,"highway":null,"layer":"Roads_Rain_blue","path":"Roads_Rain_blue.geojson"},"geometry":{"type":"LineString","coordinates":[[22.329041493074438,48.592286615376324],[22.328988193074437,48.592537615376322],[22.32895679307444,48.592675115376323],[22.328860893074438,48.593075415376319],[22.32876619307444,48.593437815376319],[22.32865889307444,48.59386231537632],[22.32861269307444,48.594045015376324],[22.328144593074438,48.595928715376324],[22.327977693074438,48.596600415376322],[22.327692493074437,48.597768415376322],[22.327445793074439,48.598728715376325],[22.32736259307444,48.59908341537632],[22.327318893074438,48.599330915376321],[22.32726989307444,48.599632915376318],[22.327223893074439,48.60013221537632],[22.32722579307444,48.600475815376321],[22.327257193074438,48.600835315376322],[22.32730359307444,48.601155215376323],[22.32738049307444,48.601478215376325],[22.32747259307444,48.601760015376321],[22.327576493074439,48.602047715376322],[22.327774993074438,48.60249681537632],[22.32859409307444,48.60417441537632],[22.328922093074439,48.604825115376322],[22.329585593074437,48.60613041537632],[22.329763193074438,48.606493015376323],[22.32996709307444,48.606903615376325],[22.330141393074438,48.607276015376321],[22.330276793074439,48.60762251537632],[22.330398893074438,48.608013815376324],[22.330491093074439,48.608407715376323],[22.330507093074438,48.608476415376323],[22.33052859307444,48.608568215376323],[22.330608093074439,48.608982115376321],[22.330745093074437,48.609850615376324],[22.330788593074438,48.61012811537632],[22.330997793074438,48.611707015376325],[22.331291093074437,48.614171115376323],[22.33136339307444,48.614799415376325],[22.33140439307444,48.615130215376325],[22.331422193074438,48.615355515376322],[22.33142449307444,48.616140715376325],[22.331424393074439,48.617881115376321],[22.331466893074438,48.618268715376324],[22.331558193074439,48.618602515376324],[22.33174099307444,48.618977515376322],[22.33218389307444,48.619525215376321],[22.332420793074437,48.619780115376322],[22.33255359307444,48.619923015376322],[22.33291659307444,48.620263515376323],[22.333700093074437,48.620867315376323],[22.334514893074438,48.621427215376322],[22.33513339307444,48.621897115376321],[22.33543469307444,48.62218341537632],[22.33576639307444,48.62259141537632],[22.336026993074437,48.623079815376322],[22.336254393074437,48.623776115376323],[22.33640089307444,48.624253815376321],[22.336642793074439,48.625067615376324],[22.336778993074439,48.625642615376321],[22.336809393074439,48.625859115376322],[22.336816793074441,48.626147915376322],[22.336809393074439,48.626289915376319],[22.33679059307444,48.626414015376319],[22.336735993074438,48.626640615376324],[22.336632293074437,48.626882115376318],[22.33652339307444,48.627092815376322],[22.33642849307444,48.627261515376318],[22.336323893074439,48.627433415376323],[22.336224593074437,48.627577015376325],[22.336106793074439,48.627730315376319],[22.33600019307444,48.627857115376322],[22.33588219307444,48.627977715376325],[22.33567339307444,48.628159815376321],[22.335495993074439,48.62830741537632],[22.335314193074439,48.628449415376323],[22.335127893074439,48.628594815376324],[22.334699793074439,48.628929115376323],[22.333944293074438,48.629507615376319],[22.33362919307444,48.62975391537632],[22.333121893074438,48.630150315376319],[22.332859193074437,48.630352515376323],[22.33262409307444,48.630533515376321],[22.332344193074437,48.630749815376319],[22.331655693074438,48.631320615376325],[22.330811793074439,48.631975115376321],[22.32982019307444,48.63275211537632],[22.329143593074438,48.633288715376324],[22.328826193074438,48.633536815376324],[22.328384493074438,48.63386481537632],[22.32795539307444,48.634167915376324],[22.327518893074437,48.63448441537632],[22.32604709307444,48.635516015376325],[22.325143993074438,48.636153215376325],[22.32448539307444,48.636595615376322],[22.324356693074439,48.636683815376323],[22.323058893074439,48.637572915376325],[22.32262549307444,48.637869915376321],[22.322231993074439,48.638142915376321],[22.321786293074439,48.638452115376325],[22.321426893074438,48.638698415376325],[22.321054093074437,48.63892351537632],[22.320874293074439,48.639019415376325],[22.320563193074438,48.639166415376323],[22.320197493074438,48.639321915376321],[22.319404093074439,48.639586015376324],[22.319357193074438,48.639602215376321],[22.319297693074439,48.63962221537632],[22.318768393074439,48.639807715376321],[22.317162293074439,48.64033601537632],[22.316647193074438,48.640505415376325],[22.316136493074438,48.64066921537632],[22.315671393074439,48.640812015376319],[22.314374993074438,48.641238615376324],[22.313781693074439,48.641433815376324],[22.313573093074439,48.641502415376323],[22.31355679307444,48.641507815376322],[22.312222893074438,48.641950815376319],[22.31103289307444,48.642333715376324],[22.31050599307444,48.642496815376319],[22.309813993074439,48.642717815376322],[22.309481893074437,48.642823315376319]]}},
{"type":"Feature","properties":{"full_id":null,"ref":"M-880","osm_id":null,"highway":null,"layer":"Roads_Rain_blue","path":"Roads_Rain_blue.geojson"},"geometry":{"type":"LineString","coordinates":[[22.329041493074438,48.592286615376324],[22.32898599307444,48.592274815376321],[22.328939293074438,48.59225161537632],[22.328906893074439,48.592219615376322],[22.32889209307444,48.592182215376319],[22.328896793074438,48.592143815376325],[22.328920393074437,48.592108515376324],[22.32896019307444,48.592080315376322],[22.329011793074439,48.592062315376324],[22.32906809307444,48.592056615376322]]}},
{"type":"Feature","properties":{"full_id":null,"ref":"M-880","osm_id":null,"highway":null,"layer":"Roads_Rain_blue","path":"Roads_Rain_blue.geojson"},"geometry":{"type":"LineString","coordinates":[[22.32906809307444,48.592056615376322],[22.329124093074437,48.59206311537632],[22.329174093074439,48.592081215376325],[22.32921249307444,48.592109015376323],[22.329235393074438,48.592143515376321],[22.329240393074439,48.592181015376319],[22.329226893074438,48.592217515376319],[22.329196293074439,48.592249315376321],[22.329151893074439,48.59227291537632],[22.329098393074439,48.59228571537632],[22.329041493074438,48.592286615376324]]}},
{"type":"Feature","properties":{"full_id":null,"ref":"M-880","osm_id":null,"highway":null,"layer":"Roads_Rain_blue","path":"Roads_Rain_blue.geojson"},"geometry":{"type":"LineString","coordinates":[[22.33335469307444,48.579962115376318],[22.33332789307444,48.580052115376319],[22.333293093074438,48.580196515376322],[22.333244693074437,48.580410615376323],[22.333203193074439,48.580649715376325],[22.333156193074437,48.580879015376318],[22.333137393074438,48.581104415376323],[22.33312329307444,48.581551815376322],[22.333110593074437,48.581954315376322],[22.333094493074437,48.582348315376322],[22.333066193074441,48.583137115376324],[22.333054793074439,48.583450215376324],[22.33299529307444,48.583888415376322],[22.332884793074438,48.584326415376324],[22.332775293074437,48.584637215376318],[22.33261319307444,48.584940915376322],[22.331600393074439,48.586507815376322],[22.331101493074438,48.587279515376324],[22.33037869307444,48.588509115376318],[22.330163393074439,48.588978215376322],[22.33009749307444,48.589121815376323],[22.32985969307444,48.589640015376325],[22.329808493074438,48.589759415376321],[22.329662993074439,48.590139815376325],[22.329553993074438,48.590421115376323],[22.329389793074437,48.59093281537632],[22.329224093074441,48.59155301537632],[22.32906809307444,48.592056615376322]]}},
{"type":"Feature","properties":{"full_id":null,"ref":"M-880","osm_id":null,"highway":null,"layer":"Roads_Rain_blue","path":"Roads_Rain_blue.geojson"},"geometry":{"type":"LineString","coordinates":[[22.333268584171684,48.576615825581435],[22.333478955528083,48.576603717877468],[22.333874055528085,48.576615917877469],[22.334059555528086,48.576625517877467],[22.334075255528084,48.576626017877473],[22.334352855528085,48.576652317877468],[22.334603055528085,48.57668841787747],[22.334614055528085,48.576690117877469],[22.334849055528085,48.576717917877467],[22.334928755528086,48.576725717877473],[22.335189655528083,48.576754317877473],[22.335412455528086,48.576758217877469],[22.335578655528085,48.576751717877471],[22.335725255528086,48.576720717877471],[22.335938655528086,48.576647817877472],[22.336080255528085,48.576586617877467],[22.336223955528084,48.576496917877471],[22.336635055528085,48.57623481787747],[22.337536655528083,48.575659817877472],[22.338576055528083,48.574986717877472],[22.342729455528083,48.572299917877473],[22.343103855528085,48.57205831787747],[22.343605355528084,48.57172511787747],[22.343950555528085,48.571495717877468],[22.344591455528086,48.57108241787747],[22.344796255528085,48.570950317877468],[22.345129755528085,48.570735317877471],[22.345643855528085,48.570403717877468],[22.346398155528085,48.569917217877467],[22.346726755528085,48.56970951787747],[22.348610155528085,48.568482017877471],[22.350437255528085,48.567309817877472],[22.350604355528084,48.567202517877469],[22.351660755528084,48.566514817877469],[22.353560755528086,48.565298617877467],[22.354890155528086,48.564451817877469],[22.355007855528086,48.56437591787747],[22.356379055528084,48.563498617877471],[22.356671355528086,48.563301717877472],[22.357572455528086,48.562705117877471],[22.357775955528084,48.562568117877468],[22.358111055528084,48.562334717877469],[22.358550755528086,48.562005417877472],[22.359032055528086,48.56156501787747],[22.359327155528085,48.56121781787747],[22.359678055528086,48.560803017877468],[22.359998055528084,48.560385617877472],[22.360363755528084,48.559775917877474],[22.360607755528086,48.559182517877467],[22.360922855528084,48.558381217877468],[22.361121355528084,48.557834417877473],[22.361338655528083,48.557288717877469],[22.361487355528084,48.556964017877469],[22.361630955528085,48.556682217877473],[22.361751355528085,48.556471717877471],[22.361982355528085,48.556133717877472],[22.362229755528084,48.555828617877474],[22.362529455528083,48.555484417877473],[22.362870055528084,48.555134617877471],[22.363325555528085,48.554748717877473],[22.363578255528086,48.554544717877469],[22.363896755528085,48.55431311787747],[22.364213955528083,48.55410091787747],[22.364562755528084,48.553896717877471],[22.364975655528085,48.553676617877471],[22.365310955528084,48.553520317877471],[22.365575755528084,48.55340471787747],[22.365933155528083,48.553245117877474],[22.366394555528085,48.553067217877469],[22.367112655528086,48.552823617877472],[22.367836655528084,48.552620117877467],[22.368315055528086,48.552515417877473],[22.368861455528084,48.55240881787747],[22.369366455528084,48.552327217877469],[22.369959155528086,48.552243517877471],[22.370908555528086,48.55217711787747],[22.373115855528084,48.552141617877467],[22.373888655528084,48.552128417877469],[22.374348255528083,48.552120217877473],[22.374639655528085,48.552094617877472],[22.374954855528085,48.552058117877472],[22.375447055528085,48.551977817877471],[22.375886855528083,48.551892217877473],[22.376326755528083,48.551805217877472],[22.376861355528085,48.551685717877469],[22.377228055528086,48.551583317877473],[22.377568255528086,48.551489017877472],[22.377901755528086,48.551377217877473],[22.378446855528086,48.551198317877471],[22.379061555528086,48.550996517877472],[22.379936955528084,48.550709217877468],[22.380318355528086,48.550568417877471],[22.381434555528084,48.550186017877472],[22.381916555528086,48.550016317877471],[22.382830955528085,48.549687117877468],[22.383785655528083,48.549386217877469],[22.384093255528086,48.549288017877473],[22.385620055528083,48.548800917877472],[22.386981355528086,48.548326717877472],[22.388319455528084,48.547873717877472],[22.388851355528086,48.547702817877472],[22.389394455528084,48.547540417877471],[22.389910355528084,48.547387917877472],[22.390381455528086,48.547288217877473],[22.390843155528085,48.54720891787747],[22.391299255528086,48.547163117877467],[22.391734855528085,48.547134017877468],[22.392141055528086,48.547117817877471],[22.392665755528085,48.547116717877472],[22.393242955528084,48.547131217877471],[22.393781355528084,48.54716211787747],[22.394418255528084,48.547243817877472],[22.394946755528085,48.547341417877469],[22.395311855528085,48.547413717877468],[22.395746055528086,48.547508417877474],[22.396308855528083,48.547652917877471],[22.397241155528086,48.547896117877471],[22.397659555528083,48.547994117877472],[22.398108955528084,48.548073017877471],[22.398462955528085,48.548131617877473],[22.398783055528085,48.548172017877469],[22.399256255528083,48.548220917877472],[22.399779955528086,48.548247017877472],[22.400300255528084,48.54824931787747],[22.401163455528085,48.548227517877471],[22.402127855528086,48.548148717877467],[22.402590955528083,48.54809791787747],[22.403009955528084,48.548034117877471],[22.403478755528084,48.547932817877474],[22.403969755528085,48.547786417877468],[22.404489955528085,48.547622017877472],[22.405003955528084,48.547415517877468],[22.405265155528085,48.547304217877468],[22.405576555528086,48.54716271787747],[22.405970555528086,48.546957917877471],[22.406945455528085,48.546447917877472],[22.408230755528084,48.545746617877469],[22.410133155528083,48.544706717877467],[22.410573255528085,48.544491517877468],[22.411188055528086,48.544209717877472],[22.412016855528083,48.543882917877468],[22.412872755528085,48.543599917877472],[22.413694955528083,48.543369117877468],[22.416264255528084,48.542798017877473],[22.416837055528084,48.542670717877471],[22.419080455528086,48.542182317877469],[22.419959655528086,48.542030117877474],[22.420919155528086,48.541907517877469],[22.421742155528083,48.541853817877467],[22.422575355528085,48.541831117877472],[22.423289855528086,48.541836117877473],[22.424642655528086,48.541884617877471],[22.425151055528083,48.541921917877467],[22.425494655528084,48.541958517877468],[22.426295255528085,48.542079117877471],[22.427023155528083,48.542222117877472],[22.427720755528085,48.54236181787747],[22.429899955528086,48.542811317877472],[22.430540355528084,48.542947417877471],[22.432293355528085,48.543305517877471],[22.432800655528084,48.543397617877467],[22.433281355528084,48.543466717877472],[22.433682655528084,48.543494217877473],[22.434139855528084,48.543505417877469],[22.434610155528084,48.543490017877467],[22.435117155528083,48.543450017877468],[22.435618255528084,48.543379917877473],[22.439766655528086,48.542688017877474],[22.441130155528086,48.542452317877469],[22.441656655528085,48.542370617877474],[22.441963455528086,48.542319317877471],[22.442452055528083,48.542237517877467],[22.443137955528083,48.542122717877469],[22.443464355528086,48.54206811787747],[22.443663555528083,48.542039017877471],[22.443862655528086,48.542008117877472]]}},
{"type":"Feature","properties":{"full_id":null,"ref":"M-880","osm_id":null,"highway":null,"layer":"Roads_Rain_blue","path":"Roads_Rain_blue.geojson"},"geometry":{"type":"LineString","coordinates":[[22.33335469307444,48.579962115376318],[22.333368093074437,48.579839215376325],[22.33348139307444,48.579269815376321],[22.33350119307444,48.578998815376323],[22.33349939307444,48.578956215376323],[22.333494593074438,48.578841815376322],[22.333488293074439,48.578694015376321],[22.33350729307444,48.578597915376321],[22.333901793074439,48.578338615376325],[22.334036393074438,48.578246315376319],[22.334171393074438,48.578127715376318],[22.334266293074439,48.578027015376321],[22.334320293074438,48.577944915376321],[22.334346893074439,48.577897115376324],[22.334397593074439,48.57773691537632],[22.334411493074438,48.577637015376325],[22.33441349307444,48.577552315376323],[22.334376593074438,48.577402815376324],[22.334325593074439,48.577275015376323]]}},
{"type":"Feature","properties":{"full_id":null,"ref":"M-880","osm_id":null,"highway":null,"layer":"Roads_Rain_blue","path":"Roads_Rain_blue.geojson"},"geometry":{"type":"LineString","coordinates":[[22.335416393074439,48.577423015376318],[22.335324793074438,48.57753321537632],[22.33522099307444,48.57762621537632],[22.334863393074439,48.577901715376321],[22.334714593074438,48.578023815376319],[22.33454179307444,48.578204515376321],[22.33424689307444,48.578544415376321],[22.33416519307444,48.578646815376324],[22.334068593074438,48.578778615376322],[22.33387509307444,48.579074615376321],[22.33373529307444,48.579288415376325],[22.333420093074437,48.579846315376322],[22.33335469307444,48.579962115376318]]}},
{"type":"Feature","properties":{"full_id":null,"ref":"M-880","osm_id":null,"highway":null,"layer":"Roads_Rain_blue","path":"Roads_Rain_blue.geojson"},"geometry":{"type":"LineString","coordinates":[[22.443862655528086,48.542008117877472],[22.444533655528083,48.541886717877468],[22.444936255528084,48.541813817877468],[22.445313655528086,48.541757717877474],[22.445412455528086,48.541743117877473],[22.445975055528084,48.54165951787747],[22.446854855528084,48.541528917877471],[22.447913055528083,48.541346617877473],[22.448846955528083,48.541185717877468],[22.450373555528085,48.540903917877472],[22.450874155528084,48.540796217877471],[22.451325255528083,48.540697217877472],[22.451981755528085,48.540561517877471],[22.452078055528084,48.540540817877471],[22.453916555528085,48.540205817877471],[22.455992355528085,48.539807117877473],[22.458316555528086,48.539375317877472],[22.463448255528085,48.538477617877469],[22.463927855528084,48.538397317877468],[22.465005855528084,48.538216717877468],[22.465612155528085,48.538134017877468],[22.466131855528083,48.538076117877473],[22.466624655528083,48.538042117877467],[22.470564655528083,48.537926017877467],[22.474085055528086,48.537826317877467],[22.475324455528085,48.53780831787747],[22.476215755528084,48.537782417877473],[22.476299555528083,48.537780517877472],[22.478374055528086,48.537734417877473],[22.479813355528083,48.537732117877468],[22.480041755528084,48.53773171787747],[22.481477755528086,48.53776331787747],[22.482900755528085,48.537794617877474],[22.483089555528085,48.537799617877468],[22.483834655528085,48.537814617877473],[22.484323255528086,48.537815917877474],[22.484514155528085,48.537813817877471],[22.485092555528084,48.537796017877469],[22.485630155528085,48.537740517877474],[22.486146355528085,48.537663717877471],[22.486660755528085,48.537566817877469],[22.487117755528086,48.537465617877473],[22.487267155528084,48.537424117877471],[22.487437455528084,48.537377317877471],[22.487821855528086,48.53726961787747],[22.488046455528085,48.537206717877467],[22.488550355528083,48.537050217877471],[22.489391055528085,48.536792817877469],[22.492164455528084,48.535925617877467],[22.495406555528085,48.534916617877471],[22.496735855528083,48.534490017877474],[22.497111655528084,48.534372917877469],[22.498723455528083,48.533881617877469],[22.498900555528085,48.53382331787747],[22.499735755528086,48.53354241787747],[22.500429155528085,48.53328581787747],[22.500480955528083,48.533266617877473],[22.500883155528083,48.533098917877467],[22.501398555528084,48.53286261787747],[22.501769955528083,48.532675817877468],[22.501824555528085,48.532645217877473],[22.502235055528086,48.53241511787747],[22.502755055528084,48.532104617877472],[22.503438555528085,48.53167451787747]]}},
{"type":"Feature","properties":{"full_id":null,"ref":"M-880","osm_id":null,"highway":null,"layer":"Roads_Rain_blue","path":"Roads_Rain_blue.geojson"},"geometry":{"type":"LineString","coordinates":[[22.503576355528086,48.531732117877468],[22.503069155528085,48.53207581787747],[22.502603455528085,48.532368817877469],[22.502310155528086,48.532537617877473],[22.501872855528084,48.532781017877468],[22.501450955528085,48.532991317877467],[22.500859255528084,48.533274117877468],[22.500421255528085,48.533456317877473],[22.499930255528085,48.533640017877467],[22.499148755528086,48.533888917877469],[22.498801755528085,48.533999417877467],[22.497179655528086,48.534485917877468],[22.496807255528086,48.534605517877473],[22.495086055528084,48.535139417877467],[22.492902855528083,48.535826917877472],[22.491604455528083,48.536235717877467],[22.489070455528083,48.537028717877469],[22.488520755528086,48.537197317877471],[22.488224655528086,48.537280017877471],[22.487692555528085,48.537430817877471],[22.487403955528084,48.537506217877471],[22.487026755528085,48.53759791787747],[22.486824755528083,48.537642717877468],[22.485658855528083,48.537832517877469],[22.485082855528084,48.537902017877471],[22.484223955528083,48.537918217877468],[22.483723255528083,48.537922117877471],[22.482736755528084,48.53790071787747],[22.481087155528083,48.537868217877467],[22.480068655528086,48.537848117877473],[22.479396055528085,48.537848717877473],[22.477951255528083,48.53785751787747],[22.476852355528084,48.53786421787747],[22.476212255528086,48.537885317877468],[22.475372655528083,48.537885317877468],[22.474068555528085,48.537930917877468],[22.469375655528083,48.538069217877471],[22.466822455528085,48.53815061787747],[22.466162755528085,48.538197717877473],[22.465661955528084,48.538242917877469],[22.464974555528084,48.538339017877469],[22.463157955528086,48.53864191787747],[22.461116955528084,48.538999317877469],[22.457464255528084,48.539652217877467],[22.455347355528083,48.540053817877471],[22.454193955528083,48.540275717877471],[22.453372655528085,48.540425617877467],[22.452491155528083,48.540595017877472],[22.452041055528085,48.540680117877471],[22.451892655528084,48.540708217877473],[22.451337655528086,48.540822617877467],[22.451080155528086,48.540879717877473],[22.450430755528085,48.541025617877473],[22.449485555528085,48.541200217877467],[22.448885655528084,48.54129771787747],[22.446466655528084,48.541700017877467],[22.446122655528086,48.54174281787747],[22.445797655528086,48.541783217877473],[22.445372855528085,48.541842017877471],[22.444942455528086,48.541886817877469],[22.444544155528085,48.541931517877472],[22.443862655528086,48.542008117877472]]}},
{"type":"Feature","properties":{"full_id":null,"ref":"M-880","osm_id":null,"highway":null,"layer":"Roads_Rain_blue","path":"Roads_Rain_blue.geojson"},"geometry":{"type":"LineString","coordinates":[[22.503664755528085,48.531498617877467],[22.504001755528083,48.53121611787747],[22.504349155528086,48.530924917877471],[22.504703155528084,48.530592717877468],[22.504930055528085,48.530337717877472],[22.505103355528085,48.530136117877468],[22.505238955528085,48.529969717877471],[22.505568955528084,48.529553617877468],[22.505638955528084,48.529450717877474],[22.505953455528086,48.528982717877469],[22.506106555528085,48.528719617877471],[22.506227155528084,48.528498317877471],[22.506346155528085,48.528246217877474],[22.506499355528085,48.527875317877474]]}},
{"type":"Feature","properties":{"full_id":null,"ref":"M-880","osm_id":null,"highway":null,"layer":"Roads_Rain_blue","path":"Roads_Rain_blue.geojson"},"geometry":{"type":"LineString","coordinates":[[22.509779755528083,48.519969217877467],[22.509686155528083,48.520240117877471],[22.509251655528086,48.521335317877472],[22.509069355528084,48.521828117877469],[22.508841255528086,48.522407217877472],[22.508430755528085,48.523479517877469],[22.508232355528083,48.524007817877468],[22.507961355528085,48.524733717877467],[22.507797955528083,48.525125117877472],[22.507615555528083,48.525604817877472],[22.507194455528083,48.526619117877473],[22.506746455528084,48.52771691787747],[22.506473055528083,48.528365217877472],[22.506406055528085,48.528524017877473],[22.506236355528085,48.528830917877471],[22.506184455528086,48.528924717877473],[22.505961955528086,48.529213817877469],[22.505705955528086,48.529530517877468],[22.505552855528084,48.529754917877469],[22.505421455528083,48.529936717877469],[22.505304755528083,48.530104317877473],[22.505006255528084,48.53047371787747],[22.504493955528083,48.530979917877467],[22.503904555528084,48.531474017877471],[22.503810355528085,48.531553017877471]]}},
{"type":"Feature","properties":{"full_id":null,"ref":"M-880","osm_id":null,"highway":null,"layer":"Roads_Rain_blue","path":"Roads_Rain_blue.geojson"},"geometry":{"type":"LineString","coordinates":[[22.509779755528083,48.519969217877467],[22.509689055528085,48.519703317877472],[22.510212355528086,48.518351417877469],[22.510684555528083,48.517141417877468],[22.511084155528085,48.516119717877473],[22.511454355528084,48.515146117877471],[22.511577655528086,48.514780117877471],[22.511706455528085,48.514300417877472],[22.511827155528085,48.513834917877467],[22.512055155528085,48.512377917877473],[22.512157055528085,48.511862617877469],[22.512287855528083,48.511430717877474],[22.512414855528085,48.511083517877474],[22.512536755528085,48.510803017877471],[22.512759555528085,48.510395217877473],[22.512982655528084,48.510071417877469],[22.513197455528083,48.509779817877472],[22.513513455528084,48.50939291787747],[22.513858455528084,48.509034017877468],[22.514152755528084,48.508775917877472],[22.514461255528083,48.508529417877469],[22.514975155528084,48.508134017877467],[22.515889055528085,48.507528917877472],[22.516162055528085,48.50736571787747],[22.516594255528084,48.507124817877468],[22.517084855528086,48.50687691787747],[22.517554955528084,48.506611417877473],[22.517813055528084,48.506429617877473],[22.518044255528086,48.50625791787747],[22.517956555528084,48.506409617877473],[22.517819155528084,48.506533017877473],[22.517701855528085,48.506617817877469],[22.517596455528086,48.506694017877471],[22.517424955528085,48.506804417877468],[22.516950455528086,48.507067617877468],[22.516528055528084,48.507309017877468],[22.516026855528086,48.507608517877472],[22.515257155528083,48.508127317877474],[22.514648255528083,48.508578417877473],[22.514152655528086,48.508984117877468],[22.513775155528084,48.509350017877473],[22.513473455528086,48.509700017877471],[22.513190555528084,48.510069417877467],[22.512920855528083,48.510482817877467],[22.512727055528085,48.510832217877471],[22.512580255528086,48.511171517877472],[22.512438155528084,48.511530217877471],[22.512320655528086,48.511973717877467],[22.512249955528084,48.512310417877472],[22.511998455528083,48.513839017877473],[22.511880655528085,48.514341317877474],[22.511735355528085,48.514876317877473],[22.511636355528083,48.51517281787747],[22.511259355528086,48.51614991787747],[22.510849855528086,48.517205917877469],[22.510388855528085,48.518376317877468],[22.510021455528083,48.51934261787747],[22.509779755528083,48.519969217877467]]}},
{"type":"Feature","properties":{"full_id":null,"ref":"M-880","osm_id":null,"highway":null,"layer":"Roads_Rain_blue","path":"Roads_Rain_blue.geojson"},"geometry":{"type":"LineString","coordinates":[[22.538973555528084,48.486093017877472],[22.537031955528086,48.486529317877469],[22.532555855528084,48.487546917877474],[22.531815355528085,48.487768417877469],[22.531119755528085,48.488095117877471],[22.530315555528084,48.488534517877468],[22.529030355528086,48.489234917877468],[22.528884555528084,48.489314317877472],[22.527840855528083,48.489899917877473],[22.525996155528084,48.491037317877471],[22.525356555528084,48.491453217877471],[22.524647155528083,48.491941317877469],[22.524184555528084,48.492275617877468],[22.523170955528084,48.493030817877468],[22.522755055528084,48.493355717877471],[22.522540855528085,48.49351921787747],[22.522345555528084,48.493674517877473],[22.522107955528085,48.493863417877471],[22.521643855528083,48.494242317877472],[22.521380655528084,48.494505617877472],[22.521289255528085,48.49460151787747],[22.521083755528085,48.494900917877473],[22.520928655528085,48.495182617877468],[22.520806555528086,48.49553911787747],[22.520683255528084,48.496250217877467],[22.520542955528086,48.497339917877468],[22.520328755528084,48.499298917877468],[22.519911455528085,48.502833417877468],[22.519829055528085,48.503137417877468],[22.519598855528084,48.503658217877472],[22.519458455528085,48.503908717877472],[22.519066255528084,48.504617317877468],[22.518384855528083,48.505817817877471],[22.518194155528086,48.506092617877471],[22.518121855528083,48.506173517877471]]}},
{"type":"Feature","properties":{"full_id":null,"ref":"M-880","osm_id":null,"highway":null,"layer":"Roads_Rain_blue","path":"Roads_Rain_blue.geojson"},"geometry":{"type":"LineString","coordinates":[[22.538973555528084,48.486093017877472],[22.539868655528085,48.485867917877471],[22.543118055528083,48.485113617877474],[22.544162755528085,48.484883717877473],[22.545834855528085,48.48449611787747],[22.546055155528084,48.484444817877467],[22.546655755528086,48.484304817877472],[22.547264255528084,48.48416291787747],[22.547744955528085,48.484050817877467],[22.554794655528084,48.482391417877473],[22.559603555528085,48.481270117877472],[22.561792555528083,48.480754117877467],[22.562964755528085,48.480476817877474]]}},
{"type":"Feature","properties":{"full_id":null,"ref":"M-880","osm_id":null,"highway":null,"layer":"Roads_Rain_blue","path":"Roads_Rain_blue.geojson"},"geometry":{"type":"LineString","coordinates":[[22.562964755528085,48.480476817877474],[22.562084555528084,48.480794117877473],[22.561866855528084,48.480860117877469],[22.560133355528084,48.481267417877469],[22.547734655528085,48.484182117877474],[22.547312955528085,48.484281317877468],[22.546117055528086,48.484554817877473],[22.543481855528086,48.485157617877469],[22.540317855528084,48.485897217877472],[22.539927355528086,48.485974417877472],[22.539387955528085,48.486059117877467],[22.538973555528084,48.486093017877472]]}},
{"type":"Feature","properties":{"full_id":null,"ref":"M-880","osm_id":null,"highway":null,"layer":"Roads_Rain_blue","path":"Roads_Rain_blue.geojson"},"geometry":{"type":"LineString","coordinates":[[22.562964755528085,48.480476817877474],[22.563206955528084,48.480420117877472],[22.568303155528085,48.479226317877469],[22.571354855528085,48.478513917877471],[22.572659055528085,48.478209417877473],[22.574018555528085,48.477889417877471],[22.575879855528086,48.477451317877467],[22.581504155528084,48.476127417877471],[22.582561755528083,48.475873317877472],[22.582818755528084,48.475815517877471],[22.582837355528085,48.475811317877472],[22.582859255528085,48.475806117877468],[22.584323955528085,48.475459817877471],[22.588495955528085,48.474473217877467],[22.588634555528085,48.474438617877468],[22.591136955528086,48.473837217877467],[22.592922355528085,48.473417717877467],[22.597310755528085,48.472370417877471],[22.598236855528086,48.472149417877468],[22.598308255528085,48.47213261787747],[22.598678655528083,48.472045117877471],[22.598711255528084,48.472037417877473],[22.598741555528086,48.472030317877469],[22.599159755528085,48.471932417877468],[22.599921055528085,48.471764917877472],[22.609889955528086,48.469571117877472],[22.610045955528083,48.469534317877468],[22.610762455528086,48.469372917877472],[22.611094255528084,48.469287817877472],[22.613873855528084,48.468576017877467],[22.614155255528086,48.468502217877472],[22.616464655528084,48.467927617877471],[22.619163355528084,48.467242017877467],[22.622812055528083,48.466315117877471],[22.628101755528085,48.464973617877469],[22.631191255528083,48.464241217877472],[22.638520355528083,48.462522217877471],[22.638968155528083,48.462415017877468],[22.647948155528084,48.46029921787747],[22.648227055528086,48.460233517877469],[22.648432155528084,48.460185217877473],[22.648469755528083,48.46017641787747],[22.655704560709662,48.458468747338415]]}},
{"type":"Feature","properties":{"full_id":null,"ref":"M-880","osm_id":null,"highway":null,"layer":"Roads_Rain_blue","path":"Roads_Rain_blue.geojson"},"geometry":{"type":"LineString","coordinates":[[22.655692519592325,48.458471489124442],[22.655457608676834,48.457589539453473],[22.655245866617996,48.456704997983657],[22.655057357488932,48.455818132249391],[22.654892138332482,48.454929210502144],[22.654750259143938,48.454038501629334],[22.654631762855928,48.453146275073173],[22.654536685325411,48.452252800749186],[22.654465055322838,48.451358348964611],[22.654416894523436,48.450463190336748],[22.654392217500657,48.449567595711009],[22.654391031721765,48.448671836079107],[22.654413337545581,48.447776182496995],[22.654459128222356,48.446880906002903],[22.654528389895848,48.445986277535262],[22.654621101607475,48.445092567850679],[22.654737235302694,48.444200047442024],[22.654876755839453,48.443308986456415],[22.65503962099886,48.442419654613467],[22.655225781497936,48.441532321123532],[22.655435181004552,48.440647254606098],[22.655667756154426,48.439764723008452],[22.655923436570358,48.438884993524319],[22.656202144883476,48.438008332512958],[22.656503796756699,48.437135005418327],[22.656828300910192,48.43626527668853],[22.657175559149046,48.435399409695641],[22.657545466392964,48.434537666655721],[22.657937910708064,48.433680308549256],[22.658352773340738,48.432827595041907],[22.658789928753613,48.431979784405648],[22.659249244663517,48.431137133440366],[22.659730582081515,48.430299897395784],[22.660233795354962,48.429468329893936],[22.660758732211587,48.428642682852129],[22.661305233805571,48.427823206406281],[22.661873134765596,48.427010148834931],[22.662462263244908,48.426203756483758],[22.663072440973298,48.425404273690575],[22.663703483311071,48.424611942711103],[22.664355199304897,48.423827003645179],[22.665027391745596,48.423049694363726],[22.665719857227824,48.422280250436373],[22.666432386211611,48.421518905059685],[22.667164763085786,48.420765888986196],[22.667916766233198,48.420021430454149],[22.668688168097788,48.41928575511794],[22.669478735253453,48.418559085979389],[22.670288228474671,48.417841643319804],[22.671116402808902,48.417133644632827],[22.671963007650696,48.416435304558156],[22.672827786817539,48.415746834816119],[22.67371047862736,48.415068444143103],[22.674610815977744,48.414400338227914],[22.67552852642671,48.413742719649029],[22.676463332275198,48.4130957878128],[22.67741495065108,48.412459738892636],[22.678383093594768,48.411834765769115],[22.679367468146314,48.41122105797114],[22.680367776434117,48.410618801618078],[22.681383715765012,48.410028179362961],[22.682414978715894,48.409449370336681],[22.683461253226717,48.408882550093324],[22.684522222694962,48.408327890556528],[22.685597566071387,48.407785559967017],[22.686686957957239,48.407255722831152],[22.687790068702672,48.406738539870695],[22.688906564506507,48.406234167973707],[22.690036107517265,48.405742760146566],[22.691178355935378,48.405264465467276],[22.692332964116616,48.404799429039819],[22.693499582676694,48.404347791949853],[22.694677858596986,48.403909691221507],[22.695867435331348,48.403485259775586],[22.697067952914015,48.40307462638885],[22.698279048068521,48.402677915654635],[22.699500354317625,48.402295247944764],[22.700731502094218,48.401926739372719],[22.701972118853138,48.401572501758125],[22.703221829183917,48.401232642592525],[22.704480254924363,48.400907265006516],[22.705747015275012,48.400596467738161],[22.707021726914348,48.400300345102792],[22.70830400411479,48.400018986964149],[22.709593458859416,48.399752478706858],[22.710889700959395,48.399500901210324],[22.712192338172034,48.399264330823925],[22.713500976319473,48.399042839343707],[22.714815219407985,48.398836493990352],[22.716134669747774,48.398645357388624],[22.717458928073334,48.398469487548148],[22.718787593664281,48.398308937845762],[22.720120264466559,48.39816375700903],[22.721456537214173,48.3980339891014],[22.722796007551143,48.397919673508738],[22.724138270153933,48.397820844927182],[22.725482918854041,48.397737533352597],[22.72682954676095,48.397669764071345],[22.728177746385224,48.397617557652545],[22.729527109761829,48.397580929941775],[22.730877228573593,48.397559892056243],[22.732227694274723,48.39755445038135],[22.733578098214473,48.397564606568757],[22.734928031760791,48.397590357535847],[22.736277086423957,48.397631695466728],[22.737624853980204,48.397688607814551],[22.738970926595236,48.397761077305432],[22.740314896947666,48.397849081943662],[22.74165635835222,48.397952595018516],[22.742994904882867,48.398071585112383],[22.744330131495595,48.398206016110422],[22.745661634150991,48.39835584721159],[22.746989009936534,48.398521032941147],[22.748311857188483,48.398701523164597],[22.749629775613421,48.398897263103045],[22.750942366409408,48.399108193349917],[22.752249232386639,48.399334249889193],[22.753549978087634,48.399575364115023],[22.754844209906906,48.399831462852681],[22.756131536210088,48.400102468381],[22.757411567452394,48.400388298456171],[22.758683916296537,48.400688866336878],[22.759948197729923,48.401004080810871],[22.761204029181147,48.401333846222904],[22.762451030635784,48.401678062503962],[22.763688824751341,48.40203662520193],[22.764917036971486,48.402409425513532],[22.766135295639355,48.402796350317594],[22.767343232110036,48.403197282209717],[22.768540480862111,48.403612099538115],[22.769726679608254,48.404040676440914],[22.770901469404876,48.404482882884544],[22.772064494760745,48.404938584703601],[22.77321540374453,48.405407643641823],[22.774353848091323,48.405889917394369],[22.775479483308008,48.40638525965133],[22.77659196877752,48.406893520142475],[22.77769096786189,48.407414544683128],[22.778776148004152,48.407948175221357],[22.779847180828909,48.408494249886225],[22.780903742241794,48.409052603037281],[22.781945512527436,48.409623065315117],[22.782972176446297,48.410205463693167],[22.783983423329996,48.410799621530508],[22.784978947175368,48.411405358625842],[22.785958446737013,48.412022491272452],[22.78692162561849,48.412650832314384],[22.787868192362005,48.413290191203501],[22.788797860536576,48.413940374057674],[22.78971034882473,48.414601183719938],[22.790605381107632,48.415272419818692],[22.79148268654863,48.415953878828759],[22.792341999675205,48.416645354133493],[22.79318306045932,48.417346636087849],[22.794005614396088,48.418057512082243],[22.794809412580793,48.418777766607384],[22.795594211784209,48.419507181320014],[22.796359774526195,48.420245535109395],[22.797105869147568,48.420992604164724],[22.797832269880193,48.421748162043343],[22.798538756915292,48.422511979739689],[22.799225116469987,48.423283825755014],[22.799891140851965,48.424063466167958],[22.80053662852233,48.42485066470573],[22.801161384156604,48.425645182815998],[22.8017652187038,48.426446779739564],[22.802347949443668,48.427255212583574],[22.802909400041958,48.428070236395442],[22.8034494006038,48.428891604237343],[22.803967787725085,48.429719067261338],[22.804464404541942,48.430552374785009],[22.804939100778181,48.431391274367691],[22.805391732790785,48.432235511887214],[22.80582216361336,48.433084831617087],[22.806230262997605,48.433938976304248],[22.806615907452692,48.434797687247148],[22.806978980282658,48.435660704374385],[22.807319371621713,48.436527766323636],[22.807636978467478,48.437398610521015],[22.807931704712171,48.438272973260766],[22.808203461171654,48.439150589785285],[22.808452165612472,48.440031194365467],[22.808677742776684,48.440914520381305],[22.808880124404673,48.441800300402726],[22.809059249255789,48.442688266270693],[22.809215063126864,48.443578149178535],[22.809347518868645,48.444469679753368],[22.809456576400049,48.445362588137719],[22.809542202720273,48.446256604071337],[22.809604371918798,48.44715145697301],[22.809643065183248,48.448046876022502],[22.809658270805034,48.448942590242567],[22.809649984182943,48.449838328580974],[22.809618207824506,48.45073381999255],[22.809562951345242,48.451628793521152],[22.809484231465749,48.45252297838168],[22.809382072006667,48.453416104041935],[22.809256503881421,48.454307900304443],[22.809107565086915,48.45519809738817],[22.80893530069201,48.456086426010025],[22.80873976282389,48.456972617466228],[22.808521010652292,48.457856403713535],[22.808279110371586,48.458737517450182],[22.80801413518077,48.4596156921966],[22.807726165261307,48.460490662375896],[22.807415287752853,48.461362163394014],[22.807081596726899,48.462229931719598],[22.806725193158314,48.463093704963505],[22.806346184894771,48.463953221957965],[22.80594468662412,48.464808222835373],[22.805520819839682,48.465658449106641],[22.805074712803496,48.466503643739138],[22.804606500507493,48.467343551234144],[22.804116324632652,48.468177917703926],[22.803604333506129,48.469006490948153],[22.803070682056379,48.469829020529922],[22.802515531766254,48.470645257851181],[22.801939050624171,48.471454956227596],[22.801341413073239,48.472257870962828],[22.800722799958514,48.473053759422164],[22.800083398472232,48.473842381105584],[22.799423402097212,48.474623497720081],[22.798743010548264,48.47539687325142],[22.798042429711789,48.476162274035055],[22.79732187158346,48.476919468826452],[22.796581554204064,48.477668228870613],[22.795821701593553,48.478408327970833],[22.795042543683227,48.479139542556673],[22.794244316246171,48.479861651751229],[22.793427260825904,48.480574437437383],[22.792591624663295,48.48127768432343]]}},
{"type":"Feature","properties":{"full_id":null,"ref":"M-880","osm_id":null,"highway":null,"layer":"Roads_Rain_blue","path":"Roads_Rain_blue.geojson"},"geometry":{"type":"LineString","coordinates":[[23.093424955528086,48.755483617877474],[23.093363155528085,48.755281117877473],[23.093309155528086,48.75511911787747],[23.093132755528085,48.754721817877467],[23.092955155528085,48.754336217877473],[23.092835255528083,48.75407881787747],[23.092761755528084,48.75386781787747],[23.092736855528084,48.753627517877469],[23.092731355528084,48.753444517877469],[23.092739455528083,48.75328891787747],[23.092786155528085,48.75300441787747],[23.092862255528086,48.75269311787747],[23.092924855528086,48.752455217877468],[23.093072655528083,48.751845817877474],[23.093140055528085,48.751567917877473],[23.093160555528083,48.751262217877468],[23.093154155528083,48.75105021787747],[23.093106855528085,48.75085201787747],[23.093057955528085,48.75071821787747],[23.092954855528085,48.75050051787747],[23.092723455528084,48.750155317877471],[23.092644755528084,48.750057417877471],[23.092477155528083,48.749877017877473],[23.092261955528084,48.749688317877471],[23.091992555528083,48.74947481787747],[23.091539355528084,48.749204917877471],[23.090676355528085,48.748832217877471],[23.087131355528083,48.747696117877467],[23.086385355528083,48.747508717877473],[23.085955355528085,48.747432217877467],[23.085482255528085,48.747374417877474],[23.083771055528086,48.747300117877472],[23.083231955528085,48.747243717877467],[23.082635255528086,48.747136317877469],[23.082270255528083,48.747036717877471],[23.081961955528083,48.746902217877469],[23.081490355528086,48.74661711787747],[23.081138955528086,48.746321417877468],[23.080760255528084,48.745832817877471],[23.080520655528083,48.745381517877469],[23.080443455528084,48.745220217877467],[23.080064855528086,48.744429017877472],[23.079747655528084,48.743779117877473],[23.079428955528083,48.743126317877469],[23.079283055528084,48.742899717877471],[23.078982555528086,48.742433117877468],[23.078416855528083,48.741702317877468],[23.077826455528083,48.740957217877472],[23.077464555528085,48.740570817877469],[23.077037655528084,48.74016411787747],[23.076619055528084,48.739830817877468],[23.076182955528086,48.739544717877472],[23.075493455528086,48.73918701787747],[23.074692755528083,48.738805017877468],[23.073513555528084,48.738292717877471],[23.071038955528085,48.737271517877467],[23.068528655528084,48.736237817877473],[23.067994055528086,48.736038517877468],[23.067496855528084,48.735900617877469],[23.067097255528086,48.735829117877472],[23.066954055528086,48.735808017877467],[23.066803455528085,48.735789617877472],[23.066656855528084,48.73578211787747],[23.066351055528084,48.735766417877471],[23.065296055528083,48.735788117877469],[23.064605955528084,48.73582771787747],[23.064178355528085,48.735838517877468],[23.063584155528083,48.735813817877471],[23.062335955528084,48.735624117877471],[23.059753755528085,48.735231717877468],[23.057665855528086,48.734925317877469],[23.056850355528084,48.734788217877473],[23.056451855528085,48.73471021787747],[23.056094255528084,48.734600517877467],[23.055754355528084,48.734454117877469],[23.055475355528085,48.73430401787747],[23.055217855528085,48.734132917877467],[23.055008755528085,48.733970717877469],[23.054795855528084,48.733790317877471],[23.054571555528085,48.733560317877469],[23.054401855528084,48.73335241787747],[23.054249255528084,48.733137017877468],[23.054099955528084,48.732887717877468],[23.053876855528085,48.732470517877474],[23.053665455528083,48.732038717877472],[23.053028555528083,48.73082061787747],[23.052868555528086,48.730623217877472],[23.052663055528086,48.730458217877469],[23.052391155528085,48.730316417877468],[23.052100055528083,48.730212917877473],[23.051757555528084,48.730128417877474],[23.051264455528084,48.730039717877467],[23.050754855528083,48.729960017877467],[23.049838155528086,48.729773117877471],[23.049458655528085,48.729681017877468],[23.049128855528085,48.729584217877473],[23.048834355528083,48.729489417877467],[23.048566255528083,48.729367517877471],[23.048276055528085,48.729215117877473],[23.047923355528084,48.728959017877472],[23.047786755528083,48.72882631787747],[23.047587055528084,48.728597817877471],[23.047437255528084,48.728337417877469],[23.047336555528084,48.727992617877469],[23.047288355528085,48.727602117877467],[23.047296255528085,48.727360717877467],[23.047325555528083,48.726564317877468],[23.047274955528085,48.726271217877468],[23.047152855528086,48.725862017877468],[23.046781055528083,48.724734617877473],[23.046724755528086,48.724495417877471],[23.046736155528084,48.724125017877469],[23.046810655528084,48.723780817877469],[23.047044755528084,48.722842717877469],[23.047130955528086,48.72239521787747],[23.047135455528085,48.722127217877471],[23.047138355528084,48.721829617877468],[23.047074855528084,48.721398017877469],[23.046937555528086,48.721014717877473],[23.046520155528086,48.720181717877473],[23.046321155528084,48.719784517877471],[23.046233055528084,48.719463517877472],[23.046209355528084,48.719166317877473],[23.046205455528085,48.718918917877467],[23.046300255528084,48.718488517877468],[23.046430955528084,48.718195817877472],[23.046691255528085,48.71780951787747],[23.046899355528083,48.717593517877468],[23.047110455528085,48.717400817877468],[23.047441255528085,48.717154417877474],[23.048788955528085,48.71629371787747],[23.049100055528083,48.716029717877468],[23.049299555528084,48.715796317877469],[23.049395155528085,48.71567051787747],[23.049510855528084,48.715465817877472],[23.049589455528086,48.715192417877468],[23.049621755528083,48.714930117877472],[23.049611155528083,48.714681017877467],[23.049596255528083,48.714571717877469],[23.049569555528084,48.71446421787747],[23.049364355528084,48.713972717877468],[23.049206555528084,48.713675817877473],[23.048956755528085,48.713239917877473],[23.048481955528086,48.71247901787747],[23.048035455528083,48.71182901787747],[23.047673855528085,48.711374717877469],[23.046587255528085,48.710124917877472],[23.045326955528086,48.708739117877471],[23.045024155528086,48.708313617877472],[23.044831455528083,48.708011717877469],[23.044656355528083,48.707634117877468],[23.044388855528084,48.706834617877469],[23.044152955528084,48.706020817877473],[23.043822955528086,48.704850417877473],[23.043584055528086,48.703809317877472],[23.043307555528084,48.702655717877469],[23.043238555528085,48.702072317877473],[23.043244355528085,48.701212017877474],[23.043425355528086,48.700169617877471],[23.043510255528084,48.699272617877469],[23.043560055528083,48.698881217877471],[23.043622955528086,48.698579217877473],[23.043875255528086,48.697776617877473],[23.043924255528083,48.69750031787747],[23.043925255528084,48.697305617877468],[23.043896655528084,48.697109117877467],[23.043860355528086,48.696985817877469],[23.043699555528086,48.696640017877471],[23.043478755528085,48.696272217877471],[23.043335855528085,48.696088317877468],[23.043015255528083,48.695774917877472],[23.041002655528086,48.694296117877471],[23.040688155528084,48.69406071787747],[23.040278455528085,48.693754617877467],[23.039519355528085,48.693182317877472],[23.039121455528086,48.69275351787747],[23.038926455528085,48.692359317877468],[23.038864555528086,48.692086217877467],[23.038867055528083,48.691863817877469],[23.038912855528086,48.691617017877469],[23.039014655528085,48.691345417877471],[23.039242855528084,48.690858117877468],[23.039366755528086,48.690650217877469],[23.039440355528086,48.690545417877473],[23.039667755528086,48.690235917877473],[23.040111455528084,48.689683817877473],[23.040583855528084,48.689095717877471],[23.041008455528086,48.688498017877471],[23.041267555528083,48.688147017877469],[23.041474255528083,48.68793061787747],[23.041679055528085,48.687744017877471],[23.041783055528086,48.68767951787747],[23.042048655528085,48.687517017877468],[23.042207455528086,48.687421217877471],[23.042722055528085,48.687211717877467],[23.043032755528085,48.687109017877468],[23.043330955528084,48.687013217877471],[23.043912055528086,48.686887417877472],[23.044349655528084,48.686820317877469],[23.044764355528084,48.686737617877469],[23.044939755528084,48.686684017877468],[23.045112755528084,48.686630017877469],[23.045275055528084,48.686571617877469],[23.045417655528084,48.686517517877469],[23.045718955528084,48.686334317877467],[23.045968655528085,48.686125517877471],[23.046203055528085,48.685925217877468],[23.046427155528086,48.685716117877469],[23.046587955528086,48.685541917877472],[23.046715655528086,48.685332617877471],[23.046783855528084,48.68518051787747],[23.046967555528084,48.684652217877471],[23.047090855528083,48.684266917877473],[23.047085755528084,48.684033017877468],[23.047078255528085,48.683795517877471],[23.047025755528086,48.68355591787747],[23.046793455528086,48.683009217877469],[23.046617955528085,48.682633117877472],[23.046559655528085,48.682508017877467],[23.046448555528084,48.682279117877471],[23.046327655528085,48.68202001787747],[23.046254055528085,48.681812517877468],[23.046208455528085,48.681580517877471],[23.046200455528083,48.68131841787747],[23.046220055528085,48.68101861787747],[23.046275555528084,48.680645417877471],[23.046374255528086,48.68023301787747],[23.046518455528084,48.679710217877471],[23.046653755528084,48.679379217877468],[23.046807055528085,48.679054217877471],[23.046897755528086,48.678872717877468],[23.047011755528086,48.67866371787747],[23.047232355528084,48.67828011787747],[23.047334955528086,48.678129517877473],[23.047510655528086,48.677885317877468],[23.047702455528086,48.677632017877471],[23.048118555528085,48.677122617877473],[23.048281855528085,48.676961717877468],[23.048453455528083,48.676797017877469],[23.048818255528083,48.676480017877473],[23.049177655528084,48.676164717877469],[23.049564855528086,48.675850717877474],[23.050392755528083,48.675141017877472],[23.050827255528084,48.674785017877468],[23.051210555528083,48.674408717877469],[23.051473655528085,48.674103117877472],[23.051701655528085,48.673789017877468],[23.052022955528084,48.673306517877471],[23.052231955528086,48.672807817877469],[23.052299755528086,48.672578117877471],[23.052321455528084,48.672331717877469],[23.052301755528084,48.67196821787747],[23.052245055528086,48.671615417877469],[23.052182255528084,48.671394317877471],[23.051934955528086,48.670631417877473],[23.051643355528086,48.669864817877468],[23.051556755528086,48.669554517877472],[23.051456255528084,48.66924121787747],[23.051408755528083,48.668962217877471],[23.051377655528086,48.668682317877469],[23.051379755528085,48.66637131787747],[23.051406555528086,48.665195017877473],[23.051398555528085,48.664667117877471],[23.051419555528085,48.664094017877467],[23.051437555528086,48.663767617877468],[23.051469555528083,48.66345341787747],[23.051576955528084,48.66295541787747],[23.051720355528083,48.662546517877473],[23.051891155528086,48.66212791787747],[23.051985955528085,48.661907017877468],[23.052100055528083,48.661683717877473],[23.052246155528085,48.661464117877472],[23.052429055528084,48.661237417877473],[23.053055355528084,48.660680317877471],[23.054166555528084,48.659800517877471],[23.055308755528085,48.658933017877473],[23.055798355528083,48.658512117877471],[23.055995855528085,48.658296317877472],[23.056216855528085,48.658040717877469],[23.056579455528084,48.657513817877472],[23.056757555528083,48.657158817877473],[23.056914455528084,48.656789817877467],[23.057176855528084,48.65602641787747],[23.057294655528086,48.655561317877471],[23.057350055528083,48.655110417877474],[23.057349455528083,48.654903217877468],[23.057330455528085,48.65469601787747],[23.057291855528085,48.65450751787747],[23.057208555528085,48.65428501787747],[23.057102355528084,48.654110617877471],[23.056986055528085,48.65394211787747],[23.056821955528086,48.653763817877469],[23.056460355528085,48.653441417877467],[23.056078955528083,48.653102217877468],[23.055881855528085,48.652937417877467],[23.055679555528084,48.652747417877471],[23.055550755528085,48.652639217877471],[23.055227455528083,48.652304917877473],[23.055032955528084,48.652087817877472],[23.054831355528083,48.65185231787747],[23.054698955528085,48.651666017877467],[23.054568555528085,48.651454517877468],[23.054472355528084,48.651276217877474],[23.054366555528084,48.651069917877471],[23.054142455528083,48.650253717877469],[23.053874155528085,48.649419317877474],[23.053785755528086,48.649031017877469],[23.053698655528084,48.648576817877469],[23.053640855528084,48.648049317877472],[23.053595455528086,48.647488617877471],[23.053597355528083,48.647128017877471],[23.053675755528083,48.646527017877467],[23.053793055528086,48.645898417877468],[23.053859055528086,48.645332617877472],[23.053866155528084,48.645100417877472],[23.053855355528086,48.644896117877472],[23.053788355528084,48.644657417877468],[23.053709855528083,48.644419617877467],[23.053507655528083,48.64401911787747],[23.053201155528086,48.643555917877471],[23.053004555528084,48.643293417877473],[23.052781355528083,48.643082317877472],[23.052315755528085,48.642721417877468],[23.051900155528084,48.642461617877473],[23.051459155528086,48.642141417877468],[23.051268455528085,48.641994617877472],[23.051080155528084,48.641811817877468],[23.050964055528084,48.641662217877467],[23.050847255528083,48.641461017877468],[23.050716255528084,48.641177317877471],[23.050634155528083,48.640769017877467],[23.050577655528084,48.640244117877472],[23.050542955528083,48.640050417877468],[23.050486555528085,48.639856817877472],[23.050439255528083,48.639732017877471],[23.050387355528084,48.63961341787747],[23.050239355528085,48.639346917877468],[23.050182955528083,48.639263617877468],[23.049612555528086,48.638642717877467],[23.049446155528084,48.638477817877472],[23.049233955528084,48.638261917877472],[23.049024755528084,48.63803371787747],[23.048721855528086,48.637687117877469],[23.048427855528086,48.637252317877468],[23.048214555528084,48.636816217877467],[23.048120855528083,48.636561217877471],[23.048030355528084,48.636284817877467],[23.047978755528085,48.635986917877467],[23.047954855528083,48.635651217877474],[23.047984855528085,48.635198717877472],[23.048093355528085,48.63457101787747],[23.048129555528085,48.634215917877469],[23.048099455528085,48.634026117877468],[23.048083055528085,48.633922817877469],[23.048059355528085,48.633818017877473],[23.047965255528084,48.63365601787747],[23.047849855528085,48.633496817877472],[23.047597855528085,48.633184517877467],[23.047366155528085,48.632894017877469],[23.047190655528084,48.632655517877467],[23.046899955528083,48.632254017877472],[23.046495255528086,48.63170301787747],[23.046312555528086,48.631441917877467],[23.046071555528084,48.631104317877472],[23.045989355528086,48.630965117877473],[23.045814155528085,48.630668317877472],[23.045603655528083,48.630249917877471],[23.045465355528084,48.629822917877469],[23.045425255528084,48.629623217877473],[23.045412455528083,48.629406417877469],[23.045399055528083,48.629176517877468],[23.045382355528083,48.628891017877471],[23.045383655528084,48.628396317877467],[23.045390355528085,48.627880517877472],[23.045401055528085,48.627383917877474],[23.045456255528084,48.627073317877468],[23.045540955528086,48.626779917877471],[23.045683055528084,48.626532117877467],[23.045860155528086,48.626302817877473],[23.046122655528084,48.626054517877471],[23.046320155528086,48.625908817877473],[23.046587355528086,48.62573771787747],[23.046981455528083,48.625531017877471],[23.047452955528083,48.625349917877472],[23.048222755528084,48.625113117877468],[23.048809755528083,48.624930417877472],[23.049157955528084,48.624827617877472],[23.050685355528085,48.624430617877472],[23.051928655528084,48.624069417877472],[23.052112055528085,48.624005017877472],[23.052256755528084,48.623920617877474],[23.052560855528085,48.623718217877467],[23.052774755528084,48.623521717877473],[23.052931255528083,48.623286217877471],[23.053099155528084,48.622968517877467],[23.053150455528083,48.622723517877468],[23.053151555528085,48.622453417877473],[23.053065355528084,48.62215881787747],[23.052592155528085,48.620849117877469],[23.052361455528086,48.620209017877471],[23.052091355528084,48.619438117877472],[23.051945155528085,48.619032017877473],[23.051862255528086,48.618724617877469],[23.051807355528084,48.618507617877469],[23.051803555528085,48.618395117877469],[23.051831955528083,48.618246917877471],[23.051931655528083,48.618031117877472],[23.052036955528084,48.617829517877468],[23.052187955528083,48.617632017877469],[23.052394155528084,48.617438017877468],[23.052644755528085,48.617270017877473],[23.052911355528085,48.617130917877468],[23.053196755528084,48.617024417877474],[23.054273555528084,48.616620517877472],[23.054898555528084,48.616331717877472],[23.055986655528084,48.615653217877473],[23.056539055528084,48.61529791787747],[23.057089355528085,48.614880017877468],[23.057248455528086,48.614749417877469],[23.057370755528083,48.614608517877471],[23.057506055528084,48.61439321787747],[23.057624655528084,48.614054017877471],[23.057654255528085,48.613756417877468],[23.057615855528084,48.613564917877468],[23.057555455528085,48.613371017877469],[23.057481755528084,48.613181817877468],[23.057377655528086,48.613020517877473],[23.057134155528086,48.612663817877468],[23.056876155528084,48.612361517877467],[23.056720055528086,48.612226017877468],[23.056499055528086,48.612027217877468],[23.055791955528086,48.611449217877471],[23.055021655528083,48.610788117877469],[23.054729855528084,48.610507617877474],[23.054584955528085,48.610362217877473],[23.054411655528085,48.610168217877472],[23.054176055528085,48.609845917877472],[23.053997055528086,48.609444517877471],[23.053858155528083,48.609078217877467],[23.053715655528084,48.608722917877472],[23.053512555528084,48.608338217877467],[23.053372655528083,48.608125817877472],[23.053202655528086,48.60793291787747],[23.053018555528084,48.607749817877469],[23.052806355528084,48.607557517877467],[23.052278555528083,48.607207717877472],[23.052012755528086,48.607065217877469],[23.051700155528085,48.606941517877473],[23.051574555528084,48.606893317877471],[23.050567255528083,48.606564117877468],[23.049532455528084,48.606230617877472],[23.049441855528084,48.606201617877467],[23.048172455528086,48.605798617877468],[23.047770455528084,48.605663317877472],[23.047178655528086,48.60544001787747],[23.046713955528084,48.60523271787747],[23.046319555528086,48.604964117877472],[23.046050955528084,48.604738317877469],[23.045862455528084,48.604537917877472],[23.045670055528085,48.604241517877469],[23.045409055528083,48.603732917877473],[23.045323055528083,48.603584517877472],[23.044586055528086,48.602237917877467],[23.044526455528086,48.602123017877467],[23.044045055528084,48.601191317877472],[23.043858155528085,48.600930417877471],[23.043637955528084,48.600685817877469],[23.042340655528083,48.599622117877473],[23.042241455528085,48.599527117877471],[23.042147255528086,48.599397317877468],[23.042077855528085,48.599307217877467],[23.042020055528084,48.599144417877469],[23.042013455528085,48.598947117877472],[23.042051655528084,48.598743917877471],[23.042128855528084,48.598475317877472],[23.042249055528085,48.598189717877467],[23.042719955528085,48.597360417877468],[23.043105855528083,48.596531417877472],[23.043293455528083,48.596094517877468],[23.043418855528085,48.595709717877469],[23.043470855528085,48.595368517877468],[23.043511055528086,48.594980917877471],[23.043503955528085,48.594650917877473],[23.043453955528083,48.594289717877473],[23.043372155528086,48.593899917877472],[23.043264755528085,48.593498217877467],[23.043168355528085,48.593240817877472],[23.043046555528086,48.592902417877468],[23.042533855528085,48.591445017877469],[23.042265655528084,48.590703517877472],[23.042000555528084,48.589931417877473],[23.041586655528086,48.588970017877472],[23.041292855528084,48.588459317877472],[23.040919055528086,48.58789181787747],[23.040532955528086,48.587398217877471],[23.040091355528084,48.58690201787747],[23.038099755528084,48.584985217877467],[23.037540055528083,48.58441031787747],[23.037234355528085,48.584099917877474],[23.036993755528083,48.58380771787747],[23.036801955528084,48.58356211787747],[23.036619255528084,48.583290017877474],[23.036291255528084,48.582820517877472],[23.036233855528085,48.582711717877473],[23.035945155528083,48.582078717877472],[23.034768855528085,48.57915271787747],[23.034173355528086,48.577633617877467],[23.033902455528086,48.576941617877473],[23.033620455528084,48.576234917877471],[23.033420755528084,48.575826717877469],[23.033205155528083,48.57543711787747],[23.032958555528083,48.575091917877472],[23.032671355528084,48.574775817877473],[23.032238855528085,48.574354417877473],[23.031415755528084,48.573653217877471],[23.030493555528086,48.572911617877473],[23.030119255528085,48.572595517877467],[23.029617655528085,48.572166117877472],[23.029361455528086,48.571927117877472],[23.029268555528084,48.571841917877471],[23.028833655528086,48.57143441787747],[23.028213955528084,48.570800217877469],[23.027692555528084,48.570131117877473],[23.027317055528084,48.569545217877469],[23.027220155528084,48.56936781787747],[23.026781355528083,48.568474417877468],[23.024466355528084,48.561603617877473],[23.024427955528086,48.561484817877471],[23.024411955528084,48.56144101787747],[23.024325355528084,48.561201317877469],[23.023964355528083,48.560216217877468],[23.023775555528083,48.559884917877469],[23.023527855528084,48.559623117877472],[23.023292555528084,48.559448817877467],[23.022931055528083,48.559280217877472],[23.022688655528086,48.559195717877472],[23.020847655528083,48.558795417877469],[23.020532155528084,48.558740617877469],[23.019068755528085,48.558486317877467],[23.018093055528084,48.558366917877471],[23.017914555528083,48.558351917877474],[23.017142055528083,48.558280917877468],[23.016491955528085,48.55824941787747],[23.015774855528086,48.558256217877471],[23.015070155528086,48.558291317877469],[23.011768755528085,48.55861301787747],[23.010692855528085,48.558717817877472],[23.009630855528084,48.558821317877474],[23.008916655528086,48.558841317877473],[23.008067455528085,48.558804417877468],[23.003943255528085,48.558304617877468],[23.002685155528084,48.558174017877469],[23.001889355528085,48.558172417877472],[23.001402455528083,48.558193717877472],[23.001114255528083,48.55822881787747],[23.000743255528086,48.558273917877472],[23.000039455528086,48.558419917877472],[22.999902255528085,48.55844831787747],[22.999749855528083,48.558498317877472],[22.999507755528086,48.55857781787747],[22.997524355528085,48.559234517877471],[22.994822155528084,48.560098517877471],[22.993831055528084,48.560390417877471],[22.993393955528084,48.560519117877469],[22.992971155528085,48.560612017877467],[22.992286255528086,48.560707617877469],[22.988864555528085,48.561066917877469],[22.987549655528085,48.561249917877468],[22.987007255528084,48.561349217877471],[22.985951855528086,48.561601117877473],[22.985403155528086,48.561764317877468],[22.984187055528086,48.562107317877469],[22.983700955528086,48.562219417877472],[22.983188755528083,48.562325317877473],[22.982154155528086,48.562474117877471],[22.979351855528083,48.562793317877471],[22.979042555528086,48.562815317877472],[22.978177155528083,48.562849417877473],[22.977748655528085,48.562888817877472],[22.977131155528085,48.562993217877469],[22.976999055528083,48.56303521787747],[22.976490555528084,48.563196617877473],[22.975793155528084,48.563501817877473],[22.975204955528085,48.563816717877472],[22.973807855528083,48.564643617877472],[22.972830655528085,48.565221917877473],[22.972166455528086,48.565527417877469],[22.971513955528085,48.56573241787747],[22.971014855528086,48.565809517877469],[22.970488655528083,48.565841917877471],[22.969927855528084,48.565839717877473],[22.969251155528084,48.565770617877469],[22.968634455528086,48.565660217877472],[22.967970755528086,48.565474517877469],[22.967318755528083,48.565265617877472],[22.966112855528085,48.564899317877469],[22.964490355528085,48.564406517877472],[22.962871355528083,48.563956117877467],[22.962036055528085,48.563710017877469],[22.958386355528084,48.56260171787747],[22.957459655528083,48.562331417877473],[22.955934755528084,48.56188661787747],[22.955415755528083,48.561733117877473],[22.954807155528083,48.561553017877472],[22.953697355528085,48.561242417877473],[22.952995855528084,48.561048917877471],[22.951729555528086,48.560689517877471],[22.950483855528084,48.560318917877467],[22.950123055528085,48.560216617877472],[22.949470455528086,48.56003161787747],[22.947451555528083,48.559396917877471],[22.944910155528085,48.558485517877472],[22.944509355528083,48.558318617877468],[22.944259655528086,48.558214617877468],[22.942875655528084,48.557537317877468],[22.942525955528083,48.557382917877469],[22.941132555528085,48.55690391787747],[22.940020855528086,48.556548117877469],[22.939318255528086,48.556368317877471],[22.938403355528084,48.556150617877471],[22.937953855528086,48.556016917877471],[22.937589055528086,48.555853317877471],[22.937119055528086,48.555576717877472],[22.936634255528084,48.555225417877473],[22.934458955528086,48.553495617877473],[22.932432555528084,48.551769017877469],[22.931681355528085,48.551062117877471],[22.931264355528086,48.550546117877474],[22.929970755528085,48.548878417877468],[22.929508855528084,48.548246717877468],[22.929148355528085,48.547756117877469],[22.928814755528084,48.547217717877473],[22.928591955528084,48.546681917877471],[22.928507655528083,48.546337717877471],[22.928507655528083,48.545761717877468],[22.928558155528084,48.545473817877472],[22.928584355528084,48.54532471787747],[22.928736055528084,48.544954117877474],[22.929040255528083,48.544210517877467],[22.929122455528084,48.54387761787747],[22.929171855528086,48.543415017877471],[22.929185755528085,48.543166117877469],[22.929164955528083,48.542854217877469],[22.928977355528083,48.542177517877469],[22.928867755528085,48.541869217877469],[22.928744555528084,48.541609317877473],[22.928547755528083,48.541338617877472],[22.928339955528084,48.541062617877472],[22.927915855528084,48.540613417877474],[22.927506255528083,48.540234817877469],[22.926988355528085,48.53990111787747],[22.926211855528084,48.539505017877467],[22.925360655528085,48.539134217877468],[22.923282755528085,48.53830931787747],[22.922651055528085,48.538056917877469],[22.919714155528084,48.536883217877467],[22.918997155528086,48.536649117877474],[22.918266655528086,48.53646941787747],[22.917685555528085,48.536370417877471],[22.917006355528084,48.536292717877473],[22.916402655528085,48.536267617877471],[22.916180555528083,48.536258317877468],[22.915480555528084,48.536267917877467],[22.914806455528083,48.53631441787747],[22.914228155528086,48.536388517877469],[22.913712855528086,48.536479717877469],[22.913243355528085,48.536595117877468],[22.912843355528086,48.536716117877468],[22.912388355528083,48.53688041787747],[22.911588855528084,48.537187717877472],[22.910800555528084,48.537492517877467],[22.909595155528084,48.537969817877467],[22.909457655528083,48.538020317877468],[22.908946155528085,48.538202017877474],[22.908348355528084,48.538346117877474],[22.907772255528084,48.538451717877471],[22.907201155528085,48.538499117877471],[22.906857855528084,48.53850571787747],[22.906489655528084,48.538489717877468],[22.905681355528085,48.53844611787747],[22.903757655528086,48.538133417877468],[22.903118055528086,48.538029917877473],[22.902151555528086,48.537872417877473],[22.900268455528085,48.53756631787747],[22.900207255528084,48.537556217877473],[22.895968255528086,48.536856617877469],[22.894870855528083,48.536684417877467],[22.894423255528086,48.53661411787747],[22.892824455528086,48.536363217877472],[22.892274555528086,48.53624811787747],[22.891991155528085,48.536162617877473],[22.891749855528083,48.536054917877472],[22.891432855528084,48.535869117877468],[22.890880155528084,48.535510517877469],[22.890125455528086,48.53494021787747],[22.889615455528084,48.534648017877473],[22.889146255528086,48.534379117877471],[22.888167055528083,48.53380691787747],[22.887852855528084,48.533550517877472],[22.887667655528084,48.53337031787747],[22.887372655528086,48.533067417877469],[22.887240155528083,48.532900817877469],[22.887113055528083,48.532716417877474],[22.886989855528086,48.532551017877473],[22.886897855528083,48.53242731787747],[22.886825855528084,48.532326917877469],[22.886735855528084,48.532213317877471],[22.886605655528083,48.532048817877467],[22.886394155528084,48.531804217877472],[22.885650655528085,48.53103001787747],[22.883538855528084,48.52896341787747],[22.882377855528084,48.527790917877468],[22.881821555528084,48.527242017877469],[22.880539655528086,48.525966217877468],[22.878472555528084,48.523914617877473],[22.878125655528084,48.523641117877467],[22.877999655528086,48.52354711787747],[22.877787055528085,48.523398617877469],[22.877371455528085,48.52315981787747],[22.876163655528085,48.522523617877468],[22.875345355528083,48.522087717877469],[22.874618655528085,48.52171391787747],[22.873132055528085,48.52094471787747],[22.872861955528084,48.520805017877471],[22.872138355528083,48.52042851787747],[22.871428155528083,48.520021917877472],[22.870828055528083,48.519622617877474],[22.870685755528086,48.519519717877472],[22.867321055528084,48.517086317877471],[22.864277955528085,48.514885417877473],[22.861910155528083,48.513125417877468],[22.860444855528083,48.512061717877472],[22.859823055528086,48.511609217877471],[22.857665055528084,48.510048717877467],[22.851409955528084,48.505511417877472],[22.848826455528084,48.50363731787747],[22.847544455528084,48.502717217877468],[22.846553355528084,48.501987317877472],[22.845994855528083,48.501597217877467],[22.845370755528084,48.501204917877473],[22.844836355528084,48.500929617877468],[22.844133855528085,48.500592117877467],[22.843737055528084,48.50040331787747],[22.843054655528086,48.500125017877473],[22.841501655528084,48.499574117877472],[22.840587155528084,48.499259417877468],[22.838855555528085,48.498653817877468],[22.838187655528085,48.498361217877473],[22.837710855528083,48.498137117877469],[22.836966555528086,48.497745517877469],[22.836498755528083,48.497440817877468],[22.836034255528084,48.49710531787747],[22.835532555528083,48.496696617877468],[22.835173055528085,48.496356417877472],[22.834559455528083,48.49566071787747],[22.833977955528084,48.494987817877472],[22.833864155528083,48.494865817877468],[22.833666255528083,48.494653517877474],[22.833400855528083,48.494424817877473],[22.833076255528084,48.494174017877469],[22.832717355528086,48.49396671787747],[22.832390455528085,48.493801017877473],[22.831948755528085,48.49364021787747],[22.831520355528085,48.49352101787747],[22.830956555528086,48.493396617877472],[22.830255155528086,48.493259117877471],[22.828786055528084,48.49296291787747],[22.827845355528083,48.492745017877468],[22.827188955528083,48.492545017877468],[22.826536855528083,48.492296917877468],[22.826050155528083,48.492029617877471],[22.825595855528086,48.491741317877469],[22.823787055528083,48.490338717877471],[22.823441755528084,48.490125717877469],[22.823156155528086,48.489961517877468],[22.822632455528083,48.489731117877469],[22.821254755528084,48.489255917877472],[22.820473355528083,48.489018417877467],[22.819687955528085,48.488840017877472],[22.819146855528086,48.488762817877472],[22.818528755528085,48.488721617877474],[22.817939155528084,48.488699817877468],[22.816505855528085,48.488683917877474],[22.816388755528084,48.488682617877473],[22.815136055528086,48.488668717877474],[22.814175855528084,48.488617417877471],[22.813274555528086,48.488499817877468],[22.812816055528085,48.488443117877473],[22.812091855528084,48.488329317877472],[22.810925055528084,48.488110717877468],[22.810737355528083,48.488071617877473],[22.810398055528083,48.488001517877471],[22.809916955528085,48.487872817877474],[22.809567855528083,48.487744517877474],[22.809106555528086,48.487552517877468],[22.808337955528085,48.487207017877473],[22.808128355528083,48.487085317877472],[22.807879055528083,48.486940517877471],[22.807776155528085,48.486846617877468],[22.807552555528083,48.486642617877472],[22.807057755528085,48.486191217877469],[22.806050355528086,48.485024417877469],[22.805666855528084,48.484704917877472],[22.805250655528084,48.484392417877473],[22.804901255528083,48.48417751787747],[22.804273555528084,48.483889617877473],[22.803383855528086,48.483614117877472],[22.799973255528084,48.482874017877471],[22.798322455528083,48.48251581787747],[22.798008455528084,48.482447917877472],[22.797000355528084,48.482229817877467],[22.794439455528085,48.481675817877473],[22.792608904837554,48.481279820391734]]}},
{"type":"Feature","properties":{"full_id":null,"ref":"M-880","osm_id":null,"highway":null,"layer":"Roads_Rain_blue","path":"Roads_Rain_blue.geojson"},"geometry":{"type":"LineString","coordinates":[[23.093424955528086,48.755483617877474],[23.093580055528083,48.755897117877467],[23.093630455528086,48.756052117877474],[23.093667055528083,48.75628591787747],[23.093679855528084,48.75636801787747],[23.093692655528084,48.756450017877469],[23.093694955528086,48.756514917877467],[23.093692255528083,48.756692117877471],[23.093696355528085,48.756878917877472],[23.093721455528083,48.758017617877471],[23.093666755528083,48.758501217877473]]}},
{"type":"Feature","properties":{"full_id":null,"ref":"M-880","osm_id":null,"highway":null,"layer":"Roads_Rain_blue","path":"Roads_Rain_blue.geojson"},"geometry":{"type":"LineString","coordinates":[[23.093666755528083,48.758501217877473],[23.093615755528084,48.758039517877471],[23.093572055528085,48.75705321787747],[23.093540255528083,48.756615117877473],[23.093536155528085,48.756530417877471],[23.093532655528083,48.756457517877472],[23.093511055528083,48.756062017877468],[23.093475055528085,48.755775117877469],[23.093424955528086,48.755483617877474]]}},
{"type":"Feature","properties":{"full_id":null,"ref":"M-880","osm_id":null,"highway":null,"layer":"Roads_Rain_blue","path":"Roads_Rain_blue.geojson"},"geometry":{"type":"LineString","coordinates":[[23.093666755528083,48.758501217877473],[23.093801855528085,48.760119217877467],[23.093958455528085,48.762604117877473],[23.093955755528086,48.763140517877467],[23.093932255528085,48.763728417877473],[23.093829055528083,48.765970417877469],[23.093782855528083,48.767024017877468],[23.093731955528085,48.76793321787747],[23.093723755528085,48.768074117877468],[23.093698255528086,48.768267717877471],[23.093650055528084,48.76850351787747],[23.093585855528083,48.76867621787747],[23.093512855528086,48.768835117877472],[23.093384555528086,48.769058817877472],[23.093140255528084,48.769394217877469],[23.092239255528085,48.770507417877468],[23.091321155528085,48.771624917877467],[23.091128755528086,48.771809517877472],[23.090973855528084,48.771945017877471],[23.090837655528084,48.772043617877472],[23.090696955528085,48.772143517877467],[23.090501255528086,48.772258517877468],[23.090266455528084,48.772386617877473],[23.090013055528086,48.772541117877473],[23.089810955528083,48.772699317877468],[23.089644155528084,48.772877117877471],[23.089514255528083,48.773064517877472],[23.089426455528084,48.77323941787747],[23.089371855528086,48.773370317877472],[23.089316955528083,48.773645117877471],[23.089257855528086,48.77409861787747],[23.089220455528086,48.77436851787747],[23.089016555528083,48.775579917877472],[23.088661955528085,48.777625417877474],[23.088264855528084,48.779968317877469],[23.088089155528085,48.781109517877468],[23.087900755528086,48.782229317877473],[23.087730355528084,48.783065217877471],[23.087660655528083,48.783467217877472],[23.087612355528083,48.783877317877469],[23.087482255528084,48.784673417877471],[23.087162455528084,48.786642317877472],[23.087105155528086,48.786965417877468],[23.086933755528083,48.78810991787747],[23.086797355528084,48.789050217877467],[23.086677055528085,48.789865517877473],[23.086627055528083,48.790298917877472],[23.086623755528084,48.790680217877473],[23.086693855528086,48.792253717877472],[23.086741555528086,48.793114417877469],[23.086853555528084,48.794940317877469],[23.086853255528084,48.795300917877469],[23.086839955528085,48.795493517877468],[23.086810355528083,48.795700017877472],[23.086735255528083,48.795937917877467],[23.086635655528084,48.796182217877472],[23.086518055528085,48.796411317877471],[23.086364655528083,48.796623517877471],[23.086229655528083,48.796812417877469],[23.086085755528085,48.796981017877471],[23.085830055528085,48.797241717877469],[23.085545855528085,48.79751171787747],[23.085261455528084,48.797737417877471],[23.084939855528084,48.797972417877467],[23.084309155528086,48.798395417877472],[23.083647555528085,48.798817917877471],[23.082649655528083,48.799452317877467],[23.082120355528083,48.799820317877469],[23.081876455528086,48.800014717877467],[23.081644455528085,48.80021931787747],[23.081405655528084,48.800485817877473],[23.081275655528085,48.800665817877473],[23.081146955528084,48.800863917877471],[23.080977955528084,48.801209917877472],[23.080819755528083,48.801613217877467],[23.080700655528084,48.802023417877471],[23.080599655528083,48.802477017877472],[23.080486355528084,48.803245517877471],[23.080414655528084,48.803786617877471],[23.080348555528083,48.80420971787747],[23.080241455528085,48.804866217877468],[23.080214255528084,48.805055417877469],[23.080171255528086,48.805331717877472],[23.080133055528083,48.80559661787747],[23.079924855528084,48.807136017877468],[23.079838055528086,48.807683917877469],[23.079487055528084,48.81008691787747],[23.079383355528083,48.81076301787747],[23.079327855528085,48.811016117877472],[23.079234555528085,48.811355617877467],[23.079089655528083,48.811739217877474],[23.078947555528085,48.812024217877472],[23.078775055528084,48.812304217877468],[23.078610055528085,48.81253781787747],[23.078440155528085,48.812757017877473],[23.078210955528085,48.813009117877471],[23.077962555528085,48.813243217877471],[23.077647055528086,48.813518417877468],[23.076820455528086,48.814144717877468],[23.076383355528083,48.814474717877474],[23.075920355528083,48.814798417877469],[23.075704255528084,48.814958717877474],[23.075508655528086,48.815085117877473],[23.075071955528085,48.815368517877474],[23.074138055528085,48.815930317877473],[23.072359355528086,48.816981217877469],[23.071748155528084,48.817334717877472],[23.071352355528084,48.81757411787747],[23.071078855528086,48.817754617877469],[23.070794055528083,48.817984617877471],[23.070598755528085,48.818171017877468],[23.070534555528084,48.818257117877472],[23.070385455528083,48.818492417877472],[23.070279255528085,48.818747717877471],[23.070214755528085,48.81897921787747],[23.070160655528085,48.81928871787747],[23.070145955528083,48.819434817877472],[23.070125055528084,48.81982201787747],[23.070145655528083,48.820313317877471],[23.070216755528083,48.820961617877472],[23.070380555528086,48.822014017877471],[23.070564555528083,48.823048817877471],[23.070574955528084,48.823283717877473],[23.070567155528085,48.823567717877474],[23.070521455528084,48.82382761787747],[23.070448355528086,48.824042017877467],[23.070351855528084,48.824227617877469],[23.070234755528084,48.824399117877469],[23.070089255528085,48.824584117877471],[23.069950455528083,48.824738317877468],[23.069822855528084,48.824863917877472],[23.069434555528083,48.825231017877471],[23.069026655528084,48.825603417877467],[23.068771255528084,48.825861017877472],[23.068633455528083,48.82603541787747],[23.068545255528086,48.826195517877473],[23.068465155528084,48.826382017877471],[23.068373955528084,48.826651117877468],[23.068330155528084,48.826882217877468],[23.068302655528086,48.827113517877471],[23.068259355528085,48.827747017877471],[23.068167755528084,48.828686317877469],[23.068104055528085,48.829552617877468],[23.068028455528083,48.830950117877471],[23.068001455528083,48.831247417877471],[23.067942355528086,48.831550617877468],[23.067851255528083,48.831922817877469],[23.067819255528086,48.832042817877472],[23.067701955528083,48.832483517877471],[23.067562955528086,48.832842617877468],[23.067382455528083,48.833230517877467],[23.067229955528084,48.833589717877473],[23.067110355528083,48.83385821787747],[23.066811355528085,48.834523317877469],[23.066630955528083,48.834936717877468],[23.066588655528083,48.835032217877469],[23.066333355528084,48.835709917877473],[23.066186955528085,48.836198617877471],[23.066115855528086,48.836595717877472],[23.066093955528086,48.836942017877469],[23.066117655528085,48.837321617877471],[23.066148855528084,48.837464617877473],[23.066157355528084,48.837503617877474],[23.066208955528083,48.837683017877467],[23.066284755528084,48.83788761787747],[23.066382555528083,48.838092117877473],[23.066527255528083,48.838370017877473],[23.066708455528083,48.83867131787747],[23.066866855528083,48.838922117877473],[23.067048255528086,48.839172617877473],[23.067210155528084,48.839375817877468],[23.067395455528086,48.839581817877473],[23.067652455528084,48.839830717877469],[23.067819055528084,48.839976017877468],[23.068004455528083,48.840119417877467],[23.068304455528086,48.840337117877468],[23.068634955528083,48.840538317877467],[23.068861055528085,48.840665417877467],[23.069116655528084,48.840790217877469],[23.069405555528085,48.840928417877471],[23.069714155528086,48.841057317877471],[23.069946055528085,48.841149117877471],[23.070194855528083,48.841224217877468],[23.070553555528086,48.841331817877467],[23.070928555528084,48.841417017877468],[23.072281555528086,48.841704717877469],[23.074842655528084,48.842207917877474],[23.075250555528086,48.842296017877473],[23.075911655528085,48.842464917877471],[23.076510555528085,48.842637517877471],[23.076876855528084,48.842762617877469],[23.077220855528086,48.842918017877473],[23.077655955528083,48.843146017877473],[23.078083855528085,48.843397217877474],[23.078510555528084,48.843659817877473],[23.079722655528084,48.844433317877467],[23.080932955528084,48.845204117877472],[23.081813255528086,48.84576331787747],[23.083007755528083,48.846514717877469],[23.083403555528083,48.846788917877468],[23.083583755528085,48.846925917877471],[23.083690155528085,48.847010017877473],[23.083868255528085,48.847206517877467],[23.084020855528085,48.847402417877468],[23.084112155528086,48.847668917877471],[23.084219555528083,48.847873517877467],[23.084296555528084,48.848041217877473],[23.084427255528084,48.848224817877473],[23.084552755528083,48.848388417877473],[23.084656655528086,48.848486117877471],[23.084741155528086,48.848555517877472],[23.084913155528085,48.84865021787747],[23.085113455528084,48.84874201787747],[23.085364255528084,48.848828417877471],[23.086041955528085,48.849014717877473],[23.086675555528085,48.849195117877471],[23.087036955528085,48.849359317877472],[23.087875355528084,48.849819317877468],[23.088197155528086,48.85002071787747],[23.088502855528084,48.850239217877473],[23.088791655528084,48.850488717877468],[23.088952555528085,48.850658817877473],[23.089081155528085,48.850821517877471],[23.089320155528085,48.851242017877468],[23.089453755528083,48.851516517877471],[23.089534655528084,48.851782817877471],[23.089599855528085,48.851998417877468],[23.089615055528085,48.85224301787747],[23.089664255528085,48.853208217877473],[23.089672755528085,48.854147117877467],[23.089687955528085,48.854331217877473],[23.089732055528085,48.854510417877471],[23.089796855528085,48.854655817877472],[23.089858355528083,48.85477791787747],[23.090052255528086,48.855101417877471],[23.090277955528084,48.855428617877472],[23.090400555528085,48.855568717877468],[23.090547455528085,48.855704617877471],[23.090711655528086,48.855851117877471],[23.090899955528084,48.855995417877473],[23.091302255528085,48.856239517877469],[23.091716755528086,48.856429517877473],[23.091938255528085,48.856512117877472],[23.092181655528083,48.856584417877471],[23.092554455528084,48.856675917877467],[23.092768355528083,48.856703617877471],[23.093056155528085,48.856711117877474],[23.093316555528084,48.856669017877472],[23.093515155528085,48.856603017877468],[23.093711355528086,48.856503017877472],[23.093920755528085,48.856375517877467],[23.094053755528083,48.856278117877473],[23.094238455528085,48.85611191787747],[23.094521555528086,48.85581211787747],[23.094856255528086,48.855435517877467],[23.094998655528084,48.855304517877471],[23.095143055528084,48.855220117877472],[23.095292755528085,48.855158817877474],[23.095501855528084,48.855109317877471],[23.095715855528084,48.855086617877468],[23.095910355528083,48.85508551787747],[23.096161255528084,48.855099117877472],[23.096454755528086,48.855134417877473],[23.096786655528085,48.855195917877474],[23.097414655528084,48.855351417877472],[23.097874755528085,48.85546981787747],[23.098216555528083,48.855524217877473],[23.098580155528083,48.85555131787747],[23.098964355528086,48.85556101787747],[23.099267555528083,48.855546917877469],[23.099544255528084,48.855500517877473],[23.099762355528085,48.855426517877468],[23.099940455528085,48.855340517877472],[23.100132955528085,48.855193817877471],[23.100313055528083,48.855007417877474],[23.101106555528084,48.85398561787747],[23.101463755528084,48.853522217877469],[23.101659955528085,48.853331017877473],[23.101821355528084,48.85323291787747],[23.101978955528086,48.853169517877468],[23.102159355528084,48.853109417877469],[23.102321255528086,48.853078517877471],[23.102481255528083,48.853077617877467],[23.102704955528086,48.853086117877467],[23.103011055528086,48.853145817877468],[23.103261755528084,48.853224117877467],[23.103532255528084,48.853326317877467],[23.103868455528083,48.853468917877471],[23.104197755528084,48.853664117877472],[23.104374855528086,48.853799417877468],[23.104507655528085,48.853938917877471],[23.104685455528085,48.854133617877473],[23.104890855528083,48.854440017877472],[23.105081355528085,48.854726017877468],[23.105196855528085,48.85488671787747],[23.105249555528083,48.85495721787747],[23.105336455528086,48.855044717877469],[23.105439255528083,48.855132417877471],[23.105521355528083,48.855196017877468],[23.105615455528085,48.855254217877473],[23.105684155528085,48.855293117877473],[23.105758855528084,48.85532811787747],[23.105863155528084,48.855358817877473],[23.105983455528083,48.85538771787747],[23.106074155528084,48.855396417877472],[23.106165955528084,48.855401617877469],[23.106258955528084,48.855402417877471],[23.106345855528083,48.855397917877468],[23.106457855528085,48.855390717877469],[23.106620655528083,48.855374917877469],[23.106771255528084,48.855356517877468],[23.106971655528085,48.855325017877469],[23.107230155528086,48.855271717877471],[23.107491355528083,48.855213017877468],[23.107783055528085,48.855141617877472],[23.108106355528083,48.855051817877474],[23.108651655528085,48.854884017877467],[23.108997355528086,48.854779417877474],[23.109233155528084,48.854719017877471],[23.109531955528084,48.854653617877467],[23.109825455528085,48.854594417877472],[23.110013855528084,48.85456201787747],[23.110215555528086,48.854533017877472],[23.110388455528085,48.854513917877469],[23.110535855528084,48.854504517877473],[23.110658655528084,48.854504517877473],[23.110782255528086,48.854512517877467],[23.110897855528084,48.854522317877468],[23.111019555528085,48.854538017877474],[23.111141355528083,48.854554617877469],[23.111260155528086,48.854579017877469],[23.111389055528086,48.854617017877473],[23.111523355528085,48.854663117877472],[23.111680355528083,48.854720517877468],[23.111801355528083,48.854777617877467],[23.111921355528086,48.854839717877468],[23.112078455528085,48.854946417877471],[23.112165155528086,48.855005517877473],[23.112268755528085,48.855078617877467],[23.112364355528083,48.85515971787747],[23.112463155528083,48.855252617877468],[23.112673655528084,48.855484717877474],[23.112881355528085,48.855677817877471],[23.113169455528084,48.855961417877474],[23.113308655528083,48.856082517877468],[23.113406055528085,48.856153517877473],[23.113500655528085,48.856210117877467],[23.113603355528085,48.856268317877472],[23.113712655528083,48.856325617877474],[23.113839255528084,48.856373117877467],[23.113962855528083,48.856414617877469],[23.114079855528086,48.85644991787747],[23.114205955528085,48.856475217877467],[23.114338755528085,48.856501417877467],[23.114472755528084,48.856520017877472],[23.114629755528085,48.856533317877471],[23.114839455528084,48.856542617877473],[23.115011455528084,48.856544617877468],[23.115200855528084,48.856537717877472],[23.115422655528086,48.856532517877469],[23.115673755528086,48.856523717877472],[23.116356555528085,48.856491117877468],[23.116685455528085,48.856482617877468],[23.116820355528084,48.856484217877473],[23.116963355528085,48.85649191787747],[23.117069655528084,48.85650281787747],[23.117188455528083,48.85651441787747],[23.117291255528084,48.856534917877468],[23.117439755528085,48.856562117877473],[23.117604955528083,48.856604517877471],[23.117745655528086,48.856640917877471],[23.117891055528084,48.856694317877469],[23.118020155528086,48.856742217877468],[23.118154555528083,48.856798117877467],[23.118293655528085,48.85687071787747],[23.118428855528084,48.856951417877468],[23.118525955528085,48.857020117877468],[23.118676855528083,48.85712671787747],[23.118789855528085,48.857220717877468],[23.118926155528083,48.857340317877473],[23.119061455528083,48.85751881787747],[23.119504155528084,48.858117817877471],[23.119766755528083,48.858495517877472],[23.119975355528084,48.858760617877472],[23.120187755528086,48.858985117877474],[23.120345855528086,48.85910271787747],[23.120625355528084,48.859287217877473],[23.121042355528086,48.859462217877471]]}},
{"type":"Feature","properties":{"full_id":null,"ref":"M808","osm_id":null,"highway":null,"layer":"Roads_Rain_blue","path":"Roads_Rain_blue.geojson"},"geometry":{"type":"LineString","coordinates":[[22.808283891902313,48.458668158986484],[22.821096311586047,48.462188153817607],[22.833817877799657,48.465849932477596],[22.846445009866958,48.469652433681013],[22.858974153691669,48.473594555591745],[22.871401782757793,48.477675156168694],[22.883724399122158,48.481893053523919],[22.895938534399033,48.486247026292887],[22.908040750736284,48.490735814016851],[22.920027641783076,48.495358117537009],[22.9318958336486,48.500112599400595],[22.943641985851709,48.50499788427831],[22.95526279226117,48.510012559393431],[22.966754982026202,48.515155174961912],[22.978115320497118,48.520424244643799],[22.989340610135745,48.525818246005386],[23.00042769141546,48.531335620992145],[23.011373443710443,48.536974776412222],[23.022174786174055,48.542734084430251],[23.032828678605963,48.548611883071345],[23.043332122307874,48.554606476735039],[23.053682160927554,48.56071613671903],[23.063875881290933,48.566939101752482],[23.073910414222055,48.573273578538668],[23.08378293535069,48.579717742306833],[23.093490665907243,48.586269737372966],[23.122891556888387,48.627519142111389],[23.153277709531437,48.668421869771571],[23.184641486958931,48.708968420793319],[23.216975006589383,48.749149403500915],[23.250270142118357,48.788955535653805],[23.284518525560852,48.828377645952635],[23.319711549354398,48.867406675501087],[23.355840368522372,48.906033679223988],[23.392895902896981,48.944249827242359]]}},
{"type":"Feature","properties":{"full_id":"w886128170","ref":"М-06","osm_id":"886128170","highway":"trunk","layer":"Roads_red_perspective","path":"Roads_red_perspective.geojson"},"geometry":{"type":"LineString","coordinates":[[22.1703336,48.4211979],[22.1701812,48.4204336],[22.1701574,48.4198504],[22.1701951,48.419348],[22.170208,48.419176],[22.1702369,48.419049],[22.1702955,48.4188704],[22.1703036,48.4187854],[22.1702832,48.4186713],[22.1702326,48.4186084],[22.1701725,48.418508],[22.170023,48.4183869],[22.1698961,48.4183134],[22.169688,48.4182261],[22.1695459,48.4181566],[22.1694466,48.4180516],[22.1693822,48.4179679],[22.1693474,48.417854],[22.1693559,48.4177113],[22.1693936,48.417559],[22.1694301,48.4174116],[22.1695225,48.4172372],[22.1695688,48.417169],[22.1697111,48.4170854],[22.1698513,48.4170338]]}},
{"type":"Feature","properties":{"full_id":"w886128170","ref":"М-06","osm_id":"886128170","highway":"trunk","layer":"Roads_red_perspective","path":"Roads_red_perspective.geojson"},"geometry":{"type":"LineString","coordinates":[[22.1703336,48.4211979],[22.1691471,48.4207775],[22.1686188,48.4205491],[22.1683947,48.4203472],[22.1683787,48.419152],[22.168931,48.4187377],[22.1690604,48.4184101],[22.1690127,48.4180544],[22.1687402,48.4175291],[22.1687948,48.4174274],[22.1688465,48.4173313],[22.1691576,48.417127],[22.1698513,48.4170338]]}},
{"type":"Feature","properties":{"full_id":"w886128170","ref":"М-06","osm_id":"886128170","highway":"trunk","layer":"Roads_red_perspective","path":"Roads_red_perspective.geojson"},"geometry":{"type":"LineString","coordinates":[[22.1698513,48.4170338],[22.1701391,48.4169382],[22.1703483,48.4168659],[22.1705047,48.4167827],[22.1706693,48.4166232],[22.1707468,48.4164798]]}},
{"type":"Feature","properties":{"full_id":"w886128170","ref":"М-06","osm_id":"886128170","highway":"trunk","layer":"Roads_red_perspective","path":"Roads_red_perspective.geojson"},"geometry":{"type":"LineString","coordinates":[[22.1970016,48.4434282],[22.195648,48.4429895],[22.1941232,48.4424486],[22.1932769,48.4421474],[22.1917851,48.4416105],[22.1909576,48.4413127],[22.1899767,48.440961],[22.1887887,48.440535],[22.1878354,48.4401773],[22.1870211,48.4398936],[22.1864178,48.4396699],[22.1850701,48.439189],[22.1834435,48.4386072],[22.182514,48.4382723],[22.1819443,48.4380361],[22.1814348,48.4377983],[22.1810827,48.4376075],[22.1805314,48.4372836],[22.1798094,48.436777],[22.1791852,48.4362608],[22.1788493,48.4359498],[22.1784316,48.4354652],[22.1780379,48.4349074],[22.1769215,48.4328942],[22.1761119,48.4314205],[22.1755529,48.4304262],[22.1753046,48.4299412],[22.1750575,48.4294743],[22.1748745,48.429136],[22.1748359,48.4290645],[22.1746349,48.4287149],[22.1744458,48.4283928],[22.173999,48.4276638],[22.1731236,48.426231],[22.1721877,48.4246101],[22.1718374,48.4240387],[22.1713496,48.42324],[22.1709364,48.4225583],[22.1706615,48.4220268],[22.170569,48.4218122],[22.1704562,48.421539],[22.1703336,48.4211979]]}},
{"type":"Feature","properties":{"full_id":"w886128170","ref":"М-06","osm_id":"886128170","highway":"trunk","layer":"Roads_red_perspective","path":"Roads_red_perspective.geojson"},"geometry":{"type":"LineString","coordinates":[[22.1703947,48.4188757],[22.1703872,48.4190368],[22.1703785,48.4192257],[22.1703693,48.4193528],[22.1703535,48.4195716],[22.1703443,48.4201596],[22.1703596,48.4204126],[22.1703728,48.4206294],[22.1704227,48.4208628],[22.1704803,48.4211323],[22.1705876,48.4215015],[22.1707376,48.4218777],[22.1707504,48.4219048],[22.1708873,48.4221954],[22.171227,48.4228124],[22.1723013,48.4245839],[22.1732918,48.4262172],[22.1736273,48.4267308],[22.1739153,48.4272436],[22.1742199,48.4277212],[22.174617,48.4283438],[22.175062,48.4290941],[22.1750892,48.4291438],[22.1757691,48.4303867],[22.1762931,48.4313622],[22.1764305,48.4316225],[22.1771255,48.4328719],[22.1782284,48.4348761],[22.1785013,48.4352467],[22.1788749,48.4356859],[22.1791992,48.4360172],[22.1796929,48.4364622],[22.1800204,48.4367135],[22.1804017,48.43698],[22.1809954,48.4373566],[22.1814628,48.43761],[22.1818889,48.437834],[22.1822097,48.4379717],[22.1824582,48.4380784],[22.1827409,48.4381891],[22.1831998,48.4383689],[22.1843697,48.438794],[22.1850621,48.4390396],[22.1865466,48.4395644],[22.1881038,48.4401384],[22.1887074,48.440358],[22.1906506,48.4410582],[22.192698,48.4418058],[22.1932814,48.4420134],[22.1944557,48.4424469],[22.1956203,48.4428768],[22.1959411,48.4429886],[22.1970016,48.4434282]]}},
{"type":"Feature","properties":{"full_id":"w886128170","ref":"М-06","osm_id":"886128170","highway":"trunk","layer":"Roads_red_perspective","path":"Roads_red_perspective.geojson"},"geometry":{"type":"LineString","coordinates":[[22.1707468,48.4164798],[22.1706121,48.4174533],[22.1705926,48.4175637],[22.1705697,48.4176989],[22.1703947,48.4188757]]}},
{"type":"Feature","properties":{"full_id":"w886128170","ref":"М-06","osm_id":"886128170","highway":"trunk","layer":"Roads_red_perspective","path":"Roads_red_perspective.geojson"},"geometry":{"type":"LineString","coordinates":[[22.1707468,48.4164798],[22.1707551,48.4168553],[22.1707839,48.4169332],[22.1708566,48.4169786],[22.1711,48.4170654],[22.1714219,48.417113],[22.1716206,48.4171494],[22.1717437,48.4172025],[22.1718893,48.4174236],[22.17192,48.4175328],[22.1718501,48.4176615],[22.1715926,48.417793],[22.1713148,48.4179159],[22.1711917,48.4179764],[22.1710571,48.4180426],[22.1707166,48.4182716],[22.1705655,48.4184703],[22.1703947,48.4188757]]}},
{"type":"Feature","properties":{"full_id":"w886128170","ref":"М-06","osm_id":"886128170","highway":"trunk","layer":"Roads_red_perspective","path":"Roads_red_perspective.geojson"},"geometry":{"type":"LineString","coordinates":[[22.1707468,48.4164798],[22.1712506,48.4146137],[22.1713823,48.4140735],[22.1715183,48.4135478]]}},
{"type":"Feature","properties":{"full_id":"w886128170","ref":"М-06","osm_id":"886128170","highway":"trunk","layer":"Roads_red_perspective","path":"Roads_red_perspective.geojson"},"geometry":{"type":"LineString","coordinates":[[22.2742383,48.5797188],[22.274166,48.5795138],[22.2740936,48.5793204],[22.2738674,48.5787893],[22.2737843,48.578597],[22.27372,48.5784228],[22.2735616,48.5779189],[22.2734595,48.5775439],[22.2733112,48.5769992],[22.2731982,48.5765224],[22.2731153,48.5762047],[22.2729784,48.5757019],[22.2723543,48.5733964],[22.2721243,48.572464],[22.2720356,48.5721482],[22.2719854,48.5719516],[22.2715336,48.5702148],[22.2713971,48.5696898],[22.2713211,48.5694003],[22.2712031,48.5689524],[22.2711052,48.5685808],[22.2708671,48.5676916],[22.2708601,48.5676654],[22.2708211,48.567516],[22.2708087,48.5674684],[22.2703546,48.565804],[22.2701427,48.5649999],[22.2699063,48.5640478],[22.2697602,48.563558],[22.2696793,48.5633483],[22.2696304,48.5632497],[22.2695553,48.5631287],[22.269448,48.5629995],[22.269351,48.5628774],[22.2692657,48.5627963],[22.2687205,48.5623061],[22.2684596,48.5620831],[22.2679031,48.5616007],[22.2672784,48.5610717],[22.2654484,48.559507],[22.2644108,48.5586302],[22.2639731,48.5582604],[22.262815,48.5572958],[22.261797,48.5564252],[22.261527,48.5561741],[22.2613629,48.5560215],[22.2612726,48.5559218],[22.2611235,48.555746],[22.2609508,48.5554797],[22.2608198,48.5552482],[22.2607151,48.5550389],[22.2601641,48.5539968],[22.2598429,48.5532971],[22.2598087,48.5532307],[22.2588989,48.5514735],[22.2576955,48.5491689],[22.2568613,48.5476058],[22.2564286,48.5468561],[22.2561067,48.5463074],[22.2559699,48.5460713],[22.255742,48.5456966],[22.255471,48.5452562],[22.2552694,48.5449276],[22.2550158,48.5445144],[22.2508313,48.5376617],[22.2464055,48.5303161],[22.2433963,48.5253719],[22.2411373,48.5215949],[22.2389329,48.5178665],[22.238528,48.5172001],[22.2372323,48.5150169],[22.2362641,48.5133934],[22.2349609,48.5112046],[22.2345529,48.5105254],[22.2345282,48.5104843],[22.2344969,48.5104322],[22.2339167,48.5094665],[22.2338433,48.5093442],[22.2336544,48.5090302],[22.2325584,48.5071734],[22.2317554,48.5058392],[22.2315645,48.505497],[22.231417,48.5052571],[22.2311689,48.5048936],[22.2306681,48.5042623],[22.2302322,48.5037102],[22.2292684,48.5024895],[22.229192,48.502409],[22.2286533,48.5017542],[22.2286106,48.5016697],[22.2285904,48.5015519],[22.2286133,48.5014387],[22.2286571,48.5013185],[22.2298897,48.4994243],[22.2299986,48.4992556],[22.2314715,48.4969727],[22.2317458,48.4965233],[22.2318944,48.4962915],[22.2319946,48.4960159],[22.2323922,48.4940975],[22.23251,48.493578],[22.2328973,48.4915057],[22.2329365,48.491296],[22.232978,48.4910489],[22.2329826,48.4909279],[22.2329547,48.4907568],[22.2329441,48.4907164],[22.2329189,48.4906203],[22.2328701,48.4905128],[22.2327496,48.4902474],[22.2319336,48.4887015],[22.2302654,48.4856026],[22.2292841,48.4837244],[22.2291529,48.4835369],[22.2288998,48.48327],[22.2260204,48.4803803],[22.22566,48.4800167],[22.2251787,48.4795312],[22.2244169,48.4787649],[22.2227247,48.4770626],[22.22086,48.4751697],[22.2204227,48.4746959],[22.2200824,48.4742954],[22.2197434,48.4737728],[22.2183785,48.4707128],[22.2157858,48.4651015],[22.2154145,48.4642978],[22.2149041,48.4633078],[22.214555,48.4627387],[22.2140926,48.4620794],[22.2137328,48.4615662],[22.2134499,48.4611602],[22.2130782,48.4606316],[22.2128531,48.4603117],[22.21262,48.4599802],[22.2107835,48.4573697],[22.2099235,48.4561472],[22.2093304,48.4553041],[22.2081766,48.4536495],[22.2067582,48.4516207],[22.2065575,48.4513336],[22.2048565,48.4489004],[22.2043331,48.4480528],[22.2036868,48.4468645],[22.2034174,48.4463991],[22.2031622,48.4460064],[22.2030404,48.4458557],[22.2028998,48.4457052],[22.202744,48.4455605],[22.2025672,48.4454259],[22.2023716,48.4452967],[22.2021559,48.4451785],[22.2019234,48.44507],[22.2014242,48.4448729],[22.200034,48.4443986],[22.1992385,48.4441413],[22.1984661,48.4438975],[22.1970016,48.4434282]]}},
{"type":"Feature","properties":{"full_id":"w886128170","ref":"М-06","osm_id":"886128170","highway":"trunk","layer":"Roads_red_perspective","path":"Roads_red_perspective.geojson"},"geometry":{"type":"LineString","coordinates":[[22.2742383,48.5797188],[22.2743635,48.579961],[22.2744653,48.580076],[22.2746505,48.5801964],[22.2748338,48.5802941],[22.274896,48.5803218],[22.2753083,48.5804305],[22.2755046,48.5804633],[22.2757003,48.580489],[22.2760062,48.5805018],[22.2760804,48.5805211]]}},
{"type":"Feature","properties":{"full_id":"w886128170","ref":"М-06","osm_id":"886128170","highway":"trunk","layer":"Roads_red_perspective","path":"Roads_red_perspective.geojson"},"geometry":{"type":"LineString","coordinates":[[22.2760804,48.5805211],[22.2757285,48.5805349],[22.275483,48.5805474],[22.2753677,48.5805626],[22.2752409,48.5805851],[22.2750378,48.580638],[22.274921,48.5806696],[22.2748926,48.5806838],[22.2748653,48.5806975],[22.2747611,48.5807152],[22.2746487,48.5807163],[22.274542,48.5806927],[22.2744532,48.5806471],[22.2743922,48.5805846],[22.2743658,48.5805122],[22.2743612,48.5804552],[22.2743453,48.5802696],[22.2742794,48.5799145],[22.2742383,48.5797188]]}},
{"type":"Feature","properties":{"full_id":"w886128170","ref":"М-06","osm_id":"886128170","highway":"trunk","layer":"Roads_red_perspective","path":"Roads_red_perspective.geojson"},"geometry":{"type":"LineString","coordinates":[[22.3046532,48.5786373],[22.3035222,48.5785147],[22.3030753,48.5784769],[22.301698,48.5783997],[22.3013372,48.578389],[22.2997784,48.5783624],[22.2990346,48.5783418],[22.2927063,48.5781665],[22.2919322,48.5781728],[22.2916989,48.5781687],[22.2911632,48.5782167],[22.2905815,48.5782886],[22.2900186,48.5783658],[22.2867107,48.5790398],[22.28375,48.5796904],[22.2835629,48.5797316],[22.2824508,48.5799804],[22.2817069,48.5801313],[22.2810399,48.5802717],[22.2806945,48.5803372],[22.2802995,48.5804057],[22.2797075,48.5804756],[22.2792435,48.5805164],[22.2788763,48.5805288],[22.2784361,48.580543],[22.2779247,48.5805435],[22.2776556,48.5805423],[22.2765547,48.5805296],[22.2760804,48.5805211]]}},
{"type":"Feature","properties":{"full_id":"w886128170","ref":"М-06","osm_id":"886128170","highway":"trunk","layer":"Roads_red_perspective","path":"Roads_red_perspective.geojson"},"geometry":{"type":"LineString","coordinates":[[22.3046532,48.5786373],[22.3048494,48.5786494],[22.3061829,48.5788075],[22.3066344,48.5788285]]}},
{"type":"Feature","properties":{"full_id":"w886128170","ref":"М-06","osm_id":"886128170","highway":"trunk","layer":"Roads_red_perspective","path":"Roads_red_perspective.geojson"},"geometry":{"type":"LineString","coordinates":[[22.3066438,48.5789811],[22.3065846,48.5789637],[22.3064908,48.5789414],[22.3061634,48.5788854],[22.3049002,48.5787081],[22.3047588,48.5786725],[22.3046532,48.5786373]]}},
{"type":"Feature","properties":{"full_id":"w886128170","ref":"М-06","osm_id":"886128170","highway":"trunk","layer":"Roads_red_perspective","path":"Roads_red_perspective.geojson"},"geometry":{"type":"LineString","coordinates":[[22.3066438,48.5789811],[22.3066193,48.578953],[22.3066057,48.5789219],[22.3066037,48.5788895],[22.3066134,48.5788578],[22.3066344,48.5788285]]}},
{"type":"Feature","properties":{"full_id":"w886128170","ref":"М-06","osm_id":"886128170","highway":"trunk","layer":"Roads_red_perspective","path":"Roads_red_perspective.geojson"},"geometry":{"type":"LineString","coordinates":[[22.3066344,48.5788285],[22.3066654,48.5788034],[22.3067045,48.5787839],[22.3067495,48.5787712],[22.306805,48.5787659],[22.3068606,48.5787708],[22.306912,48.5787855],[22.3069554,48.578809]]}},
{"type":"Feature","properties":{"full_id":"w886128170","ref":"М-06","osm_id":"886128170","highway":"trunk","layer":"Roads_red_perspective","path":"Roads_red_perspective.geojson"},"geometry":{"type":"LineString","coordinates":[[22.306932,48.5790059],[22.3068857,48.579024],[22.3068338,48.5790335],[22.30678,48.5790336],[22.306728,48.5790244],[22.3066815,48.5790064],[22.3066438,48.5789811]]}},
{"type":"Feature","properties":{"full_id":"w886128170","ref":"М-06","osm_id":"886128170","highway":"trunk","layer":"Roads_red_perspective","path":"Roads_red_perspective.geojson"},"geometry":{"type":"LineString","coordinates":[[22.3101452,48.5792938],[22.3098902,48.5792956],[22.3094062,48.579255],[22.307474,48.5790432],[22.3071089,48.5790134],[22.306932,48.5790059]]}},
{"type":"Feature","properties":{"full_id":"w886128170","ref":"М-06","osm_id":"886128170","highway":"trunk","layer":"Roads_red_perspective","path":"Roads_red_perspective.geojson"},"geometry":{"type":"LineString","coordinates":[[22.3069554,48.578809],[22.3069874,48.5788395],[22.3070057,48.5788746],[22.3070087,48.5789116],[22.3069963,48.5789478],[22.3069694,48.5789804],[22.306932,48.5790059]]}},
{"type":"Feature","properties":{"full_id":"w886128170","ref":"М-06","osm_id":"886128170","highway":"trunk","layer":"Roads_red_perspective","path":"Roads_red_perspective.geojson"},"geometry":{"type":"LineString","coordinates":[[22.3069554,48.578809],[22.3073034,48.5789077],[22.3091435,48.5791437],[22.3099052,48.5792449],[22.3101452,48.5792938]]}},
{"type":"Feature","properties":{"full_id":"w886128170","ref":"М-06","osm_id":"886128170","highway":"trunk","layer":"Roads_red_perspective","path":"Roads_red_perspective.geojson"},"geometry":{"type":"LineString","coordinates":[[22.3326481,48.5764633],[22.3322408,48.576593],[22.3309713,48.5770877],[22.3306895,48.5771976],[22.3301357,48.5774128],[22.329618,48.5776133],[22.3293069,48.5777251],[22.3290356,48.5778189],[22.3285016,48.577978],[22.328298,48.5780378],[22.3277448,48.5781805],[22.3272872,48.5782912],[22.3268239,48.5783986],[22.3250004,48.5787906],[22.3241628,48.5789756],[22.3239141,48.5790298],[22.3237513,48.5790653],[22.3234612,48.5791309],[22.3231342,48.5792048],[22.3228924,48.5792584],[22.3217458,48.5794925],[22.3214549,48.5795415],[22.3209639,48.5796265],[22.3206682,48.5796678],[22.3203688,48.5797043],[22.3197569,48.5797651],[22.3192218,48.5798031],[22.318916,48.5798137],[22.3183635,48.5798279],[22.3178391,48.5798288],[22.3171833,48.5798111],[22.3131707,48.5795328],[22.3110339,48.5793777],[22.3101452,48.5792938]]}},
{"type":"Feature","properties":{"full_id":"w886128170","ref":"М-06","osm_id":"886128170","highway":"trunk","layer":"Roads_red_perspective","path":"Roads_red_perspective.geojson"},"geometry":{"type":"LineString","coordinates":[[22.3326481,48.5764633],[22.3329208,48.5763908],[22.333118,48.5763502],[22.3333678,48.5763143],[22.3336279,48.576293],[22.3339476,48.5762746],[22.3343427,48.5762868],[22.3345282,48.5762964],[22.3345439,48.5762969],[22.3348215,48.5763232],[22.3350717,48.5763593],[22.3350827,48.576361],[22.3353177,48.5763888],[22.3353974,48.5763966],[22.3356583,48.5764252],[22.3358811,48.5764291],[22.3360473,48.5764226],[22.3361939,48.5763916],[22.3364073,48.5763187],[22.3365489,48.5762575],[22.3366926,48.5761678],[22.3371037,48.5759057],[22.3380053,48.5753307],[22.3390447,48.5746576],[22.3431981,48.5719708],[22.3435725,48.5717292],[22.344074,48.571396],[22.3444192,48.5711666],[22.3450601,48.5707533],[22.3452649,48.5706212],[22.3455984,48.5704062],[22.3461125,48.5700746],[22.3468668,48.5695881],[22.3471954,48.5693804],[22.3490788,48.5681529],[22.3509059,48.5669807],[22.351073,48.5668734],[22.3521294,48.5661857],[22.3540294,48.5649695],[22.3553588,48.5641227],[22.3554765,48.5640468],[22.3568477,48.5631695],[22.35714,48.5629726],[22.3580411,48.562376],[22.3582446,48.562239],[22.3585797,48.5620056],[22.3590194,48.5616763],[22.3595007,48.5612359],[22.3597958,48.5608887],[22.3601467,48.5604739],[22.3604667,48.5600565],[22.3608324,48.5594468],[22.3610764,48.5588534],[22.3613915,48.5580521],[22.36159,48.5575053],[22.3618073,48.5569596],[22.361956,48.5566349],[22.3620996,48.5563531],[22.36222,48.5561426],[22.362451,48.5558046],[22.3626984,48.5554995],[22.3629981,48.5551553],[22.3633387,48.5548055],[22.3637942,48.5544196],[22.3640469,48.5542156],[22.3643654,48.553984],[22.3646826,48.5537718],[22.3650314,48.5535676],[22.3654443,48.5533475],[22.3657796,48.5531912],[22.3660444,48.5530756],[22.3664018,48.552916],[22.3668632,48.5527381],[22.3675813,48.5524945],[22.3683053,48.552291],[22.3687837,48.5521863],[22.3693301,48.5520797],[22.3698351,48.5519981],[22.3704278,48.5519144],[22.3713772,48.551848],[22.3735845,48.5518125],[22.3743573,48.5517993],[22.3748169,48.5517911],[22.3751083,48.5517655],[22.3754235,48.551729],[22.3759157,48.5516487],[22.3763555,48.5515631],[22.3767954,48.5514761],[22.37733,48.5513566],[22.3776967,48.5512542],[22.3780369,48.5511599],[22.3783704,48.5510481],[22.3789155,48.5508692],[22.3795302,48.5506674],[22.3804056,48.5503801],[22.380787,48.5502393],[22.3819032,48.5498569],[22.3823852,48.5496872],[22.3832996,48.549358],[22.3842543,48.5490571]]}},
{"type":"Feature","properties":{"full_id":"w886128170","ref":"М-06","osm_id":"886128170","highway":"trunk","layer":"Roads_red_perspective","path":"Roads_red_perspective.geojson"},"geometry":{"type":"LineString","coordinates":[[22.3842543,48.5490571],[22.3833657,48.5494146],[22.3824542,48.5497709],[22.3819823,48.5499519],[22.3808745,48.5503471],[22.3804812,48.5504887],[22.3797758,48.5507192],[22.3791574,48.5509213],[22.3784895,48.5511396],[22.3779836,48.5513004],[22.3777718,48.5513661],[22.3774003,48.5514722],[22.3771065,48.5515365],[22.3765995,48.5516541],[22.3761624,48.5517354],[22.3756071,48.5518227],[22.375229,48.5518774],[22.3747807,48.5519137],[22.3742398,48.5519287],[22.373507,48.5519342],[22.372529,48.5519434],[22.3715832,48.5519587],[22.3711687,48.5519809],[22.3704335,48.5520401],[22.3697734,48.5521466],[22.3694011,48.552197],[22.3683047,48.5524364],[22.3675815,48.5526371],[22.3669088,48.5528504],[22.3664474,48.5530385],[22.366082,48.5532024],[22.3657179,48.5533705],[22.3653916,48.553542],[22.365042,48.5537221],[22.36478,48.5538911],[22.3644814,48.554086],[22.3642428,48.5542652],[22.3639558,48.554477],[22.3634194,48.5549325],[22.3630587,48.5553057],[22.3627039,48.5557269],[22.3625153,48.5559803],[22.3623483,48.5562564],[22.3620586,48.5567766],[22.3618583,48.5572201],[22.3617026,48.5576669],[22.3615497,48.5581089],[22.3612868,48.5588583],[22.3610221,48.5594906],[22.3606632,48.560071],[22.360335,48.5604948],[22.3600204,48.5608742],[22.3598569,48.5610951],[22.3595384,48.5614132],[22.3591218,48.5617697],[22.3586874,48.5621005],[22.3583732,48.5623292],[22.3558324,48.563969],[22.3556306,48.5641046],[22.355441,48.5642268],[22.3544428,48.5648709],[22.354154,48.5650583],[22.352265,48.5662731],[22.352114,48.5663704],[22.3511915,48.5669649],[22.3510376,48.5670642],[22.3492118,48.5682434],[22.347317,48.5694714],[22.3447964,48.5710948],[22.344214,48.571478],[22.3436982,48.5718173],[22.3433732,48.5720227],[22.3386624,48.5750611],[22.3381427,48.5753956],[22.3366088,48.5763776],[22.3360615,48.576728],[22.3356445,48.5769949],[22.3352559,48.5771707],[22.3350942,48.577268],[22.33483,48.5773338],[22.334614,48.5773459],[22.3344012,48.5773147],[22.3341869,48.5772438],[22.3340034,48.57712],[22.3338935,48.5769346],[22.3337503,48.5767937],[22.3336299,48.5766868],[22.3335153,48.5766036],[22.3333895,48.5765396],[22.333247,48.5764954],[22.3330874,48.576467],[22.3328619,48.5764581],[22.3326481,48.5764633]]}},
{"type":"Feature","properties":{"full_id":"w886128170","ref":"М-06","osm_id":"886128170","highway":"trunk","layer":"Roads_red_perspective","path":"Roads_red_perspective.geojson"},"geometry":{"type":"LineString","coordinates":[[22.4443313,48.541679],[22.4441322,48.5417099],[22.443933,48.541739],[22.4436066,48.5417936],[22.4429207,48.5419084],[22.4424321,48.5419902],[22.4421253,48.5420415],[22.4415988,48.5421232],[22.4402353,48.5423589],[22.4360869,48.5430508],[22.4355858,48.5431209],[22.4350788,48.5431609],[22.4346085,48.5431763],[22.4341513,48.5431651],[22.43375,48.5431376],[22.4332693,48.5430685],[22.432762,48.5429764],[22.431009,48.5426183],[22.4303686,48.5424822],[22.4281894,48.5420327],[22.4274918,48.541893],[22.4267639,48.54175],[22.4259633,48.5416294],[22.4256197,48.5415928],[22.4251113,48.5415555],[22.4237585,48.541507],[22.423044,48.541502],[22.4222108,48.5415247],[22.4213878,48.5415784],[22.4204283,48.541701],[22.4195491,48.5418532],[22.4173057,48.5423416],[22.4167329,48.5424689],[22.4141636,48.54304],[22.4133414,48.5432708],[22.4124855,48.5435538],[22.4116567,48.5438806],[22.4110419,48.5441624],[22.4106018,48.5443776],[22.4086994,48.5454175],[22.4074141,48.5461188],[22.4064392,48.5466288],[22.4060452,48.5468336],[22.4057338,48.5469751],[22.4054726,48.5470864],[22.4049586,48.5472929],[22.4044384,48.5474573],[22.4039474,48.5476037],[22.4034786,48.547705],[22.4030596,48.5477688],[22.4025965,48.5478196],[22.4016321,48.5478984],[22.4007689,48.5479202],[22.4002486,48.5479179],[22.3997249,48.5478918],[22.3992517,48.5478429],[22.3989316,48.5478025],[22.3985776,48.5477439],[22.3981282,48.547665],[22.3977098,48.547567],[22.3967775,48.5473238],[22.3962147,48.5471793],[22.3957805,48.5470846],[22.3954154,48.5470123],[22.3948869,48.5469147],[22.39425,48.546833],[22.3937116,48.5468021],[22.3931344,48.5467876],[22.3926097,48.5467887],[22.3922035,48.5468049],[22.3917679,48.546834],[22.3913118,48.5468798],[22.3908501,48.5469591],[22.390379,48.5470588],[22.3898631,48.5472113],[22.38932,48.5473737],[22.3887881,48.5475446],[22.38745,48.5479976],[22.3860887,48.5484718],[22.3845619,48.5489589],[22.3842543,48.5490571]]}},
{"type":"Feature","properties":{"full_id":"w886128170","ref":"М-06","osm_id":"886128170","highway":"trunk","layer":"Roads_red_perspective","path":"Roads_red_perspective.geojson"},"geometry":{"type":"LineString","coordinates":[[22.4443313,48.541679],[22.4450023,48.5415576],[22.4454049,48.5414847],[22.4457823,48.5414286],[22.4458811,48.541414],[22.4464437,48.5413304],[22.4473235,48.5411998],[22.4483817,48.5410175],[22.4493156,48.5408566],[22.4508422,48.5405748],[22.4513428,48.5404671],[22.4517939,48.5403681],[22.4524504,48.5402324],[22.4525467,48.5402117],[22.4543852,48.5398767],[22.456461,48.539478],[22.4587852,48.5390462],[22.4639169,48.5381485],[22.4643965,48.5380682],[22.4654745,48.5378876],[22.4660808,48.5378049],[22.4666005,48.537747],[22.4670933,48.537713],[22.4710333,48.5375969],[22.4745537,48.5374972],[22.4757931,48.5374792],[22.4766844,48.5374533],[22.4767682,48.5374514],[22.4788427,48.5374053],[22.480282,48.537403],[22.4805104,48.5374026],[22.4819464,48.5374342],[22.4833694,48.5374655],[22.4835582,48.5374705],[22.4843033,48.5374855],[22.4847919,48.5374868],[22.4849828,48.5374847],[22.4855612,48.5374669],[22.4860988,48.5374114],[22.486615,48.5373346],[22.4871294,48.5372377],[22.4875864,48.5371365],[22.4877358,48.537095],[22.4879061,48.5370482],[22.4882905,48.5369405],[22.4885151,48.5368776],[22.489019,48.5367211],[22.4898597,48.5364637],[22.4926331,48.5355965],[22.4958752,48.5345875],[22.4972045,48.5341609],[22.4975803,48.5340438],[22.4991921,48.5335525],[22.4993692,48.5334942],[22.5002044,48.5332133],[22.5008978,48.5329567],[22.5009496,48.5329375],[22.5013518,48.5327698],[22.5018672,48.5325335],[22.5022386,48.5323467],[22.5022932,48.5323161],[22.5027037,48.532086],[22.5032237,48.5317755],[22.5039072,48.5313454]]}},
{"type":"Feature","properties":{"full_id":"w886128170","ref":"М-06","osm_id":"886128170","highway":"trunk","layer":"Roads_red_perspective","path":"Roads_red_perspective.geojson"},"geometry":{"type":"LineString","coordinates":[[22.504045,48.531403],[22.5035378,48.5317467],[22.5030721,48.5320397],[22.5027788,48.5322085],[22.5023415,48.5324519],[22.5019196,48.5326622],[22.5013279,48.532945],[22.5008899,48.5331272],[22.5003989,48.5333109],[22.4996174,48.5335598],[22.4992704,48.5336703],[22.4976483,48.5341568],[22.4972759,48.5342764],[22.4955547,48.5348103],[22.4933715,48.5354978],[22.4920731,48.5359066],[22.4895391,48.5366996],[22.4889894,48.5368682],[22.4886933,48.5369509],[22.4881612,48.5371017],[22.4878726,48.5371771],[22.4874954,48.5372688],[22.4872934,48.5373136],[22.4861275,48.5375034],[22.4855515,48.5375729],[22.4846926,48.5375891],[22.4841919,48.537593],[22.4832054,48.5375716],[22.4815558,48.5375391],[22.4805373,48.537519],[22.4798647,48.5375196],[22.4784199,48.5375284],[22.477321,48.5375351],[22.4766809,48.5375562],[22.4758413,48.5375562],[22.4745372,48.5376018],[22.4698443,48.5377401],[22.4672911,48.5378215],[22.4666314,48.5378686],[22.4661306,48.5379138],[22.4654432,48.5380099],[22.4636266,48.5383128],[22.4615856,48.5386702],[22.4579329,48.5393231],[22.455816,48.5397247],[22.4546626,48.5399466],[22.4538413,48.5400965],[22.4529598,48.5402659],[22.4525097,48.540351],[22.4523613,48.5403791],[22.4518063,48.5404935],[22.4515488,48.5405506],[22.4508994,48.5406965],[22.4499542,48.5408711],[22.4493543,48.5409686],[22.4469353,48.5413709],[22.4465913,48.5414137],[22.4462663,48.5414541],[22.4458415,48.5415129],[22.4454111,48.5415577],[22.4450128,48.5416024],[22.4443313,48.541679]]}},
{"type":"Feature","properties":{"full_id":"w886128170","ref":"М-06","osm_id":"886128170","highway":"trunk","layer":"Roads_red_perspective","path":"Roads_red_perspective.geojson"},"geometry":{"type":"LineString","coordinates":[[22.5041334,48.5311695],[22.5044704,48.530887],[22.5048178,48.5305958],[22.5051718,48.5302636],[22.5053987,48.5300086],[22.505572,48.529807],[22.5057076,48.5296406],[22.5060376,48.5292245],[22.5061076,48.5291216],[22.5064221,48.5286536],[22.5065752,48.5283905],[22.5066958,48.5281692],[22.5068148,48.5279171],[22.506968,48.5275462]]}},
{"type":"Feature","properties":{"full_id":"w886128170","ref":"М-06","osm_id":"886128170","highway":"trunk","layer":"Roads_red_perspective","path":"Roads_red_perspective.geojson"},"geometry":{"type":"LineString","coordinates":[[22.5102484,48.5196401],[22.5101548,48.519911],[22.5097203,48.5210062],[22.509538,48.521499],[22.5093099,48.5220781],[22.5088994,48.5231504],[22.508701,48.5236787],[22.50843,48.5244046],[22.5082666,48.524796],[22.5080842,48.5252757],[22.5076631,48.52629],[22.5072151,48.5273878],[22.5069417,48.5280361],[22.5068747,48.5281949],[22.506705,48.5285018],[22.5066531,48.5285956],[22.5064306,48.5288847],[22.5061746,48.5292014],[22.5060215,48.5294258],[22.5058901,48.5296076],[22.5057734,48.5297752],[22.5054749,48.5301446],[22.5049626,48.5306508],[22.5043732,48.5311449],[22.504279,48.5312239]]}},
{"type":"Feature","properties":{"full_id":"w886128170","ref":"М-06","osm_id":"886128170","highway":"trunk","layer":"Roads_red_perspective","path":"Roads_red_perspective.geojson"},"geometry":{"type":"LineString","coordinates":[[22.5102484,48.5196401],[22.5101577,48.5193742],[22.510681,48.5180223],[22.5111532,48.5168123],[22.5115528,48.5157906],[22.511923,48.514817],[22.5120463,48.514451],[22.5121751,48.5139713],[22.5122958,48.5135058],[22.5125238,48.5120488],[22.5126257,48.5115335],[22.5127565,48.5111016],[22.5128835,48.5107544],[22.5130054,48.5104739],[22.5132282,48.5100661],[22.5134513,48.5097423],[22.5136661,48.5094507],[22.5139821,48.5090638],[22.5143271,48.5087049],[22.5146214,48.5084468],[22.5149299,48.5082003],[22.5154438,48.5078049],[22.5163577,48.5071998],[22.5166307,48.5070366],[22.5170629,48.5067957],[22.5175535,48.5065478],[22.5180236,48.5062823],[22.5182817,48.5061005],[22.5185129,48.5059288],[22.5184252,48.5060805],[22.5182878,48.5062039],[22.5181705,48.5062887],[22.5180651,48.5063649],[22.5178936,48.5064753],[22.5174191,48.5067385],[22.5169967,48.5069799],[22.5164955,48.5072794],[22.5157258,48.5077982],[22.5151169,48.5082493],[22.5146213,48.508655],[22.5142438,48.5090209],[22.5139421,48.5093709],[22.5136592,48.5097403],[22.5133895,48.5101537],[22.5131957,48.5105031],[22.5130489,48.5108424],[22.5129068,48.5112011],[22.5127893,48.5116446],[22.5127186,48.5119813],[22.5124671,48.5135099],[22.5123493,48.5140122],[22.512204,48.5145472],[22.512105,48.5148437],[22.511728,48.5158208],[22.5113185,48.5168768],[22.5108575,48.5180472],[22.5104901,48.5190135],[22.5102484,48.5196401]]}},
{"type":"Feature","properties":{"full_id":"w886128170","ref":"М-06","osm_id":"886128170","highway":"trunk","layer":"Roads_red_perspective","path":"Roads_red_perspective.geojson"},"geometry":{"type":"LineString","coordinates":[[22.5394422,48.4857639],[22.5375006,48.4862002],[22.5330245,48.4872178],[22.532284,48.4874393],[22.5315884,48.487766],[22.5307842,48.4882054],[22.529499,48.4889058],[22.5293532,48.4889852],[22.5283095,48.4895708],[22.5264648,48.4907082],[22.5258252,48.4911241],[22.5251158,48.4916122],[22.5246532,48.4919465],[22.5236396,48.4927017],[22.5232237,48.4930266],[22.5230095,48.4931901],[22.5228142,48.4933454],[22.5225766,48.4935343],[22.5221125,48.4939132],[22.5218493,48.4941765],[22.5217579,48.4942724],[22.5215524,48.4945718],[22.5213973,48.4948535],[22.5212752,48.49521],[22.5211519,48.4959211],[22.5210116,48.4970108],[22.5207974,48.4989698],[22.5203801,48.5025043],[22.5202977,48.5028083],[22.5200675,48.5033291],[22.5199271,48.5035796],[22.5195349,48.5042882],[22.5188535,48.5054887],[22.5186628,48.5057635],[22.5185905,48.5058444]]}},
{"type":"Feature","properties":{"full_id":"w886128170","ref":"М-06","osm_id":"886128170","highway":"trunk","layer":"Roads_red_perspective","path":"Roads_red_perspective.geojson"},"geometry":{"type":"LineString","coordinates":[[22.5394422,48.4857639],[22.5403373,48.4855388],[22.5435867,48.4847845],[22.5446314,48.4845546],[22.5463035,48.484167],[22.5465238,48.4841157],[22.5471244,48.4839757],[22.5477329,48.4838338],[22.5482136,48.4837217],[22.5552633,48.4820623],[22.5600722,48.480941],[22.5622612,48.480425],[22.5634334,48.4801477]]}},
{"type":"Feature","properties":{"full_id":"w886128170","ref":"М-06","osm_id":"886128170","highway":"trunk","layer":"Roads_red_perspective","path":"Roads_red_perspective.geojson"},"geometry":{"type":"LineString","coordinates":[[22.5634334,48.4801477],[22.5625532,48.480465],[22.5623355,48.480531],[22.560602,48.4809383],[22.5482033,48.483853],[22.5477816,48.4839522],[22.5465857,48.4842257],[22.5439505,48.4848285],[22.5407865,48.4855681],[22.540396,48.4856453],[22.5398566,48.48573],[22.5394422,48.4857639]]}},
{"type":"Feature","properties":{"full_id":"w886128170","ref":"М-06","osm_id":"886128170","highway":"trunk","layer":"Roads_red_perspective","path":"Roads_red_perspective.geojson"},"geometry":{"type":"LineString","coordinates":[[22.5634334,48.4801477],[22.5636756,48.480091],[22.5687718,48.4788972],[22.5718235,48.4781848],[22.5731277,48.4778803],[22.5744872,48.4775603],[22.5763485,48.4771222],[22.5819728,48.4757983],[22.5830304,48.4755442],[22.5832874,48.4754864],[22.583306,48.4754822],[22.5833279,48.475477],[22.5847926,48.4751307],[22.5889646,48.4741441],[22.5891032,48.4741095],[22.5916056,48.4735081],[22.593391,48.4730886],[22.5977794,48.4720413],[22.5987055,48.4718203],[22.5987769,48.4718035],[22.5991473,48.471716],[22.5991799,48.4717083],[22.5992102,48.4717012],[22.5996284,48.4716033],[22.6003897,48.4714358],[22.6103586,48.469242],[22.6105146,48.4692052],[22.6112311,48.4690438],[22.6115629,48.4689587],[22.6143425,48.4682469],[22.6146239,48.4681731],[22.6169333,48.4675985],[22.619632,48.4669129],[22.6232807,48.465986],[22.6285704,48.4646445],[22.6316599,48.4639121],[22.638989,48.4621931],[22.6394368,48.4620859],[22.6484168,48.4599701],[22.6486957,48.4599044],[22.6489008,48.4598561],[22.6489384,48.4598473],[22.6712986,48.4545695],[22.6773208,48.453172],[22.6816966,48.4521443],[22.6828958,48.4518529],[22.6835623,48.4516909],[22.6837248,48.4516591],[22.6838773,48.4516293],[22.6843724,48.4515326],[22.6846983,48.4515041],[22.6850134,48.4514917],[22.6853058,48.4514872],[22.6857913,48.451486],[22.6859321,48.4514926],[22.686207,48.4515113],[22.6864779,48.4515362],[22.6866978,48.4515584],[22.6869921,48.4516156],[22.6870177,48.4516219],[22.687516,48.4517436],[22.6876189,48.4517736],[22.6881144,48.4519181],[22.6908816,48.4528041],[22.6918827,48.4531307],[22.6931793,48.4535613],[22.6946889,48.4540486],[22.696763,48.454718],[22.6991952,48.4555168],[22.701494,48.4562464],[22.7016758,48.4563001],[22.7020355,48.4564072],[22.703127,48.4567322],[22.7055108,48.4573777],[22.7058325,48.4574648],[22.7060383,48.4575176],[22.7062636,48.4575755],[22.7064011,48.4576108],[22.70775,48.4579573],[22.7080919,48.4580451],[22.7082222,48.4580786],[22.7085135,48.4581534]]}},
{"type":"Feature","properties":{"full_id":"w886128170","ref":"М-06","osm_id":"886128170","highway":"trunk","layer":"Roads_red_perspective","path":"Roads_red_perspective.geojson"},"geometry":{"type":"LineString","coordinates":[[22.710799,48.4587341],[22.7099776,48.4585625],[22.70988,48.4585421],[22.7097839,48.4585667],[22.7096583,48.4585799],[22.7095156,48.4585645],[22.7094194,48.4585285],[22.7093295,48.4584688],[22.7092718,48.4583937],[22.7090922,48.4583258],[22.7085135,48.4581534]]}},
{"type":"Feature","properties":{"full_id":"w886128170","ref":"М-06","osm_id":"886128170","highway":"trunk","layer":"Roads_red_perspective","path":"Roads_red_perspective.geojson"},"geometry":{"type":"LineString","coordinates":[[22.7085135,48.4581534],[22.708931,48.4581504],[22.7092041,48.4581278],[22.7092432,48.4581214],[22.7094194,48.4580924],[22.7095327,48.4580541],[22.7096583,48.4580409],[22.7097297,48.4580497],[22.7098148,48.4580602],[22.7098971,48.4580924],[22.709987,48.458152],[22.7100059,48.4581766],[22.7100448,48.4582272],[22.7101134,48.4582878],[22.7101684,48.4583394],[22.7103029,48.4584653],[22.7105035,48.4586032],[22.710799,48.4587341]]}},
{"type":"Feature","properties":{"full_id":"w886128170","ref":"М-06","osm_id":"886128170","highway":"trunk","layer":"Roads_red_perspective","path":"Roads_red_perspective.geojson"},"geometry":{"type":"LineString","coordinates":[[22.7157177,48.460003],[22.7155104,48.4599396],[22.7151975,48.459846],[22.7148584,48.4597506],[22.7142899,48.4596088],[22.7137617,48.4594771],[22.7136701,48.4594548],[22.7119427,48.4590336],[22.7115143,48.4589141],[22.710799,48.4587341]]}},
{"type":"Feature","properties":{"full_id":"w886128170","ref":"М-06","osm_id":"886128170","highway":"trunk","layer":"Roads_red_perspective","path":"Roads_red_perspective.geojson"},"geometry":{"type":"LineString","coordinates":[[23.0938936,48.7551545],[23.0938318,48.754952],[23.0937778,48.75479],[23.0936014,48.7543927],[23.0934238,48.7540071],[23.0933039,48.7537497],[23.0932304,48.7535387],[23.0932055,48.7532984],[23.0932,48.7531154],[23.0932081,48.7529598],[23.0932548,48.7526753],[23.0933309,48.752364],[23.0933935,48.7521261],[23.0935413,48.7515167],[23.0936087,48.7512388],[23.0936292,48.7509331],[23.0936228,48.7507211],[23.0935755,48.7505229],[23.0935266,48.7503891],[23.0934235,48.7501714],[23.0931921,48.7498262],[23.0931134,48.7497283],[23.0929458,48.7495479],[23.0927306,48.7493592],[23.0924612,48.7491457],[23.092008,48.7488758],[23.091145,48.7485031],[23.0876,48.747367],[23.086854,48.7471796],[23.086424,48.7471031],[23.0859509,48.7470453],[23.0842397,48.746971],[23.0837006,48.7469146],[23.0831039,48.7468072],[23.0827389,48.7467076],[23.0824306,48.7465731],[23.081959,48.746288],[23.0816076,48.7459923],[23.0812289,48.7455037],[23.0809893,48.7450524],[23.0809121,48.7448911],[23.0805335,48.7440999],[23.0802163,48.74345],[23.0798976,48.7427972],[23.0797517,48.7425706],[23.0794512,48.742104],[23.0788855,48.7413732],[23.0782951,48.7406281],[23.0779332,48.7402417],[23.0775063,48.739835],[23.0770877,48.7395017],[23.0766516,48.7392156],[23.0759621,48.7388579],[23.0751614,48.7384759],[23.0739822,48.7379636],[23.0715076,48.7369424],[23.0689973,48.7359087],[23.0684627,48.7357094],[23.0679655,48.7355715],[23.0675659,48.7355],[23.0674227,48.7354789],[23.0672721,48.7354605],[23.0671255,48.735453],[23.0668197,48.7354373],[23.0657647,48.735459],[23.0650746,48.7354986],[23.064647,48.7355094],[23.0640528,48.7354847],[23.0628046,48.735295],[23.0602224,48.7349026],[23.0581345,48.7345962],[23.057319,48.7344591],[23.0569205,48.7343811],[23.0565629,48.7342714],[23.056223,48.734125],[23.055944,48.7339749],[23.0556865,48.7338038],[23.0554774,48.7336416],[23.0552645,48.7334612],[23.0550402,48.7332312],[23.0548705,48.7330233],[23.0547179,48.7328079],[23.0545686,48.7325586],[23.0543455,48.7321414],[23.0541341,48.7317096],[23.0534972,48.7304915],[23.0533372,48.7302941],[23.0531317,48.7301291],[23.0528598,48.7299873],[23.0525687,48.7298838],[23.0522262,48.7297993],[23.0517331,48.7297106],[23.0512235,48.7296309],[23.0503068,48.729444],[23.0499273,48.7293519],[23.0495975,48.7292551],[23.049303,48.7291603],[23.0490349,48.7290384],[23.0487447,48.728886],[23.048392,48.7286299],[23.0482554,48.7284972],[23.0480557,48.7282687],[23.0479059,48.7280083],[23.0478052,48.7276635],[23.047757,48.727273],[23.0477649,48.7270316],[23.0477942,48.7262352],[23.0477436,48.7259421],[23.0476215,48.7255329],[23.0472497,48.7244055],[23.0471934,48.7241663],[23.0472048,48.7237959],[23.0472793,48.7234517],[23.0475134,48.7225136],[23.0475996,48.7220661],[23.0476041,48.7217981],[23.047607,48.7215005],[23.0475435,48.7210689],[23.0474062,48.7206856],[23.0469888,48.7198526],[23.0467898,48.7194554],[23.0467017,48.7191344],[23.046678,48.7188372],[23.0466741,48.7185898],[23.0467689,48.7181594],[23.0468996,48.7178667],[23.0471599,48.7174804],[23.047368,48.7172644],[23.0475791,48.7170717],[23.0479099,48.7168253],[23.0492576,48.7159646],[23.0495687,48.7157006],[23.0497682,48.7154672],[23.0498638,48.7153414],[23.0499795,48.7151367],[23.0500581,48.7148633],[23.0500904,48.714601],[23.0500798,48.7143519],[23.0500649,48.7142426],[23.0500382,48.7141351],[23.049833,48.7136436],[23.0496752,48.7133467],[23.0494254,48.7129108],[23.0489506,48.7121499],[23.0485041,48.7114999],[23.0481425,48.7110456],[23.0470559,48.7097958],[23.0457956,48.70841],[23.0454928,48.7079845],[23.0453001,48.7076826],[23.045125,48.707305],[23.0448575,48.7065055],[23.0446216,48.7056917],[23.0442916,48.7045213],[23.0440527,48.7034802],[23.0437762,48.7023266],[23.0437072,48.7017432],[23.043713,48.7008829],[23.043894,48.6998405],[23.0439789,48.6989435],[23.0440287,48.6985521],[23.0440916,48.6982501],[23.0443439,48.6974475],[23.0443929,48.6971712],[23.0443939,48.6969765],[23.0443653,48.69678],[23.044329,48.6966567],[23.0441682,48.6963109],[23.0439474,48.6959431],[23.0438045,48.6957592],[23.0434839,48.6954458],[23.0414713,48.693967],[23.0411568,48.6937316],[23.0407471,48.6934255],[23.039988,48.6928532],[23.0395901,48.6924244],[23.0393951,48.6920302],[23.0393332,48.6917571],[23.0393357,48.6915347],[23.0393815,48.6912879],[23.0394833,48.6910163],[23.0397115,48.690529],[23.0398354,48.6903211],[23.039909,48.6902163],[23.0401364,48.6899068],[23.0405801,48.6893547],[23.0410525,48.6887666],[23.0414771,48.6881689],[23.0417362,48.6878179],[23.0419429,48.6876015],[23.0421477,48.6874149],[23.0422517,48.6873504],[23.0425173,48.6871879],[23.0426761,48.6870921],[23.0431907,48.6868826],[23.0435014,48.6867799],[23.0437996,48.6866841],[23.0443807,48.6865583],[23.0448183,48.6864912],[23.045233,48.6864085],[23.0454084,48.6863549],[23.0455814,48.6863009],[23.0457437,48.6862425],[23.0458863,48.6861884],[23.0461876,48.6860052],[23.0464373,48.6857964],[23.0466717,48.6855961],[23.0468958,48.685387],[23.0470566,48.6852128],[23.0471843,48.6850035],[23.0472525,48.6848514],[23.0474362,48.6843231],[23.0475595,48.6839378],[23.0475544,48.6837039],[23.0475469,48.6834664],[23.0474944,48.6832268],[23.0472621,48.6826801],[23.0470866,48.682304],[23.0470283,48.6821789],[23.0469172,48.68195],[23.0467963,48.6816909],[23.0467227,48.6814834],[23.0466771,48.6812514],[23.0466691,48.6809893],[23.0466887,48.6806895],[23.0467442,48.6803163],[23.0468429,48.6799039],[23.0469871,48.6793811],[23.0471224,48.6790501],[23.0472757,48.6787251],[23.0473664,48.6785436],[23.0474804,48.6783346],[23.047701,48.677951],[23.0478036,48.6778004],[23.0479793,48.6775562],[23.0481711,48.6773029],[23.0485872,48.6767935],[23.0487505,48.6766326],[23.0489221,48.6764679],[23.0492869,48.6761509],[23.0496463,48.6758356],[23.0500335,48.6755216],[23.0508614,48.6748119],[23.0512959,48.6744559],[23.0516792,48.6740796],[23.0519423,48.673774],[23.0521703,48.6734599],[23.0524916,48.6729774],[23.0527006,48.6724787],[23.0527684,48.672249],[23.0527901,48.6720026],[23.0527704,48.6716391],[23.0527137,48.6712863],[23.0526509,48.6710652],[23.0524036,48.6703023],[23.052112,48.6695357],[23.0520254,48.6692254],[23.0519249,48.6689121],[23.0518774,48.6686331],[23.0518463,48.6683532],[23.0518484,48.6660422],[23.0518752,48.6648659],[23.0518672,48.664338],[23.0518882,48.6637649],[23.0519062,48.6634385],[23.0519382,48.6631243],[23.0520456,48.6626263],[23.052189,48.6622174],[23.0523598,48.6617988],[23.0524546,48.6615779],[23.0525687,48.6613546],[23.0527148,48.661135],[23.0528977,48.6609083],[23.053524,48.6603512],[23.0546352,48.6594714],[23.0557774,48.6586039],[23.056267,48.658183],[23.0564645,48.6579672],[23.0566855,48.6577116],[23.0570481,48.6571847],[23.0572262,48.6568297],[23.0573831,48.6564607],[23.0576455,48.6556973],[23.0577633,48.6552322],[23.0578187,48.6547813],[23.0578181,48.6545741],[23.0577991,48.6543669],[23.0577605,48.6541784],[23.0576772,48.6539559],[23.057571,48.6537815],[23.0574547,48.653613],[23.0572906,48.6534347],[23.056929,48.6531123],[23.0565476,48.6527731],[23.0563505,48.6526083],[23.0561482,48.6524183],[23.0560194,48.6523101],[23.0556961,48.6519758],[23.0555016,48.6517587],[23.0553,48.6515232],[23.0551676,48.6513369],[23.0550372,48.6511254],[23.054941,48.6509471],[23.0548352,48.6507408],[23.0546111,48.6499246],[23.0543428,48.6490902],[23.0542544,48.6487019],[23.0541673,48.6482477],[23.0541095,48.6477202],[23.0540641,48.6471595],[23.054066,48.6467989],[23.0541444,48.6461979],[23.0542617,48.6455693],[23.0543277,48.6450035],[23.0543348,48.6447713],[23.054324,48.644567],[23.054257,48.6443283],[23.0541785,48.6440905],[23.0539763,48.64369],[23.0536698,48.6432268],[23.0534732,48.6429643],[23.05325,48.6427532],[23.0527844,48.6423923],[23.0523688,48.6421325],[23.0519278,48.6418123],[23.0517371,48.6416655],[23.0515488,48.6414827],[23.0514327,48.6413331],[23.0513159,48.6411319],[23.0511849,48.6408482],[23.0511028,48.6404399],[23.0510463,48.639915],[23.0510116,48.6397213],[23.0509552,48.6395277],[23.0509079,48.6394029],[23.050856,48.6392843],[23.050708,48.6390178],[23.0506516,48.6389345],[23.0500812,48.6383136],[23.0499148,48.6381487],[23.0497026,48.6379328],[23.0494934,48.6377046],[23.0491905,48.637358],[23.0488965,48.6369232],[23.0486832,48.6364871],[23.0485895,48.6362321],[23.048499,48.6359557],[23.0484474,48.6356578],[23.0484235,48.6353221],[23.0484535,48.6348696],[23.048562,48.6342419],[23.0485982,48.6338868],[23.0485681,48.633697],[23.0485517,48.6335937],[23.048528,48.6334889],[23.0484339,48.6333269],[23.0483185,48.6331677],[23.0480665,48.6328554],[23.0478348,48.6325649],[23.0476593,48.6323264],[23.0473686,48.6319249],[23.0469639,48.6313739],[23.0467812,48.6311128],[23.0465402,48.6307752],[23.046458,48.630636],[23.0462828,48.6303392],[23.0460723,48.6299208],[23.045934,48.6294938],[23.0458939,48.6292941],[23.0458811,48.6290773],[23.0458677,48.6288474],[23.045851,48.6285619],[23.0458523,48.6280672],[23.045859,48.6275514],[23.0458697,48.6270548],[23.0459249,48.6267442],[23.0460096,48.6264508],[23.0461517,48.626203],[23.0463288,48.6259737],[23.0465913,48.6257254],[23.0467888,48.6255797],[23.047056,48.6254086],[23.0474501,48.6252019],[23.0479216,48.6250208],[23.0486914,48.624784],[23.0492784,48.6246013],[23.0496266,48.6244985],[23.051154,48.6241015],[23.0523973,48.6237403],[23.0525807,48.6236759],[23.0527254,48.6235915],[23.0530295,48.6233891],[23.0532434,48.6231926],[23.0533999,48.6229571],[23.0535678,48.6226394],[23.0536191,48.6223944],[23.0536202,48.6221243],[23.053534,48.6218297],[23.0530608,48.62052],[23.0528301,48.6198799],[23.05256,48.619109],[23.0524138,48.6187029],[23.0523309,48.6183955],[23.052276,48.6181785],[23.0522722,48.618066],[23.0523006,48.6179178],[23.0524003,48.617702],[23.0525056,48.6175004],[23.0526566,48.6173029],[23.0528628,48.6171089],[23.0531134,48.6169409],[23.05338,48.6168018],[23.0536654,48.6166953],[23.0547422,48.6162914],[23.0553672,48.6160026],[23.0564553,48.6153241],[23.0570077,48.6149688],[23.057558,48.6145509],[23.0577171,48.6144203],[23.0578394,48.6142794],[23.0579747,48.6140641],[23.0580933,48.6137249],[23.0581229,48.6134273],[23.0580845,48.6132358],[23.0580241,48.6130419],[23.0579504,48.6128527],[23.0578463,48.6126914],[23.0576028,48.6123347],[23.0573448,48.6120324],[23.0571887,48.6118969],[23.0569677,48.6116981],[23.0562606,48.6111201],[23.0554903,48.610459],[23.0551985,48.6101785],[23.0550536,48.6100331],[23.0548803,48.6098391],[23.0546447,48.6095168],[23.0544657,48.6091154],[23.0543268,48.6087491],[23.0541843,48.6083938],[23.0539812,48.6080091],[23.0538413,48.6077967],[23.0536713,48.6076038],[23.0534872,48.6074207],[23.053275,48.6072284],[23.0527472,48.6068786],[23.0524814,48.6067361],[23.0521688,48.6066124],[23.0520432,48.6065642],[23.0510359,48.606235],[23.0500011,48.6059015],[23.0499105,48.6058725],[23.0486411,48.6054695],[23.0482391,48.6053342],[23.0476473,48.6051109],[23.0471826,48.6049036],[23.0467882,48.604635],[23.0465196,48.6044092],[23.0463311,48.6042088],[23.0461387,48.6039124],[23.0458777,48.6034038],[23.0457917,48.6032554],[23.0450547,48.6019088],[23.0449951,48.6017939],[23.0445137,48.6008622],[23.0443268,48.6006013],[23.0441066,48.6003567],[23.0428093,48.599293],[23.0427101,48.599198],[23.0426159,48.5990682],[23.0425465,48.5989781],[23.0424887,48.5988153],[23.0424821,48.598618],[23.0425203,48.5984148],[23.0425975,48.5981462],[23.0427177,48.5978606],[23.0431886,48.5970313],[23.0435745,48.5962023],[23.0437621,48.5957654],[23.0438875,48.5953806],[23.0439395,48.5950394],[23.0439797,48.5946518],[23.0439726,48.5943218],[23.0439226,48.5939606],[23.0438408,48.5935708],[23.0437334,48.5931691],[23.043637,48.5929117],[23.0435152,48.5925733],[23.0430025,48.5911159],[23.0427343,48.5903744],[23.0424692,48.5896023],[23.0420553,48.5886409],[23.0417615,48.5881302],[23.0413877,48.5875627],[23.0410016,48.5870691],[23.04056,48.5865729],[23.0385684,48.5846561],[23.0380087,48.5840812],[23.037703,48.5837708],[23.0374624,48.5834786],[23.0372706,48.583233],[23.0370879,48.5829609],[23.0367599,48.5824914],[23.0367025,48.5823826],[23.0364138,48.5817496],[23.0352375,48.5788236],[23.034642,48.5773045],[23.0343711,48.5766125],[23.0340891,48.5759058],[23.0338894,48.5754976],[23.0336738,48.575108],[23.0334272,48.5747628],[23.03314,48.5744467],[23.0327075,48.5740253],[23.0318844,48.5733241],[23.0309622,48.5725825],[23.0305879,48.5722664],[23.0300863,48.571837],[23.0298301,48.571598],[23.0297372,48.5715128],[23.0293023,48.5711053],[23.0286826,48.5704711],[23.0281612,48.569802],[23.0277857,48.5692161],[23.0276888,48.5690387],[23.02725,48.5681453],[23.024935,48.5612745],[23.0248966,48.5611557],[23.0248806,48.5611119],[23.024794,48.5608722],[23.024433,48.5598871],[23.0242442,48.5595558],[23.0239965,48.559294],[23.0237612,48.5591197],[23.0233997,48.5589511],[23.0231573,48.5588666],[23.0213163,48.5584663],[23.0210008,48.5584115],[23.0195374,48.5581572],[23.0185617,48.5580378],[23.0183832,48.5580228],[23.0176107,48.5579518],[23.0169606,48.5579203],[23.0162435,48.5579271],[23.0155388,48.5579622],[23.0122374,48.5582839],[23.0111615,48.5583887],[23.0100995,48.5584922],[23.0093853,48.5585122],[23.0085361,48.5584753],[23.0044119,48.5579755],[23.0031538,48.5578449],[23.002358,48.5578433],[23.0018711,48.5578646],[23.0015829,48.5578997],[23.0012119,48.5579448],[23.0005081,48.5580908],[23.0003709,48.5581192],[23.0002185,48.5581692],[22.9999764,48.5582487],[22.997993,48.5589054],[22.9952908,48.5597694],[22.9942997,48.5600613],[22.9938626,48.56019],[22.9934398,48.5602829],[22.9927549,48.5603785],[22.9893332,48.5607378],[22.9880183,48.5609208],[22.9874759,48.5610201],[22.9864205,48.561272],[22.9858718,48.5614352],[22.9846557,48.5617782],[22.9841696,48.5618903],[22.9836574,48.5619962],[22.9826228,48.562145],[22.9798205,48.5624642],[22.9795112,48.5624862],[22.9786458,48.5625203],[22.9782173,48.5625597],[22.9775998,48.5626641],[22.9774677,48.5627061],[22.9769592,48.5628675],[22.9762618,48.5631727],[22.9756736,48.5634876],[22.9742765,48.5643145],[22.9732993,48.5648928],[22.9726351,48.5651983],[22.9719826,48.5654033],[22.9714835,48.5654804],[22.9709573,48.5655128],[22.9703965,48.5655106],[22.9697198,48.5654415],[22.9691031,48.5653311],[22.9684394,48.5651454],[22.9677874,48.5649365],[22.9665815,48.5645702],[22.964959,48.5640774],[22.96334,48.563627],[22.9625047,48.5633809],[22.958855,48.5622726],[22.9579283,48.5620023],[22.9564034,48.5615575],[22.9558844,48.561404],[22.9552758,48.5612239],[22.954166,48.5609133],[22.9534645,48.5607198],[22.9521982,48.5603604],[22.9509525,48.5599898],[22.9505917,48.5598875],[22.9499391,48.5597025],[22.9479202,48.5590678],[22.9453788,48.5581564],[22.944978,48.5579895],[22.9447283,48.5578855],[22.9433443,48.5572082],[22.9429946,48.5570538],[22.9416012,48.5565748],[22.9404895,48.556219],[22.9397869,48.5560392],[22.938872,48.5558215],[22.9384225,48.5556878],[22.9380577,48.5555242],[22.9375877,48.5552476],[22.9371029,48.5548963],[22.9349276,48.5531665],[22.9329012,48.5514399],[22.93215,48.550733],[22.931733,48.550217],[22.9304394,48.5485493],[22.9299775,48.5479176],[22.929617,48.547427],[22.9292834,48.5468886],[22.9290606,48.5463528],[22.9289763,48.5460086],[22.9289763,48.5454326],[22.9290268,48.5451447],[22.929053,48.5449956],[22.9292047,48.544625],[22.9295089,48.5438814],[22.9295911,48.5435485],[22.9296405,48.5430859],[22.9296544,48.542837],[22.9296336,48.5425251],[22.929446,48.5418484],[22.9293364,48.5415401],[22.9292132,48.5412802],[22.9290164,48.5410095],[22.9288086,48.5407335],[22.9283845,48.5402843],[22.9279749,48.5399057],[22.927457,48.539572],[22.9266805,48.5391759],[22.9258293,48.5388051],[22.9237514,48.5379802],[22.9231197,48.5377278],[22.9201828,48.5365541],[22.9194658,48.53632],[22.9187353,48.5361403],[22.9181542,48.5360413],[22.917475,48.5359636],[22.9168713,48.5359385],[22.9166492,48.5359292],[22.9159492,48.5359388],[22.9152751,48.5359853],[22.9146968,48.5360594],[22.9141815,48.5361506],[22.913712,48.536266],[22.913312,48.536387],[22.912857,48.5365513],[22.9120575,48.5368586],[22.9112692,48.5371634],[22.9100638,48.5376407],[22.9099263,48.5376912],[22.9094148,48.5378729],[22.908817,48.538017],[22.9082409,48.5381226],[22.9076698,48.53817],[22.9073265,48.5381766],[22.9069583,48.5381606],[22.90615,48.538117],[22.9042263,48.5378043],[22.9035867,48.5377008],[22.9026202,48.5375433],[22.9007371,48.5372372],[22.9006759,48.5372271],[22.8964369,48.5365275],[22.8953395,48.5363553],[22.8948919,48.536285],[22.8932931,48.5360341],[22.8927432,48.535919],[22.8924598,48.5358335],[22.8922185,48.5357258],[22.8919015,48.53554],[22.8913488,48.5351814],[22.8905941,48.5346111],[22.8900841,48.5343189],[22.8896149,48.53405],[22.8886357,48.5334778],[22.8883215,48.5332214],[22.8881363,48.5330412],[22.8878413,48.5327383],[22.8877088,48.5325717],[22.8875817,48.5323873],[22.8874585,48.5322219],[22.8873665,48.5320982],[22.8872945,48.5319978],[22.8872045,48.5318842],[22.8870743,48.5317197],[22.8868628,48.5314751],[22.8861193,48.5307009],[22.8840075,48.5286343],[22.8828465,48.5274618],[22.8822902,48.5269129],[22.8810083,48.5256371],[22.8789412,48.5235855],[22.8785943,48.523312],[22.8784683,48.523218],[22.8782557,48.5230695],[22.8778401,48.5228307],[22.8766323,48.5221945],[22.875814,48.5217586],[22.8750873,48.5213848],[22.8736007,48.5206156],[22.8733306,48.5204759],[22.872607,48.5200994],[22.8718968,48.5196928],[22.8712967,48.5192935],[22.8711544,48.5191906],[22.8677897,48.5167572],[22.8647466,48.5145563],[22.8623788,48.5127963],[22.8609135,48.5117326],[22.8602917,48.5112801],[22.8581337,48.5097196],[22.8518786,48.5051823],[22.8492951,48.5033082],[22.8480131,48.5023881],[22.847022,48.5016582],[22.8464635,48.5012681],[22.8458394,48.5008758],[22.845305,48.5006005],[22.8446025,48.500263],[22.8442057,48.5000742],[22.8435233,48.4997959],[22.8419703,48.499245],[22.8410558,48.4989303],[22.8393242,48.4983247],[22.8386563,48.4980321],[22.8381795,48.497808],[22.8374352,48.4974164],[22.8369674,48.4971117],[22.8365029,48.4967762],[22.8360012,48.4963675],[22.8356417,48.4960273],[22.8350281,48.4953316],[22.8344466,48.4946587],[22.8343328,48.4945367],[22.8341349,48.4943244],[22.8338695,48.4940957],[22.8335449,48.4938449],[22.833186,48.4936376],[22.8328591,48.4934719],[22.8324174,48.4933111],[22.831989,48.4931919],[22.8314252,48.4930675],[22.8307238,48.49293],[22.8292547,48.4926338],[22.828314,48.4924159],[22.8276576,48.4922159],[22.8270055,48.4919678],[22.8265188,48.4917005],[22.8260645,48.4914122],[22.8242557,48.4900096],[22.8239104,48.4897966],[22.8236248,48.4896324],[22.8231011,48.489402],[22.8217234,48.4889268],[22.820942,48.4886893],[22.8201566,48.4885109],[22.8196155,48.4884337],[22.8189974,48.4883925],[22.8184078,48.4883707],[22.8169745,48.4883548],[22.8168574,48.4883535],[22.8156047,48.4883396],[22.8146445,48.4882883],[22.8137432,48.4881707],[22.8132847,48.488114],[22.8125605,48.4880002],[22.8113937,48.4877816],[22.811206,48.4877425],[22.8108667,48.4876724],[22.8103856,48.4875437],[22.8100365,48.4874154],[22.8095752,48.4872234],[22.8088066,48.4868779],[22.808597,48.4867562],[22.8083477,48.4866114],[22.8082448,48.4865175],[22.8080212,48.4863135],[22.8075264,48.4858621],[22.806519,48.4846953],[22.8061355,48.4843758],[22.8057193,48.4840633],[22.8053699,48.4838484],[22.8047422,48.4835605],[22.8038525,48.483285],[22.8004419,48.4825449],[22.7987911,48.4821867],[22.7984771,48.4821188],[22.797469,48.4819007],[22.7949081,48.4813467],[22.7921262,48.4807449],[22.791866,48.4806933],[22.7912548,48.4805721],[22.7906081,48.4804438],[22.7887951,48.4800499],[22.7874443,48.4797563],[22.7863842,48.479526],[22.785343,48.4793049],[22.7824364,48.4786878],[22.780547,48.4782444],[22.7792165,48.4778464],[22.7790363,48.4777679],[22.7780878,48.4773547],[22.777128,48.4768718],[22.7764294,48.4764582],[22.7738462,48.474834],[22.7731197,48.4743795],[22.7724796,48.4740407],[22.7717332,48.4737371],[22.7712434,48.4735809],[22.7708301,48.4734622],[22.7706171,48.4734011],[22.7695864,48.4732124],[22.7669534,48.4727938],[22.765831,48.4725814],[22.764074,48.4722489],[22.7633851,48.472135],[22.7618202,48.4719245],[22.7606947,48.47185],[22.7571279,48.4717713],[22.7563426,48.471753],[22.7558768,48.4717457],[22.7557049,48.4717412],[22.7550768,48.4716988],[22.7544697,48.4716542],[22.753822,48.4715285],[22.7535961,48.4714693],[22.753186,48.4713344],[22.7527831,48.4711619],[22.7523935,48.4709462],[22.7518516,48.4705736],[22.7513512,48.4702348],[22.7510076,48.4700226],[22.7505905,48.469812],[22.7503306,48.4697132],[22.7500957,48.4696396],[22.7497593,48.4695514],[22.7494159,48.4694803],[22.749078,48.4694269],[22.7488059,48.4693943],[22.748578,48.4693787],[22.748394,48.4693789],[22.7481768,48.4693904],[22.7475302,48.4694805],[22.7469571,48.4696368],[22.745471,48.4700939],[22.7449957,48.4702076],[22.7446053,48.4702766],[22.7441508,48.4703374],[22.743794,48.4703694],[22.7434371,48.4703749],[22.7430688,48.4703628],[22.7422152,48.4702869],[22.7410796,48.47014],[22.7406511,48.4700738],[22.7401893,48.4699588],[22.7398217,48.4698508],[22.7391484,48.4696225],[22.7388798,48.4695238],[22.7386348,48.4694338],[22.7376412,48.4690688],[22.7367266,48.4687785],[22.7360559,48.4686221],[22.735637,48.4685384],[22.7351772,48.4684729],[22.7346912,48.4684377],[22.7342637,48.468434],[22.7340406,48.4684321],[22.7335185,48.4684509],[22.7333904,48.4684555],[22.7324717,48.4685077],[22.7320325,48.4685555],[22.7319703,48.4685594],[22.7316049,48.4686015],[22.7305112,48.4687298],[22.7299804,48.4687565],[22.7294588,48.4687463],[22.7285221,48.4686697],[22.7278967,48.468564],[22.7273256,48.4684053],[22.7267429,48.4681759],[22.7261851,48.4679172],[22.7257224,48.4676231],[22.7253613,48.4673245],[22.724989,48.4669623],[22.7244071,48.4663733],[22.7236252,48.4655452],[22.7234823,48.4654036],[22.7228939,48.4647916],[22.7227958,48.4646896],[22.7219016,48.4637596],[22.7211295,48.4629899],[22.7208343,48.462715],[22.7206202,48.4625277],[22.7202687,48.4622547],[22.7197659,48.4618916],[22.7190676,48.4614369],[22.718557,48.461145],[22.7179969,48.4608713],[22.7175582,48.4606847],[22.7170406,48.4604688],[22.716555,48.4602857],[22.716304,48.4602008],[22.7162024,48.4601657]]}},
{"type":"Feature","properties":{"full_id":"w886128170","ref":"М-06","osm_id":"886128170","highway":"trunk","layer":"Roads_red_perspective","path":"Roads_red_perspective.geojson"},"geometry":{"type":"LineString","coordinates":[[23.0938936,48.7551545],[23.0940487,48.755568],[23.0940991,48.755723],[23.0941357,48.7559568],[23.0941485,48.7560389],[23.0941613,48.7561209],[23.0941636,48.7561858],[23.0941609,48.756363],[23.094165,48.7565498],[23.0941901,48.7576885],[23.0941354,48.7581721]]}},
{"type":"Feature","properties":{"full_id":"w886128170","ref":"М-06","osm_id":"886128170","highway":"trunk","layer":"Roads_red_perspective","path":"Roads_red_perspective.geojson"},"geometry":{"type":"LineString","coordinates":[[23.0941354,48.7581721],[23.0940844,48.7577104],[23.0940407,48.7567241],[23.0940089,48.756286],[23.0940048,48.7562013],[23.0940013,48.7561284],[23.0939797,48.7557329],[23.0939437,48.755446],[23.0938936,48.7551545]]}},
{"type":"Feature","properties":{"full_id":"w886128170","ref":"М-06","osm_id":"886128170","highway":"trunk","layer":"Roads_red_perspective","path":"Roads_red_perspective.geojson"},"geometry":{"type":"LineString","coordinates":[[23.0941354,48.7581721],[23.0942705,48.7597901],[23.0944271,48.762275],[23.0944244,48.7628114],[23.0944009,48.7633993],[23.0942977,48.7656413],[23.0942515,48.7666949],[23.0942006,48.7676041],[23.0941924,48.767745],[23.0941669,48.7679386],[23.0941187,48.7681744],[23.0940545,48.7683471],[23.0939815,48.768506],[23.0938532,48.7687297],[23.0936089,48.7690651],[23.0927079,48.7701783],[23.0917898,48.7712958],[23.0915974,48.7714804],[23.0914425,48.7716159],[23.0913063,48.7717145],[23.0911656,48.7718144],[23.0909699,48.7719294],[23.0907351,48.7720575],[23.0904817,48.772212],[23.0902796,48.7723702],[23.0901128,48.772548],[23.0899829,48.7727354],[23.0898951,48.7729103],[23.0898405,48.7730412],[23.0897856,48.773316],[23.0897265,48.7737695],[23.0896891,48.7740394],[23.0894852,48.7752508],[23.0891306,48.7772963],[23.0887335,48.7796392],[23.0885578,48.7807804],[23.0883694,48.7819002],[23.088199,48.7827361],[23.0881293,48.7831381],[23.088081,48.7835482],[23.0879509,48.7843443],[23.0876311,48.7863132],[23.0875738,48.7866363],[23.0874024,48.7877808],[23.087266,48.7887211],[23.0871457,48.7895364],[23.0870957,48.7899698],[23.0870924,48.7903511],[23.0871625,48.7919246],[23.0872102,48.7927853],[23.0873222,48.7946112],[23.0873219,48.7949718],[23.0873086,48.7951644],[23.087279,48.7953709],[23.0872039,48.7956088],[23.0871043,48.7958531],[23.0869867,48.7960822],[23.0868333,48.7962944],[23.0866983,48.7964833],[23.0865544,48.7966519],[23.0862987,48.7969126],[23.0860145,48.7971826],[23.0857301,48.7974083],[23.0854085,48.7976433],[23.0847778,48.7980663],[23.0841162,48.7984888],[23.0831183,48.7991232],[23.082589,48.7994912],[23.0823451,48.7996856],[23.0821131,48.7998902],[23.0818743,48.8001567],[23.0817443,48.8003367],[23.0816156,48.8005348],[23.0814466,48.8008808],[23.0812884,48.8012841],[23.0811693,48.8016943],[23.0810683,48.8021479],[23.080955,48.8029164],[23.0808833,48.8034575],[23.0808172,48.8038806],[23.0807101,48.8045371],[23.0806829,48.8047263],[23.0806399,48.8050026],[23.0806017,48.8052675],[23.0803935,48.8068069],[23.0803067,48.8073548],[23.0799557,48.8097578],[23.079852,48.8104339],[23.0797965,48.810687],[23.0797032,48.8110265],[23.0795583,48.8114101],[23.0794162,48.8116951],[23.0792437,48.8119751],[23.0790787,48.8122087],[23.0789088,48.8124279],[23.0786796,48.81268],[23.0784312,48.8129141],[23.0781157,48.8131893],[23.0772891,48.8138156],[23.076852,48.8141456],[23.076389,48.8144693],[23.0761729,48.8146296],[23.0759773,48.814756],[23.0755406,48.8150394],[23.0746067,48.8156012],[23.072828,48.8166521],[23.0722168,48.8170056],[23.071821,48.817245],[23.0715475,48.8174255],[23.0712627,48.8176555],[23.0710674,48.8178419],[23.0710032,48.817928],[23.0708541,48.8181633],[23.0707479,48.8184186],[23.0706834,48.8186501],[23.0706293,48.8189596],[23.0706146,48.8191057],[23.0705937,48.8194929],[23.0706143,48.8199842],[23.0706854,48.8206325],[23.0708492,48.8216849],[23.0710332,48.8227197],[23.0710436,48.8229546],[23.0710358,48.8232386],[23.0709901,48.8234985],[23.070917,48.8237129],[23.0708205,48.8238985],[23.0707034,48.82407],[23.0705579,48.824255],[23.0704191,48.8244092],[23.0702915,48.8245348],[23.0699032,48.8249019],[23.0694953,48.8252743],[23.0692399,48.8255319],[23.0691021,48.8257063],[23.0690139,48.8258664],[23.0689338,48.8260529],[23.0688426,48.826322],[23.0687988,48.8265531],[23.0687713,48.8267844],[23.068728,48.8274179],[23.0686364,48.8283572],[23.0685727,48.8292235],[23.0684971,48.830621],[23.0684701,48.8309183],[23.068411,48.8312215],[23.0683199,48.8315937],[23.0682879,48.8317137],[23.0681706,48.8321544],[23.0680316,48.8325135],[23.0678511,48.8329014],[23.0676986,48.8332606],[23.067579,48.8335291],[23.06728,48.8341942],[23.0670996,48.8346076],[23.0670573,48.8347031],[23.066802,48.8353808],[23.0666556,48.8358695],[23.0665845,48.8362666],[23.0665626,48.8366129],[23.0665863,48.8369925],[23.0666175,48.8371355],[23.066626,48.8371745],[23.0666776,48.8373539],[23.0667534,48.8375585],[23.0668512,48.837763],[23.0669959,48.8380409],[23.0671771,48.8383422],[23.0673355,48.838593],[23.0675169,48.8388435],[23.0676788,48.8390467],[23.0678641,48.8392527],[23.0681211,48.8395016],[23.0682877,48.8396469],[23.0684731,48.8397903],[23.0687731,48.840008],[23.0691036,48.8402092],[23.0693297,48.8403363],[23.0695853,48.8404611],[23.0698742,48.8405993],[23.0701828,48.8407282],[23.0704147,48.84082],[23.0706635,48.8408951],[23.0710222,48.8410027],[23.0713972,48.8410879],[23.0727502,48.8413756],[23.0753113,48.8418788],[23.0757192,48.8419669],[23.0763803,48.8421358],[23.0769792,48.8423084],[23.0773455,48.8424335],[23.0776895,48.8425889],[23.0781246,48.8428169],[23.0785525,48.8430681],[23.0789792,48.8433307],[23.0801913,48.8441042],[23.0814016,48.844875],[23.0822819,48.8454342],[23.0834764,48.8461856],[23.0838722,48.8464598],[23.0840524,48.8465968],[23.0841588,48.8466809],[23.0843369,48.8468774],[23.0844895,48.8470733],[23.0845808,48.8473398],[23.0846882,48.8475444],[23.0847652,48.8477121],[23.0848959,48.8478957],[23.0850214,48.8480593],[23.0851253,48.848157],[23.0852098,48.8482264],[23.0853818,48.8483211],[23.0855821,48.8484129],[23.0858329,48.8484993],[23.0865106,48.8486856],[23.0871442,48.848866],[23.0875056,48.8490302],[23.088344,48.8494902],[23.0886658,48.8496916],[23.0889715,48.8499101],[23.0892603,48.8501596],[23.0894212,48.8503297],[23.0895498,48.8504924],[23.0897888,48.8509129],[23.0899224,48.8511874],[23.0900033,48.8514537],[23.0900685,48.8516693],[23.0900837,48.8519139],[23.0901329,48.8528791],[23.0901414,48.853818],[23.0901566,48.8540021],[23.0902007,48.8541813],[23.0902655,48.8543267],[23.090327,48.8544488],[23.0905209,48.8547723],[23.0907466,48.8550995],[23.0908692,48.8552396],[23.0910161,48.8553755],[23.0911803,48.855522],[23.0913686,48.8556663],[23.0917709,48.8559104],[23.0921854,48.8561004],[23.0924069,48.856183],[23.0926503,48.8562553],[23.0930231,48.8563468],[23.093237,48.8563745],[23.0935248,48.856382],[23.0937852,48.8563399],[23.0939838,48.8562739],[23.09418,48.8561739],[23.0943894,48.8560464],[23.0945224,48.855949],[23.0947071,48.8557828],[23.0949902,48.855483],[23.0953249,48.8551064],[23.0954673,48.8549754],[23.0956117,48.854891],[23.0957614,48.8548297],[23.0959705,48.8547802],[23.0961845,48.8547575],[23.096379,48.8547564],[23.0966299,48.85477],[23.0969234,48.8548053],[23.0972553,48.8548668],[23.0978833,48.8550223],[23.0983434,48.8551407],[23.0986852,48.8551951],[23.0990488,48.8552222],[23.099433,48.8552319],[23.0997362,48.8552178],[23.1000129,48.8551714],[23.100231,48.8550974],[23.1004091,48.8550114],[23.1006016,48.8548647],[23.1007817,48.8546783],[23.1015752,48.8536565],[23.1019324,48.8531931],[23.1021286,48.8530019],[23.10229,48.8529038],[23.1024476,48.8528404],[23.102628,48.8527803],[23.1027899,48.8527494],[23.1029499,48.8527485],[23.1031736,48.852757],[23.1034797,48.8528167],[23.1037304,48.852895],[23.1040009,48.8529972],[23.1043371,48.8531398],[23.1046664,48.853335],[23.1048435,48.8534703],[23.1049763,48.8536098],[23.1051541,48.8538045],[23.1053595,48.8541109],[23.10555,48.8543969],[23.1056655,48.8545576],[23.1057182,48.8546281],[23.1058051,48.8547156],[23.1059079,48.8548033],[23.10599,48.8548669],[23.1060841,48.8549251],[23.1061528,48.854964],[23.1062275,48.854999],[23.1063318,48.8550297],[23.1064521,48.8550586],[23.1065428,48.8550673],[23.1066346,48.8550725],[23.1067276,48.8550733],[23.1068145,48.8550688],[23.1069265,48.8550616],[23.1070893,48.8550458],[23.1072399,48.8550274],[23.1074403,48.8549959],[23.1076988,48.8549426],[23.10796,48.8548839],[23.1082517,48.8548125],[23.108575,48.8547227],[23.1091203,48.8545549],[23.109466,48.8544503],[23.1097018,48.8543899],[23.1100006,48.8543245],[23.1102941,48.8542653],[23.1104825,48.8542329],[23.1106842,48.8542039],[23.1108571,48.8541848],[23.1110045,48.8541754],[23.1111273,48.8541754],[23.1112509,48.8541834],[23.1113665,48.8541932],[23.1114882,48.8542089],[23.11161,48.8542255],[23.1117288,48.8542499],[23.1118577,48.8542879],[23.111992,48.854334],[23.112149,48.8543914],[23.11227,48.8544485],[23.11239,48.8545106],[23.1125471,48.8546173],[23.1126338,48.8546764],[23.1127374,48.8547495],[23.112833,48.8548306],[23.1129318,48.8549235],[23.1131423,48.8551556],[23.11335,48.8553487],[23.1136381,48.8556323],[23.1137773,48.8557534],[23.1138747,48.8558244],[23.1139693,48.855881],[23.114072,48.8559392],[23.1141813,48.8559965],[23.1143079,48.856044],[23.1144315,48.8560855],[23.1145485,48.8561208],[23.1146746,48.8561461],[23.1148074,48.8561723],[23.1149414,48.8561909],[23.1150984,48.8562042],[23.1153081,48.8562135],[23.1154801,48.8562155],[23.1156695,48.8562086],[23.1158913,48.8562034],[23.1161424,48.8561946],[23.1168252,48.856162],[23.1171541,48.8561535],[23.117289,48.8561551],[23.117432,48.8561628],[23.1175383,48.8561737],[23.1176571,48.8561853],[23.1177599,48.8562058],[23.1179084,48.856233],[23.1180736,48.8562754],[23.1182143,48.8563118],[23.1183597,48.8563652],[23.1184888,48.8564131],[23.1186232,48.856469],[23.1187623,48.8565416],[23.1188975,48.8566223],[23.1189946,48.856691],[23.1191455,48.8567976],[23.1192585,48.8568916],[23.1193948,48.8570112],[23.1195301,48.8571897],[23.1199728,48.8577887],[23.1202354,48.8581664],[23.120444,48.8584315],[23.1206564,48.858656],[23.1208145,48.8587736],[23.121094,48.8589581],[23.121511,48.8591331]]}},
{"type":"Feature","properties":{"full_id":"w151111849","ref":"Т-07-12","osm_id":"151111849","highway":"primary","layer":"Roads_red_perspective","path":"Roads_red_perspective.geojson"},"geometry":{"type":"LineString","coordinates":[[22.9644918,48.5682946],[22.9646536,48.5681716],[22.9649635,48.5679337],[22.9656103,48.5673824],[22.9659778,48.5670789],[22.9662797,48.5668366],[22.9664009,48.5667477],[22.9668296,48.5664035],[22.9671821,48.5661283],[22.9674594,48.5658887],[22.9680851,48.5651099],[22.9681798,48.5649921],[22.9682604,48.5648917],[22.9683864,48.5647883],[22.9698376,48.5637892],[22.9702464,48.5635077],[22.9721771,48.5621784],[22.9743737,48.5606428],[22.9746886,48.5604059],[22.9749479,48.5601032],[22.9755272,48.5593775],[22.9761177,48.5586377],[22.9761903,48.5585434],[22.9767731,48.5577914],[22.9776775,48.5566889],[22.9778971,48.5564498],[22.978794,48.5554733],[22.9789501,48.5553281],[22.9790372,48.5552426],[22.9792633,48.5550366],[22.9798651,48.554477],[22.9801717,48.5542103],[22.9803572,48.5539681],[22.9806452,48.5531154],[22.9812929,48.5516956],[22.9814941,48.5511881],[22.9815076,48.551149]]}},
{"type":"Feature","properties":{"full_id":"w23250373","ref":"М-08","osm_id":"23250373","highway":"trunk","layer":"Roads_red_perspective","path":"Roads_red_perspective.geojson"},"geometry":{"type":"LineString","coordinates":[[22.2651912,48.6549002],[22.2652171,48.654748],[22.2652505,48.6545523]]}},
{"type":"Feature","properties":{"full_id":"w23250373","ref":"М-08","osm_id":"23250373","highway":"trunk","layer":"Roads_red_perspective","path":"Roads_red_perspective.geojson"},"geometry":{"type":"LineString","coordinates":[[22.2652505,48.6545523],[22.2652922,48.6542673],[22.2654706,48.6541561],[22.265521,48.6539282],[22.2655899,48.6536353],[22.2656201,48.6535578],[22.2656316,48.6534847],[22.2656535,48.6532893],[22.2656088,48.6531234],[22.26553,48.6528434],[22.2655492,48.652711]]}},
{"type":"Feature","properties":{"full_id":"w23250373","ref":"М-08","osm_id":"23250373","highway":"trunk","layer":"Roads_red_perspective","path":"Roads_red_perspective.geojson"},"geometry":{"type":"LineString","coordinates":[[22.2655492,48.652711],[22.2657049,48.6530062],[22.2657844,48.6532568],[22.2658082,48.6534203],[22.2658091,48.6534987],[22.2657946,48.6535749],[22.2657778,48.6536501],[22.2656592,48.6539933],[22.2656314,48.6540798],[22.2655803,48.6541478],[22.2654359,48.6542729],[22.2653761,48.6544013],[22.2652505,48.6545523]]}},
{"type":"Feature","properties":{"full_id":"w23250373","ref":"М-08","osm_id":"23250373","highway":"trunk","layer":"Roads_red_perspective","path":"Roads_red_perspective.geojson"},"geometry":{"type":"LineString","coordinates":[[22.2859092,48.6550213],[22.285322,48.6549547],[22.2851587,48.6549263],[22.2849029,48.654886],[22.2846347,48.6548418],[22.2841796,48.6547487],[22.2836637,48.6546221],[22.2831973,48.654487],[22.2826472,48.6542872],[22.2821492,48.6540934],[22.2810405,48.6535825],[22.2793803,48.6527049],[22.2780068,48.6519557],[22.2775389,48.6517004],[22.2742438,48.6499424],[22.2709317,48.6481613],[22.2702575,48.6478033],[22.2695437,48.6474207],[22.2689898,48.647127],[22.2688,48.6470275],[22.2685791,48.6469117],[22.2684355,48.6468758],[22.2682878,48.64686],[22.2680791,48.6468503],[22.2678709,48.6468519],[22.2676584,48.6468605],[22.2675122,48.6468764],[22.2672771,48.6469238],[22.2669967,48.6470244],[22.2668321,48.6471096],[22.2666945,48.647202],[22.2665871,48.6473094],[22.2665258,48.6476301],[22.2663402,48.6485862],[22.266317,48.6487045],[22.2662516,48.6490389],[22.2662287,48.6491638],[22.2659748,48.6505503],[22.2659677,48.6505866],[22.2659227,48.6508163],[22.2659003,48.6509304],[22.2658167,48.6513548],[22.2658007,48.6514358],[22.2656316,48.6522935],[22.2655759,48.6525757],[22.2655492,48.652711]]}},
{"type":"Feature","properties":{"full_id":"w23250373","ref":"М-08","osm_id":"23250373","highway":"trunk","layer":"Roads_red_perspective","path":"Roads_red_perspective.geojson"},"geometry":{"type":"LineString","coordinates":[[22.2659748,48.6550294],[22.2661136,48.6549393],[22.2661811,48.6548955],[22.2663662,48.6548117],[22.2664267,48.6547897],[22.266721,48.6546823],[22.2677862,48.6543043],[22.2682012,48.6541573],[22.2685777,48.6539341],[22.2688429,48.6538154],[22.269352,48.6537278],[22.2696526,48.65368],[22.2699228,48.6536769],[22.2703127,48.6536725],[22.2705826,48.6536971],[22.2708678,48.6537011],[22.2712002,48.6536797],[22.2715254,48.6536543],[22.272826,48.6536515]]}},
{"type":"Feature","properties":{"full_id":"w23250373","ref":"М-08","osm_id":"23250373","highway":"trunk","layer":"Roads_red_perspective","path":"Roads_red_perspective.geojson"},"geometry":{"type":"LineString","coordinates":[[22.272826,48.6536515],[22.2721543,48.6540952],[22.2711937,48.6541236],[22.2704083,48.6541469],[22.2699575,48.6541602],[22.2696735,48.6541686],[22.2692879,48.65418],[22.2690996,48.6541969],[22.2688173,48.654293],[22.2685349,48.6544569],[22.2683338,48.6545728],[22.2681327,48.6546378],[22.2670846,48.6547932],[22.2663752,48.6548786],[22.2662584,48.6549202],[22.2661811,48.6549702],[22.2661413,48.6550302]]}},
{"type":"Feature","properties":{"full_id":"w23250373","ref":"М-08","osm_id":"23250373","highway":"trunk","layer":"Roads_red_perspective","path":"Roads_red_perspective.geojson"},"geometry":{"type":"LineString","coordinates":[[22.272826,48.6536515],[22.2740004,48.6536254],[22.2743692,48.6536095],[22.2748156,48.6535637],[22.2753873,48.6534771],[22.2758443,48.653403],[22.2762303,48.6533633],[22.2766901,48.6533518],[22.2770843,48.6534057],[22.2773795,48.6534639],[22.2779674,48.6535962],[22.2784765,48.6537516],[22.2796108,48.6542537],[22.279961,48.6544387],[22.2804701,48.6547365],[22.2812852,48.655163],[22.2818636,48.6554692],[22.2822738,48.6556891],[22.2826705,48.6558814],[22.2830353,48.6560112],[22.283376,48.6560747],[22.2836686,48.6560986],[22.2839372,48.6561039],[22.2842979,48.6560668],[22.2845945,48.6559953],[22.2848671,48.6559053],[22.2850956,48.6557914],[22.2853123,48.6556629]]}},
{"type":"Feature","properties":{"full_id":"w23250373","ref":"М-08","osm_id":"23250373","highway":"trunk","layer":"Roads_red_perspective","path":"Roads_red_perspective.geojson"},"geometry":{"type":"LineString","coordinates":[[22.2853123,48.6556629],[22.2856184,48.655412],[22.2857318,48.6552735],[22.2859092,48.6550213]]}},
{"type":"Feature","properties":{"full_id":"w23250373","ref":"М-08","osm_id":"23250373","highway":"trunk","layer":"Roads_red_perspective","path":"Roads_red_perspective.geojson"},"geometry":{"type":"LineString","coordinates":[[22.2859092,48.6550213],[22.2859184,48.6551115],[22.2859491,48.6552171],[22.2857819,48.6553444],[22.2853123,48.6556629]]}},
{"type":"Feature","properties":{"full_id":"w23250373","ref":"М-08","osm_id":"23250373","highway":"trunk","layer":"Roads_red_perspective","path":"Roads_red_perspective.geojson"},"geometry":{"type":"LineString","coordinates":[[22.3084671,48.6429083],[22.3076189,48.6432134],[22.3072088,48.6433909],[22.3069555,48.6435209],[22.306665,48.6436883],[22.3062716,48.6439428],[22.3059886,48.6441573],[22.3056632,48.6444648],[22.3055156,48.6446131],[22.3053789,48.6447518],[22.3052914,48.6448554],[22.3052502,48.6449043],[22.3051187,48.6450762],[22.304973,48.6452874],[22.3048639,48.6454554],[22.3047641,48.6456494],[22.3046789,48.6458329],[22.3046273,48.6459932],[22.3045598,48.6462347],[22.304504,48.646612],[22.3044657,48.6472554],[22.3044524,48.6475601],[22.304424,48.6484042],[22.3043838,48.6488136],[22.3043408,48.6492042],[22.304314,48.6493629],[22.3042416,48.6496464],[22.3041544,48.6499361],[22.3039374,48.6503605],[22.303665,48.6507769],[22.3034017,48.6511008],[22.3031018,48.6514397],[22.302855,48.6517055],[22.3024961,48.6520949],[22.3021679,48.6524657],[22.301562,48.652944],[22.3011221,48.6532797],[22.3006483,48.6536001],[22.3004865,48.6537095],[22.2999805,48.6539891],[22.2992313,48.6543208],[22.2984801,48.6546178],[22.297976,48.6547744],[22.2973086,48.6549438],[22.2961909,48.65516],[22.2956927,48.6552375],[22.2951526,48.6552824],[22.2942397,48.6553113],[22.2934625,48.6553056],[22.2911652,48.6552303],[22.2884014,48.65514],[22.2878632,48.6551224],[22.2863701,48.6550544],[22.2859092,48.6550213]]}},
{"type":"Feature","properties":{"full_id":"w23250373","ref":"М-08","osm_id":"23250373","highway":"trunk","layer":"Roads_red_perspective","path":"Roads_red_perspective.geojson"},"geometry":{"type":"LineString","coordinates":[[22.3287193,48.5921316],[22.328666,48.5923826],[22.3286346,48.5925201],[22.3285387,48.5929204],[22.328444,48.5932828],[22.3283367,48.5937073],[22.3282905,48.59389],[22.3278224,48.5957737],[22.3276555,48.5964454],[22.3273703,48.5976134],[22.3271236,48.5985737],[22.3270404,48.5989284],[22.3269967,48.5991759],[22.3269477,48.5994779],[22.3269017,48.5999772],[22.3269036,48.6003208],[22.326935,48.6006803],[22.3269814,48.6010002],[22.3270583,48.6013232],[22.3271504,48.601605],[22.3272543,48.6018927],[22.3274528,48.6023418],[22.3282719,48.6040194],[22.3285999,48.6046701],[22.3292634,48.6059754],[22.329441,48.606338],[22.3296449,48.6067486],[22.3298192,48.607121],[22.3299546,48.6074675],[22.3300767,48.6078588],[22.3301689,48.6082527],[22.3301849,48.6083214],[22.3302064,48.6084132],[22.3302859,48.6088271],[22.3304229,48.6096956],[22.3304664,48.6099731],[22.3306756,48.611552],[22.3309689,48.6140161],[22.3310412,48.6146444],[22.3310822,48.6149752],[22.3311,48.6152005],[22.3311023,48.6159857],[22.3311022,48.6177261],[22.3311447,48.6181137],[22.331236,48.6184475],[22.3314188,48.6188225],[22.3318617,48.6193702],[22.3320986,48.6196251],[22.3322314,48.619768],[22.3325944,48.6201085],[22.3333779,48.6207123],[22.3341927,48.6212722],[22.3348112,48.6217421],[22.3351125,48.6220284],[22.3354442,48.6224364],[22.3357048,48.6229248],[22.3359322,48.6236211],[22.3360787,48.6240988],[22.3363206,48.6249126],[22.3364568,48.6254876],[22.3364872,48.6257041],[22.3364946,48.6259929],[22.3364872,48.6261349],[22.3364684,48.626259],[22.3364138,48.6264856],[22.3363101,48.6267271],[22.3362012,48.6269378],[22.3361063,48.6271065],[22.3360017,48.6272784],[22.3359024,48.627422],[22.3357846,48.6275753],[22.335678,48.6277021],[22.33556,48.6278227],[22.3353512,48.6280048],[22.3351738,48.6281524],[22.334992,48.6282944],[22.3348057,48.6284398],[22.3343776,48.6287741],[22.3336221,48.6293526],[22.333307,48.6295989],[22.3327997,48.6299953],[22.332537,48.6301975],[22.3323019,48.6303785],[22.332022,48.6305948],[22.3313335,48.6311656],[22.3304896,48.6318201],[22.329498,48.6325971],[22.3288214,48.6331337],[22.328504,48.6333818],[22.3280623,48.6337098],[22.3276332,48.6340129],[22.3271967,48.6343294],[22.3257249,48.635361],[22.3248218,48.6359982],[22.3241632,48.6364406],[22.3240345,48.6365288],[22.3227367,48.6374179],[22.3223033,48.6377149],[22.3219098,48.6379879],[22.3214641,48.6382971],[22.3211047,48.6385434],[22.3207319,48.6387685],[22.3205521,48.6388644],[22.320241,48.6390114],[22.3198753,48.6391669],[22.3190819,48.639431],[22.319035,48.6394472],[22.3189755,48.6394672],[22.3184462,48.6396527],[22.3168401,48.640181],[22.316325,48.6403504],[22.3158143,48.6405142],[22.3153492,48.640657],[22.3140528,48.6410836],[22.3134595,48.6412788],[22.3132509,48.6413474],[22.3132346,48.6413528],[22.3119007,48.6417958],[22.3107107,48.6421787],[22.3101838,48.6423418],[22.3094918,48.6425628],[22.3091597,48.6426683]]}},
{"type":"Feature","properties":{"full_id":"w23250373","ref":"М-08","osm_id":"23250373","highway":"trunk","layer":"Roads_red_perspective","path":"Roads_red_perspective.geojson"},"geometry":{"type":"LineString","coordinates":[[22.3287193,48.5921316],[22.3286638,48.5921198],[22.3286171,48.5920966],[22.3285847,48.5920646],[22.3285699,48.5920272],[22.3285746,48.5919888],[22.3285982,48.5919535],[22.328638,48.5919253],[22.3286896,48.5919073],[22.3287459,48.5919016]]}},
{"type":"Feature","properties":{"full_id":"w23250373","ref":"М-08","osm_id":"23250373","highway":"trunk","layer":"Roads_red_perspective","path":"Roads_red_perspective.geojson"},"geometry":{"type":"LineString","coordinates":[[22.3287459,48.5919016],[22.3288019,48.5919081],[22.3288519,48.5919262],[22.3288903,48.591954],[22.3289132,48.5919885],[22.3289182,48.592026],[22.3289047,48.5920625],[22.3288741,48.5920943],[22.3288297,48.5921179],[22.3287762,48.5921307],[22.3287193,48.5921316]]}},
{"type":"Feature","properties":{"full_id":"w23250373","ref":"М-08","osm_id":"23250373","highway":"trunk","layer":"Roads_red_perspective","path":"Roads_red_perspective.geojson"},"geometry":{"type":"LineString","coordinates":[[22.3330325,48.5798071],[22.3330057,48.5798971],[22.3329709,48.5800415],[22.3329225,48.5802556],[22.332881,48.5804947],[22.332834,48.580724],[22.3328152,48.5809494],[22.3328011,48.5813968],[22.3327884,48.5817993],[22.3327723,48.5821933],[22.332744,48.5829821],[22.3327326,48.5832952],[22.3326731,48.5837334],[22.3325626,48.5841714],[22.3324531,48.5844822],[22.332291,48.5847859],[22.3312782,48.5863528],[22.3307793,48.5871245],[22.3300565,48.5883541],[22.3298412,48.5888232],[22.3297753,48.5889668],[22.3295375,48.589485],[22.3294863,48.5896044],[22.3293408,48.5899848],[22.3292318,48.5902661],[22.3290676,48.5907778],[22.3289019,48.591398],[22.3287459,48.5919016]]}},
{"type":"Feature","properties":{"full_id":"w23250373","ref":"М-08","osm_id":"23250373","highway":"trunk","layer":"Roads_red_perspective","path":"Roads_red_perspective.geojson"},"geometry":{"type":"LineString","coordinates":[[22.3330325,48.5798071],[22.3330459,48.5796842],[22.3331592,48.5791148],[22.333179,48.5788438],[22.3331772,48.5788012],[22.3331724,48.5786868],[22.3331661,48.578539],[22.3331851,48.5784429],[22.3335796,48.5781836],[22.3337142,48.5780913],[22.3338492,48.5779727],[22.3339441,48.577872],[22.3339981,48.5777899],[22.3340247,48.5777421],[22.3340754,48.5775819],[22.3340893,48.577482],[22.3340913,48.5773973],[22.3340544,48.5772478],[22.3340034,48.57712]]}},
{"type":"Feature","properties":{"full_id":"w23250373","ref":"М-08","osm_id":"23250373","highway":"trunk","layer":"Roads_red_perspective","path":"Roads_red_perspective.geojson"},"geometry":{"type":"LineString","coordinates":[[22.3350942,48.577268],[22.3350026,48.5773782],[22.3348988,48.5774712],[22.3345412,48.5777467],[22.3343924,48.5778688],[22.3342196,48.5780495],[22.3339247,48.5783894],[22.333843,48.5784918],[22.3337464,48.5786236],[22.3335529,48.5789196],[22.3334131,48.5791334],[22.3330979,48.5796913],[22.3330325,48.5798071]]}},
{"type":"Feature","properties":{"full_id":null,"ref":"M8080","osm_id":null,"highway":null,"layer":"Roads_red_perspective","path":"Roads_red_perspective.geojson"},"geometry":{"type":"LineString","coordinates":[[22.654859577265345,48.45837254690128],[22.654616062255705,48.457480296712006],[22.654395987536493,48.45658535665951],[22.654199419702298,48.455687997418245],[22.654026418234515,48.454788490408724],[22.653877035483369,48.453887107715509],[22.653751316652063,48.452984122005056],[22.653649299783098,48.45207980644328],[22.653571015746756,48.45117443461303],[22.653516488231791,48.450268280431317],[22.653485733738215,48.449361618066568],[22.653478761572337,48.448454721855597],[22.653495573843927,48.447547866220752],[22.653536165465596,48.446641325586732],[22.653600524154331,48.445735374297627],[22.653688630435191,48.444830286533879],[22.653800457647236,48.443926336229197],[22.653935971951562,48.443023796987646],[22.654095132341553,48.4421229420008],[22.654277890655308,48.441224043964887],[22.654484191590171,48.440327374998233],[22.654713972719517,48.439433206558746],[22.654967164511596,48.438541809361645],[22.655243690350613,48.437653453297315],[22.655543466559877,48.436768407349554],[22.655866402427147,48.435886939513864],[22.656212400232075,48.435009316716211],[22.656581355275772,48.434135804731987],[22.656973155912482,48.433266668105368],[22.657387683583387,48.43240217006894],[22.657824812852468,48.431542572463819],[22.658284411444455,48.430688135660105],[22.658766340284885,48.429839118477766],[22.659270453542149,48.428995778108039],[22.65979659867164,48.428158370035206],[22.660344616461909,48.427327147958977],[22.66091434108284,48.426502363717361],[22.661505600135843,48.425684267210059],[22.662118214705998,48.424873106322465],[22.662751999416219,48.424069126850263],[22.66340676248333,48.423272572424644],[22.664082305776112,48.422483684438141],[22.664778424875262,48.421702701971185],[22.665494909135216,48.420929861719294],[22.666231541747933,48.420165397921011],[22.666988099808481,48.41940954228658],[22.667764354382491,48.418662523927317],[22.66856007057542,48.417924569285894],[22.669375007603662,48.417195902067242],[22.670208918867367,48.416476743170463],[22.671061552025098,48.415767310621433],[22.671932649070172,48.415067819506355],[22.672821946408728,48.414378481906184],[22.673729174939517,48.413699506831932],[22.674654060135296,48.41303110016095],[22.675596322125923,48.412373464574053],[22.676555675783042,48.411726799493763],[22.677531830806362,48.41109130102339],[22.678524491811491,48.410467161887205],[22.679533358419349,48.409854571371618],[22.680558125347016,48.409253715267354],[22.681598482500164,48.408664775812781],[22.682654115066843,48.4080879316382],[22.683724703612778,48.40752335771132],[22.684809924178015,48.40697122528379],[22.685909448374947,48.406431701838898],[22.68702294348769,48.405904951040398],[22.688150072572778,48.405391132682475],[22.689290494561082,48.404890402640937],[22.690443864361061,48.404402912825518],[22.691609832963159,48.403928811133511],[22.692788047545431,48.403468241404489],[22.693978151580296,48.403021343376381],[22.695179784942415,48.402588252642659],[22.696392584017701,48.402169100610962],[22.697616181813309,48.401764014462834],[22.698850208068695,48.401373117114844],[22.700094289367676,48.400996527180993],[22.701348049251411,48.400634358936415],[22.702611108332324,48.400286722282409],[22.703883084408893,48.399953722712787],[22.705163592581322,48.399635461281648],[22.706452245368009,48.399332034572367],[22.707748652822783,48.399043534668145],[22.709052422652917,48.398770049123691],[22.71036316033782,48.398511660938532],[22.711680469248446,48.398268448531525],[22.713003950767281,48.398040485716912],[22.714333204408991,48.397827841681654],[22.715667827941594,48.397630580964304],[22.717007417508189,48.397448763435207],[22.718351567749128,48.39728244427819],[22.719699871924732,48.397131673973654],[22.721051922038338,48.396996498283094],[22.722407308959738,48.396876958235133],[22.723765622549038,48.396773090112895],[22.725126451780714,48.396684925442933],[22.726489384868017,48.396612490985582],[22.72785400938757,48.396555808726717],[22.729219912404169,48.396514895871064],[22.730586680595739,48.396489764836907],[22.731953900378389,48.396480423252264],[22.733321158031607,48.396486873952618],[22.734688039823393,48.396509114979956],[22.736054132135489,48.396547139583475],[22.737419021588543,48.396600936221539],[22.738782295167184,48.396670488565292],[22.740143540344999,48.396755775503642],[22.741502345209369,48.396856771149707],[22.742858298586125,48.396973444848769],[22.744210990163939,48.397105761187646],[22.745560010618522,48.397253680005541],[22.746904951736454,48.397417156406362],[22.748245406538722,48.397596140772443],[22.749580969403883,48.397790578779741],[22.750911236190781,48.398000411414507],[22.752235804360865,48.398225574991322],[22.753554273099962,48.398466001172636],[22.754866243439619,48.398721616989612],[22.756171318377763,48.398992344864588],[22.757469102998897,48.39927810263471],[22.758759204593552,48.399578803577171],[22.760041232777162,48.39989435643573],[22.761314799608158,48.400224665448611],[22.762579519705387,48.400569630377895],[22.763835010364694,48.400929146540093],[22.765080891674781,48.401303104838298],[22.766316786632125,48.401691391795474],[22.767542321255057,48.402093889589224],[22.768757124696972,48.402510476087848],[22.769960829358496,48.402941024887667],[22.771153070998761,48.403385405351727],[22.772333488845593,48.403843482649727],[22.773501725704705,48.4043151177993],[22.774657428067776,48.404800167708459],[22.775800246219418,48.405298485219383],[22.776929834343004,48.405809919153405],[22.778045850625315,48.406334314357245],[22.779147957359967,48.406871511750396],[22.780235821049597,48.407421348373759],[22.781309112506808,48.407983657439495],[22.782367506953729,48.408558268381874],[22.783410684120341,48.409145006909519],[22.784438328341366,48.409743695058538],[22.785450128651799,48.410354151246956],[22.786445778880996,48.410976190330125],[22.787424977745321,48.411609623657256],[22.788387428939327,48.412254259129071],[22.789332841225402,48.412909901256363],[22.790260928521917,48.413576351219739],[22.791171409989772,48.414253406930214],[22.792064010117389,48.414940863090969],[22.792938458804088,48.415638511259878],[22.793794491441805,48.41634613991318],[22.794631848995177,48.417063534509943],[22.795450278079919,48.41779047755746],[22.796249531039493,48.418526748677621],[22.797029366020052,48.419272124674052],[22.797789547043632,48.420026379600124],[22.798529844079553,48.420789284827841],[22.799250033114031,48.421560609117471],[22.79994989621796,48.422340118687991],[22.800629221612841,48.423127577288298],[22.801287803734912,48.42392274626912],[22.8019254432973,48.424725384655702],[22.802541947350353,48.425535249221149],[22.80313712934003,48.426352094560443],[22.803710809164333,48.427175673165095],[22.804262813227822,48.428005735498488],[22.804792974494138,48.428842030071735],[22.805301132536556,48.429684303520183],[22.805787133586509,48.430532300680426],[22.806250830580147,48.431385764667901],[22.806692083202815,48.43224443695491],[22.807110757931529,48.433108057449232],[22.807506728075371,48.433976364573098],[22.807879873813825,48.434849095342692],[22.808230082233042,48.435725985447917],[22.808557247359992,48.436606769332769],[22.808861270194555,48.437491180275863],[22.809142058739454,48.438378950471389],[22.80939952802812,48.439269811110407],[22.809633600150377,48.440163492462361],[22.809844204276033,48.441059723956897],[22.810031276676298,48.441958234265918],[22.810194760743094,48.442858751385842],[22.810334607006162,48.443761002720052],[22.810450773148041,48.444664715161451],[22.810543224016875,48.445569615175316],[22.810611931637034,48.44647542888206],[22.81065687521761,48.447381882140228],[22.810678041158678,48.448288700629462],[22.810675423055429,48.449195609933589],[22.810649021700094,48.450102335623662],[22.810598845081728,48.451008603340966],[22.810524908383762,48.451914138880085],[22.810427233979439,48.452818668271746],[22.810305851425014,48.453721917865764],[22.810160797450834,48.454623614413705],[22.809992115950219,48.455523485151538],[22.809799857966158,48.456421257882006],[22.809584081675908,48.457316661056893],[22.809344852373329,48.458209423859081],[22.80908224244919,48.459099276284299],[22.808796331369216,48.459985949222641],[22.808487205650064,48.46086917453988],[22.808154958833132,48.461748685158298],[22.807799691456271,48.462624215137353],[22.807421511023342,48.463495499753869],[22.807020531971691,48.464362275581905],[22.806596875637535,48.465224280572187],[22.806150670219218,48.466081254131126],[22.805682050738451,48.466932937199353],[22.805191158999417,48.467779072329833],[22.804678143545903,48.468619403765373],[22.804143159616316,48.469453677515752],[22.803586369096728,48.47028164143417],[22.803007940471865,48.471103045293184],[22.802408048774172,48.471917640860056],[22.801786875530791,48.472725181971477],[22.801144608708665,48.473525424607658],[22.800481442657656,48.474318126965741],[22.79979757805172,48.475103049532542],[22.799093221828205,48.475879955156607],[22.798368587125211,48.476648609119557],[22.7976238932171,48.477408779206584],[22.796859365448167,48.478160235776343],[22.796075235164402,48.478902751829935],[22.795271739643535,48.479636103079123],[22.794449122023209,48.480360068013702],[22.79360763122741,48.48107442796811]]}},
{"type":"Feature","properties":{"full_id":null,"ref":"L-01","osm_id":null,"highway":null,"layer":"Roads_red_perspective","path":"Roads_red_perspective.geojson"},"geometry":{"type":"LineString","coordinates":[[22.622215560769394,48.19766400813635],[22.560823134950379,48.246450290480666],[22.560823134950379,48.246450290480666]]}},
{"type":"Feature","properties":{"full_id":null,"ref":"L-02","osm_id":null,"highway":null,"layer":"Roads_red_perspective","path":"Roads_red_perspective.geojson"},"geometry":{"type":"LineString","coordinates":[[22.561057457186333,48.246294248531385],[22.561478885978122,48.24682758657643],[22.561914134399032,48.247355974305108],[22.562363071657224,48.247879253093011],[22.562825562847365,48.24839726585428],[22.56330146899117,48.248909857088684],[22.563790647079191,48.249416872928066],[22.564292950113749,48.249918161182471],[22.56480822715314,48.250413571385636],[22.565336323356981,48.250902954839972],[22.565877080032724,48.25138616466112],[22.566430334683378,48.251863055821758],[22.566995921056311,48.252333485195109],[22.567573669193209,48.252797311597632],[22.568163405481176,48.253254395831284],[22.568764952704868,48.253704600725065],[22.569378130099764,48.254147791176152],[22.570002753406495,48.254583834190107],[22.570638634926194,48.255012598920736],[22.57128558357692,48.25543395670919],[22.571943404951053,48.255847781122313],[22.57261190137373,48.256253947990501],[22.573290871962261,48.256652335444755],[22.573980112686449,48.257042823953107],[22.574679416429952,48.25742529635626],[22.575388573052489,48.257799637902671],[22.576107369452988,48.258165736282713],[22.576835589633642,48.258523481662287],[22.577573014764798,48.258872766715577],[22.578319423250726,48.259213486657082],[22.579074590796196,48.259545539272928],[22.579838290473909,48.259868824951333],[22.580610292792635,48.26018324671238],[22.581390365766229,48.26048871023692],[22.582178274983313,48.260785123894742],[22.582973783677716,48.261072398771908],[22.583776652799646,48.261350448697286],[22.584586641087487,48.261619190268242],[22.585403505140349,48.261878542875515],[22.586226999491135,48.262128428727337],[22.587056876680396,48.262368772872506],[22.5878928873306,48.262599503222852],[22.588734780221159,48.262820550574716],[22.589582302363844,48.263031848629531],[22.59043519907884,48.263233334013663],[22.591293214071293,48.263424946297263],[22.592156089508308,48.26360662801234],[22.593023566096416,48.263778324669801],[22.593895383159524,48.263939984775803],[22.594771278717207,48.264091559847046],[22.595650989563477,48.264233004425243],[22.596534251345844,48.264364276090646],[22.597420798644762,48.264485335474745],[22.598310365053393,48.264596146271963],[22.599202683257662,48.264696675250484],[22.600097485116578,48.264786892262187],[22.600994501742811,48.264866770251579],[22.601893463583497,48.264936285263914],[22.602794100501235,48.26499541645228],[22.603696141855277,48.265044146083895],[22.604599316582821,48.265082459545276],[22.605503353280504,48.265110345346706],[22.606407980285933,48.265127795125601],[22.607312925759334,48.265134803648991],[22.608217917765231,48.265131368815112],[22.609122684354155,48.265117491654038],[22.610026953644404,48.265093176327341],[22.610930453903674,48.265058430126864],[22.611832913630778,48.265013263472554],[22.612734061637216,48.264957689909352],[22.613633627128635,48.26489172610318],[22.61453133978625,48.264815391835896],[22.615426929848031,48.26472870999951],[22.616320128189798,48.264631706589263],[22.617210666406091,48.264524410695948],[22.618098276890787,48.264406854497196],[22.618982692917573,48.264279073247891],[22.619863648720052,48.26414110526968],[22.620740879571628,48.263992991939517],[22.621614121865047,48.263834777677374],[22.622483113191617,48.26366650993296],[22.62334759242006,48.263488239171593],[22.624207299774969,48.263300018859141]]}},
{"type":"Feature","properties":{"full_id":null,"ref":"L-03","osm_id":null,"highway":null,"layer":"Roads_red_perspective","path":"Roads_red_perspective.geojson"},"geometry":{"type":"LineString","coordinates":[[22.531415694338602,48.209464793457869],[22.532715686615248,48.211783295292832],[22.534076095460367,48.214086248588096],[22.535496507927224,48.216372956422951],[22.536976492855239,48.21864272688628],[22.538515601000825,48.220894873283875],[22.540113365173791,48.22312871434417],[22.54176930037913,48.225343574422091],[22.543482903964257,48.227538783701284],[22.545253655771582,48.229713678394333],[22.547081018296378,48.231867600941186],[22.548964436849982,48.233999900205532],[22.550903339728134,48.236109931669255],[22.552897138384516,48.238197057624696],[22.554945227609437,48.240260647364906],[22.557046985713498,48.242300077371603],[22.559201774716332,48.244314731500978],[22.561408940540261,48.246304001167182]]}},
{"type":"Feature","properties":{"full_id":"w23211315","ref":"М-24","osm_id":"23211315","highway":"trunk","layer":"Roads_red_perspective","path":"Roads_red_perspective.geojson"},"geometry":{"type":"LineString","coordinates":[[22.57639199567112,48.166609574038546],[22.57681349852902,48.166730084761092],[22.576844468714629,48.166739270476995],[22.578679753147146,48.167303350266337],[22.57889212996788,48.167368651996441],[22.579208731737697,48.167463621497014],[22.579305232617802,48.16749260045308],[22.579314005559571,48.167495188151669],[22.579458883608925,48.167536369324203],[22.580353443739344,48.167789970259889],[22.580378806350517,48.167797381763471],[22.581227142243701,48.168052724215329],[22.581737175049422,48.168206273880081],[22.582040809620526,48.168297644497827],[22.582421512216349,48.168412252877197],[22.583101510411371,48.168614913625646],[22.58380379335874,48.168824234661749],[22.583827478966963,48.168831021929954],[22.583851165878755,48.168837274156203],[22.584279889845615,48.168945618641096],[22.584347034407877,48.168960488828787],[22.584347395100544,48.168960557585322],[22.584415301485794,48.16897143129291],[22.584655622699472,48.169002653798209],[22.584720328072905,48.169009225689173],[22.584720677580581,48.169009251333812],[22.584785649219995,48.169012194312586],[22.585433635233752,48.169023398125454],[22.589784644967494,48.169098728207409],[22.589805939142998,48.169099235313439],[22.590419752478031,48.169117844528714],[22.590428427198557,48.169118065883374],[22.5949718171603,48.169188474247377],[22.595124536765358,48.169190283068545],[22.595190699901316,48.169189174891066],[22.595191055472281,48.169189158792079],[22.595257124202636,48.169184277802536],[22.595348519971306,48.169174900671685],[22.595437629158464,48.169162255408594],[22.595438072618229,48.169162174853916],[22.595525936286563,48.16914267291331],[22.596123343766386,48.168985577201042],[22.596185214901269,48.168970585869829],[22.596674520542528,48.168862043325596],[22.596717707781714,48.168853071113993],[22.597644200203113,48.168673561665521],[22.597876881568219,48.168645547478725],[22.598085406415141,48.168635476131477],[22.598160414842237,48.168633572931945],[22.59861218160799,48.168632454881866],[22.598748111918724,48.168637764053891],[22.599028238361488,48.168660377515174],[22.599164528304804,48.168677151020383],[22.599364780074652,48.168710364345614],[22.599434250440058,48.168723431822457],[22.599770443522154,48.168794209313418],[22.599813079033321,48.16880378049575],[22.601214992336711,48.169138185224163],[22.601329645417913,48.169169973756418],[22.601630069794396,48.169265139242128],[22.601721415151193,48.169297071272183],[22.602136996112709,48.16945626527324],[22.60219654275944,48.169480424519122],[22.603495301858111,48.170037253147591],[22.603639218325092,48.170107467243959],[22.60391002541127,48.17025638796904],[22.604109251334588,48.170385574817047],[22.604279656924714,48.170514522956537],[22.604545288384564,48.170715565944988],[22.604580878699018,48.170743280974733],[22.604830009329358,48.170942852677328],[22.605038298364903,48.171142200047889],[22.605208432073194,48.171374962196403],[22.605308498244636,48.171540724763055],[22.605316806782543,48.171554643210165],[22.606061089211813,48.172815590595313],[22.606065761758895,48.172823416474223],[22.607402798272609,48.175010272989837],[22.60740817807164,48.175019135047286],[22.607432979076105,48.175060282168332],[22.607643483004171,48.175405685903272],[22.607656234705445,48.175426970332829],[22.607679778661165,48.175466951989335],[22.607865602520988,48.17578249250672],[22.60938176104683,48.178357063609276],[22.609382905578205,48.178359010190292],[22.609585084139585,48.178703411589929],[22.60959087326826,48.178713128435959],[22.609601532586211,48.178730578489173],[22.609844373166204,48.179120738415342],[22.609905793651997,48.179219353317272],[22.610270362367579,48.179805074768097],[22.61028005218591,48.179820840277067],[22.610963755444409,48.180947446268888],[22.61114332399692,48.181243212065247],[22.611149428425797,48.181253348928166],[22.611948064346777,48.182590442645605],[22.612104218195874,48.182852062704605],[22.612200300002701,48.183012902371878],[22.612257563535639,48.183108838672716],[22.612461131140453,48.183449670881387],[22.612465754061702,48.183457325683676],[22.61270380424402,48.183842643444692],[22.612726616620414,48.183880711749332],[22.612844612548351,48.18408380511228],[22.612998415886608,48.18434832713119],[22.613291427533923,48.184852476626581],[22.61361574690752,48.185397375254325],[22.614585995308556,48.187027052656205],[22.614611725867906,48.187070236403258],[22.614890322618056,48.187536905189098],[22.616262554342999,48.189835805147645],[22.616601528277489,48.190396897135315],[22.616607724442034,48.190407239190051],[22.616949695642781,48.190982816691857],[22.617410720347287,48.19175879886776],[22.617415577788304,48.19176702931199],[22.617453807915126,48.191832240030706],[22.618549982367934,48.193701638406743],[22.618964497390362,48.19440233907526],[22.619596042574521,48.195470159490547],[22.620915052835269,48.197657306418897],[22.620919839283481,48.197665153238432],[22.621067603745317,48.1979018715869],[22.621126983298954,48.197988050173002],[22.6211272823118,48.197988444791562],[22.621194279920648,48.198069039687645],[22.621244047201646,48.198123693823554],[22.621284690470041,48.198166122802796],[22.621284918362768,48.198166348979093],[22.621327653397255,48.198206670317255],[22.621377575842299,48.198251443324423],[22.621438036857651,48.198301061683964],[22.621590704204781,48.198395853178191],[22.621661990394173,48.198428036950105],[22.621855557734278,48.198505399949781],[22.621899177793509,48.198521827332804],[22.621899423437945,48.198521914261264],[22.621943666921155,48.198536579959899],[22.622091063263806,48.198582180064392]]}},
{"type":"Feature","properties":{"full_id":null,"ref":"L-04","osm_id":null,"highway":null,"layer":"Roads_red_perspective","path":"Roads_red_perspective.geojson"},"geometry":{"type":"LineString","coordinates":[[22.605146650394417,48.17130008107641],[22.607044868734988,48.171083458955138],[22.608948386413175,48.170888613107984],[22.610856641749628,48.170715601277507],[22.612769071667035,48.170564474736302],[22.614685111856279,48.170435278271626],[22.616604196942937,48.170328050171932],[22.618525760654116,48.170242822215364],[22.620449235985554,48.17017961966026],[22.622374055368894,48.170138461237542],[22.624299650839212,48.17011935914509],[22.626225454202569,48.17012231904409],[22.628150897203675,48.170147340057348],[22.630075411693582,48.170194414769483],[22.631998429797328,48.170263529229281],[22.633919384081473,48.170354662953756],[22.635837707721585,48.170467788934381],[22.637752834669453,48.170602873645144],[22.639664199820132,48.170759877052639],[22.641571239178678,48.170938752628111],[22.643473390026596,48.171139447361341],[22.645370091087845,48.171361901776649],[22.647260782694488,48.171606049950711],[22.649144906951829,48.171871819532299],[22.651021907903015,48.172159131764055],[22.652891231693111,48.172467901506138],[22.654752326732499,48.1727980372617],[22.65660464385968,48.173149441204387],[22.658447636503272,48.17352200920773]]}},
{"type":"Feature","properties":{"full_id":null,"ref":"LL-01","osm_id":null,"highway":null,"layer":"Roads_red_perspective","path":"Roads_red_perspective.geojson"},"geometry":{"type":"LineString","coordinates":[[22.624119428936538,48.263304893555706],[22.624544137989183,48.263685118452592],[22.621908012834741,48.275889809769176],[22.640829533387748,48.306096550453439],[22.638954955500139,48.337648370655977],[22.689511808548922,48.404796476233798],[22.689511808548922,48.404796476233798]]}}
]
}
