{
"type": "FeatureCollection",
"name": "Probna1",
"crs": { "type": "name", "properties": { "name": "urn:ogc:def:crs:OGC:1.3:CRS84" } },
"features": [
{"type":"Feature","properties":{"ref":"M-79","layer":"Blue_roads_Rain","id_object":"BL0101"},"geometry":{"type":"LineString","coordinates":[[22.109533153650041,48.761104892916933],[22.073271787636738,48.432453971542124]]}},
{"type":"Feature","properties":{"ref":"79-1","layer":"Blue_roads_Rain","id_object":"bl0102"},"geometry":{"type":"LineString","coordinates":[[22.0749957,48.4322443],[22.080188,48.4318038],[22.0803483,48.4317843],[22.0818742,48.4316229],[22.0831043,48.4314866],[22.0833121,48.4314688],[22.0835803,48.4314492],[22.0838767,48.4314368],[22.0841297,48.4314327],[22.0845411,48.431429],[22.0913315,48.43136],[22.0916604,48.4313591],[22.0919563,48.4313642],[22.0921655,48.4313744],[22.0924464,48.4313936],[22.0930506,48.4314426],[22.0945868,48.4315832],[22.0959292,48.4317037],[22.0972939,48.4318304],[22.1009027,48.4321362],[22.1044389,48.4324113],[22.1058802,48.4325197],[22.1068186,48.43259],[22.1070178,48.4326042],[22.1075955,48.432647],[22.108022,48.4326701],[22.1083505,48.4326826],[22.1089581,48.4326977],[22.1108477,48.4327395],[22.1113479,48.4327493],[22.1118562,48.4327511],[22.113033,48.4327475],[22.1134236,48.4327481],[22.1135332,48.4327483],[22.1148093,48.4327502],[22.1159291,48.43276],[22.1169819,48.4327751],[22.1190901,48.4328053],[22.1201791,48.4328338],[22.1225093,48.432902],[22.1226431,48.4329039],[22.1229569,48.4329152],[22.1246973,48.4329695],[22.1250104,48.4329757],[22.1252049,48.432974],[22.1253289,48.432966],[22.1254912,48.4329495]]}},
{"type":"Feature","properties":{"ref":"19","layer":"Blue_roads_Rain","id_object":"BL0103"},"geometry":{"type":"LineString","coordinates":[[22.1071713,48.7638192],[22.1073324,48.763786],[22.1096264,48.7633136],[22.1123588,48.7627497],[22.1185398,48.7614681],[22.1217263,48.7608035],[22.1223659,48.760675],[22.1237398,48.760399],[22.1242234,48.7603018],[22.125869,48.7599712],[22.1275561,48.7596569],[22.1365237,48.7578389],[22.1419523,48.7567349],[22.1446715,48.7561882],[22.1473043,48.7556493],[22.1483328,48.7554426],[22.1484513,48.7554179],[22.1490181,48.7552979],[22.1493708,48.7552251],[22.1496008,48.7551711],[22.1498285,48.7551101],[22.1500504,48.755052],[22.1502914,48.7549837],[22.1507142,48.7548515],[22.1509206,48.754792],[22.1511113,48.7547322],[22.151654,48.7545641],[22.1523282,48.7543549],[22.153136,48.7541014],[22.1534528,48.7540023],[22.1548389,48.7535724],[22.1563541,48.7530982],[22.1587185,48.7523577],[22.158838,48.75232],[22.1588716,48.7523092],[22.1621191,48.7512914],[22.1622498,48.7512507],[22.163063,48.7510019],[22.1634988,48.7508634],[22.1637138,48.7507951],[22.164079,48.750679],[22.1642931,48.750611],[22.1646741,48.7504899],[22.1657659,48.7501431],[22.165917,48.7500938],[22.1661117,48.7500305],[22.1662815,48.749975],[22.1678024,48.7494975],[22.1681083,48.7494021],[22.1688831,48.7491517],[22.1691294,48.7490752],[22.1697553,48.7488774],[22.1706209,48.7486134],[22.1710342,48.7484833],[22.1717841,48.7482379],[22.1718949,48.7482023],[22.1726257,48.7479678],[22.1726502,48.7479597],[22.172736,48.7479315],[22.1731747,48.7477869],[22.1740674,48.747497],[22.1743035,48.7474203],[22.1746426,48.7473079],[22.1751385,48.7471499],[22.1754651,48.7470481],[22.1757647,48.7469515],[22.1761064,48.7468413],[22.1768504,48.7465995],[22.1770516,48.7465422],[22.1773411,48.7464474],[22.1781894,48.7461767],[22.1783851,48.7461202],[22.1788548,48.7459714],[22.1792395,48.7458457],[22.1795126,48.7457613],[22.1799401,48.7456236],[22.1805164,48.7454473],[22.1805985,48.7454209],[22.1808606,48.7453366],[22.1809216,48.7453169],[22.18101,48.7452884],[22.1813054,48.7451979],[22.1815243,48.7451248],[22.1816386,48.7450878],[22.1816713,48.7450771],[22.1819973,48.7449707],[22.1829058,48.7446733],[22.1831033,48.74461],[22.1833854,48.744526],[22.1841989,48.7442393],[22.184419,48.7441643],[22.185448,48.7438231],[22.1856657,48.7437479],[22.1861119,48.7435938],[22.1870056,48.7432704],[22.1874306,48.743102],[22.189965,48.7420975],[22.1908915,48.741764],[22.1918213,48.7414928],[22.1920602,48.7414385],[22.1922873,48.7413886],[22.1927858,48.7412873],[22.1937355,48.741101],[22.1956965,48.7407503],[22.1995666,48.7400421],[22.2023776,48.7395058],[22.2035609,48.7392934],[22.205138,48.7389998],[22.2056604,48.7389121],[22.2079014,48.7385357],[22.2081668,48.7384731],[22.2082091,48.7384612],[22.2082763,48.7384422],[22.2083323,48.7384248],[22.2084142,48.7383941],[22.2085376,48.7383363],[22.2085993,48.7383075],[22.2086979,48.7382584],[22.2088209,48.7381868],[22.2089381,48.7381095],[22.2090744,48.7380022],[22.2092027,48.7379021],[22.2093334,48.7377901],[22.2094401,48.7376882],[22.209506,48.7376201],[22.2095792,48.737551],[22.2096093,48.7375005],[22.2096345,48.7374675],[22.209691,48.7373477],[22.2097158,48.7372906],[22.2097421,48.7372298],[22.2098143,48.7370619],[22.2100535,48.7365494],[22.2101785,48.7362707],[22.2102323,48.7361439],[22.2103088,48.7359808],[22.21043,48.7356877],[22.2105367,48.7354196],[22.2106184,48.7352687],[22.2106496,48.7351833],[22.2106806,48.7350722],[22.2107111,48.7349334],[22.2107414,48.7347696],[22.2108549,48.7340786],[22.2109841,48.7331267],[22.211119,48.7321779],[22.211251,48.7312282],[22.211278,48.7310279],[22.2113141,48.7307604],[22.2113293,48.730648],[22.2113444,48.7305274],[22.2113657,48.7302776],[22.2114175,48.7294131],[22.2114507,48.7288602],[22.2114819,48.728103],[22.2115362,48.7274747],[22.2115562,48.7272674],[22.2115762,48.7271247],[22.211593,48.7270259],[22.2116138,48.7269426],[22.2116289,48.7268744],[22.2116471,48.7268124],[22.2116695,48.7267551],[22.211693,48.7267078],[22.2117232,48.7266538],[22.2117535,48.7266041],[22.2118229,48.7265031],[22.2118886,48.7264151],[22.2119553,48.726335],[22.212715,48.7254723],[22.213273,48.7248063],[22.2133837,48.7246742],[22.2134298,48.7246191],[22.2135081,48.7245162],[22.2136519,48.7243288],[22.2137498,48.7241915],[22.2138432,48.7240626],[22.2139766,48.7238629],[22.214569,48.7229686],[22.2148411,48.7225162],[22.2149374,48.7223561],[22.2153908,48.7216024],[22.2155292,48.7213723],[22.21606,48.7204703],[22.2162155,48.720194],[22.2162585,48.7201213],[22.2164035,48.7198622],[22.2168392,48.7190709],[22.2172752,48.7182988],[22.2181623,48.7167467],[22.2188064,48.7156224],[22.2194435,48.7145016],[22.2206623,48.7123291],[22.2210446,48.7116572],[22.2212424,48.7113249],[22.221364,48.711142],[22.2214268,48.7110289],[22.2215693,48.7108045],[22.2216927,48.7106242],[22.2218282,48.7104385],[22.2220634,48.7101415],[22.2221661,48.7100093],[22.2223667,48.7097513],[22.2226348,48.7094122],[22.223605,48.7081655],[22.224164,48.7074544],[22.2247142,48.7067494],[22.2249287,48.7064811],[22.2252267,48.7060917],[22.2252959,48.7060018],[22.2253184,48.7059732],[22.2258244,48.7053309],[22.225906,48.705218],[22.2266364,48.7042548],[22.2273285,48.703316],[22.228809,48.7014738],[22.2294836,48.7005911],[22.2295548,48.7004987],[22.2299058,48.700036],[22.2303397,48.6994758],[22.2303989,48.699402],[22.2317812,48.6976126],[22.2330526,48.6959654],[22.2336594,48.6951926],[22.2342734,48.6944202],[22.2355025,48.6928925],[22.235593,48.6927795],[22.2358696,48.6924364],[22.2370607,48.6908977],[22.2382542,48.6893578],[22.2385189,48.6890165],[22.2387833,48.6886863],[22.2388567,48.6885953],[22.2393259,48.6880137],[22.2394082,48.6879222],[22.2396074,48.6877084],[22.2397935,48.6874968],[22.2399247,48.6873647],[22.2399471,48.687343],[22.2405432,48.6867642],[22.2407386,48.6865531],[22.2418063,48.6855236],[22.2421592,48.6851807],[22.2427247,48.6846312],[22.2436246,48.6837587],[22.244514,48.6828907],[22.2454036,48.6820272],[22.2459226,48.6815116],[22.2464812,48.6809728],[22.2473377,48.6801369],[22.2481791,48.6793054],[22.2482865,48.6792],[22.2485178,48.6789879],[22.2486304,48.678876],[22.248752,48.6787552],[22.2487791,48.6787288],[22.2488274,48.6786786],[22.2489309,48.6785711],[22.249013,48.6784899],[22.2492274,48.6782893],[22.2493364,48.6781802],[22.2494692,48.6780385],[22.2499231,48.6775397],[22.2504633,48.6769268],[22.2507939,48.6765517],[22.2515802,48.6756071],[22.2524269,48.6746564],[22.2544788,48.6723325],[22.2553133,48.6713476],[22.2553856,48.6712649],[22.256424,48.6700892],[22.2568088,48.6696057],[22.2571387,48.6691207],[22.2571863,48.6690207],[22.2572431,48.6688952],[22.2572941,48.6687788],[22.2573431,48.6686381],[22.2574805,48.6681888],[22.2575133,48.6680398],[22.2575375,48.6679007],[22.2575469,48.6678124],[22.2575527,48.6677075],[22.2575539,48.6676087],[22.2575498,48.6674801],[22.257533,48.6673521],[22.257504,48.6671806],[22.25744,48.6668522],[22.257333,48.6663357],[22.2565661,48.6634315],[22.2565049,48.6632002],[22.2563829,48.6627395],[22.2560263,48.6613924],[22.2558672,48.6607917],[22.2557055,48.6601808],[22.2552596,48.6583567],[22.2552489,48.6581006],[22.2552436,48.6578943],[22.2552631,48.6577249],[22.2552805,48.6576154],[22.255313,48.6574186],[22.2553443,48.6572455],[22.2553687,48.6571505],[22.2554058,48.6570443],[22.2555577,48.6567285],[22.2556342,48.6565913],[22.2557306,48.656459],[22.2560215,48.6561433],[22.2563285,48.6558411],[22.2564888,48.6557074],[22.2566511,48.655591],[22.25699,48.6553758],[22.2572388,48.6552367],[22.2575954,48.6550682],[22.2579896,48.6549393],[22.2583391,48.6548526],[22.2587106,48.6547907],[22.259041,48.6547512],[22.2593043,48.6547401],[22.259564,48.6547478],[22.2598446,48.6547677],[22.2601488,48.6548012],[22.2604371,48.6548542],[22.2607131,48.6549339],[22.2609937,48.6550289],[22.2612853,48.6551436],[22.2614158,48.6552027],[22.2615503,48.6552778],[22.2616766,48.6553521],[22.261818,48.6554565],[22.2627903,48.6562497],[22.2631542,48.6565344],[22.2636786,48.6569425],[22.2637647,48.6569975],[22.2639607,48.6571033],[22.2640409,48.6571406],[22.2641163,48.6571728],[22.2641974,48.6572011],[22.2642739,48.6572227],[22.2644537,48.6572662],[22.2646876,48.6573143]]}},
{"type":"Feature","properties":{"ref":"19","layer":"Blue_roads_Rain","id_object":"BL0103"},"geometry":{"type":"LineString","coordinates":[[22.2646876,48.6573143],[22.2652449,48.6573775],[22.2654595,48.6573807],[22.2656015,48.6573487],[22.2656903,48.6573071],[22.2657526,48.6572473]]}},
{"type":"Feature","properties":{"ref":"19","layer":"Blue_roads_Rain","id_object":"BL0103"},"geometry":{"type":"LineString","coordinates":[[22.2646876,48.6573143],[22.2647112,48.6572205],[22.264717,48.6571944],[22.2647312,48.6571301],[22.2647407,48.6570782],[22.2647553,48.6569984],[22.2648199,48.6565179]]}},
{"type":"Feature","properties":{"ref":"19","layer":"Blue_roads_Rain","id_object":"BL0103"},"geometry":{"type":"LineString","coordinates":[[22.2648199,48.6565179],[22.2647783,48.6563939],[22.2646992,48.6562601],[22.2646346,48.6560746],[22.2646418,48.6559758],[22.2646981,48.6557114],[22.2647831,48.6553674],[22.2648991,48.6551944],[22.2651885,48.6549294]]}},
{"type":"Feature","properties":{"ref":"19","layer":"Blue_roads_Rain","id_object":"BL0103"},"geometry":{"type":"LineString","coordinates":[[22.2651885,48.6549294],[22.2652651,48.654995],[22.2653295,48.6551501],[22.2653426,48.6553303],[22.2653197,48.6554753],[22.26525,48.6558218],[22.2651687,48.6560898],[22.2650973,48.6561875],[22.2650197,48.6562712],[22.2649708,48.6563146],[22.2649071,48.6563705],[22.2648772,48.656421],[22.2648199,48.6565179]]}},
{"type":"Feature","properties":{"ref":"19","layer":"Blue_roads_Rain","id_object":"BL0103"},"geometry":{"type":"LineString","coordinates":[[22.2651885,48.6549294],[22.2651912,48.6549002]]}},
{"type":"Feature","properties":{"ref":"19","layer":"Blue_roads_Rain","id_object":"BL0103"},"geometry":{"type":"LineString","coordinates":[[22.2657526,48.6572473],[22.2657201,48.6571224],[22.2657706,48.6568343],[22.2658107,48.6566237],[22.2658592,48.6563691],[22.2658652,48.6563391],[22.2659504,48.655857],[22.2659558,48.6557295],[22.265925,48.6556072],[22.2658834,48.6554123],[22.2659089,48.655228],[22.2659748,48.6550294]]}},
{"type":"Feature","properties":{"ref":"19","layer":"Blue_roads_Rain","id_object":"BL0103"},"geometry":{"type":"LineString","coordinates":[[22.2661413,48.6550302],[22.2661289,48.6551683],[22.2661049,48.6554365],[22.2661017,48.6554724],[22.2661248,48.6556559],[22.266134,48.6558638],[22.2660443,48.6564081],[22.266009,48.6566347],[22.2659735,48.6568622],[22.2659502,48.6570827],[22.2658988,48.6571784],[22.2657526,48.6572473]]}},
{"type":"Feature","properties":{"ref":"М-8-B","layer":"Blue_roads_Rain","id_object":"BL0104"},"geometry":{"type":"LineString","coordinates":[[22.274769121394478,48.660986941778624],[22.274795021394478,48.660834741778622],[22.274828421394478,48.660639041778623]]}},
{"type":"Feature","properties":{"ref":"М-8-B","layer":"Blue_roads_Rain","id_object":"BL0104"},"geometry":{"type":"LineString","coordinates":[[22.274828421394478,48.660639041778623],[22.274870121394478,48.660354041778625],[22.275048521394478,48.660242841778626],[22.275098921394477,48.660014941778627],[22.275167821394476,48.659722041778622],[22.275198021394477,48.659644541778626],[22.275209521394476,48.659571441778624],[22.275231421394476,48.659376041778621],[22.275186721394476,48.659210141778622],[22.275107921394476,48.658930141778626],[22.275127121394476,48.658797741778621]]}},
{"type":"Feature","properties":{"ref":"М-8-B","layer":"Blue_roads_Rain","id_object":"BL0104"},"geometry":{"type":"LineString","coordinates":[[22.275127121394476,48.658797741778621],[22.275282821394477,48.659092941778624],[22.275362321394478,48.659343541778625],[22.275386121394476,48.659507041778625],[22.275387021394476,48.659585441778624],[22.275372521394477,48.659661641778627],[22.275355721394476,48.659736841778624],[22.275237121394479,48.660080041778627],[22.275209321394478,48.660166541778622],[22.275158221394477,48.660234541778621],[22.275013821394477,48.660359641778626],[22.274954021394478,48.660488041778628],[22.274828421394478,48.660639041778623]]}},
{"type":"Feature","properties":{"ref":"М-8-B","layer":"Blue_roads_Rain","id_object":"BL0104"},"geometry":{"type":"LineString","coordinates":[[22.295487121394476,48.661108041778625],[22.294899921394478,48.661041441778622],[22.294736621394478,48.661013041778624],[22.294480821394476,48.660972741778622],[22.294212621394479,48.660928541778624],[22.293757521394479,48.660835441778623],[22.293241621394479,48.660708841778622],[22.292775221394479,48.660573741778627],[22.292225121394477,48.660373941778623],[22.291727121394477,48.660180141778625],[22.290618421394477,48.659669241778623],[22.288958221394477,48.658791641778627],[22.287584721394477,48.658042441778626],[22.287116821394477,48.657787141778627],[22.283821721394478,48.656029141778625],[22.280509621394476,48.654248041778622],[22.279835421394477,48.653890041778624],[22.279121621394477,48.653507441778622],[22.278567721394477,48.653213741778622],[22.278377921394476,48.653114241778624],[22.278157021394478,48.652998441778621],[22.278013421394476,48.652962541778621],[22.277865721394477,48.652946741778621],[22.277657021394479,48.652937041778621],[22.277448821394476,48.652938641778626],[22.277236321394476,48.652947241778627],[22.277090121394476,48.652963141778621],[22.276855021394478,48.653010541778627],[22.276574621394477,48.653111141778624],[22.276410021394476,48.653196341778624],[22.276272421394477,48.653288741778624],[22.276165021394476,48.653396141778622],[22.276103721394477,48.653716841778625],[22.275918121394476,48.654672941778621],[22.275894921394478,48.654791241778625],[22.275829521394478,48.655125641778625],[22.275806621394477,48.655250541778621],[22.275552721394476,48.656637041778623],[22.275545621394478,48.656673341778621],[22.275500621394478,48.656903041778627],[22.275478221394476,48.657017141778624],[22.275394621394476,48.657441541778624],[22.275378621394477,48.657522541778626],[22.275209521394476,48.658380241778623],[22.275153821394479,48.658662441778624],[22.275127121394476,48.658797741778621]]}},
{"type":"Feature","properties":{"ref":"М-8-B","layer":"Blue_roads_Rain","id_object":"BL0104"},"geometry":{"type":"LineString","coordinates":[[22.275552721394476,48.661116141778621],[22.275691521394478,48.661026041778626],[22.275759021394478,48.660982241778626],[22.275944121394478,48.660898441778627],[22.276004621394478,48.660876441778626],[22.276298921394478,48.660769041778622],[22.277364121394477,48.660391041778624],[22.277779121394477,48.660244041778626],[22.278155621394479,48.660020841778625],[22.278420821394477,48.659902141778623],[22.278929921394479,48.659814541778623],[22.279230521394478,48.659766741778625],[22.279500721394477,48.659763641778625],[22.279890621394479,48.659759241778623],[22.280160521394478,48.659783841778626],[22.280445721394479,48.659787841778623],[22.280778121394476,48.659766441778622],[22.281103321394479,48.659741041778624],[22.282403921394476,48.659738241778626]]}},
{"type":"Feature","properties":{"ref":"М-8-B","layer":"Blue_roads_Rain","id_object":"BL0104"},"geometry":{"type":"LineString","coordinates":[[22.282403921394476,48.659738241778626],[22.281732221394478,48.660181941778625],[22.280771621394479,48.660210341778622],[22.279986221394477,48.660233641778625],[22.279535421394478,48.660246941778624],[22.279251421394477,48.660255341778623],[22.278865821394476,48.660266741778621],[22.278677521394478,48.660283641778626],[22.278395221394476,48.660379741778627],[22.278112821394476,48.660543641778624],[22.277911721394478,48.660659541778621],[22.277710621394476,48.660724541778627],[22.276662521394478,48.660879941778624],[22.275953121394476,48.660965341778628],[22.275836321394479,48.661006941778624],[22.275759021394478,48.661056941778625],[22.275719221394478,48.661116941778623]]}},
{"type":"Feature","properties":{"ref":"М-8-B","layer":"Blue_roads_Rain","id_object":"BL0104"},"geometry":{"type":"LineString","coordinates":[[22.282403921394476,48.659738241778626],[22.283578321394476,48.659712141778627],[22.283947121394476,48.659696241778626],[22.284393521394477,48.659650441778624],[22.284965221394476,48.659563841778628],[22.285422221394477,48.659489741778621],[22.285808221394479,48.659450041778626],[22.286268021394477,48.659438541778627],[22.286662221394476,48.659492441778625],[22.286957421394476,48.659550641778623],[22.287545321394479,48.659682941778627],[22.288054421394477,48.659838341778624],[22.289188721394478,48.660340441778622],[22.289538921394477,48.660525441778624],[22.290048021394476,48.660823241778623],[22.290863121394477,48.661249741778626],[22.291441521394479,48.661555941778623],[22.291851721394476,48.661775841778621],[22.292248421394476,48.661968141778623],[22.292613221394479,48.662097941778626],[22.292953921394478,48.662161441778622],[22.293246521394476,48.662185341778624],[22.293515121394478,48.662190641778622],[22.293875821394476,48.662153541778622],[22.294172421394478,48.662082041778625],[22.294445021394477,48.661992041778625],[22.294673521394476,48.661878141778622],[22.294890221394478,48.661749641778627]]}},
{"type":"Feature","properties":{"ref":"М-8-B","layer":"Blue_roads_Rain","id_object":"BL0104"},"geometry":{"type":"LineString","coordinates":[[22.294890221394478,48.661749641778627],[22.295196321394478,48.661498741778622],[22.295309721394478,48.661360241778624],[22.295487121394476,48.661108041778625]]}},
{"type":"Feature","properties":{"ref":"М-8-B","layer":"Blue_roads_Rain","id_object":"BL0104"},"geometry":{"type":"LineString","coordinates":[[22.295487121394476,48.661108041778625],[22.295496321394477,48.661198241778621],[22.295527021394477,48.661303841778626],[22.295359821394477,48.661431141778621],[22.294890221394478,48.661749641778627]]}},
{"type":"Feature","properties":{"ref":"М-8-B","layer":"Blue_roads_Rain","id_object":"BL0104"},"geometry":{"type":"LineString","coordinates":[[22.318045021394479,48.648995041778626],[22.317196821394479,48.649300141778625],[22.316786721394479,48.649477641778624],[22.316533421394478,48.649607641778623],[22.316242921394476,48.649775041778625],[22.315849521394476,48.650029541778622],[22.315566521394476,48.650244041778627],[22.315241121394479,48.650551541778626],[22.315093521394477,48.650699841778625],[22.314956821394478,48.650838541778626],[22.314869321394479,48.650942141778621],[22.314828121394477,48.650991041778624],[22.314696621394479,48.651162941778622],[22.314550921394478,48.651374141778625],[22.314441821394478,48.651542141778627],[22.314342021394477,48.651736141778628],[22.314256821394476,48.651919641778626],[22.314205221394477,48.652079941778624],[22.314137721394477,48.652321441778625],[22.314081921394479,48.652698741778622],[22.314043621394479,48.653342141778623],[22.314030321394476,48.653646841778624],[22.314001921394478,48.654490941778626],[22.313961721394477,48.654900341778621],[22.313918721394476,48.655290941778624],[22.313891921394479,48.655449641778624],[22.313819521394478,48.655733141778626],[22.313732321394479,48.656022841778622],[22.313515321394476,48.656447241778622],[22.313242921394476,48.656863641778621],[22.312979621394476,48.657187541778626],[22.312679721394478,48.657526441778622],[22.312432921394478,48.657792241778623],[22.312074021394476,48.658181641778626],[22.311745821394478,48.658552441778625],[22.311139921394478,48.659030741778622],[22.310700021394478,48.659366441778623],[22.310226221394476,48.659686841778623],[22.310064421394479,48.659796241778622],[22.309558421394478,48.660075841778621],[22.308809221394476,48.660407541778625],[22.308058021394476,48.660704541778621],[22.307553921394476,48.660861141778625],[22.306886521394478,48.661030541778622],[22.305768821394476,48.661246741778626],[22.305270621394477,48.661324241778622],[22.304730521394479,48.661369141778621],[22.303817621394476,48.661398041778625],[22.303040421394478,48.661392341778622],[22.300743121394476,48.661317041778624],[22.297979321394479,48.661226741778627],[22.297441121394478,48.661209141778627],[22.295948021394477,48.661141141778621],[22.295487121394476,48.661108041778625]]}},
{"type":"Feature","properties":{"ref":"М-8-B","layer":"Blue_roads_Rain","id_object":"BL0104"},"geometry":{"type":"LineString","coordinates":[[22.338297221394477,48.598218341778626],[22.338243921394476,48.598469341778625],[22.338212521394478,48.598606841778626],[22.338116621394477,48.599007141778621],[22.338021921394478,48.599369541778621],[22.337914621394479,48.599794041778622],[22.337868421394479,48.599976741778626],[22.337400321394476,48.601860441778626],[22.337233421394476,48.602532141778624],[22.336948221394476,48.603700141778624],[22.336701521394478,48.604660441778627],[22.336618321394479,48.605015141778622],[22.336574621394476,48.605262641778623],[22.336525621394479,48.605564641778621],[22.336479621394478,48.606063941778622],[22.336481521394479,48.606407541778623],[22.336512921394476,48.606767041778625],[22.336559321394478,48.607086941778626],[22.336636221394478,48.607409941778627],[22.336728321394478,48.607691741778623],[22.336832221394477,48.607979441778625],[22.337030721394477,48.608428541778622],[22.337849821394478,48.610106141778623],[22.338177821394478,48.610756841778624],[22.338841321394476,48.612062141778623],[22.339018921394477,48.612424741778625],[22.339222821394479,48.612835341778627],[22.339397121394477,48.613207741778623],[22.339532521394478,48.613554241778623],[22.339654621394477,48.613945541778627],[22.339746821394478,48.614339441778625],[22.339762821394476,48.614408141778625],[22.339784321394479,48.614499941778625],[22.339863821394477,48.614913841778623],[22.340000821394476,48.615782341778626],[22.340044321394476,48.616059841778622],[22.340253521394477,48.617638741778627],[22.340546821394476,48.620102841778625],[22.340619121394479,48.620731141778627],[22.340660121394478,48.621061941778628],[22.340677921394477,48.621287241778624],[22.340680221394479,48.622072441778627],[22.340680121394477,48.623812841778623],[22.340722621394477,48.624200441778626],[22.340813921394478,48.624534241778626],[22.340996721394479,48.624909241778624],[22.341439621394478,48.625456941778623],[22.341676521394476,48.625711841778624],[22.341809321394479,48.625854741778625],[22.342172321394479,48.626195241778625],[22.342955821394476,48.626799041778625],[22.343770621394476,48.627358941778624],[22.344389121394478,48.627828841778623],[22.344690421394478,48.628115141778622],[22.345022121394479,48.628523141778622],[22.345282721394476,48.629011541778624],[22.345510121394476,48.629707841778625],[22.345656621394479,48.630185541778623],[22.345898521394478,48.630999341778626],[22.346034721394478,48.631574341778624],[22.346065121394478,48.631790841778624],[22.346072521394479,48.632079641778624],[22.346065121394478,48.632221641778621],[22.346046321394478,48.632345741778622],[22.345991721394476,48.632572341778626],[22.345888021394476,48.632813841778621],[22.345779121394479,48.633024541778624],[22.345684221394478,48.633193241778621],[22.345579621394478,48.633365141778626],[22.345480321394476,48.633508741778627],[22.345362521394478,48.633662041778621],[22.345255921394479,48.633788841778625],[22.345137921394478,48.633909441778627],[22.344929121394479,48.634091541778623],[22.344751721394477,48.634239141778622],[22.344569921394477,48.634381141778626],[22.344383621394478,48.634526541778627],[22.343955521394477,48.634860841778625],[22.343200021394477,48.635439341778621],[22.342884921394479,48.635685641778622],[22.342377621394476,48.636082041778621],[22.342114921394476,48.636284241778625],[22.341879821394478,48.636465241778623],[22.341599921394476,48.636681541778621],[22.340911421394477,48.637252341778627],[22.340067521394477,48.637906841778623],[22.339075921394478,48.638683841778622],[22.338399321394476,48.639220441778626],[22.338081921394476,48.639468541778626],[22.337640221394476,48.639796541778622],[22.337211121394478,48.640099641778626],[22.336774621394476,48.640416141778623],[22.335302821394478,48.641447741778627],[22.334399721394476,48.642084941778627],[22.333741121394478,48.642527341778624],[22.333612421394477,48.642615541778625],[22.332314621394477,48.643504641778627],[22.331881221394479,48.643801641778623],[22.331487721394478,48.644074641778623],[22.331042021394477,48.644383841778627],[22.330682621394477,48.644630141778627],[22.330309821394476,48.644855241778622],[22.330130021394478,48.644951141778627],[22.329818921394477,48.645098141778625],[22.329453221394477,48.645253641778623],[22.328659821394478,48.645517741778626],[22.328612921394477,48.645533941778623],[22.328553421394478,48.645553941778623],[22.328024121394478,48.645739441778623],[22.326418021394478,48.646267741778622],[22.325902921394476,48.646437141778627],[22.325392221394477,48.646600941778622],[22.324927121394477,48.646743741778621],[22.323630721394476,48.647170341778626],[22.323037421394478,48.647365541778626],[22.322828821394477,48.647434141778625],[22.322812521394479,48.647439541778624],[22.321478621394476,48.647882541778621],[22.320288621394479,48.648265441778626],[22.319761721394478,48.648428541778621],[22.319069721394477,48.648649541778624],[22.318737621394476,48.648755041778621]]}},
{"type":"Feature","properties":{"ref":"М-8-B","layer":"Blue_roads_Rain","id_object":"BL0104"},"geometry":{"type":"LineString","coordinates":[[22.338297221394477,48.598218341778626],[22.338241721394478,48.598206541778623],[22.338195021394476,48.598183341778622],[22.338162621394478,48.598151341778625],[22.338147821394479,48.598113941778621],[22.338152521394477,48.598075541778627],[22.338176121394476,48.598040241778627],[22.338215921394479,48.598012041778624],[22.338267521394478,48.597994041778627],[22.338323821394479,48.597988341778624]]}},
{"type":"Feature","properties":{"ref":"М-8-B","layer":"Blue_roads_Rain","id_object":"BL0104"},"geometry":{"type":"LineString","coordinates":[[22.338323821394479,48.597988341778624],[22.338379821394476,48.597994841778622],[22.338429821394477,48.598012941778627],[22.338468221394479,48.598040741778625],[22.338491121394476,48.598075241778623],[22.338496121394478,48.598112741778621],[22.338482621394476,48.598149241778621],[22.338452021394477,48.598181041778624],[22.338407621394477,48.598204641778622],[22.338354121394477,48.598217441778623],[22.338297221394477,48.598218341778626]]}},
{"type":"Feature","properties":{"ref":"М-8-B","layer":"Blue_roads_Rain","id_object":"BL0104"},"geometry":{"type":"LineString","coordinates":[[22.342610421394479,48.585893841778621],[22.342583621394478,48.585983841778621],[22.342548821394477,48.586128241778624],[22.342500421394476,48.586342341778625],[22.342458921394478,48.586581441778627],[22.342411921394476,48.586810741778621],[22.342393121394476,48.587036141778626],[22.342379021394478,48.587483541778624],[22.342366321394476,48.587886041778624],[22.342350221394476,48.588280041778624],[22.342321921394479,48.589068841778627],[22.342310521394477,48.589381941778626],[22.342251021394478,48.589820141778624],[22.342140521394477,48.590258141778627],[22.342031021394476,48.590568941778621],[22.341868921394479,48.590872641778624],[22.340856121394477,48.592439541778624],[22.340357221394477,48.593211241778626],[22.339634421394479,48.594440841778621],[22.339419121394478,48.594909941778624],[22.339353221394479,48.595053541778626],[22.339115421394478,48.595571741778627],[22.339064221394477,48.595691141778623],[22.338918721394478,48.596071541778628],[22.338809721394476,48.596352841778625],[22.338645521394476,48.596864541778622],[22.338479821394479,48.597484741778622],[22.338323821394479,48.597988341778624]]}},
{"type":"Feature","properties":{"ref":"М-8-B","layer":"Blue_roads_Rain","id_object":"BL0104"},"geometry":{"type":"LineString","coordinates":[[22.342524312491722,48.582547551983737],[22.342734683848121,48.58253544427977],[22.343129783848124,48.582547644279771],[22.343315283848124,48.582557244279769],[22.343330983848123,48.582557744279775],[22.343608583848123,48.58258404427977],[22.343858783848123,48.582620144279772],[22.343869783848124,48.582621844279771],[22.344104783848124,48.582649644279769],[22.344184483848125,48.582657444279775],[22.344445383848122,48.582686044279775],[22.344668183848125,48.582689944279771],[22.344834383848124,48.582683444279773],[22.344980983848124,48.582652444279773],[22.345194383848124,48.582579544279774],[22.345335983848123,48.582518344279769],[22.345479683848122,48.582428644279773],[22.345890783848123,48.582166544279772],[22.346792383848122,48.581591544279775],[22.347831783848122,48.580918444279774],[22.351985183848122,48.578231644279775],[22.352359583848123,48.577990044279773],[22.352861083848122,48.577656844279772],[22.353206283848124,48.57742744427977],[22.353847183848124,48.577014144279772],[22.354051983848123,48.57688204427977],[22.354385483848123,48.576667044279773],[22.354899583848123,48.576335444279771],[22.355653883848124,48.57584894427977],[22.355982483848123,48.575641244279772],[22.357865883848124,48.574413744279774],[22.359692983848124,48.573241544279774],[22.359860083848123,48.573134244279771],[22.360916483848122,48.572446544279771],[22.362816483848125,48.571230344279769],[22.364145883848124,48.570383544279771],[22.364263583848125,48.570307644279772],[22.365634783848122,48.569430344279773],[22.365927083848124,48.569233444279774],[22.366828183848124,48.568636844279773],[22.367031683848122,48.568499844279771],[22.367366783848123,48.568266444279772],[22.367806483848124,48.567937144279774],[22.368287783848125,48.567496744279772],[22.368582883848124,48.567149544279772],[22.368933783848124,48.566734744279771],[22.369253783848123,48.566317344279774],[22.369619483848123,48.565707644279776],[22.369863483848125,48.565114244279769],[22.370178583848123,48.56431294427977],[22.370377083848123,48.563766144279775],[22.370594383848122,48.563220444279771],[22.370743083848122,48.562895744279771],[22.370886683848124,48.562613944279775],[22.371007083848124,48.562403444279774],[22.371238083848123,48.562065444279774],[22.371485483848122,48.561760344279776],[22.371785183848122,48.561416144279775],[22.372125783848123,48.561066344279773],[22.372581283848124,48.560680444279775],[22.372833983848125,48.560476444279772],[22.373152483848123,48.560244844279772],[22.373469683848121,48.560032644279772],[22.373818483848122,48.559828444279773],[22.374231383848123,48.559608344279773],[22.374566683848123,48.559452044279773],[22.374831483848123,48.559336444279772],[22.375188883848121,48.559176844279776],[22.375650283848124,48.558998944279772],[22.376368383848124,48.558755344279774],[22.377092383848122,48.558551844279769],[22.377570783848125,48.558447144279775],[22.378117183848122,48.558340544279773],[22.378622183848123,48.558258944279771],[22.379214883848125,48.558175244279774],[22.380164283848124,48.558108844279772],[22.382371583848123,48.558073344279769],[22.383144383848123,48.558060144279771],[22.383603983848122,48.558051944279775],[22.383895383848124,48.558026344279774],[22.384210583848123,48.557989844279774],[22.384702783848123,48.557909544279774],[22.385142583848122,48.557823944279775],[22.385582483848122,48.557736944279775],[22.386117083848124,48.557617444279771],[22.386483783848124,48.557515044279775],[22.386823983848124,48.557420744279774],[22.387157483848124,48.557308944279775],[22.387702583848125,48.557130044279774],[22.388317283848124,48.556928244279774],[22.389192683848123,48.556640944279771],[22.389574083848125,48.556500144279774],[22.390690283848123,48.556117744279774],[22.391172283848125,48.555948044279774],[22.392086683848124,48.55561884427977],[22.393041383848121,48.555317944279771],[22.393348983848124,48.555219744279775],[22.394875783848121,48.554732644279774],[22.396237083848124,48.554258444279775],[22.397575183848122,48.553805444279774],[22.398107083848124,48.553634544279774],[22.398650183848122,48.553472144279773],[22.399166083848122,48.553319644279775],[22.399637183848125,48.553219944279775],[22.400098883848123,48.553140644279772],[22.400554983848124,48.553094844279769],[22.400990583848124,48.55306574427977],[22.401396783848124,48.553049544279773],[22.401921483848124,48.553048444279774],[22.402498683848123,48.553062944279773],[22.403037083848123,48.553093844279772],[22.403673983848122,48.553175544279775],[22.404202483848124,48.553273144279771],[22.404567583848124,48.553345444279771],[22.405001783848125,48.553440144279776],[22.405564583848122,48.553584644279773],[22.406496883848124,48.553827844279773],[22.406915283848122,48.553925844279775],[22.407364683848122,48.554004744279773],[22.407718683848124,48.554063344279776],[22.408038783848124,48.554103744279772],[22.408511983848122,48.554152644279775],[22.409035683848124,48.554178744279774],[22.409555983848122,48.554181044279773],[22.410419183848123,48.554159244279774],[22.411383583848124,48.554080444279769],[22.411846683848122,48.554029644279773],[22.412265683848123,48.553965844279773],[22.412734483848123,48.553864544279776],[22.413225483848123,48.55371814427977],[22.413745683848123,48.553553744279775],[22.414259683848123,48.55334724427977],[22.414520883848123,48.55323594427977],[22.414832283848124,48.553094444279772],[22.415226283848124,48.552889644279773],[22.416201183848123,48.552379644279775],[22.417486483848123,48.551678344279772],[22.419388883848121,48.55063844427977],[22.419828983848124,48.55042324427977],[22.420443783848125,48.550141444279774],[22.421272583848122,48.54981464427977],[22.422128483848123,48.549531644279774],[22.422950683848121,48.54930084427977],[22.425519983848123,48.548729744279775],[22.426092783848123,48.548602444279773],[22.428336183848124,48.548114044279771],[22.429215383848124,48.547961844279776],[22.430174883848125,48.547839244279771],[22.430997883848121,48.547785544279769],[22.431831083848124,48.547762844279774],[22.432545583848125,48.547767844279775],[22.433898383848124,48.547816344279774],[22.434406783848122,48.547853644279769],[22.434750383848122,48.54789024427977],[22.435550983848124,48.548010844279773],[22.436278883848122,48.548153844279774],[22.436976483848124,48.548293544279773],[22.439155683848124,48.548743044279774],[22.439796083848123,48.548879144279773],[22.441549083848123,48.549237244279773],[22.442056383848122,48.549329344279769],[22.442537083848123,48.549398444279774],[22.442938383848123,48.549425944279776],[22.443395583848122,48.549437144279771],[22.443865883848122,48.549421744279769],[22.444372883848121,48.549381744279771],[22.444873983848122,48.549311644279776],[22.449022383848124,48.548619744279776],[22.450385883848124,48.548384044279771],[22.450912383848124,48.548302344279776],[22.451219183848124,48.548251044279773],[22.451707783848121,48.548169244279769],[22.452393683848122,48.548054444279771],[22.452720083848124,48.547999844279772],[22.452919283848122,48.547970744279773],[22.453118383848125,48.547939844279774]]}},
{"type":"Feature","properties":{"ref":"М-8-B","layer":"Blue_roads_Rain","id_object":"BL0104"},"geometry":{"type":"LineString","coordinates":[[22.342610421394479,48.585893841778621],[22.342623821394476,48.585770941778627],[22.342737121394478,48.585201541778623],[22.342756921394479,48.584930541778625],[22.342755121394479,48.584887941778625],[22.342750321394476,48.584773541778624],[22.342744021394477,48.584625741778623],[22.342763021394479,48.584529641778623],[22.343157521394478,48.584270341778627],[22.343292121394477,48.584178041778621],[22.343427121394477,48.584059441778621],[22.343522021394477,48.583958741778623],[22.343576021394476,48.583876641778623],[22.343602621394478,48.583828841778626],[22.343653321394477,48.583668641778623],[22.343667221394476,48.583568741778627],[22.343669221394478,48.583484041778625],[22.343632321394477,48.583334541778626],[22.343581321394478,48.583206741778625]]}},
{"type":"Feature","properties":{"ref":"М-8-B","layer":"Blue_roads_Rain","id_object":"BL0104"},"geometry":{"type":"LineString","coordinates":[[22.344672121394478,48.583354741778621],[22.344580521394477,48.583464941778622],[22.344476721394479,48.583557941778622],[22.344119121394478,48.583833441778623],[22.343970321394476,48.583955541778622],[22.343797521394478,48.584136241778623],[22.343502621394478,48.584476141778623],[22.343420921394479,48.584578541778626],[22.343324321394476,48.584710341778624],[22.343130821394478,48.585006341778623],[22.342991021394479,48.585220141778628],[22.342675821394476,48.585778041778624],[22.342610421394479,48.585893841778621]]}},
{"type":"Feature","properties":{"ref":"М-8-B","layer":"Blue_roads_Rain","id_object":"BL0104"},"geometry":{"type":"LineString","coordinates":[[22.453118383848125,48.547939844279774],[22.453789383848122,48.54781844427977],[22.454191983848123,48.547745544279771],[22.454569383848124,48.547689444279776],[22.454668183848124,48.547674844279776],[22.455230783848123,48.547591244279772],[22.456110583848123,48.547460644279774],[22.457168783848122,48.547278344279775],[22.458102683848121,48.54711744427977],[22.459629283848123,48.546835644279774],[22.460129883848122,48.546727944279773],[22.460580983848121,48.546628944279774],[22.461237483848123,48.546493244279773],[22.461333783848122,48.546472544279773],[22.463172283848124,48.546137544279773],[22.465248083848124,48.545738844279775],[22.467572283848124,48.545307044279774],[22.472703983848124,48.544409344279771],[22.473183583848122,48.54432904427977],[22.474261583848122,48.54414844427977],[22.474867883848123,48.54406574427977],[22.475387583848121,48.544007844279776],[22.475880383848121,48.543973844279769],[22.479820383848121,48.543857744279769],[22.483340783848124,48.54375804427977],[22.484580183848124,48.543740044279772],[22.485471483848123,48.543714144279775],[22.485555283848122,48.543712244279774],[22.487629783848124,48.543666144279776],[22.489069083848122,48.54366384427977],[22.489297483848123,48.543663444279773],[22.490733483848125,48.543695044279772],[22.492156483848124,48.543726344279776],[22.492345283848124,48.54373134427977],[22.493090383848124,48.543746344279775],[22.493578983848124,48.543747644279776],[22.493769883848124,48.543745544279773],[22.494348283848122,48.543727744279771],[22.494885883848124,48.543672244279776],[22.495402083848123,48.543595444279774],[22.495916483848124,48.543498544279771],[22.496373483848124,48.543397344279775],[22.496522883848122,48.543355844279773],[22.496693183848123,48.543309044279773],[22.497077583848125,48.543201344279773],[22.497302183848124,48.543138444279769],[22.497806083848122,48.542981944279774],[22.498646783848123,48.542724544279771],[22.501420183848122,48.541857344279769],[22.504662283848123,48.540848344279773],[22.505991583848122,48.540421744279776],[22.506367383848122,48.540304644279772],[22.507979183848121,48.539813344279771],[22.508156283848123,48.539755044279772],[22.508991483848124,48.539474144279772],[22.509684883848124,48.539217544279772],[22.509736683848121,48.539198344279775],[22.510138883848121,48.539030644279769],[22.510654283848123,48.538794344279772],[22.511025683848121,48.53860754427977],[22.511080283848123,48.538576944279775],[22.511490783848124,48.538346844279772],[22.512010783848122,48.538036344279774],[22.512694283848123,48.537606244279772]]}},
{"type":"Feature","properties":{"ref":"М-8-B","layer":"Blue_roads_Rain","id_object":"BL0104"},"geometry":{"type":"LineString","coordinates":[[22.512832083848124,48.53766384427977],[22.512324883848123,48.538007544279772],[22.511859183848124,48.538300544279771],[22.511565883848125,48.538469344279775],[22.511128583848123,48.538712744279771],[22.510706683848124,48.53892304427977],[22.510114983848123,48.53920584427977],[22.509676983848124,48.539388044279775],[22.509185983848123,48.539571744279769],[22.508404483848125,48.539820644279771],[22.508057483848123,48.53993114427977],[22.506435383848125,48.540417644279771],[22.506062983848125,48.540537244279776],[22.504341783848123,48.541071144279769],[22.502158583848122,48.541758644279774],[22.500860183848122,48.542167444279769],[22.498326183848121,48.542960444279771],[22.497776483848124,48.543129044279773],[22.497480383848124,48.543211744279773],[22.496948283848123,48.543362544279773],[22.496659683848122,48.543437944279773],[22.496282483848123,48.543529644279772],[22.496080483848122,48.54357444427977],[22.494914583848121,48.543764244279771],[22.494338583848123,48.543833744279773],[22.493479683848122,48.543849944279771],[22.492978983848122,48.543853844279774],[22.491992483848122,48.543832444279772],[22.490342883848122,48.543799944279769],[22.489324383848125,48.543779844279776],[22.488651783848123,48.543780444279776],[22.487206983848122,48.543789244279772],[22.486108083848123,48.543795944279772],[22.485467983848125,48.54381704427977],[22.484628383848122,48.54381704427977],[22.483324283848123,48.54386264427977],[22.478631383848121,48.544000944279773],[22.476078183848124,48.544082344279772],[22.475418483848124,48.544129444279775],[22.474917683848123,48.544174644279771],[22.474230283848122,48.544270744279771],[22.472413683848124,48.544573644279772],[22.470372683848122,48.544931044279771],[22.466719983848122,48.54558394427977],[22.464603083848122,48.545985544279773],[22.463449683848122,48.546207444279773],[22.462628383848124,48.54635734427977],[22.461746883848122,48.546526744279774],[22.461296783848123,48.546611844279774],[22.461148383848123,48.546639944279775],[22.460593383848124,48.546754344279769],[22.460335883848124,48.546811444279776],[22.459686483848124,48.546957344279775],[22.458741283848124,48.547131944279769],[22.458141383848123,48.547229444279772],[22.455722383848123,48.547631744279769],[22.455378383848124,48.547674544279772],[22.455053383848124,48.547714944279775],[22.454628583848123,48.547773744279773],[22.454198183848124,48.547818544279771],[22.453799883848124,48.547863244279775],[22.453118383848125,48.547939844279774]]}},
{"type":"Feature","properties":{"ref":"М-8-B","layer":"Blue_roads_Rain","id_object":"BL0104"},"geometry":{"type":"LineString","coordinates":[[22.512920483848124,48.53743034427977],[22.513257483848122,48.537147844279772],[22.513604883848124,48.536856644279773],[22.513958883848122,48.53652444427977],[22.514185783848124,48.536269444279775],[22.514359083848124,48.536067844279771],[22.514494683848124,48.535901444279773],[22.514824683848122,48.53548534427977],[22.514894683848123,48.535382444279776],[22.515209183848125,48.534914444279771],[22.515362283848123,48.534651344279773],[22.515482883848122,48.534430044279773],[22.515601883848124,48.534177944279776],[22.515755083848124,48.533807044279776]]}},
{"type":"Feature","properties":{"ref":"М-8-B","layer":"Blue_roads_Rain","id_object":"BL0104"},"geometry":{"type":"LineString","coordinates":[[22.519035483848121,48.525900944279769],[22.518941883848122,48.526171844279773],[22.518507383848124,48.527267044279775],[22.518325083848122,48.527759844279771],[22.518096983848125,48.528338944279774],[22.517686483848124,48.529411244279771],[22.517488083848122,48.52993954427977],[22.517217083848124,48.530665444279769],[22.517053683848122,48.531056844279775],[22.516871283848122,48.531536544279774],[22.516450183848121,48.532550844279776],[22.516002183848123,48.533648644279772],[22.515728783848122,48.534296944279774],[22.515661783848124,48.534455744279775],[22.515492083848123,48.534762644279773],[22.515440183848124,48.534856444279775],[22.515217683848125,48.535145544279771],[22.514961683848124,48.535462244279771],[22.514808583848122,48.535686644279771],[22.514677183848121,48.535868444279771],[22.514560483848122,48.536036044279776],[22.514261983848122,48.536405444279772],[22.513749683848122,48.536911644279769],[22.513160283848123,48.537405744279774],[22.513066083848123,48.537484744279773]]}},
{"type":"Feature","properties":{"ref":"М-8-B","layer":"Blue_roads_Rain","id_object":"BL0104"},"geometry":{"type":"LineString","coordinates":[[22.519035483848121,48.525900944279769],[22.518944783848124,48.525635044279774],[22.519468083848125,48.524283144279771],[22.519940283848122,48.52307314427977],[22.520339883848123,48.522051444279775],[22.520710083848122,48.521077844279773],[22.520833383848124,48.520711844279774],[22.520962183848123,48.520232144279774],[22.521082883848123,48.51976664427977],[22.521310883848123,48.518309644279775],[22.521412783848124,48.517794344279771],[22.521543583848121,48.517362444279776],[22.521670583848124,48.517015244279776],[22.521792483848124,48.516734744279773],[22.522015283848123,48.516326944279776],[22.522238383848123,48.516003144279772],[22.522453183848121,48.515711544279775],[22.522769183848123,48.515324644279772],[22.523114183848122,48.51496574427977],[22.523408483848122,48.514707644279774],[22.523716983848121,48.514461144279771],[22.524230883848123,48.514065744279769],[22.525144783848123,48.513460644279775],[22.525417783848123,48.513297444279772],[22.525849983848122,48.51305654427977],[22.526340583848125,48.512808644279772],[22.526810683848122,48.512543144279775],[22.527068783848122,48.512361344279775],[22.527299983848124,48.512189644279772],[22.527212283848122,48.512341344279776],[22.527074883848123,48.512464744279775],[22.526957583848123,48.512549544279771],[22.526852183848124,48.512625744279774],[22.526680683848124,48.512736144279771],[22.526206183848124,48.51299934427977],[22.525783783848123,48.51324074427977],[22.525282583848124,48.513540244279774],[22.524512883848121,48.514059044279776],[22.523903983848122,48.514510144279775],[22.523408383848125,48.51491584427977],[22.523030883848122,48.515281744279775],[22.522729183848124,48.515631744279773],[22.522446283848122,48.51600114427977],[22.522176583848122,48.516414544279769],[22.521982783848124,48.516763944279774],[22.521835983848124,48.517103244279774],[22.521693883848123,48.517461944279773],[22.521576383848124,48.517905444279769],[22.521505683848122,48.518242144279775],[22.521254183848121,48.519770744279775],[22.521136383848123,48.520273044279776],[22.520991083848124,48.520808044279775],[22.520892083848121,48.521104544279773],[22.520515083848125,48.522081644279773],[22.520105583848125,48.523137644279771],[22.519644583848123,48.524308044279771],[22.519277183848121,48.525274344279772],[22.519035483848121,48.525900944279769]]}},
{"type":"Feature","properties":{"ref":"М-8-B","layer":"Blue_roads_Rain","id_object":"BL0104"},"geometry":{"type":"LineString","coordinates":[[22.536724851231774,48.495813171264544],[22.534900400494198,48.496938086030582],[22.534260800494199,48.497353986030582],[22.533551400494197,48.49784208603058],[22.533088800494198,48.498176386030579],[22.532075200494198,48.498931586030579],[22.531659300494198,48.499256486030582],[22.531445100494199,48.499419986030581],[22.531249800494198,48.499575286030584],[22.5310122004942,48.499764186030582],[22.530548100494197,48.500143086030583],[22.530284900494198,48.500406386030583],[22.5301935004942,48.500502286030581],[22.5299880004942,48.500801686030584],[22.529832900494199,48.501083386030579],[22.5297108004942,48.501439886030582],[22.529587500494198,48.502150986030578],[22.5294472004942,48.50324068603058],[22.529233000494198,48.505199686030579],[22.528815700494199,48.50873418603058],[22.528733300494199,48.50903818603058],[22.528503100494198,48.509558986030584],[22.528362700494199,48.509809486030584],[22.527970500494199,48.510518086030579],[22.527289100494198,48.511718586030582],[22.5270984004942,48.511993386030582],[22.527026100494197,48.512074286030582]]}},
{"type":"Feature","properties":{"ref":"М-8-B","layer":"Blue_roads_Rain","id_object":"BL0104"},"geometry":{"type":"LineString","coordinates":[[22.548346444966096,48.491994292066018],[22.546404844966098,48.492430592066015],[22.541928744966096,48.493448192066019],[22.541188244966097,48.493669692066014],[22.540492644966097,48.493996392066016],[22.539688444966096,48.494435792066014],[22.538403244966098,48.495136192066013],[22.538257444966096,48.495215592066018],[22.537213744966095,48.495801192066018],[22.537193495703672,48.495813677299978]]}},
{"type":"Feature","properties":{"ref":"М-8-B","layer":"Blue_roads_Rain","id_object":"BL0104"},"geometry":{"type":"LineString","coordinates":[[22.572220483848124,48.486408544279776],[22.571340283848123,48.486725844279775],[22.571122583848123,48.486791844279772],[22.569389083848122,48.487199144279771],[22.556990383848124,48.490113844279776],[22.556568683848123,48.49021304427977],[22.555372783848124,48.490486544279776],[22.552737583848124,48.491089344279771],[22.549573583848122,48.491828944279774],[22.549183083848124,48.491906144279774],[22.548643683848123,48.491990844279769],[22.548229283848123,48.492024744279774],[22.549124383848124,48.491799644279773],[22.552373783848122,48.491045344279776],[22.553418483848123,48.490815444279775],[22.555090583848123,48.490427844279772],[22.555310883848122,48.490376544279769],[22.555911483848124,48.490236544279774],[22.556519983848123,48.490094644279772],[22.557000683848123,48.489982544279769],[22.564050383848123,48.488323144279775],[22.568859283848123,48.487201844279774],[22.571048283848121,48.486685844279769],[22.572220483848124,48.486408544279776]]}},
{"type":"Feature","properties":{"ref":"М-8-B","layer":"Blue_roads_Rain","id_object":"BL0104"},"geometry":{"type":"LineString","coordinates":[[22.572220483848124,48.486408544279776],[22.572462683848123,48.486351844279774],[22.577558883848123,48.485158044279771],[22.580610583848124,48.484445644279774],[22.581914783848124,48.484141144279775],[22.583274283848123,48.483821144279773],[22.585135583848125,48.483383044279769],[22.590759883848122,48.482059144279773],[22.591817483848121,48.481805044279774],[22.592074483848123,48.481747244279774],[22.592093083848123,48.481743044279774],[22.592114983848123,48.48173784427977],[22.593579683848123,48.481391544279774],[22.597751683848124,48.480404944279769],[22.597890283848123,48.48037034427977],[22.600392683848124,48.479768944279769],[22.602178083848123,48.479349444279769],[22.606566483848123,48.478302144279773],[22.607492583848124,48.47808114427977],[22.607563983848124,48.478064344279773],[22.607934383848121,48.477976844279773],[22.607966983848122,48.477969144279776],[22.607997283848125,48.477962044279771],[22.608415483848123,48.477864144279771],[22.609176783848124,48.477696644279774],[22.619145683848124,48.475502844279774],[22.619301683848121,48.47546604427977],[22.620018183848124,48.475304644279774],[22.620349983848122,48.475219544279774],[22.623129583848122,48.474507744279769],[22.623410983848125,48.474433944279774],[22.625720383848122,48.473859344279774],[22.628419083848122,48.473173744279769],[22.632067783848122,48.472246844279773],[22.637357483848124,48.470905344279771],[22.640446983848122,48.470172944279774],[22.647776083848122,48.468453944279773],[22.648223883848122,48.468346744279771],[22.657203883848123,48.466230944279772],[22.657482783848124,48.466165244279772],[22.657687883848123,48.466116944279776],[22.657725483848122,48.466108144279772],[22.6649602890297,48.464400473740717]]}},
{"type":"Feature","properties":{"ref":"М-8-B","layer":"Blue_roads_Rain","id_object":"BL0104"},"geometry":{"type":"LineString","coordinates":[[22.662482607565213,48.463891387187282],[22.662252953519385,48.463029173910684],[22.662041211460547,48.462144632440868],[22.661852702331483,48.461257766706602],[22.661687483175033,48.460368844959355],[22.66154560398649,48.459478136086545],[22.661427107698479,48.458585909530385],[22.661332030167962,48.457692435206397],[22.661260400165389,48.456797983421822],[22.661212239365987,48.455902824793959],[22.661187562343208,48.455007230168221],[22.661186376564316,48.454111470536319],[22.661208682388132,48.453215816954206],[22.661254473064908,48.452320540460114],[22.661323734738399,48.451425911992473],[22.661416446450026,48.45053220230789],[22.661532580145245,48.449639681899235],[22.661672100682004,48.448748620913626],[22.661834965841411,48.447859289070678],[22.662021126340488,48.446971955580743],[22.662230525847104,48.446086889063309],[22.662463100996977,48.445204357465663],[22.662718781412909,48.44432462798153],[22.662997489726028,48.443447966970169],[22.66329914159925,48.442574639875538],[22.663623645752743,48.441704911145742],[22.663970903991597,48.440839044152852],[22.664340811235515,48.439977301112933],[22.664733255550615,48.439119943006467],[22.665148118183289,48.438267229499118],[22.665585273596164,48.437419418862859],[22.666044589506068,48.436576767897577],[22.666525926924066,48.435739531852995],[22.667029140197513,48.434907964351147],[22.667554077054138,48.43408231730934],[22.668100578648122,48.433262840863492],[22.668668479608147,48.432449783292142],[22.669257608087459,48.43164339094097],[22.66986778581585,48.430843908147786],[22.670498828153622,48.430051577168314],[22.671150544147448,48.429266638102391],[22.671822736588148,48.428489328820937],[22.672515202070375,48.427719884893584],[22.673227731054162,48.426958539516896],[22.673960107928337,48.426205523443407],[22.674712111075749,48.42546106491136],[22.675483512940339,48.424725389575151],[22.676274080096004,48.4239987204366],[22.677083573317223,48.423281277777015],[22.677911747651454,48.422573279090038],[22.678758352493247,48.421874939015368],[22.67962313166009,48.42118646927333],[22.680505823469911,48.420508078600314],[22.681406160820295,48.419839972685125],[22.682323871269261,48.41918235410624],[22.683258677117749,48.418535422270011],[22.684210295493632,48.417899373349847],[22.685178438437319,48.417274400226326],[22.686162812988865,48.416660692428351],[22.687163121276669,48.416058436075289],[22.688179060607563,48.415467813820172],[22.689210323558445,48.414889004793892],[22.690256598069269,48.414322184550535],[22.691317567537514,48.413767525013739],[22.692392910913938,48.413225194424228],[22.69348230279979,48.412695357288364],[22.694585413545223,48.412178174327906],[22.695701909349058,48.411673802430919],[22.696831452359817,48.411182394603777],[22.697973700777929,48.410704099924487],[22.699128308959168,48.410239063497031],[22.700294927519245,48.409787426407064],[22.701473203439537,48.409349325678718],[22.702662780173899,48.408924894232797],[22.703863297756566,48.408514260846061],[22.705074392911072,48.408117550111847],[22.706295699160176,48.407734882401975],[22.707526846936769,48.40736637382993],[22.70876746369569,48.407012136215336],[22.710017174026468,48.406672277049736],[22.711275599766914,48.406346899463728],[22.712542360117563,48.406036102195372],[22.7138170717569,48.405739979560003],[22.715099348957342,48.40545862142136],[22.716388803701967,48.40519211316407],[22.717685045801947,48.404940535667535],[22.718987683014586,48.404703965281136],[22.720296321162024,48.404482473800918],[22.721610564250536,48.404276128447563],[22.722930014590325,48.404084991845835],[22.724254272915886,48.403909122005359],[22.725582938506832,48.403748572302973],[22.72691560930911,48.403603391466241],[22.728251882056725,48.403473623558611],[22.729591352393694,48.40335930796595],[22.730933614996484,48.403260479384393],[22.732278263696593,48.403177167809808],[22.733624891603501,48.403109398528557],[22.734973091227776,48.403057192109756],[22.73632245460438,48.403020564398986],[22.737672573416145,48.402999526513454],[22.739023039117274,48.402994084838561],[22.740373443057024,48.403004241025968],[22.741723376603343,48.403029991993058],[22.743072431266508,48.403071329923939],[22.744420198822755,48.403128242271762],[22.745766271437788,48.403200711762643],[22.747110241790217,48.403288716400873],[22.748451703194771,48.403392229475728],[22.749790249725418,48.403511219569594],[22.751125476338146,48.403645650567633],[22.752456978993543,48.403795481668801],[22.753784354779086,48.403960667398358],[22.755107202031034,48.404141157621808],[22.756425120455972,48.404336897560256],[22.757737711251959,48.404547827807129],[22.75904457722919,48.404773884346405],[22.760345322930185,48.405014998572234],[22.761639554749458,48.405271097309893],[22.762926881052639,48.405542102838211],[22.764206912294945,48.405827932913382],[22.765479261139088,48.40612850079409],[22.766743542572474,48.406443715268082],[22.767999374023699,48.406773480680116],[22.769246375478335,48.407117696961173],[22.770484169593892,48.407476259659141],[22.771712381814037,48.407849059970744],[22.772930640481906,48.408235984774805],[22.774138576952588,48.408636916666929],[22.775335825704662,48.409051733995327],[22.776522024450806,48.409480310898125],[22.777696814247427,48.409922517341755],[22.778859839603296,48.410378219160812],[22.780010748587081,48.410847278099034],[22.781149192933874,48.41132955185158],[22.782274828150559,48.411824894108541],[22.783387313620072,48.412333154599686],[22.784486312704441,48.412854179140339],[22.785571492846703,48.413387809678568],[22.786642525671461,48.413933884343436],[22.787699087084345,48.414492237494493],[22.788740857369987,48.415062699772328],[22.789767521288848,48.415645098150378],[22.790778768172547,48.416239255987719],[22.791774292017919,48.416844993083053],[22.792753791579564,48.417462125729664],[22.793716970461041,48.418090466771595],[22.794663537204556,48.418729825660712],[22.795593205379127,48.419380008514885],[22.796505693667282,48.420040818177149],[22.797400725950183,48.420712054275903],[22.798278031391181,48.42139351328597],[22.799137344517757,48.422084988590704],[22.799978405301871,48.42278627054506],[22.800800959238639,48.423497146539454],[22.801604757423345,48.424217401064595],[22.80238955662676,48.424946815777226],[22.803155119368746,48.425685169566606],[22.80390121399012,48.426432238621935],[22.804627614722744,48.427187796500554],[22.805334101757843,48.4279516141969],[22.806020461312539,48.428723460212225],[22.806686485694517,48.429503100625169],[22.807331973364882,48.430290299162941],[22.807956728999155,48.431084817273209],[22.808560563546351,48.431886414196775],[22.809143294286219,48.432694847040786],[22.80970474488451,48.433509870852653],[22.810244745446351,48.434331238694554],[22.810763132567637,48.435158701718549],[22.811259749384494,48.43599200924222],[22.811734445620733,48.436830908824902],[22.812187077633336,48.437675146344425],[22.812617508455912,48.438524466074298],[22.813025607840157,48.439378610761459],[22.813411252295243,48.440237321704359],[22.813774325125209,48.441100338831596],[22.814114716464264,48.441967400780847],[22.814432323310029,48.442838244978226],[22.814727049554723,48.443712607717977],[22.814998806014206,48.444590224242496],[22.815247510455023,48.445470828822678],[22.815473087619235,48.446354154838517],[22.815675469247225,48.447239934859937],[22.81585459409834,48.448127900727904],[22.816010407969415,48.449017783635746],[22.816142863711196,48.449909314210579],[22.8162519212426,48.45080222259493],[22.816337547562824,48.451696238528548],[22.816399716761349,48.452591091430222],[22.8164384100258,48.453486510479713],[22.816453615647585,48.454382224699778],[22.816445329025495,48.455277963038185],[22.816413552667058,48.456173454449761],[22.816358296187794,48.457068427978363],[22.8162795763083,48.457962612838891],[22.816177416849218,48.458855738499146],[22.816051848723973,48.459747534761654],[22.815902909929466,48.460637731845381],[22.815730645534561,48.461526060467236],[22.815535107666442,48.462412251923439],[22.815316355494843,48.463296038170746],[22.815074455214138,48.464177151907393],[22.814809480023321,48.465055326653811],[22.814521510103859,48.465930296833108],[22.814210632595405,48.466801797851225],[22.81387694156945,48.467669566176809],[22.813520538000866,48.468533339420716],[22.813141529737322,48.469392856415176],[22.812740031466671,48.470247857292584],[22.812316164682233,48.471098083563852],[22.811870057646047,48.471943278196349],[22.811401845350044,48.472783185691355],[22.810911669475203,48.473617552161137],[22.810399678348681,48.474446125405365],[22.809866026898931,48.475268654987133],[22.809310876608805,48.476084892308393],[22.808734395466722,48.476894590684807],[22.80813675791579,48.477697505420039],[22.807518144801065,48.478493393879376],[22.806878743314783,48.479282015562795],[22.806218746939763,48.480063132177293],[22.805538355390816,48.480836507708631],[22.80483777455434,48.481601908492266],[22.804117216426011,48.482359103283663],[22.803376899046615,48.483107863327824],[22.802617046436104,48.483847962428044],[22.801837888525778,48.484579177013885],[22.801039661088723,48.48530128620844],[22.800222605668456,48.486014071894594],[22.799394481114014,48.486710997231519]]}},
{"type":"Feature","properties":{"ref":"М-8-B","layer":"Blue_roads_Rain","id_object":"BL0104"},"geometry":{"type":"LineString","coordinates":[[22.792599136271463,48.481271362774308],[22.792591624663295,48.48127768432343]]}},
{"type":"Feature","properties":{"ref":"М-8-B","layer":"Blue_roads_Rain","id_object":"BL0104"},"geometry":{"type":"LineString","coordinates":[[22.798001610868091,48.489408720056851],[22.797584752552783,48.489318261826874]]}},
{"type":"Feature","properties":{"ref":"М-8-B","layer":"Blue_roads_Rain","id_object":"BL0104"},"geometry":{"type":"LineString","coordinates":[[22.798001610868091,48.489408720056851],[22.797971882871952,48.48946126140158]]}},
{"type":"Feature","properties":{"ref":"М-8-B","layer":"Blue_roads_Rain","id_object":"BL0104"},"geometry":{"type":"LineString","coordinates":[[23.011563683044002,48.564084555954999],[23.011219705219208,48.564067888824589],[23.010502605219209,48.56407468882459],[23.009797905219209,48.564109788824588],[23.006496505219207,48.564431488824589],[23.005420605219207,48.564536288824591],[23.004358605219206,48.564639788824593],[23.003644405219209,48.564659788824592],[23.002795205219208,48.564622888824587],[22.998671005219208,48.564123088824587],[22.997412905219207,48.563992488824589],[22.996617105219208,48.563990888824591],[22.996130205219206,48.564012188824591],[22.995842005219206,48.56404728882459],[22.995471005219208,48.564092388824591],[22.994767205219208,48.564238388824592],[22.994630005219207,48.56426678882459],[22.994477605219206,48.564316788824591],[22.994235505219208,48.564396288824589],[22.992252105219208,48.56505298882459],[22.989549905219206,48.56591698882459],[22.988558805219206,48.56620888882459],[22.988121705219207,48.566337588824588],[22.987698905219208,48.566430488824587],[22.987014005219208,48.566526088824588],[22.983592305219208,48.566885388824588],[22.982277405219207,48.567068388824588],[22.981735005219207,48.56716768882459],[22.980679605219208,48.567419588824592],[22.980130905219209,48.567582788824588],[22.978914805219208,48.567925788824589],[22.978428705219208,48.568037888824591],[22.977916505219206,48.568143788824592],[22.976881905219209,48.56829258882459],[22.974079605219206,48.56861178882459],[22.973770305219208,48.568633788824592],[22.972904905219206,48.568667888824592],[22.972476405219208,48.568707288824591],[22.971858905219207,48.568811688824589],[22.971726805219205,48.568853688824589],[22.971218305219207,48.569015088824592],[22.970520905219207,48.569320288824592],[22.969932705219207,48.569635188824591],[22.968535605219206,48.570462088824591],[22.967558405219208,48.571040388824592],[22.966894205219209,48.571345888824588],[22.966241705219208,48.571550888824589],[22.965742605219209,48.571627988824588],[22.965216405219206,48.57166038882459],[22.964655605219207,48.571658188824593],[22.963978905219207,48.571589088824588],[22.963362205219209,48.571478688824591],[22.962698505219208,48.571292988824588],[22.962046505219206,48.571084088824591],[22.960840605219207,48.570717788824588],[22.959218105219207,48.570224988824592],[22.957599105219206,48.569774588824586],[22.956763805219207,48.569528488824588],[22.953114105219207,48.568420188824589],[22.952187405219206,48.568149888824593],[22.950662505219206,48.567705088824589],[22.950143505219206,48.567551588824593],[22.949534905219206,48.567371488824591],[22.948425105219208,48.567060888824592],[22.947723605219206,48.566867388824591],[22.946457305219209,48.56650798882459],[22.945211605219207,48.566137388824586],[22.944850805219208,48.566035088824592],[22.944198205219209,48.56585008882459],[22.942179305219206,48.565215388824591],[22.939637905219207,48.564303988824591],[22.939237105219206,48.564137088824587],[22.938987405219208,48.564033088824587],[22.937603405219207,48.563355788824587],[22.937253705219206,48.563201388824588],[22.935860305219208,48.562722388824589],[22.934748605219209,48.562366588824588],[22.934046005219209,48.56218678882459],[22.933131105219207,48.56196908882459],[22.932681605219209,48.561835388824591],[22.932316805219209,48.56167178882459],[22.931846805219209,48.561395188824591],[22.931362005219206,48.561043888824592],[22.929186705219209,48.559314088824593],[22.927160305219207,48.557587488824588],[22.926409105219207,48.55688058882459],[22.925992105219208,48.556364588824593],[22.924698505219208,48.554696888824587],[22.924236605219207,48.554065188824588],[22.923876105219207,48.553574588824588],[22.923542505219206,48.553036188824592],[22.923319705219207,48.552500388824591],[22.923235405219206,48.55215618882459],[22.923235405219206,48.551580188824587],[22.923285905219206,48.551292288824591],[22.923312105219207,48.551143188824589],[22.923463805219207,48.550772588824593],[22.923768005219205,48.550028988824586],[22.923850205219207,48.549696088824589],[22.923899605219209,48.549233488824591],[22.923913505219208,48.548984588824588],[22.923892705219206,48.548672688824588],[22.923705105219206,48.547995988824589],[22.923595505219208,48.547687688824588],[22.923472305219207,48.547427788824592],[22.923275505219205,48.547157088824591],[22.923067705219207,48.546881088824591],[22.922643605219207,48.546431888824593],[22.922234005219206,48.546053288824588],[22.921716105219208,48.545719588824589],[22.920939605219207,48.545323488824586],[22.920088405219207,48.544952688824587],[22.918010505219208,48.544127788824589],[22.917378805219208,48.543875388824588],[22.914441905219206,48.542701688824586],[22.913724905219208,48.542467588824593],[22.912994405219209,48.542287888824589],[22.912413305219207,48.54218888882459],[22.911734105219207,48.542111188824592],[22.911130405219208,48.54208608882459],[22.910908305219206,48.542076788824588],[22.910208305219207,48.542086388824586],[22.909534205219206,48.54213288882459],[22.908955905219209,48.542206988824589],[22.908440605219209,48.542298188824589],[22.907971105219207,48.542413588824587],[22.907571105219208,48.542534588824587],[22.907116105219206,48.542698888824589],[22.906316605219207,48.543006188824592],[22.905528305219207,48.543310988824587],[22.904322905219207,48.543788288824587],[22.904185405219206,48.543838788824587],[22.903673905219208,48.544020488824593],[22.903076105219206,48.544164588824593],[22.902500005219206,48.544270188824591],[22.901928905219208,48.54431758882459],[22.901585605219207,48.544324188824589],[22.901217405219207,48.544308188824587],[22.900409105219207,48.544264588824589],[22.898485405219208,48.543951888824587],[22.897845805219209,48.543848388824593],[22.896879305219208,48.543690888824592],[22.894996205219208,48.543384788824589],[22.894935005219207,48.543374688824592],[22.890696005219208,48.542675088824588],[22.889598605219206,48.542502888824586],[22.889151005219208,48.542432588824589],[22.887552205219208,48.542181688824591],[22.887002305219209,48.542066588824589],[22.886718905219208,48.541981088824592],[22.886477605219206,48.541873388824591],[22.886160605219207,48.541687588824587],[22.885607905219207,48.541328988824588],[22.884853205219208,48.540758688824589],[22.884343205219206,48.540466488824592],[22.883874005219209,48.54019758882459],[22.882894805219205,48.539625388824589],[22.882580605219207,48.539368988824592],[22.882395405219206,48.539188788824589],[22.882100405219209,48.538885888824588],[22.881967905219206,48.538719288824588],[22.881840805219205,48.538534888824593],[22.881717605219208,48.538369488824593],[22.881625605219206,48.53824578882459],[22.881553605219207,48.538145388824589],[22.881463605219206,48.53803178882459],[22.881333405219205,48.537867288824586],[22.881121905219207,48.537622688824591],[22.880378405219208,48.536848488824589],[22.878266605219206,48.53478188882459],[22.877105605219207,48.533609388824587],[22.876549305219207,48.533060488824589],[22.875267405219208,48.531784688824587],[22.873200305219207,48.529733088824592],[22.872853405219207,48.529459588824587],[22.872727405219209,48.529365588824589],[22.872514805219208,48.529217088824588],[22.872099205219207,48.52897828882459],[22.870891405219208,48.528342088824587],[22.870073105219205,48.527906188824588],[22.869346405219208,48.527532388824589],[22.867859805219208,48.526763188824589],[22.867589705219206,48.52662348882459],[22.866866105219206,48.526246988824589],[22.866155905219205,48.525840388824591],[22.865555805219206,48.525441088824593],[22.865413505219209,48.525338188824591],[22.862048805219207,48.52290478882459],[22.859005705219207,48.520703888824592],[22.856637905219205,48.518943888824587],[22.855172605219206,48.517880188824591],[22.854550805219208,48.51742768882459],[22.852392805219207,48.515867188824586],[22.846137705219206,48.511329888824591],[22.843554205219206,48.509455788824589],[22.842272205219206,48.508535688824587],[22.841281105219206,48.507805788824591],[22.840722605219206,48.507415688824587],[22.840098505219206,48.507023388824592],[22.839564105219207,48.506748088824587],[22.838861605219208,48.506410588824586],[22.838464805219207,48.50622178882459],[22.837782405219208,48.505943488824592],[22.836229405219207,48.505392588824591],[22.835314905219207,48.505077888824587],[22.833583305219207,48.504472288824587],[22.832915405219207,48.504179688824593],[22.832438605219206,48.503955588824589],[22.831694305219209,48.503563988824588],[22.831226505219206,48.503259288824587],[22.830762005219206,48.502923788824589],[22.830260305219205,48.502515088824588],[22.829900805219207,48.502174888824591],[22.829287205219206,48.50147918882459],[22.828705705219207,48.500806288824592],[22.828591905219206,48.500684288824587],[22.828394005219206,48.500471988824593],[22.828128605219206,48.500243288824592],[22.827804005219207,48.499992488824589],[22.827445105219208,48.499785188824589],[22.827118205219207,48.499619488824592],[22.826676505219208,48.499458688824589],[22.826248105219207,48.499339488824589],[22.825684305219209,48.499215088824592],[22.824982905219208,48.499077588824591],[22.823513805219207,48.49878138882459],[22.822573105219206,48.498563488824587],[22.821916705219206,48.498363488824587],[22.821264605219206,48.498115388824587],[22.820777905219206,48.49784808882459],[22.820323605219208,48.497559788824589],[22.818514805219205,48.49615718882459],[22.818169505219206,48.495944188824588],[22.817883905219208,48.495779988824587],[22.817360205219206,48.495549588824588],[22.815982505219207,48.495074388824591],[22.815201105219206,48.494836888824587],[22.814415705219208,48.494658488824591],[22.813874605219208,48.494581288824591],[22.813256505219208,48.494540088824593],[22.812666905219206,48.494518288824587],[22.811233605219208,48.494502388824593],[22.811116505219207,48.494501088824592],[22.809863805219209,48.494487188824593],[22.808903605219207,48.49443588882459],[22.808002305219208,48.494318288824587],[22.807543805219208,48.494261588824592],[22.806819605219207,48.494147788824591],[22.805652805219207,48.493929188824588],[22.805465105219206,48.493890088824593],[22.805125805219205,48.49381998882459],[22.804644705219207,48.493691288824593],[22.804295605219206,48.493562988824593],[22.803834305219208,48.493370988824587],[22.803065705219208,48.493025488824593],[22.802856105219206,48.492903788824592],[22.802606805219206,48.49275898882459],[22.802503905219208,48.492665088824587],[22.802280305219206,48.492461088824591],[22.801785505219208,48.492009688824588],[22.800778105219209,48.490842888824588],[22.800394605219207,48.490523388824592],[22.799978405219207,48.490210888824592],[22.799629005219206,48.489995988824589],[22.799001305219207,48.489708088824592],[22.798111605219209,48.489432588824592],[22.798001610868091,48.489408720056851]]}},
{"type":"Feature","properties":{"ref":"М-8-B","layer":"Blue_roads_Rain","id_object":"BL0104"},"geometry":{"type":"LineString","coordinates":[[22.799553557964618,48.486665804354921],[22.798001610868091,48.489408720056851]]}},
{"type":"Feature","properties":{"ref":"М-8-B","layer":"Blue_roads_Rain","id_object":"BL0104"},"geometry":{"type":"LineString","coordinates":[[23.011563683044002,48.564084555954999],[23.011310954786769,48.563394908846412],[23.011122154786769,48.563063608846413],[23.010907262711925,48.562836484319995]]}},
{"type":"Feature","properties":{"ref":"М-8-B","layer":"Blue_roads_Rain","id_object":"BL0104"},"geometry":{"type":"LineString","coordinates":[[23.018288413144361,48.565476264298169],[23.018255605219206,48.565441588824591],[23.018020305219206,48.565267288824586],[23.017658805219206,48.565098688824591],[23.017416405219208,48.565014188824591],[23.015575405219206,48.564613888824589],[23.015259905219207,48.564559088824588],[23.013796505219208,48.564304788824586],[23.012820805219206,48.56418538882459],[23.012642305219206,48.564170388824593],[23.011869805219206,48.564099388824587],[23.011563683044002,48.564084555954999]]}},
{"type":"Feature","properties":{"ref":"М-8-B","layer":"Blue_roads_Rain","id_object":"BL0104"},"geometry":{"type":"LineString","coordinates":[[23.080755786706433,48.758610641592881],[23.080709754786771,48.758459808846418],[23.080655754786772,48.758297808846415],[23.080479354786771,48.757900508846411],[23.08030175478677,48.757514908846417],[23.080181854786769,48.757257508846415],[23.08010835478677,48.757046508846415],[23.08008345478677,48.756806208846413],[23.08007795478677,48.756623208846413],[23.080086054786769,48.756467608846414],[23.080132754786771,48.756183108846415],[23.080208854786772,48.755871808846415],[23.080271454786772,48.755633908846413],[23.080419254786769,48.755024508846418],[23.080486654786771,48.754746608846418],[23.080507154786769,48.754440908846412],[23.080500754786769,48.754228908846414],[23.08045345478677,48.754030708846415],[23.080404554786771,48.753896908846414],[23.08030145478677,48.753679208846414],[23.08007005478677,48.753334008846416],[23.07999135478677,48.753236108846416],[23.079823754786769,48.753055708846418],[23.07960855478677,48.752867008846415],[23.079339154786769,48.752653508846414],[23.07888595478677,48.752383608846415],[23.078022954786771,48.752010908846415],[23.074477954786769,48.750874808846412],[23.073731954786769,48.750687408846417],[23.073301954786771,48.750610908846411],[23.072828854786771,48.750553108846418],[23.071117654786772,48.750478808846417],[23.070578554786771,48.750422408846411],[23.069981854786771,48.750315008846414],[23.069616854786769,48.750215408846415],[23.069308554786769,48.750080908846414],[23.068836954786772,48.749795808846415],[23.068485554786772,48.749500108846412],[23.06810685478677,48.749011508846415],[23.067867254786769,48.748560208846413],[23.067790054786769,48.748398908846411],[23.067411454786772,48.747607708846417],[23.06709425478677,48.746957808846417],[23.066775554786769,48.746305008846413],[23.06662965478677,48.746078408846415],[23.066329154786771,48.745611808846412],[23.065763454786769,48.744881008846413],[23.065173054786769,48.744135908846417],[23.064811154786771,48.743749508846413],[23.06438425478677,48.743342808846414],[23.06396565478677,48.743009508846413],[23.063529554786772,48.742723408846416],[23.062840054786772,48.742365708846414],[23.062039354786769,48.741983708846412],[23.06086015478677,48.741471408846415],[23.058385554786771,48.740450208846411],[23.05587525478677,48.739416508846418],[23.055340654786772,48.739217208846412],[23.05484345478677,48.739079308846414],[23.054443854786772,48.739007808846416],[23.054300654786772,48.738986708846411],[23.054150054786771,48.738968308846417],[23.05400345478677,48.738960808846414],[23.05369765478677,48.738945108846416],[23.052642654786769,48.738966808846413],[23.051952554786769,48.739006408846414],[23.051524954786771,48.739017208846413],[23.050930754786769,48.738992508846415],[23.04968255478677,48.738802808846415],[23.047100354786771,48.738410408846413],[23.045012454786772,48.738104008846413],[23.04419695478677,48.737966908846417],[23.043798454786771,48.737888908846415],[23.04344085478677,48.737779208846412],[23.04310095478677,48.737632808846413],[23.042821954786771,48.737482708846414],[23.042564454786771,48.737311608846412],[23.042355354786771,48.737149408846413],[23.04214245478677,48.736969008846415],[23.041918154786771,48.736739008846413],[23.04174845478677,48.736531108846414],[23.04159585478677,48.736315708846412],[23.04144655478677,48.736066408846412],[23.04122345478677,48.735649208846418],[23.041012054786769,48.735217408846417],[23.040375154786769,48.733999308846414],[23.040215154786772,48.733801908846416],[23.040009654786772,48.733636908846414],[23.039737754786771,48.733495108846412],[23.039446654786769,48.733391608846418],[23.03910415478677,48.733307108846418],[23.03861105478677,48.733218408846412],[23.038101454786769,48.733138708846411],[23.037184754786772,48.732951808846416],[23.036805254786771,48.732859708846412],[23.036475454786771,48.732762908846418],[23.036180954786769,48.732668108846411],[23.035912854786769,48.732546208846415],[23.035622654786771,48.732393808846417],[23.03526995478677,48.732137708846416],[23.035133354786769,48.732005008846414],[23.034933654786769,48.731776508846416],[23.03478385478677,48.731516108846414],[23.034683154786769,48.731171308846413],[23.034634954786771,48.730780808846411],[23.034642854786771,48.730539408846411],[23.034672154786769,48.729743008846413],[23.034621554786771,48.729449908846412],[23.034499454786772,48.729040708846412],[23.034127654786769,48.727913308846418],[23.034071354786771,48.727674108846415],[23.03408275478677,48.727303708846414],[23.03415725478677,48.726959508846413],[23.03439135478677,48.726021408846414],[23.034477554786772,48.725573908846414],[23.034482054786771,48.725305908846416],[23.03448495478677,48.725008308846412],[23.03442145478677,48.724576708846413],[23.034284154786771,48.724193408846418],[23.033866754786771,48.723360408846418],[23.033667754786769,48.722963208846416],[23.03357965478677,48.722642208846416],[23.03355595478677,48.722345008846418],[23.033552054786771,48.722097608846411],[23.03364685478677,48.721667208846412],[23.03377755478677,48.721374508846417],[23.034037854786771,48.720988208846414],[23.034245954786769,48.720772208846412],[23.03445705478677,48.720579508846413],[23.034787854786771,48.720333108846418],[23.036135554786771,48.719472408846414],[23.036446654786769,48.719208408846413],[23.036646154786769,48.718975008846414],[23.036741754786771,48.718849208846414],[23.036857454786769,48.718644508846417],[23.036936054786771,48.718371108846412],[23.036968354786769,48.718108808846416],[23.036957754786769,48.717859708846412],[23.036942854786769,48.717750408846413],[23.03691615478677,48.717642908846415],[23.03671095478677,48.717151408846412],[23.03655315478677,48.716854508846417],[23.036303354786771,48.716418608846418],[23.035828554786772,48.715657708846415],[23.035382054786769,48.715007708846414],[23.035020454786771,48.714553408846413],[23.03393385478677,48.713303608846417],[23.032673554786772,48.711917808846415],[23.032370754786772,48.711492308846417],[23.032178054786769,48.711190408846413],[23.032002954786769,48.710812808846413],[23.031735454786769,48.710013308846413],[23.03149955478677,48.709199508846417],[23.031169554786771,48.708029108846418],[23.030930654786772,48.706988008846416],[23.03065415478677,48.705834408846414],[23.03058515478677,48.705251008846417],[23.030590954786771,48.704390708846418],[23.030771954786772,48.703348308846415],[23.030856854786769,48.702451308846413],[23.030906654786769,48.702059908846415],[23.030969554786772,48.701757908846417],[23.031221854786772,48.700955308846417],[23.031270854786769,48.700679008846414],[23.03127185478677,48.700484308846413],[23.031243254786769,48.700287808846412],[23.031206954786771,48.700164508846413],[23.031046154786772,48.699818708846415],[23.030825354786771,48.699450908846416],[23.030682454786771,48.699267008846412],[23.030361854786769,48.698953608846416],[23.028349254786772,48.697474808846415],[23.02803475478677,48.697239408846414],[23.027625054786771,48.696933308846411],[23.026865954786771,48.696361008846416],[23.026468054786772,48.695932208846415],[23.02627305478677,48.695538008846412],[23.026211154786772,48.695264908846411],[23.026213654786769,48.695042508846413],[23.026259454786771,48.694795708846414],[23.026361254786771,48.694524108846416],[23.02658945478677,48.694036808846413],[23.026713354786772,48.693828908846413],[23.026786954786772,48.693724108846418],[23.027014354786772,48.693414608846417],[23.02745805478677,48.692862508846417],[23.02793045478677,48.692274408846416],[23.028355054786772,48.691676708846416],[23.028614154786769,48.691325708846414],[23.028820854786769,48.691109308846414],[23.029025654786771,48.690922708846415],[23.029129654786772,48.690858208846414],[23.02939525478677,48.690695708846413],[23.029554054786772,48.690599908846416],[23.030068654786771,48.690390408846412],[23.030379354786771,48.690287708846412],[23.03067755478677,48.690191908846415],[23.031258654786772,48.690066108846416],[23.03169625478677,48.689999008846414],[23.03211095478677,48.689916308846414],[23.03228635478677,48.689862708846412],[23.03245935478677,48.689808708846414],[23.032621654786769,48.689750308846413],[23.03276425478677,48.689696208846414],[23.03306555478677,48.689513008846411],[23.033315254786771,48.689304208846416],[23.033549654786771,48.689103908846413],[23.033773754786772,48.688894808846413],[23.033934554786772,48.688720608846417],[23.034062254786772,48.688511308846415],[23.034130454786769,48.688359208846414],[23.03431415478677,48.687830908846415],[23.034437454786769,48.687445608846417],[23.03443235478677,48.687211708846412],[23.034424854786771,48.686974208846415],[23.034372354786772,48.686734608846415],[23.034140054786771,48.686187908846414],[23.03396455478677,48.685811808846417],[23.033906254786771,48.685686708846411],[23.03379515478677,48.685457808846415],[23.033674254786771,48.685198708846414],[23.03360065478677,48.684991208846412],[23.03355505478677,48.684759208846415],[23.033547054786769,48.684497108846415],[23.033566654786771,48.684197308846414],[23.033622154786769,48.683824108846416],[23.033720854786772,48.683411708846414],[23.033865054786769,48.682888908846415],[23.03400035478677,48.682557908846412],[23.03415365478677,48.682232908846416],[23.034244354786772,48.682051408846412],[23.034358354786772,48.681842408846414],[23.03457895478677,48.681458808846415],[23.034681554786772,48.681308208846417],[23.034857254786772,48.681064008846413],[23.035049054786771,48.680810708846415],[23.03546515478677,48.680301308846417],[23.035628454786771,48.680140408846412],[23.035800054786769,48.679975708846413],[23.036164854786769,48.679658708846418],[23.036524254786769,48.679343408846414],[23.036911454786772,48.679029408846418],[23.037739354786769,48.678319708846416],[23.03817385478677,48.677963708846413],[23.038557154786769,48.677587408846414],[23.038820254786771,48.677281808846416],[23.039048254786771,48.676967708846412],[23.03936955478677,48.676485208846415],[23.039578554786772,48.675986508846414],[23.039646354786772,48.675756808846415],[23.03966805478677,48.675510408846414],[23.03964835478677,48.675146908846415],[23.039591654786772,48.674794108846413],[23.03952885478677,48.674573008846416],[23.039281554786772,48.673810108846418],[23.038989954786771,48.673043508846412],[23.038903354786772,48.672733208846417],[23.03880285478677,48.672419908846415],[23.038755354786769,48.672140908846416],[23.038724254786771,48.671861008846413],[23.038726354786771,48.669550008846414],[23.038753154786772,48.668373708846417],[23.038745154786771,48.667845808846415],[23.038766154786771,48.667272708846411],[23.038784154786772,48.666946308846413],[23.038816154786769,48.666632108846414],[23.03892355478677,48.666134108846414],[23.039066954786769,48.665725208846418],[23.039237754786772,48.665306608846414],[23.039332554786771,48.665085708846412],[23.039446654786769,48.664862408846417],[23.039592754786771,48.664642808846416],[23.039775654786769,48.664416108846417],[23.04040195478677,48.663859008846416],[23.04151315478677,48.662979208846416],[23.042655354786771,48.662111708846417],[23.043144954786769,48.661690808846416],[23.043342454786771,48.661475008846416],[23.043563454786771,48.661219408846414],[23.04392605478677,48.660692508846417],[23.044104154786769,48.660337508846418],[23.044261054786769,48.659968508846411],[23.04452345478677,48.659205108846415],[23.044641254786772,48.658740008846415],[23.044696654786769,48.658289108846418],[23.044696054786769,48.658081908846412],[23.044677054786771,48.657874708846414],[23.044638454786771,48.657686208846414],[23.044555154786771,48.657463708846414],[23.04444895478677,48.657289308846416],[23.044332654786771,48.657120808846415],[23.044168554786772,48.656942508846413],[23.043806954786771,48.656620108846411],[23.043425554786769,48.656280908846412],[23.043228454786771,48.656116108846412],[23.043026154786769,48.655926108846415],[23.042897354786771,48.655817908846416],[23.042574054786769,48.655483608846417],[23.04237955478677,48.655266508846417],[23.042177954786769,48.655031008846414],[23.042045554786771,48.654844708846412],[23.041915154786771,48.654633208846413],[23.04181895478677,48.654454908846418],[23.04171315478677,48.654248608846416],[23.041489054786769,48.653432408846413],[23.041220754786771,48.652598008846418],[23.041132354786772,48.652209708846414],[23.04104525478677,48.651755508846414],[23.040987454786769,48.651228008846417],[23.040942054786772,48.650667308846415],[23.040943954786769,48.650306708846415],[23.041022354786769,48.649705708846412],[23.041139654786772,48.649077108846413],[23.041205654786772,48.648511308846416],[23.04121275478677,48.648279108846417],[23.041201954786771,48.648074808846417],[23.04113495478677,48.647836108846413],[23.041056454786769,48.647598308846412],[23.040854254786769,48.647197808846414],[23.040547754786772,48.646734608846415],[23.040351154786769,48.646472108846417],[23.040127954786769,48.646261008846416],[23.03966235478677,48.645900108846412],[23.03924675478677,48.645640308846417],[23.038805754786772,48.645320108846413],[23.038615054786771,48.645173308846417],[23.038426754786769,48.644990508846412],[23.03831065478677,48.644840908846412],[23.038193854786769,48.644639708846412],[23.038062854786769,48.644356008846415],[23.037980754786769,48.643947708846412],[23.03792425478677,48.643422808846417],[23.037889554786769,48.643229108846413],[23.037833154786771,48.643035508846417],[23.037785854786769,48.642910708846415],[23.03773395478677,48.642792108846415],[23.037585954786771,48.642525608846412],[23.037529554786769,48.642442308846412],[23.036959154786771,48.641821408846411],[23.03679275478677,48.641656508846417],[23.03658055478677,48.641440608846416],[23.03637135478677,48.641212408846414],[23.036068454786772,48.640865808846414],[23.035774454786772,48.640431008846413],[23.03556115478677,48.639994908846411],[23.035467454786769,48.639739908846416],[23.03537695478677,48.639463508846411],[23.035325354786771,48.639165608846412],[23.035301454786769,48.638829908846418],[23.035331454786771,48.638377408846416],[23.035439954786771,48.637749708846414],[23.035476154786771,48.637394608846414],[23.035446054786771,48.637204808846413],[23.035429654786771,48.637101508846413],[23.035405954786771,48.636996708846418],[23.035311854786769,48.636834708846415],[23.035196454786771,48.636675508846416],[23.034944454786771,48.636363208846412],[23.034712754786771,48.636072708846413],[23.03453725478677,48.635834208846411],[23.034246554786769,48.635432708846416],[23.033841854786772,48.634881708846414],[23.033659154786772,48.634620608846411],[23.033418154786769,48.634283008846417],[23.033335954786772,48.634143808846417],[23.03316075478677,48.633847008846416],[23.032950254786769,48.633428608846415],[23.032811954786769,48.633001608846413],[23.03277185478677,48.632801908846417],[23.032759054786769,48.632585108846413],[23.032745654786769,48.632355208846413],[23.032728954786769,48.632069708846416],[23.03273025478677,48.631575008846411],[23.03273695478677,48.631059208846416],[23.032747654786771,48.630562608846418],[23.03280285478677,48.630252008846412],[23.032887554786772,48.629958608846415],[23.03302965478677,48.629710808846411],[23.033206754786772,48.629481508846418],[23.03346925478677,48.629233208846415],[23.033666754786772,48.629087508846418],[23.033933954786772,48.628916408846415],[23.034328054786769,48.628709708846415],[23.034799554786769,48.628528608846416],[23.035569354786769,48.628291808846413],[23.036156354786769,48.628109108846417],[23.03650455478677,48.628006308846416],[23.038031954786771,48.627609308846417],[23.039275254786769,48.627248108846416],[23.03945865478677,48.627183708846417],[23.03960335478677,48.627099308846418],[23.039907454786771,48.626896908846412],[23.04012135478677,48.626700408846418],[23.040277854786769,48.626464908846415],[23.04044575478677,48.626147208846412],[23.040497054786769,48.625902208846412],[23.040498154786771,48.625632108846418],[23.040411954786769,48.625337508846414],[23.039938754786771,48.624027808846414],[23.039708054786772,48.623387708846415],[23.03943795478677,48.622616808846416],[23.03929175478677,48.622210708846417],[23.039208854786771,48.621903308846413],[23.039153954786769,48.621686308846414],[23.039150154786771,48.621573808846414],[23.039178554786769,48.621425608846415],[23.039278254786769,48.621209808846416],[23.03938355478677,48.621008208846412],[23.039534554786769,48.620810708846413],[23.03974075478677,48.620616708846413],[23.039991354786771,48.620448708846418],[23.040257954786771,48.620309608846412],[23.04054335478677,48.620203108846418],[23.04162015478677,48.619799208846416],[23.042245154786769,48.619510408846416],[23.04333325478677,48.618831908846417],[23.04388565478677,48.618476608846414],[23.044435954786771,48.618058708846412],[23.044595054786772,48.617928108846414],[23.044717354786769,48.617787208846416],[23.044852654786769,48.617571908846415],[23.04497125478677,48.617232708846416],[23.045000854786771,48.616935108846413],[23.04496245478677,48.616743608846413],[23.044902054786771,48.616549708846414],[23.04482835478677,48.616360508846412],[23.044724254786772,48.616199208846417],[23.044480754786772,48.615842508846413],[23.04422275478677,48.615540208846411],[23.044066654786771,48.615404708846413],[23.043845654786772,48.615205908846413],[23.043138554786772,48.614627908846415],[23.042368254786769,48.613966808846413],[23.04207645478677,48.613686308846418],[23.041931554786771,48.613540908846417],[23.041758254786771,48.613346908846417],[23.041522654786771,48.613024608846416],[23.041343654786772,48.612623208846415],[23.041204754786769,48.612256908846412],[23.04106225478677,48.611901608846416],[23.040859154786769,48.611516908846411],[23.040719254786769,48.611304508846416],[23.040549254786772,48.611111608846414],[23.04036515478677,48.610928508846413],[23.04015295478677,48.610736208846411],[23.039625154786769,48.610386408846416],[23.039359354786772,48.610243908846414],[23.039046754786771,48.610120208846418],[23.03892115478677,48.610072008846416],[23.037913854786769,48.609742808846413],[23.03687905478677,48.609409308846416],[23.03678845478677,48.609380308846411],[23.035519054786771,48.608977308846413],[23.03511705478677,48.608842008846416],[23.034525254786772,48.608618708846414],[23.03406055478677,48.608411408846415],[23.033666154786772,48.608142808846416],[23.03339755478677,48.607917008846414],[23.03320905478677,48.607716608846417],[23.033016654786771,48.607420208846413],[23.032755654786769,48.606911608846417],[23.032669654786769,48.606763208846417],[23.031932654786772,48.605416608846411],[23.031873054786772,48.605301708846412],[23.03139165478677,48.604370008846416],[23.031204754786771,48.604109108846416],[23.03098455478677,48.603864508846414],[23.029687254786769,48.602800808846418],[23.029588054786771,48.602705808846416],[23.029493854786772,48.602576008846412],[23.029424454786771,48.602485908846411],[23.02936665478677,48.602323108846413],[23.029360054786771,48.602125808846417],[23.02939825478677,48.601922608846415],[23.02947545478677,48.601654008846417],[23.029595654786771,48.601368408846412],[23.030066554786771,48.600539108846412],[23.030452454786769,48.599710108846416],[23.030640054786769,48.599273208846412],[23.030765454786771,48.598888408846413],[23.030817454786771,48.598547208846412],[23.030857654786772,48.598159608846416],[23.03085055478677,48.597829608846418],[23.030800554786769,48.597468408846417],[23.030718754786772,48.597078608846417],[23.030611354786771,48.596676908846412],[23.030514954786771,48.596419508846417],[23.030393154786772,48.596081108846413],[23.02988045478677,48.594623708846413],[23.02961225478677,48.593882208846416],[23.02934715478677,48.593110108846417],[23.028933254786772,48.592148708846416],[23.02863945478677,48.591638008846417],[23.028265654786772,48.591070508846414],[23.027879554786772,48.590576908846415],[23.02743795478677,48.590080708846415],[23.025446354786769,48.588163908846411],[23.024886654786769,48.587589008846415],[23.024580954786771,48.587278608846418],[23.024340354786769,48.586986408846414],[23.02414855478677,48.586740808846415],[23.02396585478677,48.586468708846418],[23.02363785478677,48.585999208846417],[23.023580454786771,48.585890408846417],[23.023291754786769,48.585257408846417],[23.022115454786771,48.582331408846414],[23.021519954786772,48.580812308846411],[23.021249054786772,48.580120308846418],[23.02096705478677,48.579413608846416],[23.02076735478677,48.579005408846413],[23.020551754786769,48.578615808846415],[23.020305154786769,48.578270608846417],[23.02001795478677,48.577954508846418],[23.019585454786771,48.577533108846417],[23.018762354786769,48.576831908846415],[23.017840154786771,48.576090308846418],[23.017465854786771,48.575774208846411],[23.016964254786771,48.575344808846417],[23.016708054786772,48.575105808846416],[23.01661515478677,48.575020608846415],[23.016180254786772,48.574613108846414],[23.01556055478677,48.573978908846414],[23.01503915478677,48.573309808846417],[23.014663654786769,48.572723908846413],[23.01456675478677,48.572546508846415],[23.014127954786769,48.571653108846412],[23.01181295478677,48.564782308846418],[23.011774554786772,48.564663508846415],[23.01175855478677,48.564619708846415],[23.01167195478677,48.564380008846413],[23.011563683044002,48.564084555954999]]}},
{"type":"Feature","properties":{"ref":"М-8-B","layer":"Blue_roads_Rain","id_object":"BL0104"},"geometry":{"type":"LineString","coordinates":[[23.080755786706433,48.758610641592881],[23.080796971432846,48.759103882801881],[23.080953571432847,48.761588782801887],[23.080950871432847,48.762125182801881],[23.080927371432846,48.762713082801888],[23.080824171432845,48.764955082801883],[23.080777971432845,48.766008682801882],[23.080727071432847,48.766917882801884],[23.080718871432847,48.767058782801882],[23.080693371432847,48.767252382801885],[23.080645171432845,48.767488182801884],[23.080580971432845,48.767660882801884],[23.080507971432848,48.767819782801887],[23.080379671432848,48.768043482801886],[23.080135371432846,48.768378882801883],[23.079234371432847,48.769492082801882],[23.078316271432847,48.770609582801882],[23.078123871432847,48.770794182801886],[23.077968971432846,48.770929682801885],[23.077832771432846,48.771028282801886],[23.077692071432846,48.771128182801881],[23.077496371432847,48.771243182801882],[23.077261571432846,48.771371282801887],[23.077008171432848,48.771525782801888],[23.076806071432845,48.771683982801882],[23.076639271432846,48.771861782801885],[23.076509371432845,48.772049182801887],[23.076421571432846,48.772224082801884],[23.076366971432847,48.772354982801886],[23.076312071432845,48.772629782801886],[23.076252971432847,48.773083282801885],[23.076215571432847,48.773353182801884],[23.076011671432845,48.774564582801887],[23.075657071432847,48.776610082801888],[23.075259971432846,48.778952982801883],[23.075084271432846,48.780094182801882],[23.074895871432847,48.781213982801887],[23.074725471432846,48.782049882801886],[23.074655771432845,48.782451882801887],[23.074607471432845,48.782861982801883],[23.074477371432845,48.783658082801885],[23.074157571432846,48.785626982801887],[23.074100271432847,48.785950082801882],[23.073931874305973,48.787074531528269]]}},
{"type":"Feature","properties":{"ref":"М-8-B","layer":"Blue_roads_Rain","id_object":"BL0104"},"geometry":{"type":"LineString","coordinates":[[23.074166196541928,48.786921015389197],[23.074163193668799,48.786941066662813],[23.0740267936688,48.787881366662809],[23.073906493668801,48.788696666662815],[23.073856493668799,48.789130066662814],[23.0738531936688,48.789511366662815],[23.073923293668802,48.791084866662814],[23.073970993668802,48.791945566662811],[23.074082993668799,48.793771466662811],[23.074082693668799,48.794132066662812],[23.0740693936688,48.79432466666281],[23.074039793668799,48.794531166662814],[23.073964693668799,48.794769066662809],[23.0738650936688,48.795013366662815],[23.073747493668801,48.795242466662813],[23.073594093668799,48.795454666662813],[23.073459093668799,48.795643566662811],[23.073315193668801,48.795812166662813],[23.073059493668801,48.796072866662811],[23.072775293668801,48.796342866662812],[23.0724908936688,48.796568566662813],[23.0721692936688,48.79680356666281],[23.071538593668802,48.797226566662815],[23.070876993668801,48.797649066662814],[23.069879093668799,48.798283466662809],[23.069349793668799,48.798651466662811],[23.069105893668802,48.798845866662809],[23.068873893668801,48.799050466662813],[23.068635093668799,48.799316966662815],[23.068505093668801,48.799496966662815],[23.0683763936688,48.799695066662814],[23.0682073936688,48.800041066662814],[23.068049193668799,48.800444366662809],[23.067930093668799,48.800854566662814],[23.067829093668799,48.801308166662814],[23.0677157936688,48.802076666662813],[23.0676440936688,48.802617766662813],[23.067577993668799,48.803040866662812],[23.067470893668801,48.80369736666281],[23.0674436936688,48.803886566662811],[23.067400693668802,48.804162866662814],[23.067362493668799,48.804427766662812],[23.0671542936688,48.805967166662811],[23.067067493668802,48.806515066662811],[23.0667164936688,48.808918066662812],[23.066612793668799,48.809594166662812],[23.066557293668801,48.809847266662814],[23.066463993668801,48.81018676666281],[23.066319093668799,48.810570366662816],[23.066176993668801,48.810855366662814],[23.0660044936688,48.81113536666281],[23.0658394936688,48.811368966662812],[23.065669593668801,48.811588166662816],[23.065440393668801,48.811840266662813],[23.065191993668801,48.812074366662813],[23.064876493668802,48.81234956666281],[23.064049893668802,48.812975866662811],[23.063612793668799,48.813305866662816],[23.063149793668799,48.813629566662811],[23.0629336936688,48.813789866662816],[23.062738093668802,48.813916266662815],[23.0623013936688,48.814199666662816],[23.061367493668801,48.814761466662816],[23.059588793668802,48.815812366662811],[23.0589775936688,48.816165866662814],[23.0585817936688,48.816405266662812],[23.058308293668802,48.816585766662811],[23.058023493668799,48.816815766662813],[23.057828193668801,48.81700216666281],[23.0577639936688,48.817088266662815],[23.057614893668799,48.817323566662814],[23.057508693668801,48.817578866662814],[23.0574441936688,48.817810366662812],[23.057390093668801,48.818119866662812],[23.057375393668799,48.818265966662814],[23.0573544936688,48.818653166662813],[23.057375093668799,48.819144466662813],[23.057446193668799,48.819792766662815],[23.057609993668802,48.820845166662814],[23.057793993668799,48.821879966662813],[23.0578043936688,48.822114866662815],[23.057796593668801,48.822398866662816],[23.0577508936688,48.822658766662812],[23.057677793668802,48.822873166662809],[23.0575812936688,48.823058766662811],[23.0574641936688,48.823230266662812],[23.057318693668801,48.823415266662813],[23.057179893668799,48.823569466662811],[23.0570522936688,48.823695066662815],[23.056663993668799,48.824062166662813],[23.0562560936688,48.824434566662809],[23.0560006936688,48.824692166662814],[23.055862893668799,48.824866566662813],[23.055774693668802,48.825026666662815],[23.0556945936688,48.825213166662813],[23.0556033936688,48.82548226666281],[23.0555595936688,48.825713366662811],[23.055532093668802,48.825944666662814],[23.0554887936688,48.826578166662813],[23.055397193668799,48.827517466662812],[23.055333493668801,48.82838376666281],[23.055257893668799,48.829781266662813],[23.055230893668799,48.830078566662813],[23.055171793668801,48.830381766662811],[23.055080693668799,48.830753966662812],[23.055048693668802,48.830873966662814],[23.054931393668799,48.831314666662813],[23.054792393668802,48.83167376666281],[23.054611893668799,48.83206166666281],[23.0544593936688,48.832420866662815],[23.054339793668799,48.832689366662812],[23.054040793668801,48.833354466662811],[23.053860393668799,48.833767866662811],[23.053818093668799,48.833863366662811],[23.053562793668799,48.834541066662815],[23.053416393668801,48.835029766662814],[23.053345293668801,48.835426866662814],[23.053323393668801,48.835773166662811],[23.053347093668801,48.836152766662813],[23.0533782936688,48.836295766662815],[23.0533867936688,48.836334766662816],[23.053438393668799,48.836514166662809],[23.0535141936688,48.836718766662813],[23.053611993668799,48.836923266662815],[23.053756693668799,48.837201166662815],[23.053937893668799,48.837502466662812],[23.054096293668799,48.837753266662816],[23.054277693668801,48.838003766662816],[23.0544395936688,48.83820696666281],[23.054624893668802,48.838412966662816],[23.054881893668799,48.838661866662811],[23.055048493668799,48.838807166662811],[23.055233893668799,48.83895056666281],[23.055533893668802,48.83916826666281],[23.055864393668799,48.839369466662809],[23.056090493668801,48.83949656666281],[23.0563460936688,48.839621366662811],[23.056634993668801,48.839759566662813],[23.056943593668802,48.839888466662813],[23.057175493668801,48.839980266662813],[23.057424293668799,48.84005536666281],[23.057782993668802,48.84016296666281],[23.0581579936688,48.840248166662811],[23.059510993668802,48.840535866662812],[23.0620720936688,48.841039066662816],[23.062479993668802,48.841127166662815],[23.063141093668801,48.841296066662814],[23.063739993668801,48.841468666662813],[23.0641062936688,48.841593766662811],[23.064450293668802,48.841749166662815],[23.064885393668799,48.841977166662815],[23.065313293668801,48.842228366662816],[23.065739993668799,48.842490966662815],[23.0669520936688,48.843264466662809],[23.0681623936688,48.844035266662814],[23.069042693668802,48.844594466662812],[23.070237193668799,48.845345866662811],[23.070632993668799,48.845620066662811],[23.070813193668801,48.845757066662813],[23.070919593668801,48.845841166662815],[23.071097693668801,48.846037666662809],[23.0712502936688,48.846233566662811],[23.071341593668802,48.846500066662813],[23.071448993668799,48.846704666662809],[23.0715259936688,48.846872366662815],[23.0716566936688,48.847055966662815],[23.071782193668799,48.847219566662815],[23.071886093668802,48.847317266662813],[23.071970593668802,48.847386666662814],[23.072142593668801,48.847481366662812],[23.0723428936688,48.847573166662812],[23.0725936936688,48.847659566662813],[23.073271393668801,48.847845866662816],[23.073904993668801,48.848026266662814],[23.0742663936688,48.848190466662814],[23.0751047936688,48.848650466662811],[23.075426593668801,48.848851866662812],[23.0757322936688,48.849070366662815],[23.0760210936688,48.84931986666281],[23.076181993668801,48.849489966662816],[23.076310593668801,48.849652666662813],[23.076549593668801,48.85007316666281],[23.076683193668799,48.850347666662813],[23.0767640936688,48.850613966662813],[23.076829293668801,48.85082956666281],[23.076844493668801,48.851074166662812],[23.076893693668801,48.852039366662815],[23.076902193668801,48.852978266662809],[23.076917393668801,48.853162366662815],[23.076961493668801,48.853341566662813],[23.077026293668801,48.853486966662814],[23.077087793668799,48.853609066662813],[23.077279027428357,48.853928118345209]]}},
{"type":"Feature","properties":{"ref":"М-8-B","layer":"Blue_roads_Rain","id_object":"BL0104"},"geometry":{"type":"LineString","coordinates":[[23.080727069512431,48.75826671546487],[23.080755786706433,48.758610641592881]]}},
{"type":"Feature","properties":{"ref":"М-8-B","layer":"Blue_roads_Rain","id_object":"BL0104"},"geometry":{"type":"LineString","coordinates":[[23.080771554786772,48.758662308846418],[23.080755786706433,48.758610641592881]]}},
{"type":"Feature","properties":{"ref":"B-88","layer":"Blue_roads_Rain","id_object":"BL0105"},"geometry":{"type":"LineString","coordinates":[[22.816719492396526,48.447175284536705],[22.82953191208026,48.450695279367828],[22.84225347829387,48.454357058027817],[22.854880610361171,48.458159559231234],[22.867409754185882,48.462101681141966],[22.879837383252006,48.466182281718915],[22.892159999616371,48.47040017907414],[22.904374134893246,48.474754151843108],[22.916476351230497,48.479242939567072],[22.928463242277289,48.48386524308723],[22.940331434142813,48.488619724950816],[22.952077586345922,48.493505009828532],[22.963698392755383,48.498519684943652],[22.975190582520415,48.503662300512133],[22.986550920991331,48.50893137019402],[22.997776210629958,48.514325371555607],[23.008863291909673,48.519842746542366],[23.019809044204656,48.525481901962443],[23.030610386668268,48.531241209980472],[23.041264279100176,48.537119008621566],[23.051767722802087,48.54311360228526],[23.062117761421767,48.549223262269251],[23.072311481785146,48.555446227302703],[23.082346014716268,48.561780704088889],[23.092218535844903,48.568224867857055],[23.101926266401456,48.574776862923187],[23.1313271573826,48.61602626766161],[23.16171331002565,48.656928995321792],[23.193077087453144,48.69747554634354],[23.225410607083596,48.737656529051137],[23.25870574261257,48.777462661204027],[23.292954126055065,48.816884771502856],[23.328147149848611,48.855913801051308],[23.364275969016585,48.894540804774209],[23.401331503391194,48.93275695279258]]}},
{"type":"Feature","properties":{"ref":"ZS-2","layer":"Green_roads","id_object":"GR0106"},"geometry":{"type":"LineString","coordinates":[[22.624038880668042,48.265712936801044],[22.63033629075921,48.26442118681782],[22.668697397484561,48.268688384660294],[22.706942871918145,48.273392665519019],[22.745061454766091,48.27853252387056],[22.783041924090828,48.284106315221337],[22.820873098614769,48.290112256747634],[22.858543841012054,48.296548427988711],[22.896043061187296,48.30341277159296],[22.916663417950929,48.314010684478859]]}},
{"type":"Feature","properties":{"ref":"ZS-2","layer":"Green_roads","id_object":"GR0106"},"geometry":{"type":"LineString","coordinates":[[22.916721998509932,48.314020424195306],[22.963630260414782,48.332862868006409],[23.010997996124313,48.351183383582082],[23.058812405837056,48.368977578791672],[23.107060569050418,48.386241192923301],[23.155729448052085,48.402970097247795],[23.204805891443133,48.419160295559443],[23.254276637691763,48.434807924693921],[23.304128318716923,48.449909255023719],[23.354347463500609,48.464460690931759],[23.404920501728057,48.478458771263462],[23.455833767454717,48.491900169757685],[23.50707350279912,48.504781695457105],[23.558625861660524,48.517100293098181],[23.610476913460474,48.528853043481412],[23.670115769720585,48.546097642791736],[23.729298444971135,48.564011803271839],[23.788007474449806,48.582589524235743],[23.846225533166784,48.601824588492462],[23.903935441017353,48.621710565059054],[23.961120167851732,48.642240811960249],[24.017762838500651,48.66340847911308],[24.073846737755215,48.685206511294176],[24.129355315299541,48.707627651188027],[24.184272190594736,48.730664442513991],[24.238581157712787,48.754309233229904],[24.292266190118944,48.778554178810261],[24.345311445401084,48.803391245596728]]}},
{"type":"Feature","properties":{"ref":"Z-1","layer":"Green_roads","id_object":"GR0107"},"geometry":{"type":"LineString","coordinates":[[22.557073979175289,48.247220582629403],[22.557621823591521,48.247907491801776],[22.558187280875313,48.248588032851664],[22.558770184639002,48.249262005785447],[22.559370363361236,48.249929212547599],[22.559987640437441,48.250589457078654],[22.560621834231807,48.251242545372556],[22.56127275813072,48.251888285533425],[22.561940220597677,48.252526487831751],[22.562624025229645,48.253156964759825],[22.563323970814857,48.2537795310866],[22.564039851392018,48.254394003911884],[22.564771456310915,48.255000202719764],[22.565518570294383,48.255597949431419],[22.566280973501673,48.256187068457159],[22.567058441593119,48.256767386747725],[22.567850745796189,48.25733873384489],[22.568657652972743,48.257900941931204],[22.569478925687697,48.258453845879089],[22.57031432227884,48.258997283298989],[22.571163596927978,48.259531094586897],[22.572026499733241,48.260055122970861],[22.572902776782637,48.260569214556817],[22.573792170228757,48.26107321837349],[22.574694418364647,48.261566986416497],[22.575609255700819,48.262050373691494],[22.576536413043371,48.262523238256527],[22.577475617573199,48.262985441263424],[22.578426592926277,48.263436846998346],[22.579120149114498,48.263730373875063],[22.579821211088603,48.264015887311963],[22.580529570041016,48.264293302405356],[22.58124501499082,48.264562536661124],[22.581967332846546,48.26482351001917],[22.582696308469679,48.265076144877035],[22.583431724738716,48.265320366112952],[22.584173362613853,48.265556101108032],[22.584921001202208,48.265783279767739],[22.585674417823608,48.266001834542628],[22.586433388076948,48.266211700448359],[22.587197685906983,48.266412815084863],[22.587967083671682,48.26660511865488],[22.588741352210029,48.266788553981563],[22.589520260910284,48.266963066525449],[22.590303577778627,48.26712860440054],[22.591091069508323,48.267285118389715],[22.591882501549168,48.267432561959204],[22.592677638177342,48.267570891272406],[22.593476242565647,48.267700065202831],[22.594278076854042,48.267820045346269],[22.595082902220447,48.267930796032161],[22.595890478951929,48.268032284334076],[22.596700566516077,48.268124480079535],[22.597512923632625,48.268207355858891],[22.598327308345343,48.26828088703342],[22.599143478094099,48.268345051742635],[22.599961189787074,48.268399830910738],[22.600780199873228,48.268445208252231],[22.601600264414756,48.268481170276786],[22.602421139159826,48.268507706293185],[22.603242579615273,48.268524808412508],[22.604064341119443,48.268532471550444],[22.604886178915052,48.268530693428822],[22.605707848222114,48.268519474576266],[22.606529104310802,48.26849881832802],[22.607349702574364,48.268468730825006],[22.608169398602008,48.268429221011985],[22.608987948251638,48.268380300634902],[22.609805107722611,48.268321984237438],[22.610620633628336,48.268254289156673],[22.611434283068775,48.268177235518024],[22.612245813702796,48.268090846229214],[22.613054983820319,48.267995146973583],[22.613861552414356,48.26789016620242],[22.614665279252744,48.267775935126586],[22.615465924949746,48.267652487707309],[22.61626325103731,48.267519860646097],[22.617057020036114,48.267378093373921],[22.617846995526307,48.267227228039523],[22.618632942217893,48.267067309496994],[22.619414626020852,48.266898385292457],[22.620191814114847,48.266720505650071],[22.620964275018533,48.266533723457123],[22.621731778658564,48.266338094248404],[22.622494096438082,48.266133676189817],[22.623251001304794,48.265920530061102],[22.624002267818636,48.265698719237932]]}},
{"type":"Feature","properties":{"ref":"Z-1","layer":"Green_roads","id_object":"GR0107"},"geometry":{"type":"LineString","coordinates":[[22.574399179495849,48.168456323706991],[22.582483296636131,48.170976338164557],[22.593584312564282,48.17115214850584],[22.597743532252391,48.170839596371309],[22.602166364455961,48.172871151195906],[22.617133697277275,48.19925451662106],[22.55726436599198,48.247104366833319]]}},
{"type":"Feature","properties":{"ref":"Z-3","layer":"Green_roads","id_object":"GR0108"},"geometry":{"type":"LineString","coordinates":[[22.630328968189307,48.264411593285352],[22.628220068065751,48.275914367998986],[22.647610233090663,48.306199116462231],[22.646204299674956,48.337984614409862],[22.694240358044798,48.398229152143756]]}},
{"type":"Feature","properties":{"ref":"Z-3","layer":"Green_roads","id_object":"GR0108"},"geometry":{"type":"LineString","coordinates":[[22.694211067765352,48.398189693145127],[22.698238481195748,48.395486449911438]]}},
{"type":"Feature","properties":{"ref":"Z-3","layer":"Green_roads","id_object":"GR0108"},"geometry":{"type":"LineString","coordinates":[[22.698223836055984,48.395505489270718],[22.699326895120972,48.395073895724359],[22.700441039515031,48.394655038964139],[22.701565935470665,48.394249044784381],[22.702701245999496,48.393856035119427],[22.703846630993212,48.393476128006633],[22.705001747325483,48.39310943755072],[22.70616624895472,48.392756073889217],[22.707339787027752,48.392416143159124],[22.70852200998435,48.392089747464752],[22.709712563662507,48.391776984846878],[22.710911091404572,48.391477949253002],[22.712117234164079,48.391192730508926],[22.713330630613299,48.390921414291533],[22.714550917251508,48.390664082102894],[22.715777728513856,48.390420811245512],[22.717010696880905,48.390191674798949],[22.718249452988697,48.389976741597721],[22.719493625739442,48.38977607621036],[22.720742842412655,48.389589738919945],[22.721996728776841,48.389417785705803],[22.723254909201586,48.389260268226529],[22.724517006770096,48.389117233804384],[22.72578264339209,48.388988725410918],[22.727051439917108,48.388874781653939],[22.728323016248055,48.388775436765883],[22.729596991455075,48.38869072059336],[22.730872983889689,48.388620658588181],[22.732150611299101,48.388565271799592],[22.733429490940715,48.388524576867901],[22.734709239696823,48.38849858601948],[22.735989474189328,48.388487307063023],[22.737269810894631,48.388490743387187],[22.738549866258516,48.388508893959539],[22.739829256811049,48.38854175332694],[22.741107599281442,48.388589311617125],[22.742384510712903,48.388651554541724],[22.743659608577328,48.388728463400589],[22.744932510889914,48.388820015087475],[22.74620283632358,48.38892618209703],[22.747470204323218,48.389046932533105],[22.748734235219683,48.389182230118443],[22.749994550343523,48.389332034205694],[22.751250772138455,48.389496299789698],[22.752502524274423,48.389674977521118],[22.753749431760379,48.389868013721404],[22.754991121056591,48.390075350399066],[22.756227220186556,48.390296925267215],[22.757457358848431,48.39053267176245],[22.758681168525978,48.390782519065027],[22.75989828259894,48.39104639212028],[22.761108336452885,48.391324211661399],[22.762310967588441,48.391615894233389],[22.763744570190855,48.391691855603],[22.765175976409061,48.391784292058141],[22.766604756837648,48.391893175779245],[22.768030482858922,48.392018473996949],[22.769452726771462,48.392160149002123],[22.770871061918463,48.392318158157273],[22.772285062815673,48.392492453909519],[22.773694305279097,48.392682983805031],[22.775098366552193,48.39288969050498],[22.77649682543273,48.393112511802954],[22.777889262399118,48.393351380643871],[22.779275259736281,48.393606225144275],[22.780654401660961,48.393876968614279],[22.782026274446437,48.394163529580766],[22.783390466546638,48.394465821812204],[22.78474656871964,48.394783754344779],[22.786094174150367,48.395117231510049],[22.787432878572702,48.395466152963998],[22.788762280390699,48.395830413717491],[22.790081980799105,48.396209904168131],[22.791391583902975,48.396604510133585],[22.792690696836431,48.39701411288619],[22.793978929880531,48.397438589189015],[22.795255896580187,48.397877811333288],[22.796521213860061,48.398331647177095],[22.797774502139522,48.398799960185542],[22.799015385446506,48.39928260947211],[22.800243491530274,48.399779449841454],[22.801458451973136,48.40029033183346],[22.802659902300924,48.400815101768472],[22.803847482092358,48.401353601794064],[22.805020835087156,48.401905669932745],[22.806179609292915,48.402471140131176],[22.807323457090693,48.403049842310487],[22.8084520353393,48.403641602417785],[22.809565005478248,48.404246242478976],[22.810662033629292,48.40486358065268],[22.811742790696599,48.405493431285265],[22.812806952465479,48.40613560496719],[22.81385419969963,48.406789908590305],[22.814884218236941,48.407456145406393],[22.815896699083677,48.408134115086696],[22.816891338507229,48.408823613782602],[22.817867838127221,48.409524434187354],[22.818825905004985,48.410236365598806],[22.819765251731479,48.410959193983146],[22.820685596513481,48.411692702039716],[22.821586663258142,48.412436669266704],[22.822468181655797,48.413190872027869],[22.823329887261075,48.413955083620181],[22.824171521572193,48.41472907434234],[22.824992832108538,48.415512611564253],[22.825793572486393,48.416305459797307],[22.826573502492852,48.417107380765586],[22.827332388157885,48.417918133477848],[22.828070001824514,48.418737474300322],[22.828786122217124,48.41956515703027],[22.82948053450783,48.420400932970423],[22.830153030380934,48.42124455100398],[22.830803408095402,48.422095757670434],[22.831431472545404,48.422954297242114],[22.83203703531882,48.423819911801296],[22.832619914753788,48.424692341318035],[22.833179935993176,48.425571323728612],[22.833716931037053,48.426456595014542],[22.834230738793078,48.427347889282188],[22.83472120512484,48.428244938842887],[22.835188182898072,48.429147474293714],[22.835631532024816,48.430055224598519],[22.836051119505431,48.430967917169681],[22.836446819468495,48.431885277950208],[22.836818513208573,48.432807031496182],[22.837166089221817,48.433732901059777],[22.83748944323942,48.434662608672497],[22.837788478258886,48.435595875228863],[22.838063104573163,48.436532420570344],[22.838313239797504,48.437471963569692],[22.838538808894221,48.438414222215407],[22.83873974419518,48.439358913696594],[22.838915985422098,48.440305754487945],[22.839067479704639,48.441254460434969],[22.839194181596255,48.442204746839323],[22.839296053087836,48.44315632854439],[22.83937306361911,48.444108920020895],[22.839425190087798,48.445062235452653],[22.839452416856563,48.446015988822325],[22.839454735757684,48.446969893997348],[22.839432146095522,48.44792366481569],[22.839384654646715,48.448877015171767],[22.839312275658145,48.449829659102235],[22.839215030842681,48.450781310871733],[22.839092949372649,48.451731685058547],[22.838946067871088,48.452680496640163],[22.838774430400758,48.453627461078653],[22.838578088450923,48.45457229440597],[22.838357100921922,48.455514713308936],[22.838111534107455,48.456454435214134],[22.837841461674753,48.45739117837249],[22.837546964642442,48.458324661943607],[22.837228131356238,48.459254606079774],[22.836885057462467,48.460180732009775],[22.836517845879357,48.461102762122174],[22.836126606766143,48.462020420048432],[22.835711457490074,48.462933430745466],[22.835272522591154,48.463841520577901],[22.834809933744804,48.464744417399849],[22.834323829722369,48.465641850636203],[22.833814356349453,48.466533551363504],[22.833281666462216,48.467419252390201],[22.832725919861492,48.468298688336517],[22.832147283264881,48.46917159571359],[22.831545930256706,48.470037713002171],[22.830922041235947,48.470896780730641],[22.830275803362142,48.471748541552465],[22.829607410499218,48.472592740322902],[22.828917063157355,48.473429124175127]]}},
{"type":"Feature","properties":{"ref":"Z-3","layer":"Green_roads","id_object":"GR0108"},"geometry":{"type":"LineString","coordinates":[[23.110296156516519,48.744602918969854],[23.110234356516518,48.744400418969853],[23.110180356516519,48.74423841896985],[23.110003956516518,48.743841118969847],[23.109826356516518,48.743455518969853],[23.109706456516516,48.74319811896985],[23.109632956516517,48.74298711896985],[23.109608056516517,48.742746818969849],[23.109602556516517,48.742563818969849],[23.109610656516516,48.74240821896985],[23.109657356516518,48.74212371896985],[23.109733456516519,48.74181241896985],[23.109796056516519,48.741574518969848],[23.109943856516516,48.740965118969854],[23.110011256516518,48.740687218969853],[23.110031756516516,48.740381518969848],[23.110025356516516,48.74016951896985],[23.109978056516518,48.73997131896985],[23.109929156516518,48.73983751896985],[23.109826056516518,48.73961981896985],[23.109594656516517,48.739274618969851],[23.109515956516518,48.739176718969851],[23.109348356516517,48.738996318969853],[23.109133156516517,48.738807618969851],[23.108863756516516,48.73859411896985],[23.108410556516517,48.738324218969851],[23.107547556516518,48.737951518969851],[23.104002556516516,48.736815418969847],[23.103256556516516,48.736628018969853],[23.102826556516519,48.736551518969847],[23.102353456516518,48.736493718969854],[23.100642256516519,48.736419418969852],[23.100103156516518,48.736363018969847],[23.099506456516519,48.736255618969849],[23.099141456516517,48.736156018969851],[23.098833156516516,48.736021518969849],[23.098361556516519,48.73573641896985],[23.098010156516519,48.735440718969848],[23.097631456516517,48.734952118969851],[23.097391856516516,48.734500818969849],[23.097314656516517,48.734339518969847],[23.096936056516519,48.733548318969852],[23.096618856516518,48.732898418969853],[23.096300156516516,48.732245618969849],[23.096154256516517,48.732019018969851],[23.095853756516519,48.731552418969848],[23.095288056516516,48.730821618969848],[23.094697656516516,48.730076518969852],[23.094335756516518,48.729690118969849],[23.093908856516517,48.72928341896985],[23.093490256516517,48.728950118969848],[23.093054156516519,48.728664018969852],[23.092364656516519,48.72830631896985],[23.091563956516516,48.727924318969848],[23.090384756516517,48.727412018969851],[23.087910156516518,48.726390818969847],[23.085399856516517,48.725357118969853],[23.084865256516519,48.725157818969848],[23.084368056516517,48.725019918969849],[23.083968456516519,48.724948418969852],[23.083825256516519,48.724927318969847],[23.083674656516518,48.724908918969852],[23.083528056516517,48.72490141896985],[23.083222256516517,48.724885718969851],[23.082167256516517,48.724907418969849],[23.081477156516517,48.72494701896985],[23.081049556516518,48.724957818969848],[23.080455356516516,48.724933118969851],[23.079207156516517,48.724743418969851],[23.076624956516518,48.724351018969848],[23.074537056516519,48.724044618969849],[23.073721556516517,48.723907518969853],[23.073323056516518,48.72382951896985],[23.072965456516517,48.723719818969847],[23.072625556516517,48.723573418969849],[23.072346556516518,48.72342331896985],[23.072089056516518,48.723252218969847],[23.071879956516518,48.723090018969849],[23.071667056516517,48.722909618969851],[23.071442756516518,48.722679618969849],[23.071273056516517,48.72247171896985],[23.071120456516518,48.722256318969848],[23.070971156516517,48.722007018969848],[23.070748056516518,48.721589818969854],[23.070536656516516,48.721158018969852],[23.069899756516516,48.71993991896985],[23.069739756516519,48.719742518969852],[23.069534256516519,48.719577518969849],[23.069262356516518,48.719435718969848],[23.068971256516516,48.719332218969853],[23.068628756516517,48.719247718969854],[23.068135656516517,48.719159018969847],[23.067626056516517,48.719079318969847],[23.066709356516519,48.718892418969851],[23.066329856516518,48.718800318969848],[23.066000056516518,48.718703518969853],[23.065705556516516,48.718608718969847],[23.065437456516516,48.718486818969851],[23.065147256516518,48.718334418969853],[23.064794556516517,48.718078318969852],[23.064657956516516,48.71794561896985],[23.064458256516517,48.717717118969851],[23.064308456516518,48.717456718969849],[23.064207756516517,48.717111918969849],[23.064159556516518,48.716721418969847],[23.064167456516518,48.716480018969847],[23.064196756516516,48.715683618969848],[23.064146156516518,48.715390518969848],[23.064024056516519,48.714981318969848],[23.063652256516516,48.713853918969853],[23.063595956516519,48.713614718969851],[23.063607356516517,48.713244318969849],[23.063681856516517,48.712900118969849],[23.063915956516517,48.711962018969849],[23.064002156516519,48.71151451896985],[23.064006656516518,48.711246518969851],[23.064009556516517,48.710948918969848],[23.063946056516517,48.710517318969849],[23.063808756516519,48.710134018969853],[23.063391356516519,48.709301018969853],[23.063192356516517,48.708903818969851],[23.063104256516517,48.708582818969852],[23.063080556516518,48.708285618969853],[23.063076656516518,48.708038218969847],[23.063171456516518,48.707607818969848],[23.063302156516517,48.707315118969852],[23.063562456516518,48.70692881896985],[23.063770556516516,48.706712818969848],[23.063981656516518,48.706520118969848],[23.064312456516518,48.706273718969854],[23.065660156516518,48.70541301896985],[23.065971256516516,48.705149018969848],[23.066170756516517,48.704915618969849],[23.066266356516518,48.70478981896985],[23.066382056516517,48.704585118969852],[23.066460656516519,48.704311718969848],[23.066492956516516,48.704049418969852],[23.066482356516516,48.703800318969847],[23.066467456516516,48.703691018969849],[23.066440756516517,48.70358351896985],[23.066235556516517,48.703092018969848],[23.066077756516517,48.702795118969853],[23.065827956516518,48.702359218969853],[23.065353156516519,48.70159831896985],[23.064906656516516,48.70094831896985],[23.064545056516518,48.700494018969849],[23.063458456516518,48.699244218969852],[23.062198156516519,48.697858418969851],[23.061895356516519,48.697432918969852],[23.061702656516516,48.697131018969849],[23.061527556516516,48.696753418969848],[23.061260056516517,48.695953918969849],[23.061024156516517,48.695140118969853],[23.060694156516519,48.693969718969853],[23.060455256516519,48.692928618969852],[23.060178756516517,48.691775018969849],[23.060109756516518,48.691191618969853],[23.060115556516518,48.690331318969854],[23.060296556516519,48.689288918969851],[23.060381456516517,48.688391918969849],[23.060431256516516,48.688000518969851],[23.060494156516519,48.687698518969853],[23.060746456516519,48.686895918969853],[23.060795456516516,48.68661961896985],[23.060796456516517,48.686424918969848],[23.060767856516517,48.686228418969847],[23.060731556516519,48.686105118969849],[23.060570756516519,48.685759318969851],[23.060349956516518,48.685391518969851],[23.060207056516518,48.685207618969848],[23.059886456516516,48.684894218969852],[23.057873856516519,48.683415418969851],[23.057559356516517,48.68318001896985],[23.057149656516518,48.682873918969847],[23.056390556516519,48.682301618969852],[23.055992656516519,48.68187281896985],[23.055797656516518,48.681478618969848],[23.055735756516519,48.681205518969847],[23.055738256516516,48.680983118969849],[23.055784056516519,48.680736318969849],[23.055885856516518,48.680464718969851],[23.056114056516517,48.679977418969848],[23.056237956516519,48.679769518969849],[23.056311556516519,48.679664718969853],[23.056538956516519,48.679355218969853],[23.056982656516517,48.678803118969853],[23.057455056516517,48.678215018969851],[23.057879656516519,48.677617318969851],[23.058138756516517,48.677266318969849],[23.058345456516516,48.67704991896985],[23.058550256516519,48.676863318969851],[23.058654256516519,48.67679881896985],[23.058919856516518,48.676636318969848],[23.059078656516519,48.676540518969851],[23.059593256516518,48.676331018969847],[23.059903956516518,48.676228318969848],[23.060202156516517,48.676132518969851],[23.060783256516519,48.676006718969852],[23.061220856516517,48.675939618969849],[23.061635556516517,48.675856918969849],[23.061810956516517,48.675803318969848],[23.061983956516517,48.675749318969849],[23.062146256516517,48.675690918969849],[23.062288856516517,48.675636818969849],[23.062590156516517,48.675453618969847],[23.062839856516518,48.675244818969851],[23.063074256516519,48.675044518969848],[23.063298356516519,48.674835418969849],[23.063459156516519,48.674661218969852],[23.063586856516519,48.674451918969851],[23.063655056516517,48.67429981896985],[23.063838756516517,48.673771518969851],[23.063962056516516,48.673386218969853],[23.063956956516517,48.673152318969848],[23.063949456516518,48.672914818969851],[23.063896956516519,48.67267521896985],[23.063664656516519,48.672128518969849],[23.063489156516518,48.671752418969852],[23.063430856516518,48.671627318969847],[23.063319756516517,48.671398418969851],[23.063198856516518,48.67113931896985],[23.063125256516518,48.670931818969848],[23.063079656516518,48.670699818969851],[23.063071656516517,48.67043771896985],[23.063091256516518,48.67013791896985],[23.063146756516517,48.669764718969851],[23.063245456516519,48.66935231896985],[23.063389656516517,48.668829518969851],[23.063524956516517,48.668498518969848],[23.063678256516518,48.668173518969851],[23.063768956516519,48.667992018969848],[23.063882956516519,48.66778301896985],[23.064103556516518,48.66739941896985],[23.064206156516519,48.667248818969853],[23.064381856516519,48.667004618969848],[23.064573656516519,48.666751318969851],[23.064989756516518,48.666241918969853],[23.065153056516518,48.666081018969848],[23.065324656516516,48.665916318969849],[23.065689456516516,48.665599318969853],[23.066048856516517,48.665284018969849],[23.066436056516519,48.664970018969854],[23.067263956516516,48.664260318969852],[23.067698456516517,48.663904318969848],[23.068081756516516,48.663528018969849],[23.068344856516518,48.663222418969852],[23.068572856516518,48.662908318969848],[23.068894156516517,48.662425818969851],[23.069103156516519,48.661927118969849],[23.069170956516519,48.661697418969851],[23.069192656516517,48.661451018969849],[23.069172956516518,48.66108751896985],[23.069116256516519,48.660734718969849],[23.069053456516517,48.660513618969851],[23.068806156516519,48.659750718969853],[23.068514556516519,48.658984118969848],[23.068427956516519,48.658673818969852],[23.068327456516517,48.65836051896985],[23.068279956516516,48.658081518969851],[23.068248856516519,48.657801618969849],[23.068250956516518,48.65549061896985],[23.068277756516519,48.654314318969853],[23.068269756516518,48.653786418969851],[23.068290756516518,48.653213318969847],[23.068308756516519,48.652886918969848],[23.068340756516516,48.65257271896985],[23.068448156516517,48.65207471896985],[23.068591556516516,48.651665818969853],[23.068762356516519,48.65124721896985],[23.068857156516518,48.651026318969848],[23.068971256516516,48.650803018969853],[23.069117356516518,48.650583418969852],[23.069300256516517,48.650356718969853],[23.069926556516517,48.649799618969851],[23.071037756516517,48.648919818969851],[23.072179956516518,48.648052318969853],[23.072669556516516,48.647631418969851],[23.072867056516518,48.647415618969852],[23.073088056516518,48.647160018969849],[23.073450656516517,48.646633118969852],[23.073628756516516,48.646278118969853],[23.073785656516517,48.645909118969847],[23.074048056516517,48.64514571896985],[23.074165856516519,48.644680618969851],[23.074221256516516,48.644229718969854],[23.074220656516516,48.644022518969848],[23.074201656516518,48.64381531896985],[23.074163056516518,48.64362681896985],[23.074079756516518,48.64340431896985],[23.073973556516517,48.643229918969851],[23.073857256516519,48.64306141896985],[23.073693156516519,48.642883118969849],[23.073331556516518,48.642560718969847],[23.072950156516516,48.642221518969848],[23.072753056516518,48.642056718969847],[23.072550756516517,48.641866718969851],[23.072421956516518,48.641758518969851],[23.072098656516516,48.641424218969853],[23.071904156516517,48.641207118969852],[23.071702556516517,48.64097161896985],[23.071570156516518,48.640785318969847],[23.071439756516519,48.640573818969848],[23.071343556516517,48.640395518969854],[23.071237756516517,48.640189218969851],[23.071013656516516,48.639373018969849],[23.070745356516518,48.638538618969854],[23.070656956516519,48.638150318969849],[23.070569856516517,48.637696118969849],[23.070512056516517,48.637168618969852],[23.070466656516519,48.636607918969851],[23.070468556516516,48.636247318969851],[23.070546956516516,48.635646318969847],[23.070664256516519,48.635017718969848],[23.070730256516519,48.634451918969852],[23.070737356516517,48.634219718969852],[23.070726556516519,48.634015418969852],[23.070659556516517,48.633776718969848],[23.070581056516517,48.633538918969847],[23.070378856516516,48.63313841896985],[23.070072356516519,48.632675218969851],[23.069875756516517,48.632412718969853],[23.069652556516516,48.632201618969852],[23.069186956516518,48.631840718969848],[23.068771356516518,48.631580918969853],[23.068330356516519,48.631260718969848],[23.068139656516518,48.631113918969852],[23.067951356516517,48.630931118969848],[23.067835256516517,48.630781518969847],[23.067718456516516,48.630580318969848],[23.067587456516517,48.630296618969851],[23.067505356516516,48.629888318969847],[23.067448856516517,48.629363418969852],[23.067414156516516,48.629169718969848],[23.067357756516518,48.628976118969852],[23.067310456516516,48.628851318969851],[23.067258556516517,48.62873271896985],[23.067110556516518,48.628466218969848],[23.067054156516516,48.628382918969848],[23.066483756516519,48.627762018969847],[23.066317356516517,48.627597118969852],[23.066105156516517,48.627381218969852],[23.065895956516517,48.62715301896985],[23.065593056516519,48.626806418969849],[23.065299056516519,48.626371618969848],[23.065085756516517,48.625935518969847],[23.064992056516516,48.625680518969851],[23.064901556516517,48.625404118969847],[23.064849956516518,48.625106218969847],[23.064826056516516,48.624770518969854],[23.064856056516518,48.624318018969852],[23.064964556516518,48.623690318969849],[23.065000756516518,48.623335218969849],[23.064970656516518,48.623145418969848],[23.064954256516518,48.623042118969849],[23.064930556516519,48.622937318969853],[23.064836456516517,48.62277531896985],[23.064721056516518,48.622616118969852],[23.064469056516518,48.622303818969847],[23.064237356516518,48.622013318969849],[23.064061856516517,48.621774818969847],[23.063771156516516,48.621373318969852],[23.063366456516519,48.62082231896985],[23.063183756516519,48.620561218969847],[23.062942756516517,48.620223618969852],[23.062860556516519,48.620084418969853],[23.062685356516518,48.619787618969852],[23.062474856516516,48.619369218969851],[23.062336556516517,48.618942218969849],[23.062296456516517,48.618742518969853],[23.062283656516517,48.618525718969849],[23.062270256516516,48.618295818969848],[23.062253556516517,48.618010318969851],[23.062254856516518,48.617515618969847],[23.062261556516518,48.616999818969852],[23.062272256516518,48.616503218969854],[23.062327456516517,48.616192618969848],[23.062412156516519,48.615899218969851],[23.062554256516517,48.615651418969847],[23.062731356516519,48.615422118969853],[23.062993856516517,48.615173818969851],[23.063191356516519,48.615028118969853],[23.063458556516519,48.61485701896985],[23.063852656516517,48.614650318969851],[23.064324156516516,48.614469218969852],[23.065093956516517,48.614232418969848],[23.065680956516516,48.614049718969852],[23.066029156516517,48.613946918969852],[23.067556556516518,48.613549918969852],[23.068799856516517,48.613188718969852],[23.068983256516518,48.613124318969852],[23.069127956516517,48.613039918969854],[23.069432056516519,48.612837518969847],[23.069645956516517,48.612641018969853],[23.069802456516516,48.612405518969851],[23.069970356516517,48.612087818969847],[23.070021656516516,48.611842818969848],[23.070022756516519,48.611572718969853],[23.069936556516517,48.61127811896985],[23.069463356516518,48.609968418969849],[23.069232656516519,48.609328318969851],[23.068962556516517,48.608557418969852],[23.068816356516518,48.608151318969853],[23.068733456516519,48.607843918969849],[23.068678556516517,48.607626918969849],[23.068674756516518,48.607514418969849],[23.068703156516516,48.607366218969851],[23.068802856516516,48.607150418969852],[23.068908156516517,48.606948818969848],[23.069059156516516,48.606751318969849],[23.069265356516517,48.606557318969848],[23.069515956516518,48.606389318969853],[23.069782556516518,48.606250218969848],[23.070067956516517,48.606143718969854],[23.071144756516517,48.605739818969852],[23.071769756516517,48.605451018969852],[23.072857856516517,48.604772518969853],[23.073410256516517,48.60441721896985],[23.073960556516518,48.603999318969848],[23.074119656516519,48.603868718969849],[23.074241956516516,48.603727818969851],[23.074377256516517,48.60351251896985],[23.074495856516517,48.603173318969851],[23.074525456516518,48.602875718969848],[23.074487056516517,48.602684218969848],[23.074426656516518,48.602490318969849],[23.074352956516517,48.602301118969848],[23.074248856516519,48.602139818969853],[23.074005356516519,48.601783118969848],[23.073747356516517,48.601480818969847],[23.073591256516519,48.601345318969848],[23.073370256516519,48.601146518969848],[23.072663156516519,48.600568518969851],[23.071892856516516,48.599907418969849],[23.071601056516517,48.599626918969854],[23.071456156516518,48.599481518969853],[23.071282856516518,48.599287518969852],[23.071047256516518,48.598965218969852],[23.070868256516519,48.598563818969851],[23.070729356516516,48.598197518969847],[23.070586856516517,48.597842218969852],[23.070383756516517,48.597457518969847],[23.070243856516516,48.597245118969852],[23.070073856516519,48.59705221896985],[23.069889756516517,48.596869118969849],[23.069677556516517,48.596676818969847],[23.069149756516516,48.596327018969852],[23.068883956516519,48.596184518969849],[23.068571356516518,48.596060818969853],[23.068445756516518,48.596012618969851],[23.067438456516516,48.595683418969848],[23.066403656516517,48.595349918969852],[23.066313056516517,48.595320918969847],[23.065043656516519,48.594917918969848],[23.064641656516518,48.594782618969852],[23.064049856516519,48.59455931896985],[23.063585156516517,48.59435201896985],[23.063190756516519,48.594083418969852],[23.062922156516517,48.593857618969849],[23.062733656516517,48.593657218969852],[23.062541256516518,48.593360818969849],[23.062280256516516,48.592852218969853],[23.062194256516516,48.592703818969852],[23.061457256516519,48.591357218969847],[23.061397656516519,48.591242318969847],[23.060916256516517,48.590310618969852],[23.060729356516518,48.590049718969851],[23.060509156516517,48.589805118969849],[23.059211856516516,48.588741418969853],[23.059112656516518,48.588646418969851],[23.059018456516519,48.588516618969848],[23.058949056516518,48.588426518969847],[23.058891256516517,48.588263718969849],[23.058884656516518,48.588066418969852],[23.058922856516517,48.587863218969851],[23.059000056516517,48.587594618969852],[23.059120256516518,48.587309018969847],[23.059591156516518,48.586479718969848],[23.059977056516516,48.585650718969852],[23.060164656516516,48.585213818969848],[23.060290056516518,48.584829018969849],[23.060342056516518,48.584487818969848],[23.060382256516519,48.584100218969851],[23.060375156516518,48.583770218969853],[23.060325156516516,48.583409018969853],[23.060243356516519,48.583019218969852],[23.060135956516518,48.582617518969847],[23.060039556516518,48.582360118969852],[23.059917756516519,48.582021718969848],[23.059405056516518,48.580564318969849],[23.059136856516517,48.579822818969852],[23.058871756516517,48.579050718969853],[23.058457856516519,48.578089318969852],[23.058164056516517,48.577578618969852],[23.057790256516519,48.57701111896985],[23.057404156516519,48.576517518969851],[23.056962556516517,48.57602131896985],[23.054970956516517,48.574104518969847],[23.054411256516516,48.57352961896985],[23.054105556516518,48.573219218969854],[23.053864956516517,48.57292701896985],[23.053673156516517,48.57268141896985],[23.053490456516517,48.572409318969854],[23.053162456516517,48.571939818969852],[23.053105056516518,48.571831018969853],[23.052816356516516,48.571198018969852],[23.051640056516518,48.56827201896985],[23.051044556516519,48.566752918969847],[23.050773656516519,48.566060918969853],[23.050491656516517,48.565354218969851],[23.050291956516517,48.564946018969849],[23.050076356516517,48.56455641896985],[23.049829756516516,48.564211218969852],[23.049542556516517,48.563895118969853],[23.049110056516518,48.563473718969853],[23.048286956516517,48.562772518969851],[23.047364756516519,48.562030918969853],[23.046990456516518,48.561714818969847],[23.046488856516518,48.561285418969852],[23.046232656516519,48.561046418969852],[23.046139756516517,48.560961218969851],[23.045704856516519,48.56055371896985],[23.045085156516517,48.559919518969849],[23.044563756516517,48.559250418969853],[23.044188256516517,48.558664518969849],[23.044091356516518,48.55848711896985],[23.043652556516516,48.557593718969848],[23.041337556516517,48.550722918969853],[23.041299156516519,48.550604118969851],[23.041283156516517,48.55056031896985],[23.041196556516518,48.550320618969849],[23.040835556516516,48.549335518969848],[23.040646756516516,48.549004218969849],[23.040399056516517,48.548742418969852],[23.040163756516517,48.548568118969847],[23.039802256516516,48.548399518969852],[23.039559856516519,48.548315018969852],[23.037718856516516,48.547914718969849],[23.037403356516517,48.547859918969849],[23.035939956516518,48.547605618969847],[23.034964256516517,48.547486218969851],[23.034785756516516,48.547471218969854],[23.034013256516516,48.547400218969848],[23.033363156516518,48.54736871896985],[23.032646056516519,48.547375518969851],[23.031941356516519,48.547410618969849],[23.028639956516518,48.54773231896985],[23.027564056516518,48.547837118969852],[23.026502056516517,48.547940618969854],[23.025787856516519,48.547960618969853],[23.024938656516518,48.547923718969848],[23.020814456516518,48.547423918969848],[23.019556356516517,48.547293318969849],[23.018760556516519,48.547291718969852],[23.018273656516516,48.547313018969852],[23.017985456516517,48.54734811896985],[23.017614456516519,48.547393218969852],[23.016910656516519,48.547539218969852],[23.016773456516518,48.54756761896985],[23.016621056516517,48.547617618969852],[23.016378956516519,48.54769711896985],[23.014395556516519,48.548353818969851],[23.011693356516517,48.549217818969851],[23.010702256516517,48.549509718969851],[23.010265156516517,48.549638418969849],[23.009842356516518,48.549731318969847],[23.009157456516519,48.549826918969849],[23.005735756516518,48.550186218969849],[23.004420856516518,48.550369218969848],[23.003878456516517,48.550468518969851],[23.002823056516519,48.550720418969853],[23.002274356516519,48.550883618969848],[23.001058256516519,48.551226618969849],[23.000572156516519,48.551338718969852],[23.000059956516516,48.551444618969853],[22.999025356516519,48.551593418969851],[22.996223056516516,48.551912618969851],[22.995913756516519,48.551934618969852],[22.995048356516516,48.551968718969853],[22.994619856516518,48.552008118969852],[22.994002356516518,48.552112518969849],[22.993870256516516,48.55215451896985],[22.993361756516517,48.552315918969853],[22.992664356516517,48.552621118969853],[22.992076156516518,48.552936018969852],[22.990679056516516,48.553762918969852],[22.989701856516518,48.554341218969853],[22.989037656516519,48.554646718969849],[22.988385156516518,48.55485171896985],[22.987886056516519,48.554928818969849],[22.987359856516516,48.554961218969851],[22.986799056516517,48.554959018969853],[22.986122356516518,48.554889918969849],[22.985505656516519,48.554779518969852],[22.984841956516519,48.554593818969849],[22.984189956516516,48.554384918969852],[22.982984056516518,48.554018618969849],[22.981361556516518,48.553525818969852],[22.979742556516516,48.553075418969847],[22.978907256516518,48.552829318969849],[22.975257556516517,48.55172101896985],[22.974330856516517,48.551450718969853],[22.972805956516517,48.55100591896985],[22.972286956516516,48.550852418969853],[22.971678356516517,48.550672318969852],[22.970568556516518,48.550361718969853],[22.969867056516517,48.550168218969851],[22.968600756516519,48.549808818969851],[22.967355056516517,48.549438218969847],[22.966994256516518,48.549335918969852],[22.966341656516519,48.54915091896985],[22.964322756516516,48.548516218969851],[22.961781356516518,48.547604818969852],[22.961380556516517,48.547437918969848],[22.961130856516519,48.547333918969848],[22.959746856516517,48.546656618969848],[22.959397156516516,48.546502218969849],[22.958003756516518,48.54602321896985],[22.956892056516519,48.545667418969849],[22.956189456516519,48.545487618969851],[22.955274556516517,48.545269918969851],[22.954825056516519,48.545136218969851],[22.954460256516519,48.544972618969851],[22.953990256516519,48.544696018969852],[22.953505456516517,48.544344718969853],[22.951330156516519,48.542614918969853],[22.949303756516517,48.540888318969849],[22.948552556516518,48.540181418969851],[22.948135556516519,48.539665418969854],[22.946841956516518,48.537997718969848],[22.946380056516517,48.537366018969848],[22.946019556516518,48.536875418969849],[22.945685956516517,48.536337018969853],[22.945463156516517,48.535801218969851],[22.945378856516516,48.535457018969851],[22.945378856516516,48.534881018969848],[22.945429356516517,48.534593118969852],[22.945455556516517,48.53444401896985],[22.945607256516517,48.534073418969854],[22.945911456516516,48.533329818969847],[22.945993656516517,48.53299691896985],[22.946043056516519,48.532534318969851],[22.946056956516518,48.532285418969849],[22.946036156516517,48.531973518969849],[22.945848556516516,48.531296818969849],[22.945738956516518,48.530988518969849],[22.945615756516517,48.530728618969853],[22.945418956516516,48.530457918969852],[22.945211156516518,48.530181918969852],[22.944787056516518,48.529732718969854],[22.944377456516516,48.529354118969849],[22.943859556516518,48.52902041896985],[22.943083056516517,48.528624318969847],[22.942231856516518,48.528253518969848],[22.940153956516518,48.52742861896985],[22.939522256516518,48.527176218969849],[22.936585356516517,48.526002518969847],[22.935868356516519,48.525768418969854],[22.935137856516519,48.52558871896985],[22.934556756516518,48.525489718969851],[22.933877556516517,48.525412018969853],[22.933273856516518,48.525386918969851],[22.933051756516516,48.525377618969848],[22.932351756516518,48.525387218969847],[22.931677656516516,48.52543371896985],[22.931099356516519,48.525507818969849],[22.930584056516519,48.525599018969849],[22.930114556516518,48.525714418969848],[22.929714556516519,48.525835418969848],[22.929259556516516,48.52599971896985],[22.928460056516517,48.526307018969852],[22.927671756516517,48.526611818969847],[22.926466356516517,48.527089118969847],[22.926328856516516,48.527139618969848],[22.925817356516518,48.527321318969854],[22.925219556516517,48.527465418969854],[22.924643456516517,48.527571018969851],[22.924072356516518,48.527618418969851],[22.923729056516517,48.52762501896985],[22.923360856516517,48.527609018969848],[22.922552556516518,48.52756541896985],[22.920628856516519,48.527252718969848],[22.919989256516519,48.527149218969853],[22.919022756516519,48.526991718969853],[22.917139656516518,48.52668561896985],[22.917078456516517,48.526675518969853],[22.912839456516519,48.525975918969849],[22.911742056516516,48.525803718969847],[22.911294456516519,48.52573341896985],[22.909695656516519,48.525482518969852],[22.909145756516519,48.52536741896985],[22.908862356516519,48.525281918969853],[22.908621056516516,48.525174218969852],[22.908304056516517,48.524988418969848],[22.907751356516517,48.524629818969849],[22.906996656516519,48.52405951896985],[22.906486656516517,48.523767318969853],[22.906017456516519,48.523498418969851],[22.905038256516516,48.52292621896985],[22.904724056516518,48.522669818969852],[22.904538856516517,48.52248961896985],[22.904243856516519,48.522186718969849],[22.904111356516516,48.522020118969849],[22.903984256516516,48.521835718969854],[22.903861056516519,48.521670318969853],[22.903769056516516,48.52154661896985],[22.903697056516517,48.521446218969849],[22.903607056516517,48.521332618969851],[22.903476856516516,48.521168118969847],[22.903265356516517,48.520923518969852],[22.902521856516518,48.52014931896985],[22.900410056516517,48.51808271896985],[22.899249056516517,48.516910218969848],[22.898692756516517,48.516361318969849],[22.897410856516519,48.515085518969848],[22.895343756516517,48.513033918969853],[22.894996856516517,48.512760418969847],[22.894870856516519,48.51266641896985],[22.894658256516518,48.512517918969849],[22.894242656516518,48.51227911896985],[22.893034856516518,48.511642918969848],[22.892216556516516,48.511207018969849],[22.891489856516518,48.51083321896985],[22.890003256516518,48.51006401896985],[22.889733156516517,48.509924318969851],[22.889009556516516,48.50954781896985],[22.888299356516516,48.509141218969852],[22.887699256516516,48.508741918969854],[22.887556956516519,48.508639018969852],[22.884192256516517,48.506205618969851],[22.881149156516518,48.504004718969853],[22.878781356516516,48.502244718969848],[22.877316056516516,48.501181018969852],[22.876694256516519,48.500728518969851],[22.874536256516517,48.499168018969847],[22.868281156516517,48.494630718969852],[22.865697656516517,48.49275661896985],[22.864415656516517,48.491836518969848],[22.863424556516517,48.491106618969852],[22.862866056516516,48.490716518969847],[22.862241956516517,48.490324218969853],[22.861707556516517,48.490048918969848],[22.861005056516518,48.489711418969847],[22.860608256516517,48.48952261896985],[22.859925856516519,48.489244318969853],[22.858372856516517,48.488693418969852],[22.857458356516517,48.488378718969848],[22.855726756516518,48.487773118969848],[22.855058856516518,48.487480518969853],[22.854582056516517,48.487256418969849],[22.853837756516519,48.486864818969849],[22.853369956516516,48.486560118969848],[22.852905456516517,48.48622461896985],[22.852403756516516,48.485815918969848],[22.852044256516518,48.485475718969852],[22.851430656516516,48.48478001896985],[22.850849156516517,48.484107118969852],[22.850735356516516,48.483985118969848],[22.850537456516516,48.483772818969854],[22.850272056516516,48.483544118969853],[22.849947456516517,48.483293318969849],[22.849588556516519,48.48308601896985],[22.849261656516518,48.482920318969853],[22.848819956516518,48.48275951896985],[22.848391556516518,48.48264031896985],[22.847827756516519,48.482515918969852],[22.847126356516519,48.482378418969851],[22.845657256516517,48.48208221896985],[22.844716556516516,48.481864318969848],[22.844060156516516,48.481664318969848],[22.843408056516516,48.481416218969848],[22.842921356516516,48.481148918969851],[22.842467056516519,48.480860618969849],[22.840658256516516,48.479458018969851],[22.840312956516517,48.479245018969849],[22.840027356516519,48.479080818969848],[22.839503656516516,48.478850418969849],[22.838125956516517,48.478375218969852],[22.837344556516516,48.478137718969847],[22.836559156516518,48.477959318969852],[22.836018056516519,48.477882118969852],[22.835399956516518,48.477840918969854],[22.834810356516517,48.477819118969848],[22.833377056516518,48.477803218969854],[22.833259956516518,48.477801918969853],[22.832007256516519,48.477788018969854],[22.831047056516518,48.477736718969851],[22.830145756516519,48.477619118969848],[22.829687256516518,48.477562418969853],[22.828963056516518,48.477448618969852],[22.827796256516518,48.477230018969848],[22.827608556516516,48.477190918969853],[22.827269256516516,48.477120818969851],[22.826788156516518,48.476992118969854],[22.826439056516517,48.476863818969854],[22.825977756516519,48.476671818969848],[22.825209156516518,48.476326318969853],[22.824999556516516,48.476204618969852],[22.824974000391151,48.476189775299765]]}},
{"type":"Feature","properties":{"ref":"Z-3","layer":"Green_roads","id_object":"GR0108"},"geometry":{"type":"LineString","coordinates":[[22.824992165705194,48.476181467986549],[22.828917063157366,48.473443534471443]]}},
{"type":"Feature","properties":{"ref":"Z-3","layer":"Green_roads","id_object":"GR0108"},"geometry":{"type":"LineString","coordinates":[[23.080459267908413,48.833508817119991],[23.080330177192053,48.833631813130182]]}},
{"type":"Feature","properties":{"ref":"Z-3","layer":"Green_roads","id_object":"GR0108"},"geometry":{"type":"LineString","coordinates":[[23.080437640287975,48.833493122676757],[23.080459267908413,48.833508817119991]]}},
{"type":"Feature","properties":{"ref":"Z-3","layer":"Green_roads","id_object":"GR0108"},"geometry":{"type":"LineString","coordinates":[[23.080459267908413,48.833508817119991],[23.080489211797513,48.83353054640218],[23.08081971179751,48.833731746402179],[23.081045811797512,48.83385884640218],[23.081301411797511,48.833983646402181],[23.081590311797513,48.834121846402184],[23.081898911797513,48.834250746402184],[23.082130811797512,48.834342546402183],[23.08237961179751,48.83441764640218],[23.082738311797513,48.83452524640218],[23.083113311797511,48.834610446402181],[23.084466311797513,48.834898146402182],[23.087027411797511,48.835401346402186],[23.087435311797513,48.835489446402185],[23.088096411797512,48.835658346402184],[23.088695311797512,48.835830946402183],[23.089061611797511,48.835956046402181],[23.089405611797513,48.836111446402185],[23.08984071179751,48.836339446402185],[23.090268611797512,48.836590646402186],[23.090695311797511,48.836853246402185],[23.091907411797511,48.837626746402179],[23.093117711797511,48.838397546402184],[23.093998011797513,48.838956746402182],[23.09519251179751,48.839708146402181],[23.09558831179751,48.839982346402181],[23.095768511797512,48.840119346402183],[23.095874911797512,48.840203446402185],[23.096053011797512,48.840399946402179],[23.096205611797512,48.840595846402181],[23.096296911797513,48.840862346402183],[23.09640431179751,48.841066946402179],[23.096481311797511,48.841234646402185],[23.096612011797511,48.841418246402185],[23.09673751179751,48.841581846402185],[23.096841411797513,48.841679546402183],[23.096925911797513,48.841748946402184],[23.097097911797512,48.841843646402182],[23.097298211797511,48.841935446402182],[23.097549011797511,48.842021846402183],[23.098226711797512,48.842208146402186],[23.098860311797512,48.842388546402184],[23.099221711797512,48.842552746402184],[23.100060111797511,48.843012746402181],[23.100381911797513,48.843214146402183],[23.100687611797511,48.843432646402185],[23.100976411797511,48.84368214640218],[23.101137311797512,48.843852246402186],[23.101265911797512,48.844014946402183],[23.101504911797512,48.84443544640218],[23.10163851179751,48.844709946402183],[23.101719411797511,48.844976246402183],[23.101784611797513,48.84519184640218],[23.101799811797513,48.845436446402182],[23.101849011797512,48.846401646402185],[23.101857511797512,48.847340546402179],[23.101872711797512,48.847524646402185],[23.101916811797512,48.847703846402183],[23.101981611797513,48.847849246402184],[23.10204311179751,48.847971346402183],[23.102237011797513,48.848294846402183],[23.102462711797511,48.848622046402184],[23.102585311797512,48.84876214640218],[23.102732211797512,48.848898046402184],[23.102896411797513,48.849044546402183],[23.103084711797511,48.849188846402186],[23.103487011797512,48.849432946402182],[23.103901511797513,48.849622946402185],[23.104123011797512,48.849705546402184],[23.10436641179751,48.849777846402183],[23.104739211797511,48.84986934640218],[23.104786788010976,48.849875507510703]]}},
{"type":"Feature","properties":{"ref":"Z-3","layer":"Green_roads","id_object":"GR0108"},"geometry":{"type":"LineString","coordinates":[[23.086977306980049,48.827298511509326],[23.080459267908413,48.833508817119991]]}},
{"type":"Feature","properties":{"ref":"Z-3","layer":"Green_roads","id_object":"GR0108"},"geometry":{"type":"LineString","coordinates":[[23.086977306980049,48.827298511509326],[23.086998662894587,48.82731400878464]]}},
{"type":"Feature","properties":{"ref":"Z-3","layer":"Green_roads","id_object":"GR0108"},"geometry":{"type":"LineString","coordinates":[[23.10103644031798,48.786716225980122],[23.100866134404122,48.786834632510065],[23.100622234404124,48.787029032510063],[23.100390234404124,48.787233632510066],[23.100151434404122,48.787500132510068],[23.100021434404123,48.787680132510069],[23.099892734404122,48.787878232510067],[23.099723734404122,48.788224232510068],[23.099565534404121,48.788627532510063],[23.099446434404122,48.789037732510067],[23.099345434404121,48.789491332510067],[23.099232134404122,48.790259832510067],[23.099160434404123,48.790800932510066],[23.099094334404121,48.791224032510065],[23.098987234404124,48.791880532510064],[23.098960034404122,48.792069732510065],[23.098917034404124,48.792346032510068],[23.098878834404122,48.792610932510065],[23.098670634404122,48.794150332510064],[23.098583834404124,48.794698232510065],[23.098232834404122,48.797101232510066],[23.098129134404122,48.797777332510066],[23.098073634404123,48.798030432510068],[23.097980334404124,48.798369932510063],[23.097835434404121,48.798753532510069],[23.097693334404124,48.799038532510068],[23.097520834404122,48.799318532510064],[23.097355834404123,48.799552132510065],[23.097185934404123,48.799771332510069],[23.096956734404124,48.800023432510066],[23.096708334404124,48.800257532510066],[23.096392834404124,48.800532732510064],[23.095566234404124,48.801159032510064],[23.095129134404122,48.801489032510069],[23.094666134404122,48.801812732510065],[23.094450034404122,48.80197303251007],[23.094254434404125,48.802099432510069],[23.093817734404123,48.802382832510069],[23.092883834404123,48.802944632510069],[23.091105134404124,48.803995532510065],[23.090493934404122,48.804349032510068],[23.090098134404123,48.804588432510066],[23.089824634404124,48.804768932510065],[23.089539834404121,48.804998932510067],[23.089344534404123,48.805185332510064],[23.089280334404123,48.805271432510068],[23.089131234404121,48.805506732510068],[23.089025034404123,48.805762032510067],[23.088960534404123,48.805993532510065],[23.088906434404123,48.806303032510066],[23.088891734404122,48.806449132510068],[23.088870834404123,48.806836332510066],[23.088891434404122,48.807327632510066],[23.088962534404121,48.807975932510068],[23.089126334404124,48.809028332510067],[23.089310334404122,48.810063132510066],[23.089320734404122,48.810298032510069],[23.089312934404123,48.810582032510069],[23.089267234404122,48.810841932510066],[23.089194134404124,48.811056332510063],[23.089097634404123,48.811241932510065],[23.088980534404122,48.811413432510065],[23.088835034404124,48.811598432510067],[23.088696234404122,48.811752632510064],[23.088568634404123,48.811878232510068],[23.088180334404122,48.812245332510066],[23.087772434404123,48.812617732510063],[23.087517034404122,48.812875332510067],[23.087379234404121,48.813049732510066],[23.087291034404124,48.813209832510069],[23.087210934404123,48.813396332510067],[23.087119734404123,48.813665432510064],[23.087075934404123,48.813896532510064],[23.087048434404124,48.814127832510067],[23.087005134404123,48.814761332510066],[23.086913534404122,48.815700632510065],[23.086849834404124,48.816566932510064],[23.086774234404121,48.817964432510067],[23.086747234404122,48.818261732510067],[23.086688134404124,48.818564932510064],[23.086597034404122,48.818937132510065],[23.086565034404124,48.819057132510068],[23.086447734404121,48.819497832510066],[23.086308734404124,48.819856932510064],[23.086128234404121,48.820244832510063],[23.085975734404123,48.820604032510069],[23.085856134404121,48.820872532510066],[23.085557134404123,48.821537632510065],[23.085376734404122,48.821951032510064],[23.085334434404121,48.822046532510065],[23.085079134404122,48.822724232510069],[23.084932734404124,48.823212932510067],[23.084861634404124,48.823610032510068],[23.084839734404124,48.823956332510065],[23.084863434404124,48.824335932510067],[23.084894634404122,48.824478932510068],[23.084903134404122,48.824517932510069],[23.084954734404121,48.824697332510063],[23.085030534404122,48.824901932510066],[23.085128334404121,48.825106432510069],[23.085273034404121,48.825384332510069],[23.085454234404121,48.825685632510066],[23.085612634404121,48.825936432510069],[23.085794034404124,48.826186932510069],[23.085955934404122,48.826390132510063],[23.086141234404124,48.826596132510069],[23.086398234404122,48.826845032510064],[23.086564834404122,48.826990332510064],[23.086750234404121,48.827133732510063],[23.086977306980049,48.827298511509326]]}},
{"type":"Feature","properties":{"ref":"Z-3","layer":"Green_roads","id_object":"GR0108"},"geometry":{"type":"LineString","coordinates":[[23.087008360916634,48.827268923709298],[23.086977306980049,48.827298511509326]]}},
{"type":"Feature","properties":{"ref":"Z-3","layer":"Green_roads","id_object":"GR0108"},"geometry":{"type":"LineString","coordinates":[[23.100933097694554,48.785094997625407],[23.100711712044621,48.785243477298664],[23.10005011204462,48.785665977298663],[23.099919161361676,48.785749227236792]]}},
{"type":"Feature","properties":{"ref":"Z-3","layer":"Green_roads","id_object":"GR0108"},"geometry":{"type":"LineString","coordinates":[[23.100933097694554,48.785094997625407],[23.100921405960527,48.784933923767646],[23.100917305960529,48.784849223767644],[23.100913805960527,48.784776323767645],[23.100892205960527,48.784380823767641],[23.100861619661991,48.7841370679607]]}},
{"type":"Feature","properties":{"ref":"Z-3","layer":"Green_roads","id_object":"GR0108"},"geometry":{"type":"LineString","coordinates":[[23.10103644031798,48.786716225980122],[23.100996905960528,48.786358323767644],[23.100953205960529,48.785372023767643],[23.100933097694554,48.785094997625407]]}},
{"type":"Feature","properties":{"ref":"Z-3","layer":"Green_roads","id_object":"GR0108"},"geometry":{"type":"LineString","coordinates":[[23.110121243161235,48.74597122064938],[23.11020441204462,48.746967277298658],[23.110361012044621,48.749452177298664],[23.110358312044621,48.749988577298659],[23.11033481204462,48.750576477298665],[23.110231612044618,48.752818477298661],[23.110185412044618,48.753872077298659],[23.11013451204462,48.754781277298662],[23.110126312044621,48.75492217729866],[23.110100812044621,48.755115777298663],[23.110052612044619,48.755351577298661],[23.109988412044618,48.755524277298662],[23.109915412044622,48.755683177298664],[23.109787112044621,48.755906877298663],[23.109542812044619,48.756242277298661],[23.10864181204462,48.75735547729866],[23.107723712044621,48.758472977298659],[23.107531312044621,48.758657577298663],[23.107376412044619,48.758793077298662],[23.107240212044619,48.758891677298664],[23.10709951204462,48.758991577298659],[23.106903812044621,48.75910657729866],[23.10666901204462,48.759234677298664],[23.106415612044621,48.759389177298665],[23.106213512044619,48.759547377298659],[23.10604671204462,48.759725177298662],[23.105916812044619,48.759912577298664],[23.105829012044619,48.760087477298661],[23.105774412044621,48.760218377298663],[23.105719512044619,48.760493177298663],[23.105660412044621,48.760946677298662],[23.105623012044621,48.761216577298661],[23.105419112044618,48.762427977298664],[23.105064512044621,48.764473477298665],[23.10466741204462,48.76681637729866],[23.10449171204462,48.76795757729866],[23.104303312044621,48.769077377298665],[23.104132912044619,48.769913277298663],[23.104063212044618,48.770315277298664],[23.104014912044619,48.77072537729866],[23.103884812044619,48.771521477298663],[23.103565012044619,48.773490377298664],[23.103507712044621,48.77381347729866],[23.103336312044618,48.774957977298662],[23.103199912044619,48.775898277298658],[23.10307961204462,48.776713577298665],[23.103029612044619,48.777146977298663],[23.103026312044619,48.777528277298664],[23.103096412044621,48.779101777298663],[23.103144112044621,48.77996247729866],[23.103256112044619,48.78178837729866],[23.103255812044619,48.782148977298661],[23.10324251204462,48.782341577298659],[23.103212912044619,48.782548077298664],[23.103137812044618,48.782785977298659],[23.10303821204462,48.783030277298664],[23.10292061204462,48.783259377298663],[23.102767212044618,48.783471577298663],[23.102632212044618,48.78366047729866],[23.10248831204462,48.783829077298662],[23.10223261204462,48.784089777298661],[23.101948412044621,48.784359777298661],[23.101664012044619,48.784585477298663],[23.10134241204462,48.784820477298659],[23.100933097694554,48.785094997625407]]}},
{"type":"Feature","properties":{"ref":"Z-3","layer":"Green_roads","id_object":"GR0108"},"geometry":{"type":"LineString","coordinates":[[23.101047905960527,48.786820023767646],[23.10103644031798,48.786716225980122]]}},
{"type":"Feature","properties":{"ref":"Z-3","layer":"Green_roads","id_object":"GR0108"},"geometry":{"type":"LineString","coordinates":[[23.102262383721179,48.785915482448196],[23.101395434404122,48.786466632510063],[23.10103644031798,48.786716225980122]]}},
{"type":"Feature","properties":{"ref":"Z-3","layer":"Green_roads","id_object":"GR0108"},"geometry":{"type":"LineString","coordinates":[[23.103849499067174,48.849568587152383],[23.104015822853707,48.849590126043864],[23.10430362285371,48.849597626043867],[23.104564022853708,48.849555526043865],[23.104762622853709,48.849489526043861],[23.10495882285371,48.849389526043865],[23.10516822285371,48.84926202604386],[23.105301222853708,48.849164626043866],[23.10548592285371,48.848998426043863],[23.10576902285371,48.848698626043863],[23.10610372285371,48.84832202604386],[23.106246122853708,48.848191026043864],[23.106390522853708,48.848106626043865],[23.10654022285371,48.848045326043867],[23.106749322853709,48.847995826043864],[23.106963322853709,48.847973126043861],[23.107157822853708,48.847972026043863],[23.107408722853709,48.847985626043865],[23.10770222285371,48.848020926043866],[23.108034122853709,48.848082426043867],[23.108662122853708,48.848237926043865],[23.10912222285371,48.848356326043863],[23.109464022853707,48.848410726043866],[23.109827622853707,48.848437826043863],[23.11021182285371,48.848447526043863],[23.110515022853708,48.848433426043862],[23.110791722853708,48.848387026043866],[23.11100982285371,48.848313026043861],[23.111187922853709,48.848227026043865],[23.11138042285371,48.848080326043863],[23.111560522853708,48.847893926043866],[23.112354022853708,48.846872126043863],[23.112711222853708,48.846408726043862],[23.112907422853709,48.846217526043866],[23.113068822853709,48.846119426043863],[23.11322642285371,48.846056026043861],[23.113406822853708,48.845995926043862],[23.11356872285371,48.845965026043864],[23.113728722853708,48.84596412604386],[23.113952422853711,48.84597262604386],[23.11425852285371,48.846032326043861],[23.114509222853709,48.84611062604386],[23.114779722853708,48.84621282604386],[23.115115922853708,48.846355426043864],[23.115445222853708,48.846550626043864],[23.11562232285371,48.846685926043861],[23.115755122853709,48.846825426043864],[23.115932922853709,48.847020126043866],[23.116138322853708,48.847326526043865],[23.11632882285371,48.847612526043861],[23.11644432285371,48.847773226043863],[23.116497022853707,48.847843726043862],[23.11658392285371,48.847931226043862],[23.116686722853707,48.848018926043864],[23.116768822853707,48.848082526043861],[23.116862922853709,48.848140726043866],[23.116931622853709,48.848179626043866],[23.117006322853708,48.848214626043863],[23.117110622853708,48.848245326043866],[23.117230922853707,48.848274226043863],[23.117321622853709,48.848282926043865],[23.117413422853708,48.848288126043862],[23.117506422853708,48.848288926043864],[23.117593322853708,48.848284426043861],[23.117705322853709,48.848277226043862],[23.117868122853707,48.848261426043862],[23.118018722853709,48.84824302604386],[23.118219122853709,48.848211526043862],[23.11847762285371,48.848158226043864],[23.118738822853707,48.84809952604386],[23.119030522853709,48.848028126043864],[23.119353822853707,48.847938326043867],[23.11989912285371,48.84777052604386],[23.12024482285371,48.847665926043867],[23.120480622853709,48.847605526043864],[23.120779422853708,48.84754012604386],[23.12107292285371,48.847480926043865],[23.121261322853709,48.847448526043863],[23.12146302285371,48.847419526043865],[23.121635922853709,48.847400426043862],[23.121783322853709,48.847391026043866],[23.121906122853709,48.847391026043866],[23.122029722853711,48.84739902604386],[23.122145322853708,48.847408826043861],[23.122267022853709,48.847424526043866],[23.122388822853708,48.847441126043861],[23.122507622853711,48.847465526043862],[23.122636522853711,48.847503526043866],[23.12277082285371,48.847549626043865],[23.122927822853708,48.84760702604386],[23.123048822853708,48.84766412604386],[23.12316882285371,48.847726226043861],[23.123325922853709,48.847832926043864],[23.12341262285371,48.847892026043866],[23.123516222853709,48.84796512604386],[23.123611822853707,48.848046226043863],[23.123710622853707,48.848139126043861],[23.123921122853709,48.848371226043866],[23.124128822853709,48.848564326043864],[23.124416922853708,48.848847926043867],[23.124556122853708,48.848969026043861],[23.124653522853709,48.849040026043866],[23.12474812285371,48.84909662604386],[23.124850822853709,48.849154826043865],[23.124960122853707,48.849212126043867],[23.125086722853709,48.84925962604386],[23.125210322853707,48.849301126043862],[23.12532732285371,48.849336426043863],[23.12545342285371,48.84936172604386],[23.125586222853709,48.84938792604386],[23.125720222853708,48.849406526043865],[23.12587722285371,48.849419826043864],[23.126086922853709,48.849429126043866],[23.126258922853708,48.849431126043861],[23.126448322853708,48.849424226043865],[23.12667012285371,48.849419026043861],[23.12692122285371,48.849410226043865],[23.12760402285371,48.849377626043861],[23.127932922853709,48.849369126043861],[23.128067822853708,48.849370726043865],[23.12821082285371,48.849378426043863],[23.128317122853709,48.849389326043863],[23.128435922853708,48.849400926043863],[23.128538722853708,48.849421426043861],[23.12868722285371,48.849448626043866],[23.128852422853708,48.849491026043864],[23.128993122853711,48.849527426043863],[23.129138522853708,48.849580826043862],[23.12926762285371,48.849628726043861],[23.129402022853707,48.84968462604386],[23.129541122853709,48.849757226043863],[23.129676322853708,48.849837926043861],[23.12977342285371,48.849906626043861],[23.129924322853707,48.850013226043863],[23.13003732285371,48.85010722604386],[23.130173622853707,48.850226826043865],[23.130308922853708,48.850405326043862],[23.130751622853708,48.851004326043864],[23.131014222853707,48.851382026043865],[23.131222822853708,48.851647126043865],[23.13143522285371,48.851871626043867],[23.131593322853711,48.851989226043862],[23.131872822853708,48.852173726043866],[23.132289822853711,48.852348726043864]]}},
{"type":"Feature","properties":{"ref":"Z-3","layer":"Green_roads","id_object":"GR0108"},"geometry":{"type":"LineString","coordinates":[[23.109951532868234,48.743743383322546],[23.109982612044615,48.743826241088072],[23.110033012044617,48.743981241088079],[23.110069612044615,48.744215041088076],[23.110082412044616,48.744297141088076],[23.110095212044616,48.744379141088075],[23.110097512044618,48.744444041088073],[23.110094812044615,48.744621241088076],[23.110098912044617,48.744808041088078],[23.110124012044615,48.745946741088076],[23.110121243161235,48.74597122064938]]}},
{"type":"Feature","properties":{"ref":"Z-3","layer":"Green_roads","id_object":"GR0108"},"geometry":{"type":"LineString","coordinates":[[23.110121243161235,48.74597122064938],[23.110069312044615,48.746430341088079]]}},
{"type":"Feature","properties":{"ref":"Z-3","layer":"Green_roads","id_object":"GR0108"},"geometry":{"type":"LineString","coordinates":[[23.110069312044619,48.745349277298665],[23.110121243161235,48.74597122064938]]}},
{"type":"Feature","properties":{"ref":"B1","layer":"Green_roads","id_object":"GR0109"},"geometry":{"type":"LineString","coordinates":[[22.215322320611513,47.974775617436478],[22.219188637504701,47.977442318638872],[22.226745529614103,47.983010574108675],[22.232134941040957,47.98932315134855],[22.23272094441905,47.99003627760456],[22.233288694455705,47.990755977332903],[22.233838026079123,47.991482041011821],[22.234368779572595,47.992214257275684],[22.234880800620953,47.992952412976827],[22.235373940355451,47.993696293247766],[22.235848055397021,47.994445681563995],[22.23630300789798,47.995200359807221],[22.236738665582109,47.995960108329022],[22.237154901783082,47.996724706015009],[22.237551595481342,47.997493930349357],[22.237928631339255,47.998267557479764],[22.238285899734652,47.999045362282736],[22.239212190167621,48.000670981505202],[22.240100645221734,48.002305977317775],[22.240951050668706,48.003949954605567],[22.241763201454937,48.005602516121051],[22.242536901750984,48.007263262580558],[22.243271964998744,48.008931792761373],[22.243968213956457,48.010607703599256],[22.244216464519674,48.011353935263109],[22.244445730199228,48.012102869635711],[22.244655944829049,48.012854290461156],[22.244847047741214,48.013607980775049],[22.245018983783414,48.014363722967197],[22.245171703334929,48.015121298844583],[22.245305162320896,48.015880489694368],[22.245419322225064,48.016641076347184],[22.245514150100885,48.017402839240361],[22.24558961858104,48.018165558481449],[22.245645705885334,48.018929013911695],[22.245682395826961,48.019692985169591],[22.245699677817218,48.0204572517546],[22.24569754686852,48.021221593090701],[22.245676003595854,48.021985788590129],[22.245635054216613,48.022749617717018],[22.245574710548787,48.023512860051035],[22.245494990007547,48.024275295350954],[22.245395915600248,48.025036703618198],[22.245277515919753,48.025796865160302],[22.245139825136203,48.026555560654209],[22.244770479231185,48.028271723721453],[22.244442677008632,48.029991599312076],[22.244156504188691,48.031714737324805],[22.24391203560544,48.033440686849723],[22.243709335187312,48.035168996286508],[22.243548455940388,48.036899213462782],[22.24342943993452,48.038630885752603],[22.243352318292352,48.04036356019499],[22.243317111181163,48.04209678361255],[22.243323827807586,48.043830102730006],[22.243294648131378,48.044600287562041],[22.243285270873034,48.045370682391614],[22.243295698802314,48.046141059662432],[22.243325928839123,48.046911191833587],[22.243375952054414,48.047680851446792],[22.243445753672837,48.048449811193507],[22.243535313077082,48.049217843982085],[22.243644603813994,48.049984723004762],[22.243773593602377,48.05075022180462],[22.243922244342514,48.051514114342432],[22.24409051212745,48.052276175063298],[22.244278347255936,48.053036178963225],[22.244485694247111,48.053793901655453],[22.244712491856905,48.054549119436622],[22.244958673096122,48.055301609352746],[22.245224165250207,48.056051149264924],[22.245508889900766,48.056797517914767],[22.245812762948685,48.057540494989659],[22.246135694638991,48.058279861187607],[22.246417760472873,48.05926955775611],[22.246725232269959,48.060255849373569],[22.247058019215014,48.061238444930716],[22.247416023015685,48.062217054425886],[22.24779913793153,48.063191389050331],[22.248207250805276,48.064161161273333],[22.248640241096211,48.065126084926746],[22.249097980915806,48.066085875289275],[22.249580335065467,48.067040249170198],[22.250087161076507,48.067988924992697],[22.250618309252182,48.068931622876626],[22.251173622711921,48.069868064720829],[22.253868328425352,48.076913669666801],[22.253914191385537,48.076916577722542],[22.253959971716505,48.076920018234006],[22.254005655571522,48.076923990160452],[22.254051229133051,48.076928492300425],[22.254096678616907,48.076933523292062],[22.254141990276437,48.076939081613524],[22.254187150406665,48.076945165583489],[22.254232145348467,48.076951773361593],[22.254276961492653,48.076958902949052],[22.254321585284142,48.076966552189241],[22.254366003226014,48.076974718768334],[22.254410201883609,48.076983400216015],[22.254454167888603,48.07699259390624],[22.254497887943032,48.077002297058023],[22.25454134882332,48.077012506736232],[22.254584537384293,48.07702321985257],[22.254627440563134,48.077034433166411],[22.254670045383339,48.077046143285862],[22.254712338958655,48.077058346668757],[22.25475430849696,48.077071039623682],[22.254795941304145,48.077084218311185],[22.254837224787952,48.077097878744858],[22.254878146461763,48.077112016792576],[22.254918693948415,48.077126628177773],[22.254958854983908,48.07714170848066],[22.254998617421133,48.07715725313966],[22.255037969233541,48.077173257452699],[22.255076898518777,48.077189716578694],[22.255115393502283,48.077206625538984],[22.25515344254087,48.077223979218836],[22.255191034126216,48.077241772369007],[22.255228156888368,48.077259999607328],[22.255264799599178,48.077278655420336],[22.255300951175681,48.077297734164908],[22.255336600683474,48.077317230070051],[22.255371737339999,48.077337137238523],[22.25540635051782,48.077357449648751],[22.255440429747832,48.07737816115656],[22.255473964722434,48.077399265497071],[22.255506945298627,48.077420756286564],[22.255539361501107,48.077442627024482],[22.255571203525268,48.077464871095309],[22.25560246174016,48.077487481770603],[22.255633126691428,48.077510452211094],[22.255663189104151,48.07753377546863],[22.255692639885641,48.077557444488399],[22.255721470128215,48.077581452110984],[22.255749671111882,48.077605791074568],[22.255777234306958,48.07763045401714],[22.255804151376683,48.077655433478668],[22.255830414179719,48.077680721903405],[22.255856014772618,48.077706311642174],[22.255880945412216,48.077732194954642],[22.255905198557993,48.077758364011714],[22.255928766874334,48.07778481089786],[22.25595164323278,48.077811527613534],[22.255973820714129,48.077838506077576],[22.255995292610585,48.077865738129667],[22.256016052427753,48.077893215532818],[22.256036093886625,48.077920929975811],[22.256055410925452,48.077948873075769],[22.256073997701602,48.077977036380638],[22.256091848593318,48.078005411371805],[22.256108958201416,48.078033989466618],[22.256125321350925,48.078062762021005],[22.256140933092645,48.078091720332104],[22.256155788704646,48.078120855640869],[22.256169883693701,48.078150159134751],[22.256183213796632,48.078179621950326],[22.25619577498162,48.078209235175997],[22.256207563449408,48.078238989854697],[22.256218575634456,48.078268876986598],[22.256228808206014,48.078298887531801],[22.256238258069136,48.0783290124131],[22.256246922365619,48.078359242518744],[22.256254798474863,48.078389568705141],[22.256261884014652,48.078419981799669],[22.256268176841893,48.078450472603443],[22.256273675053265,48.078481031894064],[22.256278376985772,48.078511650428474],[22.256282281217263,48.078542318945679],[22.256285386566873,48.078573028169615],[22.256287692095359,48.078603768811874],[22.256289197105378,48.0786345315746],[22.256289901141738,48.078665307153265],[22.256289803991482,48.078696086239447],[22.256288905684009,48.078726859523741],[22.25628720649101,48.078757617698443],[22.256284706926433,48.078788351460467],[22.256281407746286,48.078819051514159],[22.256277309948445,48.078849708574005],[22.256272414772337,48.078880313367591],[22.256266723698541,48.078910856638259],[22.256260238448387,48.078941329148037],[22.25625296098341,48.078971721680311],[22.25624489350475,48.079002025042726],[22.256236038452496,48.079032230069885],[22.256226398504946,48.079062327626133],[22.256215976577803,48.079092308608381],[22.256204775823278,48.079122163948789],[22.256192799629165,48.079151884617524],[22.256180051617772,48.079181461625517],[22.256166535644862,48.079210886027163],[22.25615225579849,48.079240148923006],[22.256137216397729,48.079269241462491],[22.256121421991402,48.079298154846576],[22.256104877356691,48.07932688033042],[22.256087587497678,48.079355409226039],[22.256069557643862,48.079383732904915],[22.256050793248548,48.07941184280061],[22.256031299987228,48.079439730411359],[22.256011083755823,48.07946738730265],[22.255990150668943,48.079494805109732],[22.255968507058011,48.079521975540224],[22.255946159469346,48.079548890376543],[22.255923114662217,48.079575541478448],[22.255899379606753,48.079601920785436],[22.255874961481858,48.079628020319262],[22.255849867673039,48.079653832186281],[22.255824105770174,48.07967934857988],[22.255797683565213,48.079704561782812],[22.255770609049815,48.079729464169532],[22.255742890412943,48.079754048208528],[22.255714536038376,48.079778306464569],[22.255685554502183,48.079802231600965],[22.255655954570116,48.079825816381785],[22.255625745194987,48.07984905367406]]}},
{"type":"Feature","properties":{"ref":"B-3","layer":"Green_roads","id_object":"GR0110"},"geometry":{"type":"LineString","coordinates":[[22.255742906312978,48.07984905367406],[22.256563034138811,48.080357836537772],[22.258510837725154,48.081287330699027],[22.261879219866938,48.083190295301506],[22.262443057747191,48.083566966323673],[22.263409636970483,48.084105062999171],[22.26423708736619,48.084506185949657],[22.265584440222902,48.085063839488328],[22.269069983482666,48.086350332922308],[22.271471786401158,48.087255261496786],[22.27422507267357,48.08827267569086],[22.27734448743967,48.089441698881451],[22.280427289356396,48.090586239775035],[22.284776895861235,48.092234529551071],[22.285889926482003,48.092723626144895],[22.286768634866821,48.093310535916878],[22.287303182467578,48.09361377000775],[22.287779149509358,48.093965910578852],[22.289983243041274,48.095917312531775],[22.292297175121291,48.098049586878929],[22.297496199731455,48.102734411179476],[22.299692970693496,48.104670810917575],[22.303500707027702,48.10825002444669],[22.304496576530493,48.109081226896542],[22.307088766265707,48.11144763554416],[22.307791732973559,48.112034331574328],[22.308772957336604,48.112787248332374],[22.310632890084467,48.113950825259479],[22.313474047195371,48.115397926187711],[22.314455271558423,48.115955244728475],[22.314748174353358,48.116307232271097],[22.314733529213608,48.116605442052261],[22.314740851783483,48.117011200122249],[22.314631013235378,48.117803152425417],[22.3145138521174,48.119264810111986],[22.314367400719927,48.121000169087132],[22.314404013569291,48.121249469363647],[22.314528497257143,48.121425445300993],[22.314784787202719,48.12161119702531],[22.315641527877915,48.121968033979591],[22.316490945983229,48.122261322770989],[22.317054783863494,48.122495952598463],[22.317325718948808,48.122686588544148],[22.31747949291616,48.122999425486029],[22.317867589119448,48.123629981656599],[22.318299620741985,48.124353400906948],[22.318431426999705,48.124607572819393],[22.318504652698444,48.125272324182504],[22.318497330128569,48.125638911327322],[22.318350878731092,48.126548036156109],[22.318431426999705,48.126738657063278],[22.318687716945281,48.126924389574398],[22.320899133047064,48.12722742538741],[22.322312389032646,48.127378942623444],[22.32360116133038,48.127393605558041],[22.325343932960266,48.127232313047159],[22.328038638673693,48.126924389574377],[22.331128763160304,48.126552923880517],[22.335126886311215,48.126098363520867],[22.335778595029961,48.126020159182431],[22.337272399284146,48.126034822504963],[22.338422042754281,48.126083700216483],[22.340369846340629,48.126152128934478],[22.341541457520375,48.126098363520867],[22.342603230152019,48.126122802352214],[22.344455840330014,48.126391628729507],[22.344847597818251,48.126501602751034],[22.34559083866041,48.126706886961202],[22.346213257099652,48.126917058040625],[22.347102949339281,48.127298296408284],[22.347835206326614,48.127674644328856],[22.348787140410174,48.128300255548787],[22.3495779779565,48.128955184129637],[22.350412750922082,48.129883799890138],[22.351188943328673,48.130880821277039],[22.352170167691717,48.132092860422837],[22.353415004570206,48.133666513725636],[22.354703776867936,48.135230345006519],[22.35558248525275,48.136354319320574],[22.357954997891756,48.139286310411777],[22.359434157006191,48.141133378826062],[22.360166413993543,48.142032456863092],[22.361147638356591,48.143254005050686],[22.361967766182417,48.144240994753069],[22.362700023169765,48.145091158787082],[22.363476215576355,48.145833819293308],[22.364135246864961,48.146361492596618],[22.364794278153571,48.146781673013791],[22.36548259972168,48.147167649668042],[22.366346662966755,48.147631794965143],[22.36830178912297,48.148608929238563],[22.370051883322727,48.149532304029634],[22.371721429253885,48.150362838591043],[22.373076104680475,48.151051683529808],[22.373881587366551,48.151393659851905],[22.374533296085296,48.151608615230764],[22.375287520782262,48.151813799070624],[22.376539680230628,48.152043408585335],[22.377711291410375,48.152150885026465],[22.381636188862561,48.151877308188126],[22.390716175505659,48.150822069577622],[22.39317655898315,48.150548485654959],[22.398331648174072,48.15097840259287],[22.404716929103738,48.15179914310928],[22.409637696058713,48.152189967312879],[22.4149685269266,48.152346296160871],[22.419186327173723,48.15242446040628],[22.420299357794491,48.152580788539886],[22.428910699965687,48.154261285897803],[22.435940367044218,48.155756100666508],[22.440084941592602,48.156674461999501],[22.445474353019474,48.157827275297315],[22.451464215175967,48.15916079395992],[22.455616112294219,48.160191438482293],[22.458501204824376,48.160591967733374],[22.465172065979111,48.161197640173093],[22.4740616658055,48.161119489292389],[22.493744733625388,48.160689657320262],[22.529888938520845,48.159908135416487],[22.535278349947724,48.159751829607018],[22.543596789323985,48.159048447570875],[22.550685036961507,48.15857952085571],[22.553145420438998,48.158305978292489],[22.555693674754966,48.158677214274832],[22.558710573542839,48.159419678180612],[22.561581020933239,48.161099951553609],[22.562928373789958,48.16180330546181],[22.566794690683146,48.163112299559479]]}},
{"type":"Feature","properties":{"ref":"B-3","layer":"Green_roads","id_object":"GR0110"},"geometry":{"type":"LineString","coordinates":[[22.458999139575788,48.160638370310366],[22.531305855791381,48.209545310569787]]}},
{"type":"Feature","properties":{"ref":"B5","layer":"Green_roads","id_object":"GR0111"},"geometry":{"type":"LineString","coordinates":[[22.31988861840453,48.127107677578216],[22.267341856992509,48.198418109847253],[22.261015156621834,48.214815246176023],[22.225866821229165,48.263663182478339],[22.205246464465468,48.322593088476772],[22.193061708196019,48.391569895804231],[22.172441351432319,48.413037952095429]]}},
{"type":"Feature","properties":{"ref":"B-6","layer":"Green_roads","id_object":"GR0112"},"geometry":{"type":"LineString","coordinates":[[22.318306943311864,48.317879640499356],[22.204719239434567,48.325806553308219]]}},
{"type":"Feature","properties":{"ref":"Н-09","layer":"Green_roads","id_object":"FL0113"},"geometry":{"type":"LineString","coordinates":[[22.996644,48.2877874],[22.9961373,48.287833],[22.9960637,48.2878396],[22.9921596,48.2881306],[22.9909274,48.2882224],[22.9892515,48.2883162],[22.988956,48.2883242],[22.9886965,48.2883098],[22.9884056,48.2882766],[22.9876392,48.2881538],[22.9860538,48.287894],[22.9843184,48.2876156],[22.9833914,48.287479],[22.9825737,48.2873479],[22.9816208,48.2871942],[22.980966,48.287038],[22.9801406,48.2867923],[22.9795181,48.2865749],[22.9785192,48.286167],[22.9781333,48.2860125],[22.9777984,48.2858531],[22.977574,48.2857135],[22.9773472,48.2855294],[22.9770653,48.2851823],[22.9766493,48.2845424],[22.9763264,48.2840214],[22.9761401,48.2836754],[22.9756713,48.2826905],[22.9755596,48.2824557],[22.9753164,48.282065],[22.9750903,48.2818073],[22.9748924,48.2816322],[22.9746474,48.2814666],[22.9743546,48.2812961],[22.973811,48.2810276],[22.9733097,48.2807911],[22.9728116,48.2805901],[22.9715317,48.2801259],[22.9707202,48.2798752],[22.9698204,48.2796243],[22.9692003,48.2794774],[22.9688212,48.2794072],[22.9684186,48.2793903],[22.9680052,48.2794237],[22.9665785,48.2796463],[22.9653556,48.2798329],[22.9637607,48.2800483],[22.9625917,48.2802018],[22.9621207,48.2802516],[22.9614881,48.28029],[22.9609958,48.2803199],[22.9603721,48.2803578],[22.9592526,48.2804258],[22.9586877,48.2804601],[22.9584429,48.280475],[22.9564728,48.2805947],[22.9561728,48.2806096],[22.9559283,48.2806061],[22.9557382,48.2805826],[22.9556104,48.2805561],[22.9551947,48.2804512],[22.9527593,48.2796204],[22.9522945,48.2794989],[22.9518901,48.2794203],[22.9514331,48.2793823],[22.9512045,48.2793766],[22.9500061,48.2794146],[22.9497135,48.2794002],[22.9494177,48.2793479],[22.9490551,48.2792519],[22.9486478,48.2791464],[22.9484539,48.2790962],[22.9478268,48.2789964],[22.9474432,48.2789675],[22.9470847,48.2789613],[22.9467249,48.2789803],[22.9462088,48.2790402],[22.9448952,48.2791926],[22.9443592,48.2792862],[22.9443241,48.2794578],[22.9443672,48.2798268],[22.9443823,48.2799907],[22.944534,48.2807565],[22.9446286,48.2813622],[22.9446271,48.2814751],[22.9446255,48.2816029],[22.9445674,48.2818169],[22.9444719,48.2820126],[22.9435009,48.2837971],[22.9431989,48.2842559],[22.9431237,48.2843488],[22.9430373,48.2844606],[22.9429108,48.2845999],[22.9427262,48.2847673],[22.9424468,48.2849895],[22.9422219,48.285126],[22.9418731,48.2853197],[22.9414311,48.285572],[22.9408876,48.2859139],[22.9405768,48.286178],[22.9403402,48.2864441],[22.9400694,48.2868215],[22.9399202,48.2870975],[22.9397717,48.2874348],[22.9393212,48.288731],[22.9382316,48.291792],[22.9380622,48.2922659],[22.937934,48.2927321],[22.937849,48.2931124],[22.9376253,48.2947921],[22.9375572,48.2951611],[22.9374519,48.2955071],[22.9373067,48.2958784],[22.9370611,48.2963686],[22.9370461,48.2963961],[22.9366465,48.2971365],[22.9363025,48.2977562],[22.9361138,48.2980708],[22.9359012,48.2984232],[22.9357767,48.298587],[22.9356178,48.2987631],[22.9353052,48.2990417],[22.9348915,48.2993194],[22.9343431,48.2996299],[22.9322532,48.300714],[22.931221,48.3012816],[22.9307484,48.3015022],[22.9303375,48.3016607],[22.9297314,48.3018989],[22.9286385,48.3023191],[22.9281924,48.3025102],[22.927826,48.3027125],[22.9273614,48.3030278],[22.926419,48.3037812],[22.9248781,48.3050757],[22.9246587,48.3052838],[22.9244214,48.3056004],[22.9236025,48.3070307],[22.9233453,48.3073874],[22.9230687,48.3076572],[22.9227612,48.307903],[22.9223155,48.30817],[22.9218732,48.3084327],[22.9213558,48.3087595],[22.9209892,48.3090401],[22.9207894,48.3092604],[22.9202091,48.3100822],[22.919302,48.3111588],[22.9187378,48.3118185],[22.9184061,48.3122598],[22.9179264,48.3129583],[22.9174763,48.3136492],[22.9172933,48.313842],[22.9169173,48.3141411],[22.916731079133903,48.314309477921405]]}},
{"type":"Feature","properties":{"ref":"Н-09","layer":"Green_roads","id_object":"FL0113"},"geometry":{"type":"LineString","coordinates":[[22.996644,48.2877874],[22.9968122,48.2877388],[22.9969369,48.2876897],[22.9970485,48.2876358]]}},
{"type":"Feature","properties":{"ref":"Н-09","layer":"Green_roads","id_object":"FL0113"},"geometry":{"type":"LineString","coordinates":[[22.997161,48.2877674],[22.9969906,48.287777],[22.9968459,48.2877813],[22.996644,48.2877874]]}},
{"type":"Feature","properties":{"ref":"Н-09","layer":"Green_roads","id_object":"FL0113"},"geometry":{"type":"LineString","coordinates":[[22.997161,48.2877674],[22.9971206,48.2877579],[22.9970858,48.2877412],[22.9970596,48.2877187],[22.9970439,48.2876922],[22.9970401,48.2876638],[22.9970485,48.2876358]]}},
{"type":"Feature","properties":{"ref":"Н-09","layer":"Green_roads","id_object":"FL0113"},"geometry":{"type":"LineString","coordinates":[[22.9970485,48.2876358],[22.9970683,48.2876106],[22.9970981,48.2875901],[22.9971353,48.287576]]}},
{"type":"Feature","properties":{"ref":"Н-09","layer":"Green_roads","id_object":"FL0113"},"geometry":{"type":"LineString","coordinates":[[22.9971353,48.287576],[22.9972663,48.2874909],[22.9973604,48.2874231]]}},
{"type":"Feature","properties":{"ref":"Н-09","layer":"Green_roads","id_object":"FL0113"},"geometry":{"type":"LineString","coordinates":[[22.9971353,48.287576],[22.997177,48.2875694],[22.9972197,48.287571],[22.9972601,48.2875804],[22.9972949,48.2875971],[22.9973211,48.2876196]]}},
{"type":"Feature","properties":{"ref":"Н-09","layer":"Green_roads","id_object":"FL0113"},"geometry":{"type":"LineString","coordinates":[[22.9973211,48.2876196],[22.9973368,48.2876462],[22.9973406,48.2876745],[22.9973323,48.2877025],[22.9973124,48.2877277],[22.9972826,48.2877483],[22.9972454,48.2877624],[22.9972037,48.2877689],[22.997161,48.2877674]]}},
{"type":"Feature","properties":{"ref":"Н-09","layer":"Green_roads","id_object":"FL0113"},"geometry":{"type":"LineString","coordinates":[[22.9973604,48.2874231],[22.9973191,48.2875068],[22.9973084,48.2875576],[22.9973211,48.2876196]]}},
{"type":"Feature","properties":{"ref":"Н-09","layer":"Green_roads","id_object":"FL0113"},"geometry":{"type":"LineString","coordinates":[[22.9973604,48.2874231],[22.9974317,48.2873752],[22.997951,48.2870142],[22.9980768,48.2869125],[22.9983722,48.286701],[22.9985489,48.2865965],[22.9986179,48.2865626],[22.9986978,48.2865234],[22.9989674,48.2864314],[22.9991842,48.2863786],[22.9994022,48.2863344],[23.001253,48.2859588],[23.001823,48.2858334],[23.0027581,48.2856288],[23.0035196,48.2854723],[23.0050424,48.2851569],[23.005157,48.2851332],[23.0059832,48.2849621],[23.0071982,48.2847012],[23.0094219,48.2842236],[23.0097847,48.284146],[23.0121459,48.2836411],[23.0132134,48.2834257],[23.014325,48.2832015],[23.0145081,48.2831609],[23.016388,48.282753],[23.0204403,48.281893],[23.0207977,48.281827],[23.0232241,48.2813092],[23.0257944,48.2807648],[23.033039,48.279223],[23.0344403,48.2789247],[23.0350409,48.2787969],[23.0363531,48.2785191],[23.0365361,48.2784815],[23.0374859,48.2782705],[23.0394547,48.2778422],[23.0396048,48.2778097],[23.0399731,48.2777295],[23.0438364,48.2768822],[23.044813,48.2766497],[23.0457405,48.2763824],[23.0463833,48.2761617],[23.0464708,48.2761226],[23.0468728,48.2759654],[23.0471416,48.2758602],[23.0476982,48.2756291],[23.0477508,48.2756072],[23.0480652,48.2754435],[23.0508533,48.2738517],[23.0539173,48.2720602],[23.054008,48.2720063],[23.0542822,48.2718432],[23.0543403,48.2718091],[23.0548849,48.2714891],[23.0557744,48.2709665],[23.0565737,48.2704969],[23.0580268,48.2696483],[23.0587057,48.2692383],[23.058799,48.269177],[23.0588835,48.269111],[23.0589715,48.2690371],[23.0590618,48.2689485],[23.0591576,48.2688465],[23.0594429,48.2684921],[23.0595372,48.2683789],[23.0596991,48.2681847],[23.0601718,48.2676302],[23.0603016,48.2674733],[23.0605216,48.2672045],[23.0605999,48.2671209],[23.0606812,48.2670519],[23.0607845,48.2669733],[23.0610111,48.2668148],[23.0611117,48.2667395],[23.0612042,48.2666618],[23.0612935,48.2665834],[23.0613356,48.266536],[23.0614067,48.2664529],[23.0615046,48.2663431],[23.0616412,48.266203],[23.0617809,48.2660718],[23.0619525,48.2659262],[23.0620853,48.2658324],[23.0621845,48.2657476],[23.0622623,48.2656654],[23.0623481,48.265544],[23.0626192,48.2651343],[23.0628511,48.264829],[23.0629684,48.2646871],[23.0630831,48.264562],[23.0631956,48.2644346],[23.0633075,48.2643182],[23.0635008,48.2641229],[23.0636717,48.2639682],[23.0638059,48.2638541],[23.0639337,48.2637464],[23.0641491,48.2635831],[23.0644068,48.2633854],[23.0645265,48.2632774],[23.06462,48.2631872],[23.0647086,48.2630756],[23.064785,48.2629702],[23.0648602,48.2628338],[23.0649634,48.2626194],[23.0650262,48.2624956],[23.0650787,48.2624087],[23.0651636,48.2623008],[23.0653992,48.2620706],[23.0655132,48.2619712],[23.0656353,48.261889],[23.0657858,48.2617995],[23.0659276,48.2617301],[23.0660523,48.2616685],[23.0661862,48.2615938],[23.0663102,48.2615127],[23.0664064,48.2614417],[23.066503,48.2613721],[23.0666016,48.2612825],[23.0667104,48.2611808],[23.0669922,48.2608612],[23.0670886,48.2607636],[23.0672028,48.2606525],[23.0674015,48.2605471],[23.067481,48.2605078],[23.0675932,48.2604632],[23.0677274,48.2604185],[23.0678893,48.260372],[23.0680278,48.26034],[23.068174,48.2603139],[23.0684915,48.2602736],[23.0687605,48.2602383],[23.068933,48.2602141],[23.0690852,48.2601845],[23.0692227,48.2601507],[23.069367,48.2601015],[23.0694923,48.2600489],[23.0695982,48.2599922],[23.0697176,48.259915],[23.0698081,48.2598411],[23.0698946,48.2597382],[23.0699828,48.2596063],[23.0700164,48.2595322],[23.0700287,48.2594543],[23.0700394,48.2593043],[23.0700487,48.2590427],[23.0700925,48.2586516],[23.0701252,48.2583847],[23.0701225,48.2582615],[23.0701192,48.2581195],[23.070101,48.2579704],[23.0700769,48.2577901],[23.0700213,48.25743],[23.0700384,48.2571447],[23.0700595,48.2570089],[23.0700849,48.2569025],[23.0701495,48.2567462],[23.0702271,48.2566079],[23.0702975,48.2564886],[23.0704048,48.2563278],[23.0706504,48.2559369],[23.0707475,48.2557953],[23.0709663,48.2554816],[23.0710801,48.2553381],[23.0712357,48.255156],[23.0714381,48.2549666],[23.0715836,48.2548264],[23.0717125,48.2547017],[23.0719797,48.2544332],[23.0720819,48.254355],[23.0722129,48.2542559],[23.0722629,48.2542219],[23.0723774,48.2541436],[23.0726344,48.2539871],[23.0727465,48.2539245],[23.0728705,48.2538612],[23.0730006,48.2538022],[23.0731367,48.253746],[23.0732751,48.2536964],[23.0734196,48.2536504],[23.073649,48.2535888],[23.0738904,48.253529],[23.0741657,48.2534642],[23.075252,48.2532312],[23.0768283,48.252887],[23.0787268,48.2524717],[23.0788846,48.2524372],[23.078938,48.2524255],[23.0807112,48.2520351],[23.0809244,48.2519851],[23.0810653,48.2519431],[23.0812248,48.2518913],[23.0813614,48.2518397],[23.0815145,48.2517752],[23.0816476,48.2517203],[23.0817546,48.2516671],[23.0818833,48.2515841],[23.0820201,48.2514841],[23.082165,48.2513788],[23.0823239,48.2512458],[23.0825997,48.2509639],[23.082743,48.2508206],[23.0828865,48.2506607],[23.0829884,48.2505364],[23.0831172,48.2503384],[23.0832352,48.2501473],[23.0833452,48.2499442],[23.0835335,48.2494721],[23.0838788,48.2486898],[23.0844637,48.2474726],[23.0845881,48.2472281],[23.0846769,48.2470815],[23.0847867,48.2469389],[23.0849304,48.2467671],[23.0850793,48.2466233],[23.0852324,48.2464929],[23.0853917,48.2463813],[23.0856,48.2462456],[23.0857659,48.2461437],[23.0859791,48.2460274],[23.086124,48.245958],[23.0863107,48.2458852],[23.0864914,48.2458195],[23.0866738,48.2457633],[23.086875,48.2457088],[23.0871137,48.2456466],[23.0898528,48.245055],[23.0935253,48.2442453],[23.0944617,48.2440274],[23.0945608,48.244003],[23.0946344,48.2439834],[23.0947004,48.2439642],[23.0947613,48.2439458],[23.0948298,48.2439231],[23.0949135,48.243895],[23.0950221,48.2438543],[23.0951168,48.2438172],[23.0951911,48.2437863],[23.0952375,48.2437659],[23.0953076,48.2437328],[23.095378,48.2436989],[23.0954486,48.2436636],[23.0955242,48.243623],[23.0955799,48.2435913],[23.095625,48.2435648],[23.0956811,48.2435306],[23.0957187,48.2435055],[23.0957559,48.2434792],[23.0957978,48.2434478],[23.0958511,48.2434078],[23.0959057,48.2433635],[23.0959554,48.2433233],[23.0960059,48.2432818],[23.0960928,48.2432104],[23.0961699,48.2431461],[23.0962125,48.2431099],[23.0962477,48.2430782],[23.0962876,48.2430424],[23.0963269,48.2430054],[23.0963725,48.2429621],[23.0964086,48.2429246],[23.0964579,48.2428691],[23.0965052,48.2428071],[23.0965535,48.2427392],[23.0965832,48.2426927],[23.0966232,48.2426249],[23.0966624,48.2425534],[23.0967133,48.2424632],[23.0967547,48.2423891],[23.0967831,48.2423373],[23.0968085,48.2422845],[23.0968351,48.2422194],[23.0968931,48.2420774],[23.0981921,48.2382825],[23.0981925,48.238281],[23.0985793,48.2371793],[23.0985819,48.237172],[23.0986718,48.2369863],[23.0987526,48.236856],[23.0988218,48.236756],[23.0989245,48.2366238],[23.0990371,48.2365092],[23.0991779,48.2363964],[23.0993117,48.2363003],[23.0994859,48.2361843],[23.1002707,48.2356907],[23.1004981,48.2355426],[23.1006852,48.2354087],[23.1009172,48.2352427],[23.1010664,48.2351153],[23.1012032,48.2349829],[23.1013249,48.2348584],[23.1014375,48.2347216],[23.1015627,48.2345487],[23.1016398,48.2344394],[23.1034916,48.2317103],[23.1035512,48.2316229],[23.1044778,48.2302638],[23.1048299,48.2297473],[23.105031,48.229496],[23.1051455,48.2293628],[23.1052534,48.2292489],[23.1053769,48.2291358],[23.1055026,48.229033],[23.1056449,48.2289295],[23.1057863,48.2288425],[23.1060019,48.2287289],[23.1070484,48.2281809],[23.1071499,48.2281245],[23.1072482,48.2280607],[23.1073549,48.2279813],[23.1074478,48.2278991],[23.1075184,48.2278191],[23.1075721,48.2277381],[23.1076085,48.2276573],[23.1076364,48.227573],[23.1076568,48.227494],[23.107669,48.2274017],[23.1076698,48.227337],[23.1076265,48.2272023],[23.1076058,48.2270906],[23.1075828,48.2270036],[23.1075521,48.2269177],[23.1075008,48.2268065],[23.1074498,48.2267129],[23.1074006,48.2266322],[23.1073579,48.2265748],[23.1072943,48.2264941],[23.1072237,48.2264159],[23.1071141,48.2263034],[23.1069818,48.2261781],[23.1066939,48.2259144],[23.1057359,48.22506],[23.1055689,48.2249053],[23.1054636,48.2247971],[23.105374,48.2246978],[23.105312,48.2246175],[23.1051717,48.2243791],[23.1051212,48.224272],[23.1050591,48.2241116],[23.1050259,48.22401],[23.1050083,48.2239262],[23.104998,48.2238637],[23.1049864,48.2237052],[23.104986,48.2235829],[23.1049898,48.2234186],[23.1050004,48.2231851],[23.1051538,48.2209833],[23.1051858,48.2200807],[23.10518,48.2198701],[23.1051776,48.2197297],[23.1051567,48.2196158],[23.1051185,48.2194916],[23.1050636,48.2193731],[23.1049973,48.219251],[23.1049509,48.2191777],[23.1048959,48.2191083],[23.1047895,48.2189901],[23.1046889,48.218897],[23.104566,48.2187977],[23.104429,48.2187034],[23.1042926,48.2186252],[23.1041261,48.218539],[23.1026472,48.2178093],[23.1025176,48.2177434],[23.1023948,48.2176724],[23.1022684,48.2175854],[23.1021879,48.2175201],[23.1021135,48.2174483],[23.1020415,48.2173598],[23.1019923,48.2172693],[23.1019539,48.2171659],[23.1019263,48.2170631],[23.1019139,48.2169576],[23.1019098,48.2167641],[23.1020196,48.2146244],[23.102034,48.2143407],[23.1020364,48.2142716],[23.1020399,48.2141739],[23.1020639,48.2139457],[23.1020834,48.2138348],[23.1021275,48.2137286],[23.1021861,48.2136238],[23.1022765,48.213516],[23.1023258,48.2134749],[23.1023305,48.213471],[23.1023911,48.2134204],[23.1024889,48.2133563],[23.102528,48.2133307],[23.1026694,48.2132622],[23.10281,48.2132081],[23.1028731,48.2131919],[23.1029561,48.2131707],[23.1031287,48.2131368],[23.1032886,48.2131205],[23.1034613,48.2131142],[23.1036098,48.2131141],[23.1037418,48.2131183],[23.1038359,48.2131213],[23.1072336,48.2132767],[23.1073942,48.2132847],[23.1080603,48.2133245],[23.1083296,48.2133454],[23.1086175,48.2133704],[23.1089092,48.213399],[23.109944,48.2135171],[23.1104357,48.2135754],[23.1104993,48.2135827],[23.1116719,48.2137188],[23.1119056,48.2137474],[23.1126514,48.2138285],[23.1128305,48.213848],[23.1130502,48.2138719],[23.1133665,48.2139066],[23.1137651,48.2139508],[23.1139516,48.2139664],[23.1141332,48.2139697],[23.1143046,48.2139628],[23.1144815,48.2139452],[23.1146369,48.213918],[23.1148059,48.2138714],[23.1149633,48.2138115],[23.1150928,48.2137512],[23.1152129,48.213671],[23.115307,48.2135805],[23.1153829,48.2134823],[23.1154439,48.2133912],[23.1154895,48.2132903],[23.115516,48.2131635],[23.1155363,48.2130304],[23.1155742,48.2127195],[23.1157177,48.2108881],[23.1157481,48.2106878],[23.1157988,48.2105166],[23.1158667,48.210364],[23.1159502,48.2102318],[23.116026,48.2101363],[23.1160382,48.2101214],[23.1161219,48.2100193],[23.1162335,48.2099064],[23.1163656,48.2097957],[23.1165039,48.2096892],[23.1166542,48.2095919],[23.1167968,48.209515],[23.1169727,48.209434],[23.1171762,48.2093565],[23.117359,48.2092997],[23.1175642,48.209251],[23.1177988,48.2092086],[23.1180283,48.2091783],[23.1182338,48.2091607],[23.1184646,48.2091538],[23.1186578,48.2091624],[23.118897,48.2091822],[23.11909,48.2092148],[23.1192908,48.209259],[23.1195184,48.2093241],[23.1197035,48.2093859],[23.1199227,48.2094739],[23.1221032,48.2104344],[23.1222997,48.2105224],[23.1240854,48.2113219],[23.1242569,48.2114006],[23.1245659,48.2115354],[23.1259553,48.2121509],[23.1261931,48.2122506],[23.1263247,48.2123021],[23.1264425,48.2123473],[23.126527,48.2123775],[23.1266226,48.2124076],[23.1267186,48.2124309],[23.1268087,48.2124521],[23.1269139,48.2124704],[23.1269967,48.2124821],[23.12711,48.2124919],[23.1272136,48.2124972],[23.1273247,48.2124987],[23.1274336,48.2124986],[23.1275656,48.2124937],[23.1276325,48.2124893],[23.1276994,48.212483],[23.1277729,48.2124736],[23.127887,48.2124562],[23.1279888,48.2124348],[23.1280898,48.2124099],[23.1281816,48.2123839],[23.1283096,48.2123415],[23.1284665,48.2122817],[23.1286176,48.2122186],[23.1287337,48.212168],[23.1288424,48.2121217],[23.1303185,48.211438],[23.131649,48.2108352],[23.1320781,48.2106358],[23.1353574,48.2091119],[23.1364886,48.2085862],[23.1366805,48.2084954],[23.1368832,48.2083956],[23.1370777,48.2082916],[23.1372724,48.2081753],[23.1374575,48.20806],[23.1376231,48.207953],[23.1378377,48.2078071],[23.1380678,48.2076366],[23.1383644,48.2074034],[23.1386921,48.2071313],[23.1390506,48.2068219],[23.1393134,48.2065828],[23.1394583,48.2064464],[23.1395691,48.2063359],[23.1396823,48.2062139],[23.1397677,48.2061235],[23.1398575,48.2060073],[23.1399508,48.2058662],[23.1400479,48.2057017],[23.1401278,48.2055436],[23.1401816,48.2053926],[23.1402176,48.2052386],[23.1402283,48.2051664],[23.1402421,48.2050732],[23.1402621,48.2049189],[23.1402749,48.2047924],[23.140277,48.2047718],[23.1403404,48.2038509],[23.1403386,48.2036464],[23.1403185,48.2035216],[23.1403017,48.2034352],[23.1402777,48.2033568],[23.1402393,48.2032832],[23.1401913,48.2032096],[23.1401289,48.2031248],[23.1400569,48.2030384],[23.1399728,48.2029536],[23.1398672,48.2028624],[23.1397616,48.2027808],[23.1396416,48.2027024],[23.139528,48.2026328],[23.1393539,48.2025502],[23.1392503,48.2025043],[23.1391194,48.2024585],[23.1389171,48.2024049],[23.1385971,48.2023424],[23.1380924,48.2022487],[23.1380401,48.202238],[23.1379757,48.2022309],[23.1378932,48.2022241],[23.1377924,48.2022225],[23.1376915,48.2022305],[23.1376336,48.2022413],[23.1375883,48.2022529],[23.1374971,48.2022865],[23.1374227,48.2023297],[23.1373554,48.2023841],[23.137293,48.2024497],[23.1371361,48.202632],[23.1370685,48.2027127],[23.1370071,48.2027776],[23.1369274,48.2028307],[23.1368284,48.2028695],[23.13673,48.2028967],[23.1366147,48.2029159],[23.1365495,48.2029219],[23.1364947,48.2029255],[23.1364216,48.2029254],[23.1363627,48.2029223],[23.1361971,48.2028852],[23.1360703,48.2028407],[23.1359466,48.2027917],[23.1358386,48.2027386],[23.1351649,48.20236],[23.1350834,48.2022768],[23.1350522,48.2022128],[23.1350402,48.202144],[23.1350522,48.2020848],[23.1351026,48.2020256],[23.1351548,48.2019705],[23.1352255,48.2019296],[23.1353088,48.2019054],[23.1354129,48.2018937],[23.1355408,48.201897],[23.1356424,48.2019112],[23.1357496,48.2019501],[23.135966,48.2020476],[23.1360526,48.2020888],[23.1361229,48.2021192],[23.1362094,48.2021454],[23.1362814,48.2021549],[23.1363407,48.2021573],[23.1364226,48.2021488],[23.1364836,48.2021317],[23.1365477,48.2020987],[23.136609,48.2020453],[23.1366408,48.2019874],[23.1366634,48.2019196],[23.1366717,48.2018633],[23.136669,48.2017814],[23.1366078,48.2014046],[23.1366041,48.2013312],[23.1366209,48.2012572],[23.136639,48.2012125],[23.1366823,48.2011389],[23.1367471,48.2010782],[23.1368287,48.2010318],[23.1369367,48.2009902],[23.1370705,48.2009641],[23.1372072,48.2009598],[23.1373706,48.2009697],[23.1374911,48.2009823],[23.137965,48.2010393],[23.1382346,48.2010605],[23.1384986,48.2010773],[23.1388617,48.2010802],[23.139459,48.2010871],[23.1412016,48.2011206],[23.1423986,48.2011578],[23.1425279,48.2011601],[23.1427565,48.2011588],[23.1429179,48.2011538],[23.143057,48.2011409],[23.1432188,48.2011173],[23.1433714,48.2010795],[23.1435384,48.2010258],[23.1436843,48.2009693],[23.1439823,48.2008294],[23.1441011,48.2007686],[23.1442234,48.2006996],[23.144339,48.2006274],[23.1444363,48.2005609],[23.144508,48.2004968],[23.144575,48.2004199],[23.1446218,48.200339],[23.1446512,48.2002569],[23.1446638,48.2001593],[23.1446624,48.2000794],[23.1446437,48.2000091],[23.1446123,48.1999443],[23.1445583,48.199865],[23.1444653,48.1997623],[23.1443762,48.199684],[23.1442688,48.1996115],[23.1441605,48.1995465],[23.1440006,48.1994587],[23.1434303,48.1991826],[23.1421546,48.1986004],[23.1413899,48.1982251],[23.141253,48.1981552],[23.1411439,48.1980904],[23.1410348,48.1980046],[23.1409546,48.1979231],[23.1408901,48.1978299],[23.1408526,48.1977382],[23.1408395,48.1976162],[23.1408603,48.1975216],[23.1408924,48.1974322],[23.1409408,48.1973778],[23.1410573,48.1972605],[23.1413502,48.1970155],[23.1423619,48.1962273],[23.1424402,48.1961622],[23.1424907,48.1961203],[23.1425818,48.1960509],[23.1426858,48.1959803],[23.1428054,48.1959081],[23.1429135,48.1958456],[23.1430789,48.195762],[23.1432092,48.1956929],[23.1433326,48.1956357],[23.1435283,48.1955536],[23.1436726,48.1954986],[23.1439346,48.195407],[23.1441324,48.1953374],[23.1442475,48.1952989],[23.144333,48.1952706],[23.1444068,48.1952478],[23.1445185,48.1952166],[23.1446484,48.1951876],[23.1447637,48.1951755],[23.1451327,48.1951354],[23.1456679,48.1950813],[23.1457937,48.1950686],[23.146117,48.1950359],[23.1493553,48.1947431],[23.1495529,48.1947252],[23.1497133,48.194711],[23.1506314,48.1946298],[23.150984,48.1945982],[23.1516355,48.1945398],[23.1545864,48.1942752],[23.1553797,48.1942055],[23.1624269,48.1935851],[23.1637087,48.1934742],[23.163769,48.193469],[23.164145,48.1934362],[23.1769333,48.1923056],[23.1780478,48.1922059],[23.1784745,48.1921652],[23.1790876,48.1921036],[23.1811066,48.1919123],[23.1839222,48.1916628],[23.1864057,48.191434],[23.1929712,48.190815],[23.1947454,48.1906396],[23.1980083,48.1903442],[23.1987038,48.1902648],[23.1997305,48.1901009],[23.2020435,48.1897244],[23.2063064,48.1890369],[23.2134198,48.1878974],[23.2192406,48.1870557],[23.2220705,48.1866443],[23.2270535,48.1859467],[23.2295501,48.1855903],[23.2307491,48.1854187],[23.231374,48.1853328],[23.2317039,48.1852935],[23.2327413,48.1851729],[23.238787,48.1845003],[23.2438347,48.1838969],[23.2450242,48.1837487],[23.2466074,48.1835445],[23.2505139,48.1830407],[23.2536753,48.1826329],[23.2563041,48.1822854],[23.2595825,48.181875],[23.2605434,48.1817508],[23.2615505,48.1816241],[23.2616846,48.1816193],[23.2618133,48.1816289],[23.2619942,48.1816558],[23.262168,48.1817017],[23.2624061,48.1817647],[23.2625905,48.1817869],[23.2627224,48.1817835],[23.2628149,48.1817733],[23.2629283,48.1817464],[23.2640231,48.1814585],[23.2642178,48.1814048],[23.2644395,48.1813415],[23.2647946,48.1812664],[23.2651849,48.1812039],[23.2655402,48.1811655],[23.2666821,48.1811156],[23.2675619,48.1810771],[23.2680425,48.1810508],[23.2681908,48.1810429],[23.2685156,48.1810246],[23.2687647,48.1809995],[23.2690426,48.1809623],[23.2714044,48.1805542],[23.2718633,48.1804699],[23.272039,48.1804499],[23.2721345,48.1804414],[23.2722818,48.1804346],[23.2723921,48.1804351],[23.2727325,48.1804603],[23.2728975,48.1804814]]}},
{"type":"Feature","properties":{"ref":"Н-09","layer":"Green_roads","id_object":"FL0113"},"geometry":{"type":"LineString","coordinates":[[23.2728975,48.1804814],[23.2732417,48.1805224],[23.2733616,48.1805408]]}},
{"type":"Feature","properties":{"ref":"Н-09","layer":"Green_roads","id_object":"FL0113"},"geometry":{"type":"LineString","coordinates":[[23.2732103,48.1806751],[23.273165,48.1806299],[23.2730595,48.1805545],[23.2728975,48.1804814]]}},
{"type":"Feature","properties":{"ref":"Н-09","layer":"Green_roads","id_object":"FL0113"},"geometry":{"type":"LineString","coordinates":[[23.2732424,48.1807027],[23.2732103,48.1806751]]}},
{"type":"Feature","properties":{"ref":"Н-09","layer":"Green_roads","id_object":"FL0113"},"geometry":{"type":"LineString","coordinates":[[23.2732103,48.1806751],[23.2731966,48.1806469],[23.2731969,48.1806172],[23.2732111,48.180589],[23.2732378,48.1805653],[23.2732744,48.1805483],[23.2733171,48.1805399],[23.2733616,48.1805408]]}},
{"type":"Feature","properties":{"ref":"Н-09","layer":"Green_roads","id_object":"FL0113"},"geometry":{"type":"LineString","coordinates":[[23.2734601,48.1806751],[23.2734294,48.1807018],[23.2733866,48.1807196],[23.2733371,48.1807261],[23.2732873,48.1807205],[23.2732424,48.1807027]]}},
{"type":"Feature","properties":{"ref":"Н-09","layer":"Green_roads","id_object":"FL0113"},"geometry":{"type":"LineString","coordinates":[[23.2733963,48.1809393],[23.2732424,48.1807027]]}},
{"type":"Feature","properties":{"ref":"Н-09","layer":"Green_roads","id_object":"FL0113"},"geometry":{"type":"LineString","coordinates":[[23.2733616,48.1805408],[23.2734022,48.1805505],[23.2734365,48.1805679],[23.2734611,48.1805915],[23.2734739,48.180619],[23.2734735,48.1806477],[23.2734601,48.1806751]]}},
{"type":"Feature","properties":{"ref":"Н-09","layer":"Green_roads","id_object":"FL0113"},"geometry":{"type":"LineString","coordinates":[[23.2733963,48.1809393],[23.2735242,48.181143],[23.2736576,48.181333],[23.273826,48.1815074],[23.2740231,48.1816801],[23.2742578,48.1818466],[23.2748597,48.1822008],[23.2754933,48.1825255],[23.2762594,48.1829275],[23.2770491,48.1833362],[23.2778519,48.1838],[23.2784704,48.1842146],[23.2788014,48.1844521],[23.2791814,48.1847581],[23.2802105,48.1857834],[23.2819809,48.187548],[23.2824532,48.1879573],[23.2835264,48.1888101],[23.2842168,48.189374],[23.2845172,48.1896562],[23.2849461,48.1902051],[23.2854802,48.1909683],[23.2876419,48.1942718],[23.2880259,48.1948816],[23.2886897,48.1959358],[23.2898889,48.1976624],[23.290637,48.1986818],[23.2909255,48.1990097],[23.2910181,48.199115],[23.2915131,48.1996216],[23.2919774,48.2000442],[23.2921802,48.2002036],[23.2924151,48.2003523],[23.2925905,48.2004662],[23.2927767,48.2005729],[23.2931031,48.2007159],[23.2934455,48.2008446],[23.2940287,48.2010018],[23.2947014,48.2011153],[23.2953128,48.2011578],[23.2959499,48.2011519],[23.2967325,48.2011048],[23.2968386,48.2010921],[23.2973494,48.2010308],[23.2992209,48.2006765],[23.3021942,48.2000129],[23.3046658,48.1994841],[23.305423,48.1993221],[23.3073984,48.1989217],[23.3085062,48.1986972]]}},
{"type":"Feature","properties":{"ref":"Н-09","layer":"Green_roads","id_object":"FL0113"},"geometry":{"type":"LineString","coordinates":[[23.2734601,48.1806751],[23.273391,48.1807954],[23.2733831,48.1808674],[23.2733963,48.1809393]]}},
{"type":"Feature","properties":{"ref":"Н-09","layer":"Green_roads","id_object":"FL0113"},"geometry":{"type":"LineString","coordinates":[[23.3094058,48.1987453],[23.3089956,48.1987021],[23.3085062,48.1986972]]}},
{"type":"Feature","properties":{"ref":"Н-09","layer":"Green_roads","id_object":"FL0113"},"geometry":{"type":"LineString","coordinates":[[23.3085062,48.1986972],[23.3089524,48.1985536],[23.3092069,48.1984276]]}},
{"type":"Feature","properties":{"ref":"Н-09","layer":"Green_roads","id_object":"FL0113"},"geometry":{"type":"LineString","coordinates":[[23.3094058,48.1987453],[23.3092911,48.1986548],[23.3092227,48.1985456],[23.3092069,48.1984276]]}},
{"type":"Feature","properties":{"ref":"Н-09","layer":"Green_roads","id_object":"FL0113"},"geometry":{"type":"LineString","coordinates":[[23.3092069,48.1984276],[23.3092451,48.198312],[23.3093428,48.198202],[23.3094888,48.1981192],[23.3096672,48.1980724],[23.3098588,48.1980667],[23.3099379,48.1980772],[23.3100536,48.1981064],[23.3101155,48.1981294],[23.3101794,48.1981534]]}},
{"type":"Feature","properties":{"ref":"Н-09","layer":"Green_roads","id_object":"FL0113"},"geometry":{"type":"LineString","coordinates":[[23.3103621,48.198521],[23.3103172,48.1986158],[23.3102377,48.1986999],[23.3101176,48.1987729],[23.309972,48.1988211],[23.309812,48.1988405],[23.3096503,48.1988297],[23.3095204,48.1987973],[23.3094058,48.1987453]]}},
{"type":"Feature","properties":{"ref":"Н-09","layer":"Green_roads","id_object":"FL0113"},"geometry":{"type":"LineString","coordinates":[[23.3101794,48.1981534],[23.310583,48.1981958],[23.3110967,48.1981962]]}},
{"type":"Feature","properties":{"ref":"Н-09","layer":"Green_roads","id_object":"FL0113"},"geometry":{"type":"LineString","coordinates":[[23.3101794,48.1981534],[23.3102605,48.1982266],[23.3103175,48.1982894],[23.3103665,48.1984029],[23.3103621,48.198521]]}},
{"type":"Feature","properties":{"ref":"Н-09","layer":"Green_roads","id_object":"FL0113"},"geometry":{"type":"LineString","coordinates":[[23.3110967,48.1981962],[23.310583,48.1983637],[23.3104697,48.198425],[23.3103621,48.198521]]}},
{"type":"Feature","properties":{"ref":"Н-09","layer":"Green_roads","id_object":"FL0113"},"geometry":{"type":"LineString","coordinates":[[23.3110967,48.1981962],[23.3111705,48.198185],[23.31214,48.1980295],[23.3126739,48.1979439],[23.3136339,48.1977823],[23.3142813,48.1976589],[23.3153314,48.1974082],[23.3167484,48.1970298],[23.3216382,48.1957111],[23.3228195,48.1953928],[23.3233323,48.195243],[23.323893,48.1950726],[23.3240846,48.1950066],[23.3243435,48.1949174],[23.3249724,48.194647],[23.3255841,48.1943508],[23.3261078,48.1940717],[23.3264585,48.1938266],[23.3270272,48.1933419],[23.3273963,48.1929898],[23.3277707,48.1925783],[23.3282157,48.1919777],[23.3284974,48.1914901],[23.328682,48.1911163],[23.3289419,48.1904308],[23.3290134,48.1901985],[23.3290516,48.1900743],[23.3290869,48.189801],[23.3290989,48.189415],[23.3287959,48.1853112],[23.3286094,48.1827844],[23.3284972,48.1812522],[23.3284322,48.1803983],[23.3281568,48.1766223],[23.3281319,48.1762312],[23.3281236,48.1761006],[23.3281203,48.1760496],[23.3281187,48.1760243],[23.3281148,48.1759898],[23.3281054,48.1758776],[23.3280742,48.1755026],[23.3279797,48.174429],[23.3279346,48.173612],[23.3278934,48.1729646],[23.327921,48.1722643],[23.3280596,48.1712594],[23.3280769,48.1708783],[23.3280642,48.1704964],[23.3280346,48.1701658],[23.3280276,48.1701372],[23.3279103,48.1696546],[23.3276572,48.1691155],[23.3275499,48.1689043],[23.3274536,48.1687146],[23.3253637,48.1648769],[23.3251587,48.1644907],[23.3247265,48.1636763],[23.3245865,48.1633176],[23.3245161,48.1629011],[23.32451,48.1625277],[23.324546,48.162207],[23.3245942,48.1619742],[23.3247041,48.1616691],[23.3249173,48.1612802],[23.3252521,48.1608272],[23.3256401,48.160445],[23.3263719,48.1597606],[23.3278537,48.1583613],[23.3281396,48.1580218],[23.3284213,48.1575957],[23.3286644,48.1571508],[23.3287161,48.157022],[23.3288187,48.1567704],[23.3289397,48.1563529],[23.3289598,48.1560227],[23.3289689,48.1557599],[23.3289438,48.1554694],[23.3288227,48.1548709],[23.3283088,48.1530655],[23.327637,48.150705],[23.3271877,48.1491134],[23.326647,48.1472508],[23.3265361,48.1470384]]}},
{"type":"Feature","properties":{"ref":"Н-09","layer":"Green_roads","id_object":"FL0113"},"geometry":{"type":"LineString","coordinates":[[23.3265361,48.1470384],[23.3264967,48.1470495],[23.3264542,48.1470528],[23.326412,48.147048],[23.3263735,48.1470354],[23.326342,48.1470161],[23.3263198,48.1469916],[23.3263089,48.146964],[23.3263101,48.1469354],[23.3263233,48.1469083],[23.3263474,48.1468847],[23.3263805,48.1468666],[23.32642,48.1468554],[23.3264625,48.1468522],[23.3265047,48.146857],[23.3265431,48.1468696]]}},
{"type":"Feature","properties":{"ref":"Н-09","layer":"Green_roads","id_object":"FL0113"},"geometry":{"type":"LineString","coordinates":[[23.3265431,48.1468696],[23.3265747,48.1468889],[23.3265968,48.1469133],[23.3266078,48.146941],[23.3266066,48.1469695],[23.3265934,48.1469967],[23.3265692,48.1470203],[23.3265361,48.1470384]]}},
{"type":"Feature","properties":{"ref":"Н-09","layer":"Green_roads","id_object":"FL0113"},"geometry":{"type":"LineString","coordinates":[[23.3265431,48.1468696],[23.3267011,48.1467368],[23.3283184,48.1459508],[23.3294157,48.1454104],[23.3320199,48.144128],[23.3367602,48.1418192],[23.3387962,48.1408421],[23.340852,48.1398433],[23.344961,48.1378441],[23.353074,48.1338973],[23.3535832,48.1336052],[23.3539797,48.1333127],[23.3549624,48.1324521],[23.3552003,48.1322603],[23.3555392,48.1320414],[23.35694,48.1311923],[23.3570717,48.1311073],[23.3571629,48.1310151],[23.3572058,48.1309453],[23.3572196,48.1308781],[23.357227,48.1307817],[23.357225,48.1306878],[23.3572275,48.1305604],[23.3572407,48.130479],[23.357285,48.130393],[23.3573923,48.1302543],[23.3576504,48.1300186],[23.3581852,48.1295543],[23.3593198,48.1285627],[23.3597165,48.1282026],[23.3606818,48.1273365],[23.3610154,48.1270372],[23.3613296,48.1267283],[23.3618097,48.1262409],[23.3620281,48.1260233],[23.3638999,48.1242008],[23.3643372,48.1237836],[23.36475,48.1234126],[23.3650542,48.1231134],[23.3654277,48.1227987],[23.3658473,48.1225063],[23.3663018,48.1222324],[23.3668505,48.1219804],[23.3672819,48.1218031],[23.3678074,48.121587],[23.3726858,48.1197132],[23.3737429,48.1193054],[23.3746403,48.1189621],[23.3748317,48.1188888],[23.3758432,48.118502],[23.3784082,48.1174895],[23.3790098,48.1172429],[23.3793032,48.1171228],[23.3796763,48.1169327],[23.3803102,48.1165533],[23.3813904,48.115793],[23.3818139,48.1154767],[23.3823884,48.1150835],[23.3830431,48.1146831],[23.3833585,48.1145086],[23.385017,48.1135913],[23.3856027,48.1132753],[23.3927926,48.1093381],[23.3992686,48.1058069],[23.4001138,48.1053317],[23.4010415,48.1047992],[23.4018556,48.1043027],[23.4036526,48.1031272],[23.4105848,48.0984586],[23.4123394,48.0972768],[23.4173211,48.0939066],[23.4222736,48.0905852],[23.4223889,48.0905079],[23.4224638,48.0904576],[23.423245,48.0899332],[23.4276314,48.0869383],[23.4334108,48.0830164],[23.4352192,48.0817933],[23.4361255,48.081176],[23.4425303,48.0768852],[23.4463972,48.0742704],[23.4504324,48.0715354],[23.4514698,48.070818],[23.4550808,48.0683681],[23.4559701,48.0677655],[23.4564261,48.0674638],[23.4566401,48.0673184],[23.4569487,48.0671086],[23.4573864,48.0667918],[23.4580409,48.0663281],[23.4601495,48.0649288],[23.4630941,48.0628926],[23.464647,48.0618178],[23.4655706,48.0611946],[23.4690459,48.0588275],[23.4749029,48.0548597],[23.4760465,48.0540951],[23.4762199,48.0539954],[23.4763499,48.0538996],[23.478471,48.0524642],[23.4809488,48.0508044],[23.4816843,48.0503119],[23.4818393,48.0502081],[23.483609,48.0490316],[23.4850975,48.0480445],[23.4857243,48.0475953],[23.4860103,48.047379],[23.4860868,48.047302],[23.4861182,48.0472654],[23.486167,48.047214],[23.4861972,48.0471697],[23.4862701,48.0470645],[23.4865002,48.0467321],[23.4866838,48.046467],[23.4867231,48.0464103],[23.4871869,48.0457402],[23.4872186,48.0456943],[23.4876525,48.0450695],[23.4886489,48.0436795],[23.4891344,48.042978],[23.4893247,48.0427172],[23.4895232,48.0424536],[23.4896398,48.0422755],[23.4897057,48.0421614],[23.4898909,48.0418612],[23.4901059,48.0416484],[23.4911166,48.0408078],[23.4914041,48.040642],[23.4918484,48.0404972],[23.4920096,48.040453],[23.4921703,48.0404112],[23.4927444,48.0402663],[23.496191,48.0395786],[23.4965922,48.0394713],[23.4971366,48.0392489],[23.4975536,48.0390021],[23.4979086,48.0387451],[23.4995612,48.0373835],[23.5001301,48.0370086],[23.500543,48.0367848],[23.5008024,48.036664],[23.5010652,48.0365415],[23.5019819,48.0361929],[23.5030798,48.035838],[23.5125541,48.0327717],[23.5135754,48.0323727],[23.5146531,48.0318546],[23.5155096,48.0313785],[23.5163065,48.0308361],[23.5179815,48.0296776],[23.5189256,48.029053],[23.5194867,48.0287587],[23.520107,48.028496],[23.520369,48.0284101],[23.5209043,48.0282346],[23.5215361,48.028068],[23.521902,48.0279825],[23.5219428,48.0279729],[23.5287023,48.0264868],[23.5293488,48.0263447],[23.5302923,48.0261339],[23.5380531,48.0244198],[23.5414239,48.0236593],[23.5422571,48.0234629],[23.5446294,48.0227302],[23.5451959,48.0225604],[23.5459483,48.0223365],[23.5470385,48.022012],[23.54823,48.0216497],[23.549678,48.0212053],[23.5500023,48.0211057],[23.5501751,48.0210527],[23.5506858,48.0209022],[23.5519791,48.0205152],[23.5519932,48.020511],[23.5522427,48.0204367],[23.5523354,48.0204091],[23.5523768,48.0203967],[23.5532114,48.0201378],[23.5538707,48.0199361],[23.5543719,48.019791],[23.5553853,48.0194919],[23.5557359,48.0193856],[23.5567971,48.0190684],[23.5575199,48.0188523],[23.5580605,48.0186765],[23.5582463,48.0186161],[23.5601864,48.0180326],[23.5612408,48.0177077],[23.5629364,48.0171937],[23.5631807,48.0170984],[23.5634369,48.0169847],[23.5640127,48.0167082],[23.5643881,48.0165182],[23.5648891,48.0162647],[23.5654076,48.0160005],[23.5656293,48.015868],[23.5658064,48.01572],[23.5658348,48.0156247],[23.5658389,48.0155187],[23.5658128,48.0152375],[23.5657848,48.0149358],[23.5657838,48.0147401],[23.5658011,48.0146046],[23.5658313,48.0144504],[23.5658938,48.0143669],[23.5659823,48.0142844],[23.5661488,48.0141321]]}},
{"type":"Feature","properties":{"ref":"Н-09","layer":"Green_roads","id_object":"FL0113"},"geometry":{"type":"LineString","coordinates":[[23.5777613,48.0112495],[23.5776646,48.0112529],[23.5775694,48.0112296],[23.5774246,48.0112],[23.5772614,48.011169],[23.5770366,48.0111678],[23.5767062,48.0111827],[23.5763732,48.0112006],[23.575982,48.0112595],[23.575826,48.0112915],[23.5757117,48.0113228],[23.5753942,48.0114548],[23.575077,48.0116019],[23.5745432,48.0118902],[23.5741136,48.0121475],[23.5737402,48.0123712],[23.5735989,48.0124644],[23.5731743,48.0127281],[23.5729105,48.0128716],[23.5726637,48.0129835],[23.5725138,48.0130407],[23.572323,48.0130966],[23.5720569,48.0131628],[23.5711038,48.0133701],[23.5707101,48.0134537],[23.5700422,48.0135956],[23.5693377,48.0137335],[23.5687542,48.0138314],[23.5676104,48.0140027],[23.5664181,48.0141487],[23.566263,48.0141666],[23.5662061,48.0141578],[23.5661488,48.0141321]]}},
{"type":"Feature","properties":{"ref":"Н-09","layer":"Green_roads","id_object":"FL0113"},"geometry":{"type":"LineString","coordinates":[[23.5661488,48.0141321],[23.5662058,48.01408],[23.5663687,48.0139209],[23.566654,48.0136232],[23.5667696,48.0134883],[23.5668794,48.0134196],[23.566982,48.0133787],[23.5671327,48.0133279],[23.5673355,48.0132729],[23.5678035,48.0131683],[23.5684796,48.0129997],[23.5684956,48.0129968],[23.5699906,48.0126446],[23.5703057,48.0125657],[23.5705357,48.0125052],[23.570767,48.0124359],[23.5709989,48.0123605],[23.5712707,48.0122628],[23.5716282,48.0121246],[23.5716968,48.0120976],[23.5718806,48.0120185],[23.5729999,48.0115345],[23.5734452,48.0113418],[23.5738477,48.0111802],[23.5742226,48.0110511],[23.5746459,48.0109185],[23.5751231,48.0107894],[23.5754455,48.0107103],[23.575784,48.0106619],[23.5760065,48.0106321],[23.576259,48.0106093],[23.5764691,48.0105968],[23.5770598,48.0105881],[23.5777009,48.0105935],[23.5780818,48.0105964],[23.5783725,48.0106031]]}},
{"type":"Feature","properties":{"ref":"Н-09","layer":"Green_roads","id_object":"FL0113"},"geometry":{"type":"LineString","coordinates":[[23.5779797,48.0111639],[23.5779856,48.0111878],[23.5779815,48.0112119],[23.5779676,48.0112401],[23.5779437,48.0112542],[23.5779121,48.0112687],[23.5778757,48.0112764],[23.5778374,48.0112768],[23.5777831,48.0112626],[23.5777613,48.0112495]]}},
{"type":"Feature","properties":{"ref":"Н-09","layer":"Green_roads","id_object":"FL0113"},"geometry":{"type":"LineString","coordinates":[[23.5777613,48.0112495],[23.5777413,48.0112337],[23.5777267,48.0112084],[23.5777245,48.0111813],[23.5777346,48.0111552],[23.5777563,48.0111322],[23.5777874,48.0111148],[23.5778238,48.0111049],[23.5778629,48.0111026],[23.5779013,48.0111081],[23.5779355,48.0111211],[23.5779625,48.0111402],[23.5779797,48.0111639]]}},
{"type":"Feature","properties":{"ref":"Н-09","layer":"Green_roads","id_object":"FL0113"},"geometry":{"type":"LineString","coordinates":[[23.5784445,48.0107554],[23.5783407,48.0108057],[23.5782692,48.0108391],[23.5782011,48.0108779],[23.5781287,48.0109416],[23.5780695,48.0110207],[23.5779797,48.0111639]]}},
{"type":"Feature","properties":{"ref":"Н-09","layer":"Green_roads","id_object":"FL0113"},"geometry":{"type":"LineString","coordinates":[[23.5784445,48.0107554],[23.5784029,48.0107563],[23.5783727,48.0107505],[23.5783398,48.0107365],[23.5783147,48.0107131],[23.5783012,48.0106858],[23.5783005,48.010657],[23.578316,48.0106412],[23.5783413,48.0106168],[23.5783725,48.0106031]]}},
{"type":"Feature","properties":{"ref":"Н-09","layer":"Green_roads","id_object":"FL0113"},"geometry":{"type":"LineString","coordinates":[[23.5783725,48.0106031],[23.5784091,48.0105932],[23.5784458,48.010589],[23.5784685,48.0105886],[23.5785264,48.0105932],[23.5785612,48.0106009],[23.5785965,48.0106141],[23.5786027,48.0106213]]}},
{"type":"Feature","properties":{"ref":"Н-09","layer":"Green_roads","id_object":"FL0113"},"geometry":{"type":"LineString","coordinates":[[23.5785463,48.0107433],[23.5784445,48.0107554]]}},
{"type":"Feature","properties":{"ref":"Н-09","layer":"Green_roads","id_object":"FL0113"},"geometry":{"type":"LineString","coordinates":[[23.5786027,48.0106213],[23.5786127,48.0106518],[23.5786066,48.010685],[23.5785927,48.0107034],[23.5785773,48.01072],[23.5785463,48.0107433]]}},
{"type":"Feature","properties":{"ref":"Н-09","layer":"Green_roads","id_object":"FL0113"},"geometry":{"type":"LineString","coordinates":[[23.5790275,48.0107216],[23.5785463,48.0107433]]}},
{"type":"Feature","properties":{"ref":"Н-09","layer":"Green_roads","id_object":"FL0113"},"geometry":{"type":"LineString","coordinates":[[23.5786027,48.0106213],[23.578653,48.0106294],[23.5787372,48.0106505],[23.5788475,48.010685],[23.5790275,48.0107216]]}},
{"type":"Feature","properties":{"ref":"Н-09","layer":"Green_roads","id_object":"FL0113"},"geometry":{"type":"LineString","coordinates":[[24.1947683,48.049322],[24.1943769,48.0491587],[24.1942204,48.0490763],[24.194057,48.0489804],[24.1938929,48.0488647],[24.1937775,48.0487548],[24.1936694,48.0486403],[24.1935251,48.0484648],[24.1933664,48.0482078],[24.1933252,48.048157],[24.1932402,48.0480034],[24.1931331,48.0479189],[24.1930555,48.0478606],[24.1929488,48.0477947],[24.1926629,48.0476729],[24.192325,48.0475407],[24.1922131,48.0475004],[24.1920927,48.0474572],[24.1916566,48.0472831],[24.1913867,48.0471737],[24.1912818,48.0471312],[24.1909958,48.0470236],[24.1906781,48.0469198],[24.1904552,48.0468557],[24.1903049,48.0468223],[24.1901482,48.0468048],[24.1899049,48.0467944],[24.1896669,48.046786],[24.1894249,48.0467821],[24.1893444,48.0467808],[24.1892019,48.0467785],[24.1889775,48.046768],[24.1887567,48.0467501],[24.1885418,48.0467207],[24.1878861,48.0465795],[24.1878482,48.0465706],[24.1873299,48.0464486],[24.1864997,48.0462668],[24.1863809,48.0462468],[24.1863495,48.046241],[24.1860733,48.04621],[24.1857759,48.046186],[24.1854459,48.0461405],[24.1851989,48.0460967],[24.1849925,48.0460398],[24.1847574,48.0459561],[24.1844712,48.0458365],[24.1842075,48.045716],[24.1840759,48.0456454],[24.1836413,48.0453813],[24.183453,48.0452669],[24.1829026,48.0449362],[24.1826297,48.044778],[24.1823455,48.0445952],[24.1813389,48.0439478],[24.18087,48.0436352],[24.1799016,48.0430005],[24.1795685,48.0427868],[24.1789611,48.0423972],[24.178534,48.0420985],[24.1782087,48.0418464],[24.1779757,48.0416317],[24.1776657,48.041285],[24.1773643,48.0408415],[24.1771273,48.0404346],[24.1769887,48.0401757],[24.1768175,48.039876],[24.1765046,48.0392437],[24.1761882,48.0387243],[24.1760178,48.0384297],[24.1759031,48.0381622],[24.1758445,48.0380202],[24.1757952,48.0378401],[24.175765,48.0375917],[24.1757614,48.0374177],[24.1757767,48.0372786],[24.1757972,48.0371728],[24.1758085,48.0371024],[24.1758175,48.0370152],[24.1758235,48.0369575],[24.1758537,48.0366659],[24.1758738,48.0364626],[24.1758973,48.0362246],[24.1759174,48.0360598],[24.1759245,48.0358701],[24.1759153,48.0357491],[24.1759051,48.0357014],[24.1758889,48.0356258],[24.1758414,48.0355002],[24.175698,48.0352358],[24.1755735,48.0349844],[24.1754447,48.034747],[24.175292,48.0344527],[24.1751504,48.0341798],[24.1750904,48.0340658],[24.1750206,48.0339711],[24.1749343,48.0338582],[24.1748633,48.0337783],[24.1747367,48.0336483],[24.1746741,48.0335834],[24.1745561,48.0334961],[24.1744134,48.0334265],[24.1742766,48.0333659],[24.1738731,48.0331851],[24.1735061,48.03307],[24.1727767,48.0328885],[24.1721515,48.0327141],[24.1713195,48.032448],[24.1710832,48.0323734],[24.1709277,48.0323146],[24.1707978,48.0322523],[24.1706689,48.0321721],[24.1705291,48.0320814],[24.1704384,48.0319765],[24.170369,48.0318323],[24.170286,48.0315813],[24.1701868,48.0311928],[24.1701186,48.0309747],[24.1700703,48.0307754],[24.1700341,48.0305761],[24.1700223,48.0304499],[24.1700104,48.0302812],[24.1700173,48.0301718],[24.1700216,48.0300605],[24.1700575,48.0299126],[24.1700997,48.0297972],[24.1701543,48.0296735],[24.1702223,48.0295577],[24.1702963,48.0294322],[24.1703424,48.0292589],[24.1703722,48.0291048],[24.1704021,48.0288938],[24.1704194,48.0286776],[24.1704252,48.0284369],[24.1704032,48.0282047],[24.1703551,48.02796],[24.1702482,48.027702],[24.1701114,48.0274285],[24.1698621,48.026943],[24.1697692,48.0267593],[24.169594,48.0264132],[24.169125,48.0259524],[24.1687527,48.0257138],[24.1683822,48.0254855],[24.1679432,48.0251997],[24.1677574,48.0250951],[24.1676241,48.0249665],[24.1675766,48.024921],[24.1674761,48.0248019],[24.1673968,48.0246438],[24.1673154,48.0244093],[24.167226,48.0241113],[24.1671331,48.0239451],[24.1670243,48.0238299],[24.1668941,48.0237255],[24.1666088,48.0235432],[24.1662352,48.0233474],[24.1659503,48.0231715],[24.1657312,48.0230128],[24.1656166,48.0228813],[24.1655759,48.0227642],[24.1655432,48.0226315],[24.1655541,48.0224788],[24.1656106,48.022323],[24.1656953,48.0221836],[24.1657908,48.022064],[24.1659407,48.0219221],[24.1661132,48.0218114],[24.1663128,48.0217272],[24.1666859,48.0216045],[24.1670908,48.0215048],[24.1676459,48.0213927],[24.1678496,48.0213399],[24.168007,48.0212778],[24.1681481,48.0212047],[24.1682258,48.0211545],[24.1683663,48.0210462],[24.1685333,48.0208577],[24.168672,48.0206516],[24.1688674,48.0203604],[24.1688987,48.0203145],[24.1689502,48.0202391],[24.1690169,48.0201178],[24.1690727,48.0199694],[24.1691015,48.0198209],[24.1691704,48.0193977],[24.1692423,48.0186557],[24.1693158,48.0181363],[24.1694664,48.0170126],[24.1695374,48.0165006],[24.169547,48.0162434],[24.1695312,48.0161221],[24.1694744,48.015846],[24.1693827,48.0156213],[24.1692996,48.0154194],[24.1692217,48.01522],[24.1691417,48.0150127],[24.1690932,48.0148112],[24.1690643,48.0146018],[24.1690571,48.0143062],[24.1690833,48.0141299],[24.1690919,48.0140364],[24.169112,48.0139071],[24.1691491,48.013785],[24.1692053,48.0136424],[24.1693433,48.0133888],[24.1694038,48.0133022],[24.1694957,48.0131807],[24.1695999,48.0130919],[24.169736,48.0129789],[24.1699269,48.0128732],[24.170136,48.0127671],[24.1703558,48.0126814],[24.1706762,48.0125717],[24.1712039,48.012441],[24.1714747,48.0123711],[24.1716234,48.0123311],[24.1718404,48.0122695],[24.1732279,48.0117329],[24.1738061,48.0115072],[24.1753561,48.0108672],[24.1754865,48.0108084],[24.1760614,48.010568],[24.1769495,48.0101703],[24.1773013,48.010016],[24.177731,48.0098206],[24.178487,48.009464],[24.1795495,48.008988],[24.1800316,48.008772],[24.180252,48.0086693],[24.1806494,48.0084841],[24.1809277,48.0083314],[24.1811094,48.0082076],[24.1813199,48.00806],[24.1815754,48.0078328],[24.1816574,48.0077231],[24.181735,48.0075756],[24.1817865,48.0074005],[24.1818221,48.0072282],[24.1818396,48.0070845],[24.1818448,48.006566],[24.1818056,48.0057257],[24.1817841,48.0053719],[24.1818012,48.0052353],[24.1818317,48.0050628],[24.1819178,48.0048215],[24.1820613,48.0045195],[24.1821213,48.0044084],[24.182178,48.0043352],[24.1822239,48.0042782],[24.1822989,48.004188],[24.1823906,48.0041105],[24.1825357,48.0040171],[24.182892,48.0038439],[24.1832053,48.0036978],[24.1835114,48.0035927],[24.1837481,48.0035603],[24.1839336,48.0035509],[24.1841177,48.0035723],[24.1842969,48.0036064],[24.18443,48.0036561],[24.1845592,48.0037242],[24.1846784,48.0038052],[24.1847718,48.0039156],[24.184845,48.0040355],[24.1849387,48.004161],[24.1850756,48.0043247],[24.1852284,48.0044328],[24.185376,48.0045151],[24.1854044,48.0045596],[24.1857454,48.0046866],[24.1858589,48.0047285],[24.1859658,48.00477],[24.1860624,48.0048081],[24.1862833,48.0048916],[24.1865669,48.0049723],[24.1867406,48.005009],[24.1869089,48.0050495],[24.1870168,48.0050647],[24.1871247,48.0050744],[24.1872232,48.0050638],[24.1873432,48.0050403],[24.1874617,48.0049936],[24.1875883,48.0048974],[24.1877283,48.0047348],[24.18827,48.0037942],[24.1883914,48.0036061],[24.189159,48.0020992],[24.1893647,48.0017819],[24.1895157,48.0015765],[24.1897315,48.0013623],[24.1900673,48.0010922],[24.1903778,48.0009167],[24.1909714,48.0006447],[24.1915873,48.0003754],[24.1919683,48.0002222],[24.1922139,48.0001416],[24.1925311,48.0000751],[24.193091,48.0000283],[24.1935321,47.9999814],[24.1938626,47.9999333],[24.194035,47.999903],[24.1941828,47.9998674],[24.1943251,47.999824],[24.1946434,47.9997045],[24.1950347,47.9995438],[24.1955426,47.9993191],[24.1959139,47.9991398],[24.1960818,47.9990321],[24.1962152,47.9989268],[24.1963677,47.998762],[24.1965559,47.9984772],[24.1966313,47.998363],[24.1967688,47.9981466],[24.1969061,47.9979172],[24.1970575,47.997723],[24.1971808,47.9976087],[24.197302,47.9975052],[24.1975548,47.9973615],[24.1978025,47.9972301],[24.1979342,47.9971443],[24.1979934,47.9971001],[24.1980476,47.9970596],[24.1981495,47.9969525],[24.1982435,47.9968381],[24.1983157,47.9966862],[24.1983765,47.9964731],[24.198424,47.9960362],[24.1984958,47.9956119],[24.1985464,47.9954297],[24.1986202,47.9952526],[24.1987745,47.9950687],[24.1989812,47.9948577],[24.1991099,47.9947263],[24.1992195,47.9945763],[24.1992766,47.9944316],[24.1993134,47.9942849],[24.1993327,47.9941234],[24.1993672,47.9938748],[24.1993843,47.993638],[24.1993875,47.9935105],[24.1993702,47.9933527],[24.1993432,47.9931987],[24.1992974,47.9930823],[24.1992392,47.9929701],[24.1990937,47.9927295],[24.1989806,47.9925501],[24.1989076,47.9924336],[24.1988239,47.9923208],[24.1986879,47.9921751],[24.1986077,47.9920891],[24.1983642,47.9918354],[24.1982645,47.9917],[24.1981608,47.9915192],[24.1979532,47.9910894],[24.1977953,47.9906189],[24.1977259,47.9902924],[24.197726,47.9901574],[24.1977396,47.9900528],[24.1977777,47.9899366],[24.1978346,47.9898293],[24.19789,47.9897337],[24.1979481,47.9896453],[24.1981901,47.9892657],[24.1982724,47.9891392],[24.1983438,47.9890199],[24.198629,47.9885173],[24.1986926,47.9884165],[24.1987455,47.988348],[24.1988198,47.9882624],[24.1989049,47.9881696],[24.1990113,47.9880534],[24.1991448,47.9879193],[24.1993765,47.987738],[24.1995634,47.9876068],[24.1997689,47.9874818],[24.2000763,47.9873149],[24.2004024,47.9871793],[24.2010665,47.9869861],[24.2015111,47.9868791],[24.202125,47.9867076],[24.2024136,47.9866084],[24.2025977,47.9865303],[24.2028331,47.9864185],[24.2031463,47.9862401],[24.2033541,47.9860876],[24.2035539,47.9859099],[24.2037006,47.9857655],[24.2038071,47.9856049],[24.2039154,47.985442],[24.2039673,47.9853132],[24.2040165,47.9851495],[24.2040576,47.984928],[24.2040834,47.9847321],[24.204073,47.9845372],[24.2040622,47.9844465],[24.2040421,47.9843559],[24.2040186,47.9842796],[24.2039857,47.9842034],[24.2039065,47.9840851],[24.2038404,47.9840156],[24.2037579,47.983946],[24.2036774,47.9838913],[24.2036466,47.9838703],[24.2035587,47.9838181],[24.2028957,47.9834891],[24.202785,47.9834383],[24.2022375,47.983187],[24.2015632,47.9828741],[24.2007864,47.9825362],[24.2004681,47.9823856],[24.2001659,47.9822278],[24.1999207,47.9820852],[24.1996742,47.9819354],[24.1994995,47.9817888],[24.1994168,47.9817095],[24.1993583,47.9816275],[24.1992941,47.9815116],[24.1992582,47.9813985],[24.1991944,47.9811674],[24.19916,47.9810311],[24.1991397,47.9809756],[24.1991033,47.9809192],[24.1990309,47.9808365],[24.1989866,47.9807844],[24.1989262,47.9807323],[24.1986619,47.9805331],[24.1984894,47.9804234],[24.1983817,47.9803483],[24.1983088,47.9802849],[24.198242,47.9802191],[24.1981753,47.9801336],[24.1980875,47.98002],[24.1978459,47.9797292],[24.197596,47.9794556],[24.1972836,47.9791142],[24.1971844,47.978984],[24.1971173,47.9788897],[24.1970573,47.9787912],[24.197008,47.9786856],[24.1969755,47.978545],[24.1969753,47.9784164],[24.1969965,47.9782897],[24.1970328,47.9781985],[24.1970745,47.9781128],[24.197167,47.9779878],[24.1975089,47.9775233],[24.1983963,47.9763442],[24.1985351,47.9761454],[24.1986238,47.9759417],[24.1986723,47.9758153],[24.1986993,47.9756997],[24.1987076,47.9754723],[24.1987162,47.9753309],[24.198734,47.9752603],[24.1987634,47.9751957],[24.1988016,47.9751395],[24.1988618,47.9750953],[24.1989821,47.9750386],[24.1990884,47.974977],[24.1991249,47.9749581],[24.199176,47.9749327],[24.1992153,47.974897],[24.1992732,47.9748436],[24.1993691,47.9746379],[24.1994681,47.9743411],[24.1995407,47.974161],[24.1995633,47.9740699],[24.199571,47.9739987],[24.1995818,47.9739239],[24.1995789,47.9738357],[24.1995712,47.9737417],[24.1995448,47.9735781],[24.1994778,47.973327],[24.1994118,47.9730503],[24.199316,47.9727269],[24.1992495,47.9725835],[24.1992153,47.9724361],[24.1992098,47.9722925],[24.1992106,47.9721811],[24.1992224,47.9720644],[24.1992391,47.9719537],[24.1992729,47.9718324],[24.1993268,47.971598],[24.1994527,47.9711253],[24.1994802,47.971011],[24.1996323,47.9703796],[24.1998077,47.969144],[24.1998754,47.9686078],[24.1999126,47.9680849],[24.1999066,47.9680018],[24.199882,47.9679188],[24.1998318,47.9678112],[24.1997445,47.967665],[24.1996583,47.9675605],[24.1995651,47.9674606],[24.1990507,47.9670568],[24.1985667,47.9667278],[24.1983262,47.9665907],[24.1980578,47.9664629],[24.1977866,47.9663525],[24.1975349,47.9662542],[24.1973611,47.9662038],[24.1971642,47.9661505],[24.1969128,47.9660916],[24.1966324,47.9660422],[24.1964138,47.9660167],[24.1962285,47.9659995],[24.1960508,47.9659819],[24.195735,47.9659607],[24.1955613,47.9659456],[24.1954554,47.9659352],[24.1952646,47.9658971],[24.1951278,47.9658575],[24.1949677,47.9658117],[24.1946125,47.9656871],[24.1923882,47.9649801],[24.1914386,47.9646662],[24.1913848,47.9646484],[24.1910329,47.9645385],[24.1906733,47.9644209],[24.1900841,47.9642102],[24.1894527,47.963953],[24.1893201,47.9639043],[24.188973,47.9637769],[24.1887825,47.9637069],[24.1884718,47.9635849],[24.1882597,47.9635007],[24.1880987,47.9634186],[24.1879323,47.9632994],[24.1877853,47.9631905],[24.1876966,47.963078],[24.1876187,47.9629564],[24.1875523,47.9628363],[24.1874338,47.9626219],[24.1873855,47.9625115],[24.1873539,47.962394],[24.1873506,47.9622981],[24.1873533,47.9621998],[24.1873679,47.9621197],[24.1874112,47.9619965],[24.187465,47.9618609],[24.1875295,47.9617557],[24.1875753,47.9616754],[24.1876234,47.9616044],[24.1877885,47.9614471],[24.1879676,47.9612649],[24.1882932,47.9609269],[24.188838,47.9604175],[24.1891174,47.960162],[24.1892594,47.9600399],[24.1894323,47.9599083],[24.1897801,47.959656],[24.1899539,47.9595198],[24.1900548,47.9594007],[24.190115,47.9593183],[24.1901541,47.9592391],[24.1902883,47.9589629],[24.1904155,47.9586648],[24.1904359,47.9585354],[24.1904329,47.958406],[24.1904114,47.9582664],[24.1903727,47.9581435],[24.1903199,47.9580206],[24.1901453,47.9577067],[24.1897489,47.9568697],[24.1892593,47.9559131],[24.1891294,47.9556978],[24.1890564,47.9555952],[24.1889723,47.9554817],[24.1883835,47.9550006],[24.1877694,47.9545653],[24.1877482,47.9545484],[24.1873414,47.9542235],[24.1872655,47.9541566],[24.1872036,47.9540849],[24.1871344,47.9540043],[24.1870839,47.953919],[24.1870152,47.9537882],[24.186958,47.953648],[24.1869109,47.9534958],[24.1868706,47.9533295],[24.1868332,47.9531063],[24.1868075,47.9528737],[24.1867841,47.952638],[24.1867654,47.9524055],[24.1867468,47.9522083],[24.1867406,47.9520368],[24.1867522,47.9518825],[24.1867725,47.9517356],[24.1868402,47.9514885],[24.1868842,47.9512579],[24.186909,47.9510561],[24.1869092,47.9508543],[24.1868855,47.9504444],[24.1868294,47.9501205],[24.1867922,47.9499681],[24.1867459,47.9498418],[24.1867065,47.9497386],[24.186653,47.9496281],[24.1864981,47.9493864],[24.1860813,47.9487308],[24.1858342,47.948343],[24.1854636,47.9478389],[24.1852515,47.9476266],[24.1851294,47.9475259],[24.1849886,47.9474346],[24.1848283,47.9473339],[24.18446,47.9471445],[24.1841907,47.9470039],[24.184014,47.9469136],[24.1838473,47.946849],[24.1832124,47.9466637],[24.1825051,47.9464543],[24.1823669,47.9463701],[24.18225,47.946267],[24.1820001,47.9459423],[24.1814462,47.945425],[24.181135,47.9452112],[24.1809354,47.9450976],[24.1807995,47.9450361],[24.1806607,47.9449792],[24.1805431,47.9448939],[24.180432,47.9447816],[24.1803385,47.9446384],[24.180106,47.9441578],[24.1794511,47.9428982],[24.179325,47.9426487],[24.1792202,47.9423945],[24.1790852,47.9419225],[24.1787484,47.9408966],[24.1786079,47.9405293],[24.1785204,47.940333],[24.1784133,47.9401509],[24.17835,47.9400339],[24.1782,47.9397593],[24.1779218,47.9392414],[24.1778111,47.9390384],[24.1777267,47.9388606],[24.1775139,47.9384143],[24.1774338,47.938268],[24.1773894,47.938187],[24.1773713,47.9381583],[24.1773492,47.93811],[24.1773286,47.9380718],[24.1772548,47.937935],[24.1771374,47.9377749],[24.1769638,47.9376027],[24.1768753,47.9375223],[24.1768388,47.9374978],[24.1766338,47.9373549],[24.1763038,47.9371418],[24.1760707,47.9369681],[24.1756889,47.9366963],[24.1753087,47.9364282],[24.1752006,47.9363497],[24.1748015,47.9361028],[24.1744836,47.9359537],[24.1738965,47.9356782],[24.1738135,47.935641],[24.1737815,47.9356275],[24.1736101,47.9355495],[24.1729389,47.9352482],[24.1724091,47.9350165],[24.1718821,47.9347783],[24.171583,47.9346474],[24.1708946,47.9343451],[24.1702241,47.9340506],[24.1697096,47.9338169],[24.1696871,47.9338072],[24.1696049,47.9337737],[24.1690662,47.9335133],[24.1686986,47.9333133],[24.1686137,47.9332629],[24.1685396,47.9332138],[24.168467,47.9331606],[24.1682211,47.9329564],[24.1681042,47.9328246],[24.1680162,47.9326856],[24.1679606,47.9325839],[24.1678045,47.9322528],[24.1676877,47.931891],[24.1675494,47.9314917],[24.1674202,47.931072],[24.1672817,47.9306529],[24.1672162,47.9304481],[24.1669541,47.9297422],[24.166758,47.9291761],[24.1667521,47.9291591],[24.1666691,47.9288899],[24.1665359,47.9284438],[24.1663799,47.9279446],[24.1662713,47.9276442],[24.1662008,47.9274197],[24.1661553,47.9272647],[24.1659991,47.9269486],[24.1658216,47.926594],[24.1657994,47.9265605],[24.1657577,47.9264819],[24.165711,47.9263677],[24.1656014,47.9261642],[24.1655151,47.9259582],[24.1654161,47.9257862],[24.1653403,47.9256452],[24.1649168,47.9249536],[24.1646802,47.9245447],[24.164528,47.9243205],[24.1644756,47.9242085],[24.1644358,47.9241279],[24.1644037,47.9240341],[24.164393,47.9239582],[24.1643927,47.923884],[24.1644005,47.9238151],[24.1644138,47.9237499],[24.1644403,47.9236396],[24.1645032,47.9234511],[24.1646621,47.9230058],[24.1647965,47.9227146],[24.1650647,47.9221797],[24.1652035,47.9219291],[24.165285,47.9216916],[24.1652675,47.9215713],[24.1652568,47.9214884],[24.165225,47.9213965],[24.1651701,47.9212546],[24.1650556,47.9210467],[24.1649269,47.9208406],[24.1646376,47.9204262],[24.1645112,47.9202265],[24.1644222,47.9200651],[24.1643711,47.9199563],[24.1643213,47.9198452],[24.1642648,47.9196754],[24.1640106,47.9189632],[24.1637773,47.9185317],[24.1634724,47.9180573],[24.1630961,47.917531],[24.1629404,47.9173739],[24.1627672,47.9172211],[24.1625324,47.9170655],[24.1622684,47.9169122],[24.1617697,47.9166643],[24.161595,47.9165789],[24.1614868,47.9165361],[24.1611823,47.916424],[24.1607706,47.9162866],[24.1600996,47.9160891],[24.1599062,47.9160428],[24.1597128,47.9160361],[24.1595226,47.9160326],[24.1593271,47.9160633],[24.1591568,47.9161056],[24.1589113,47.9161893],[24.158075,47.9165098],[24.157513,47.9167316],[24.1570711,47.9168645],[24.1565775,47.9169904],[24.1563532,47.9170476],[24.1557984,47.9172015],[24.1555987,47.9172347],[24.1554076,47.9172563],[24.155213,47.917259],[24.1548249,47.9172698],[24.1546378,47.9172688],[24.1544607,47.9172962],[24.1542752,47.9173381],[24.1540802,47.9173951],[24.1538507,47.917487],[24.153422,47.9176928],[24.1531495,47.9178292],[24.1528859,47.917945],[24.1524952,47.9180736],[24.1522152,47.9181492],[24.1518967,47.9182177],[24.1516516,47.9182356],[24.1514204,47.9182382],[24.1512225,47.9181987],[24.1510809,47.9181563],[24.1509745,47.9180935],[24.1508859,47.918043],[24.1507723,47.9179528],[24.1505974,47.9178246],[24.1504734,47.9177342],[24.1499222,47.91739],[24.1492779,47.9170131],[24.1488132,47.9166936],[24.1483564,47.9164024],[24.1481679,47.9163216],[24.1479927,47.9162715],[24.1478134,47.9162331],[24.1475186,47.9161938],[24.1471901,47.9161611],[24.1469931,47.9161692],[24.1467542,47.9161828],[24.1464649,47.9162082],[24.1461461,47.916232],[24.1458303,47.9162339],[24.1455414,47.9162192],[24.1452282,47.9161857],[24.1449333,47.9161323],[24.1446667,47.9160647],[24.1444512,47.9159732],[24.1442515,47.9158536],[24.1440661,47.91573],[24.1438707,47.9155917],[24.1437313,47.9155031],[24.1435916,47.9154239],[24.1434324,47.9153812],[24.1432519,47.9153527],[24.1427994,47.9153119],[24.1407385,47.9152338],[24.1401243,47.9152169],[24.1395006,47.915205],[24.1392086,47.9151782],[24.1389199,47.9151266],[24.1386693,47.9150682],[24.1383562,47.9149908],[24.1372359,47.9146684],[24.1369215,47.9145793],[24.1367342,47.9145403],[24.1365304,47.914527],[24.1363358,47.9145451],[24.1361129,47.9145759],[24.1358849,47.9146339],[24.1353375,47.9147823],[24.1348935,47.9149001],[24.1344703,47.9150286],[24.1341774,47.9151109],[24.1338508,47.9152294],[24.133394,47.9154118],[24.1324499,47.9157765],[24.13191,47.9159643],[24.1317004,47.9160309],[24.1311693,47.9161633],[24.1309873,47.9161916],[24.130803,47.916225],[24.1306132,47.9162409],[24.130428,47.9162488],[24.1302077,47.9162464],[24.1299695,47.9162258],[24.1297546,47.9161951],[24.1295371,47.9161519],[24.1290554,47.9160042],[24.1285274,47.9158341],[24.1283216,47.9157878],[24.1281154,47.9157656],[24.1278819,47.9157521],[24.1276155,47.9157654],[24.1272739,47.9158044],[24.1269099,47.9158686],[24.1261036,47.9159994],[24.1255267,47.9160786],[24.1254962,47.9160819],[24.1250451,47.9161306],[24.124494,47.9161708],[24.1241443,47.9161955],[24.1238411,47.9161993],[24.1235057,47.9161798],[24.1225556,47.9160801],[24.1217901,47.9160298],[24.121395,47.9159943],[24.1209313,47.9159099],[24.1200023,47.9156729],[24.1189907,47.9153673],[24.1187295,47.915293],[24.1185037,47.9152566],[24.1183074,47.915252],[24.1181294,47.9152592],[24.1178931,47.9152953],[24.1175072,47.9153779],[24.1172249,47.9154088],[24.1168307,47.915421],[24.1164055,47.915404],[24.116098,47.9153681],[24.1158334,47.9153322],[24.115465,47.9152661],[24.1150599,47.9151878],[24.1144836,47.915076],[24.1141401,47.9150296],[24.1138804,47.9149971],[24.1136413,47.9149874],[24.113388,47.9150036],[24.1131325,47.9150517],[24.1128695,47.9151403],[24.1126433,47.9152286],[24.1124034,47.9153464],[24.1121486,47.9154905],[24.1118634,47.9156895],[24.1116553,47.9158486],[24.1114801,47.91604],[24.1109933,47.916584],[24.1105192,47.9171571],[24.1099177,47.9178923],[24.1092863,47.9186407],[24.108234,47.9197198],[24.1078826,47.9201008],[24.1077857,47.9202273],[24.107686,47.9203591],[24.1075693,47.9205398],[24.1074795,47.9207294],[24.1073199,47.9210215],[24.1071442,47.9213099],[24.1068949,47.9216874],[24.1067836,47.9218202],[24.1066604,47.9219548],[24.1064327,47.9221898],[24.1063176,47.9223234],[24.1062073,47.9224681],[24.1061109,47.9226377],[24.1059612,47.9229969],[24.1058293,47.9233465],[24.1057685,47.9234989],[24.1056871,47.9236104],[24.1056198,47.9237003],[24.1055328,47.9238117],[24.1054755,47.9239128],[24.1053724,47.9240502],[24.1052837,47.9241515],[24.1052066,47.9242431],[24.1050341,47.9243816],[24.1047507,47.9245794],[24.1045714,47.9247044],[24.1044579,47.924819],[24.1043435,47.9249398],[24.1042833,47.9250522],[24.104234,47.925207],[24.1041659,47.9253659],[24.1040503,47.9255265],[24.103896,47.925689],[24.1033857,47.9261391],[24.1031363,47.9263352],[24.1029945,47.926474],[24.1024174,47.9270686],[24.1020992,47.9274055],[24.1020016,47.9275232],[24.1019589,47.9276188],[24.1019162,47.9277417],[24.1018479,47.9278809],[24.1017471,47.9280051],[24.1014624,47.9283386],[24.1012811,47.9285811],[24.1010673,47.9288236],[24.100767,47.9292187],[24.1004993,47.9296684],[24.1000576,47.930529],[24.099949,47.9308134],[24.0998676,47.931098],[24.0997971,47.9315113],[24.0997751,47.9318005],[24.0998235,47.9320862],[24.0998817,47.9323394],[24.100031,47.9326816],[24.1002981,47.9331084],[24.1004052,47.9333692],[24.1004494,47.9336346],[24.1004582,47.9339241],[24.1004052,47.9342704],[24.1002869,47.934775],[24.1002236,47.9349557],[24.1000348,47.9352804],[24.0994874,47.9361298],[24.0992215,47.9364845],[24.099004,47.9367341],[24.0988469,47.9368876],[24.0986736,47.9370138],[24.0983876,47.9371977],[24.0979917,47.9373835],[24.0976094,47.9375431],[24.0971589,47.937674],[24.09646,47.9378428],[24.0959914,47.9379588],[24.0955423,47.938028],[24.0951376,47.9380519],[24.0948005,47.9380615],[24.0943661,47.9380796],[24.0941005,47.9381195],[24.0938605,47.9381855],[24.0936071,47.9382923],[24.0930007,47.938585],[24.0925468,47.9387934],[24.0921573,47.9389804],[24.0909783,47.9396284],[24.0905095,47.9399482],[24.0902431,47.9401787],[24.0901135,47.9403121],[24.0899879,47.9404187],[24.0899034,47.9405068],[24.0897956,47.9405788],[24.0896742,47.9406454],[24.0895222,47.9407],[24.0891985,47.9408086],[24.0888249,47.9409399],[24.0884942,47.9410442],[24.0881105,47.9412065],[24.0878395,47.941329],[24.0875095,47.9414946],[24.0863323,47.942125],[24.0861216,47.9422439],[24.0858466,47.9423915],[24.0853341,47.9426456],[24.084993,47.9428103],[24.0847632,47.9429329],[24.0845897,47.9430487],[24.0841925,47.9433263],[24.0838761,47.9435329],[24.0837064,47.943625],[24.0835754,47.943691],[24.0834378,47.9437472],[24.0832523,47.9438232],[24.083076,47.9438957],[24.0827379,47.9440562],[24.0823264,47.944275],[24.0821224,47.9444062],[24.0819957,47.9444929],[24.0818869,47.9445804],[24.0818036,47.9446544],[24.0817075,47.9447432],[24.0816105,47.9448551],[24.0812519,47.9452876],[24.0811538,47.945382],[24.0810475,47.9454765],[24.08075,47.9456787],[24.0804702,47.945855],[24.0803692,47.9459068],[24.0802572,47.945946],[24.0801203,47.945987],[24.0799611,47.9460177],[24.0797113,47.9460682],[24.0791297,47.9461781],[24.0785119,47.9462846],[24.0775456,47.9464824],[24.0771671,47.946558],[24.0769713,47.9466126],[24.0768326,47.9466472],[24.0767878,47.9466583],[24.0765733,47.946727],[24.0763,47.9468154],[24.0760307,47.9469178],[24.075743,47.9470307],[24.0754608,47.947155],[24.0751883,47.9472757],[24.0746511,47.9475137],[24.0738886,47.9478615],[24.0736789,47.9479572],[24.0732299,47.9481715],[24.0727032,47.9484167],[24.0721463,47.9486755],[24.0717898,47.9488578],[24.0714433,47.9490552],[24.0709319,47.9493646],[24.0707077,47.9494653],[24.0704649,47.9495588],[24.0699818,47.9497137],[24.069635,47.9498437],[24.0694276,47.9499338],[24.0693385,47.9499882],[24.0692625,47.9500413],[24.0691847,47.9501137],[24.069023,47.950275],[24.0681462,47.9512274],[24.0677046,47.951651],[24.0675719,47.9517606],[24.0669789,47.9521659],[24.0664066,47.9524904],[24.0662242,47.9525846],[24.0660392,47.952659],[24.0658872,47.9527083],[24.065754,47.9527578],[24.0656163,47.9528116],[24.0654791,47.9528564],[24.0654541,47.9528664],[24.065399,47.9528886],[24.065043,47.953027],[24.0645294,47.9533034],[24.0643598,47.9533723],[24.0639978,47.953495],[24.0635388,47.9535554],[24.0632482,47.9535907],[24.0630671,47.9536385],[24.0628272,47.9537078],[24.0621643,47.95392],[24.0619616,47.9539599],[24.0617588,47.9539832],[24.0614281,47.9539923],[24.0611475,47.9539937],[24.0608985,47.954006],[24.0605456,47.9540396],[24.0599775,47.9540861],[24.0591787,47.954113],[24.0586376,47.9541412],[24.0583284,47.9541561],[24.0581489,47.9541692],[24.0575883,47.9541784],[24.0575132,47.9541797],[24.057358,47.9541753],[24.0570998,47.9541252],[24.0568358,47.9540594],[24.056662,47.9540128],[24.056497,47.9539686],[24.0561703,47.9538867],[24.0559844,47.9538514],[24.0556055,47.9538177],[24.055054,47.9537972],[24.0547713,47.9537867],[24.0532488,47.9537476],[24.0531827,47.9537459],[24.0527043,47.9537336],[24.0516148,47.953679],[24.0513567,47.9536645],[24.0510031,47.9536472],[24.0506114,47.9536104],[24.0500205,47.9535364],[24.0497529,47.9534951],[24.0495027,47.9534475],[24.0492883,47.9534086],[24.0490659,47.9533765],[24.0488252,47.9533342],[24.0486542,47.9533066],[24.048455,47.9532777],[24.0482589,47.9532544],[24.0479515,47.9532169],[24.0478814,47.9532083],[24.0476582,47.9531888],[24.0472192,47.9531504],[24.0467281,47.9531075],[24.0442532,47.9528893],[24.0427562,47.9527709],[24.041258,47.952622],[24.0411964,47.9526146],[24.0408035,47.9525815],[24.0403174,47.9525503],[24.0397104,47.9525316],[24.0390948,47.9525224],[24.038232,47.9525593],[24.0376798,47.9525845],[24.0370935,47.9526366],[24.0362574,47.9527489],[24.0352804,47.952902],[24.0345037,47.9530405],[24.0342972,47.9530738],[24.0342309,47.9530845],[24.0339323,47.9531549],[24.033642,47.9532497],[24.0326103,47.9536079],[24.0311227,47.9541575],[24.0308682,47.954271],[24.0306381,47.9543845],[24.0302445,47.9545735],[24.0299964,47.9547141],[24.029798,47.9548346],[24.0296572,47.9549405],[24.0295234,47.9550443],[24.0293829,47.9551716],[24.0291419,47.9554003],[24.0282937,47.9563336],[24.0277517,47.9569099],[24.0271533,47.9574615],[24.0267182,47.9578233],[24.026569,47.9579474],[24.025926,47.9584511],[24.0249538,47.9591337],[24.0240157,47.9597626],[24.0227926,47.9605471],[24.0225134,47.9606823],[24.0221445,47.960861],[24.0217605,47.9610023],[24.0214594,47.9610642],[24.0210622,47.9610939],[24.0208228,47.9611329],[24.0206169,47.9611936],[24.0203361,47.9613448],[24.0195503,47.9619063],[24.0185461,47.9626404],[24.0178378,47.9631118],[24.0177352,47.9631772],[24.0170069,47.9636377],[24.0151116,47.9648174],[24.0107135,47.9677454],[24.0104033,47.9679513],[24.0100958,47.9681317],[24.0096706,47.9683221],[24.0092975,47.9684414],[24.0090945,47.968494],[24.0076808,47.9688175],[24.0072363,47.9689192],[24.0066619,47.9690529],[24.0065022,47.96909],[24.0063077,47.969133],[24.0059856,47.9692042],[24.0051808,47.9693821],[24.0031823,47.9698483],[24.0030071,47.9698874],[24.0005617,47.9704475],[23.9990198,47.9708109],[23.9986213,47.970928],[23.997496,47.9713655],[23.9965281,47.9717365],[23.9963513,47.9718098],[23.9951268,47.972278],[23.9947994,47.9724112],[23.9935002,47.9730709],[23.9932748,47.9732413],[23.9927458,47.9735765],[23.9923555,47.9737814],[23.9919902,47.9738979],[23.9915957,47.9739844],[23.9911492,47.9740464],[23.9899357,47.9741029],[23.9892113,47.97411],[23.9889866,47.9740829],[23.9873428,47.9737318],[23.9850915,47.9732737],[23.9775438,47.971688],[23.9768311,47.9715025],[23.9762238,47.9713006],[23.974718,47.9706168],[23.9744008,47.9704557],[23.9742628,47.9703902],[23.9736554,47.9701021],[23.971811,47.9692118],[23.9712735,47.9689523],[23.9707291,47.9687425],[23.9702685,47.9685962],[23.9696573,47.968437],[23.9686836,47.9682848],[23.9669014,47.9680739],[23.961817,47.9673644],[23.9614044,47.967263],[23.961007,47.9671299],[23.9606076,47.9669681],[23.9598624,47.9665737],[23.9595518,47.9664082],[23.9591596,47.9662685],[23.9561223,47.9654332],[23.9529882,47.964543],[23.9515864,47.9641428],[23.9511046,47.9640065],[23.9506415,47.9638347],[23.9493166,47.9631797],[23.9486808,47.9627938],[23.9483122,47.9625279],[23.9480664,47.9622692],[23.947889,47.9620647],[23.9477365,47.9618345],[23.9476521,47.9615846],[23.9475138,47.9611862],[23.9474372,47.9607625],[23.947411,47.9603002],[23.9475621,47.9598031],[23.9477177,47.9593136],[23.9479546,47.9585878],[23.9480288,47.9582449],[23.9479681,47.9579523],[23.9479028,47.9578256],[23.9478242,47.9576581],[23.9474101,47.9572221],[23.9470835,47.9569034],[23.946714,47.9566114],[23.9464623,47.9564363],[23.9461317,47.9562938],[23.945765,47.956173],[23.9453836,47.9560757],[23.9444033,47.9558857],[23.9439382,47.9557699],[23.9435996,47.9556677],[23.9432615,47.9555509],[23.9429768,47.9554114],[23.9425527,47.9551814],[23.9422,47.9549739],[23.9414118,47.9545142],[23.9413711,47.9544942],[23.941004,47.9543141],[23.9405552,47.9541496],[23.9404826,47.9541229],[23.9396342,47.9538119],[23.9395812,47.9537925],[23.9391539,47.9536359],[23.9387266,47.9534792],[23.9386399,47.9534474],[23.9379642,47.9531792],[23.9377925,47.9531164],[23.9357975,47.9523948],[23.9347644,47.9520088],[23.934489,47.9519393],[23.9344031,47.9519296],[23.9341408,47.9519001],[23.9320059,47.9518146],[23.9316255,47.9517676],[23.9312553,47.9516919],[23.9305941,47.9514859],[23.9288397,47.9508627],[23.9285224,47.9507818],[23.9279451,47.9507137],[23.9276749,47.9506718],[23.9275109,47.9506447],[23.9269941,47.9505279],[23.9267371,47.9504265],[23.9265674,47.9503391],[23.9264597,47.9502398],[23.9264146,47.9501809],[23.9263498,47.9500963],[23.9263335,47.9500777],[23.9262745,47.9499735],[23.9262011,47.9498698],[23.9261131,47.9497807],[23.9260271,47.9497195],[23.9258916,47.949645],[23.9255364,47.9494445],[23.9248942,47.949136],[23.9248195,47.9491103],[23.9247447,47.9490846],[23.9246241,47.9490431],[23.924505,47.94903],[23.9244124,47.9490357],[23.9243737,47.9490381],[23.9242719,47.9490627],[23.9241513,47.9491051],[23.9237933,47.949288],[23.9235626,47.9494362],[23.9232202,47.9496975],[23.9231433,47.9497449],[23.9229059,47.9498813],[23.922674,47.9499861],[23.9220417,47.9502158],[23.921738,47.9503479],[23.9209241,47.9507613],[23.9205149,47.9509166],[23.9201045,47.9510493],[23.9199857,47.9510979],[23.9198832,47.9511399],[23.9196935,47.9512465],[23.9193438,47.9515033],[23.9191659,47.9515911],[23.9189858,47.9516416],[23.9188126,47.9516626],[23.918457,47.9516705],[23.9183625,47.951669],[23.9183317,47.9516683],[23.9174643,47.9516486],[23.9171696,47.9516129],[23.9169437,47.9515734],[23.9166572,47.9515155],[23.9164702,47.9514815],[23.9162549,47.9514622],[23.9159582,47.9514439],[23.9155365,47.9514403],[23.9153148,47.9514384],[23.9146987,47.9513864],[23.9138677,47.951282],[23.9124793,47.9510259],[23.9108869,47.950693],[23.9106399,47.950635],[23.9095465,47.9503286],[23.9090636,47.9502175],[23.9051982,47.949651],[23.9041283,47.9495449],[23.9017708,47.949524],[23.9006843,47.9495144],[23.8999341,47.9495077],[23.8996581,47.9495052],[23.8986227,47.9494982],[23.8976978,47.949492],[23.8973728,47.9494898],[23.896705,47.9494788],[23.8963487,47.9494898],[23.8960105,47.9495003],[23.8957122,47.9495262],[23.8954927,47.9495577],[23.8953308,47.949581],[23.8950594,47.9496429],[23.8947523,47.9497467],[23.8945059,47.9498453],[23.8942364,47.9499741],[23.8934226,47.9504284],[23.8927882,47.9507825],[23.8910619,47.9517644],[23.8905343,47.9520837],[23.8891422,47.9528822],[23.8889576,47.9529881],[23.8863345,47.9544965],[23.8858027,47.9548001],[23.885223,47.9551158],[23.885163,47.9551615],[23.8846064,47.9554721],[23.8842094,47.9556936],[23.8839727,47.9558328],[23.882938,47.9564019],[23.8821972,47.9568324],[23.8819059,47.9570016],[23.881247,47.9573845],[23.8808131,47.9576366],[23.8794441,47.9584165],[23.878861,47.958741],[23.8784013,47.9590001],[23.8779409,47.9592458],[23.8752823,47.9606302],[23.8748002,47.9608512],[23.8742028,47.9610883],[23.873196,47.9614037],[23.8722912,47.9616498],[23.8692456,47.9624935],[23.8683846,47.9627923],[23.8661387,47.9636148],[23.8648689,47.9640695],[23.8628093,47.9648205],[23.8616972,47.9652199],[23.8606813,47.9655492],[23.8592936,47.9659825],[23.8589969,47.9661126],[23.8588315,47.9662115],[23.8587268,47.9663072],[23.8585715,47.9664667],[23.8577549,47.9673523],[23.857636,47.9674466],[23.8574677,47.9675458],[23.8573215,47.9676121],[23.8571114,47.9676732],[23.8568168,47.9677348],[23.855913,47.9678582],[23.8532331,47.96819],[23.8491041,47.9687381],[23.8458351,47.9692108],[23.8450632,47.9693465],[23.8447519,47.9694012],[23.843475,47.9697135],[23.8429712,47.9698271],[23.8422146,47.9699976],[23.8406618,47.9703414],[23.8404077,47.9704116],[23.8399133,47.9705435],[23.8390882,47.9707392],[23.8387522,47.9708492],[23.8385316,47.9709631],[23.8383438,47.9710914],[23.8381122,47.9712884],[23.8379399,47.9714957],[23.8377441,47.9717702],[23.8375322,47.9720306],[23.8373852,47.9722404],[23.8373182,47.972336],[23.8370326,47.9727154],[23.8354117,47.9748798],[23.8339618,47.9768158],[23.8316109,47.9799627],[23.8314008,47.9802716],[23.8311194,47.9806854],[23.8307726,47.981177],[23.8304598,47.9816674],[23.8301322,47.9821408],[23.8296605,47.9826489],[23.8293319,47.9829391],[23.8287598,47.983304],[23.8278864,47.9838283],[23.8272604,47.9842342],[23.8209164,47.9880711],[23.820064,47.9885329],[23.8182772,47.9892337],[23.8173054,47.9895505],[23.8153181,47.9900269],[23.8146397,47.9901971],[23.8132007,47.990558],[23.8122007,47.9908536],[23.8104281,47.9914428],[23.8096576,47.9917084],[23.8088102,47.9920005],[23.805549,47.9931182],[23.8015011,47.9944373],[23.7984594,47.9953787],[23.7980862,47.9954942],[23.7977913,47.9955853],[23.7933196,47.9969687],[23.7928343,47.9971232],[23.7901622,47.9979737],[23.7863714,47.9991592],[23.7860074,47.9992583],[23.7854973,47.9993713],[23.7851269,47.9994318],[23.7850227,47.999447],[23.7844623,47.9995075],[23.7835945,47.9995859],[23.7808794,47.999745],[23.7802709,47.9998059],[23.7798274,47.9999213],[23.7791758,48.0002356],[23.7783373,48.0006602],[23.778199,48.0007367],[23.7773184,48.0010809],[23.7746815,48.0019854],[23.770337,48.0034874],[23.7687846,48.004018],[23.7677767,48.0042335],[23.7674611,48.0042934],[23.7662792,48.004393],[23.7659518,48.0043925],[23.765673,48.0043962],[23.7647999,48.0043734],[23.763939,48.0042753],[23.7625442,48.003978],[23.7613866,48.003558],[23.7586948,48.0024028],[23.7562499,48.0013554],[23.7531258,48.0001713],[23.752825,48.0000917],[23.7525696,48.0000328],[23.7522884,48.0000017],[23.7519506,47.999984],[23.7516041,48.0000089],[23.7509443,48.0001599],[23.7503246,48.0003266],[23.7488644,48.0007347],[23.7481115,48.0009511],[23.747519,48.0010527],[23.7468841,48.0009934],[23.7450389,48.0005709],[23.7445219,48.0004511],[23.7443766,48.0004175],[23.7427963,48.0000515],[23.7417129,47.9997851],[23.7406617,47.9995426],[23.7395459,47.9992852],[23.7391033,47.9991845],[23.7383031,47.9989983],[23.7373719,47.9987907],[23.7350084,47.9982488],[23.7342459,47.9981806],[23.729961,47.9980783],[23.7260501,47.9979573],[23.7250795,47.9979264],[23.7246239,47.9979125],[23.7240677,47.997899],[23.723527,47.9978858],[23.7230501,47.9978747],[23.7223406,47.9979273],[23.7215751,47.9980611],[23.7193459,47.9986865],[23.7180444,47.9990743],[23.7172338,47.9992685],[23.7167828,47.999324],[23.7161947,47.9993492],[23.7156679,47.999347],[23.7140504,47.9993597],[23.7129259,47.9993604],[23.712189,47.999372],[23.7115496,47.9993312],[23.7111616,47.9992567],[23.7103476,47.9990476],[23.7086875,47.9985429],[23.7053499,47.9975292],[23.7050064,47.9974557],[23.7047169,47.9974282],[23.7045318,47.9974193],[23.7043548,47.9974157],[23.7041643,47.9974318],[23.7038937,47.9974589],[23.7033901,47.9975275],[23.7021888,47.9976646],[23.701474,47.9977525],[23.7011118,47.9977791],[23.7007965,47.9977591],[23.6997304,47.9975167],[23.6994043,47.9974408],[23.6977286,47.9970682],[23.6962962,47.9967107],[23.695837,47.996615],[23.695489,47.9965979],[23.6952119,47.9966199],[23.6926673,47.9970122],[23.6878076,47.9977179],[23.6876584,47.9977294],[23.6875057,47.9977163],[23.6873384,47.9976683],[23.6871141,47.9975449],[23.6870145,47.9974897],[23.6868391,47.9973917],[23.6865849,47.9972625],[23.6863875,47.9972219],[23.6861484,47.9972334],[23.6858807,47.9972835],[23.6836595,47.9980141],[23.6823481,47.9984471],[23.681013,47.9988599],[23.6794464,47.9993451],[23.6783753,47.9996759],[23.6774846,47.9996577],[23.6739142,48.0007245],[23.6733593,48.0011796],[23.6720323,48.0015727],[23.6706768,48.0019754],[23.6699254,48.002159],[23.6682135,48.0023916],[23.6635207,48.0030291],[23.6621759,48.0032196],[23.6576734,48.0038274],[23.6575231,48.0038528],[23.6573548,48.0038773],[23.6571099,48.0039128],[23.6546953,48.0042621],[23.6538804,48.0043718],[23.6494633,48.0049728],[23.6462585,48.0054089],[23.6443519,48.0056548],[23.6427704,48.0058761],[23.6403922,48.0061859],[23.6366472,48.0066866],[23.6289804,48.0077025],[23.6261989,48.0080558],[23.6197647,48.0085792],[23.617266,48.0088389],[23.6147494,48.0092935],[23.6138114,48.0094397],[23.6129555,48.0095356],[23.6087783,48.0099304],[23.6076803,48.0100243],[23.6072105,48.0100534],[23.6068565,48.0100605],[23.6064971,48.0100419],[23.6061886,48.0100157],[23.6058721,48.0099816],[23.6054346,48.009906],[23.6038041,48.0096119],[23.6034903,48.0095671],[23.6032596,48.0095402],[23.6029707,48.0095116],[23.6025462,48.0094935],[23.6022028,48.0094899],[23.601772,48.0094953],[23.5989785,48.0096228],[23.598592,48.0096399],[23.597469,48.0096933],[23.5952898,48.0097931],[23.5933486,48.009882],[23.5927502,48.0099094],[23.5921656,48.0099328],[23.591884,48.0099441],[23.590772,48.0100062],[23.5905327,48.0100177],[23.5901181,48.0100333],[23.5900445,48.0100361],[23.5895478,48.0100548],[23.5887119,48.0100936],[23.5882825,48.0101136],[23.5873781,48.0101544],[23.5865046,48.0101938],[23.5858278,48.0102249],[23.5843534,48.0102985],[23.58412,48.0103034],[23.5840422,48.0103051],[23.5838183,48.0103218],[23.5826402,48.0104824],[23.5817912,48.0106007],[23.5813677,48.0106535],[23.5811179,48.0106814],[23.5807747,48.0107065],[23.5804038,48.010722],[23.5800236,48.0107245],[23.5795918,48.0107209],[23.5795301,48.0107203],[23.5790275,48.0107216]]}},
{"type":"Feature","properties":{"ref":"Н-09","layer":"Green_roads","id_object":"FL0113"},"geometry":{"type":"LineString","coordinates":[[24.2067928,48.0568438],[24.2061516,48.0558359],[24.2059794,48.05558],[24.2058494,48.0554245],[24.2057995,48.055384],[24.2057232,48.0553404],[24.2055276,48.055291],[24.2053625,48.0552607],[24.2049949,48.0551934],[24.2048632,48.0551688],[24.2048282,48.0551623],[24.2046218,48.0551238],[24.2043184,48.0550672],[24.2041722,48.0550431],[24.2040844,48.0550249],[24.204004,48.054998],[24.2037142,48.0548079],[24.2036676,48.0547789],[24.202962,48.0542935],[24.2021892,48.0537651],[24.2020856,48.0536927],[24.201264,48.0531178],[24.2005355,48.052608],[24.2004122,48.0525151],[24.2003422,48.0524533],[24.2002663,48.0524045],[24.2001943,48.0523582],[24.200077,48.0522872],[24.199764,48.0520641],[24.1990768,48.0515665],[24.1981119,48.0508354],[24.1979922,48.0507607],[24.1971775,48.0501946],[24.1968829,48.0499638],[24.1967282,48.0498516],[24.1966108,48.0497653],[24.1964902,48.0496986],[24.1963847,48.0496531],[24.196262,48.0496261],[24.1960862,48.0496249],[24.1959321,48.0495995],[24.1957511,48.0495758],[24.1955886,48.0495531],[24.1954297,48.0495248],[24.1953064,48.0494974],[24.1951304,48.0494446],[24.1949867,48.0494022],[24.1947683,48.049322]]}},
{"type":"Feature","properties":{"ref":"Н-09","layer":"Green_roads","id_object":"FL0113"},"geometry":{"type":"LineString","coordinates":[[24.2067928,48.0568438],[24.206739,48.0568666],[24.2060885,48.0571428],[24.20579,48.0572914],[24.205449,48.0571278],[24.2045979,48.0566399],[24.2037559,48.0561915],[24.2025894,48.0555449],[24.2023906,48.055407],[24.2023264,48.055359],[24.2012297,48.0545388],[24.2010137,48.0543816],[24.1997903,48.0534742],[24.1997333,48.0534393],[24.1997144,48.0534283],[24.1996076,48.0533648],[24.1969213,48.0514568],[24.1963943,48.0510705],[24.1959668,48.0507816],[24.1952248,48.050274],[24.1948978,48.0500533],[24.1947696,48.0499452],[24.1947073,48.0498718],[24.1946893,48.0497546],[24.1947011,48.0495905],[24.1947683,48.049322]]}},
{"type":"Feature","properties":{"ref":"Н-09","layer":"Green_roads","id_object":"FL0113"},"geometry":{"type":"LineString","coordinates":[[24.2067928,48.0568438],[24.2076425,48.058197],[24.207853,48.0584852],[24.2080796,48.0587715],[24.2083939,48.0591301],[24.2086757,48.0594698],[24.2092482,48.0601058],[24.2096917,48.0606309],[24.2101435,48.0611393],[24.2101944,48.0611994],[24.2102445,48.0612585],[24.2105176,48.0615714],[24.21068,48.0617571],[24.2107714,48.0618486],[24.2108932,48.0619564],[24.2110154,48.0620505],[24.2111721,48.0621581],[24.2116067,48.0624129],[24.2123081,48.0627383],[24.2128548,48.0629765],[24.2132634,48.0631758],[24.2137266,48.0634489],[24.2141893,48.0637463],[24.2144632,48.0639277],[24.2146274,48.0640187],[24.2147976,48.0641083],[24.2151253,48.0642528],[24.2166396,48.064895],[24.2168362,48.0649784],[24.217025,48.0650387],[24.2172643,48.0650943],[24.2174924,48.0651469],[24.2178802,48.0652256],[24.2183629,48.0653276],[24.2192805,48.0655142],[24.2195623,48.0655739],[24.2202508,48.0657391],[24.2205912,48.0658036],[24.2208828,48.0658681],[24.2212049,48.06595],[24.2212704,48.0659684],[24.2213371,48.0659966],[24.2217099,48.0661375],[24.2219385,48.0662344],[24.2221655,48.0663342],[24.2226973,48.0666086],[24.2229862,48.0667631],[24.2232508,48.0669057],[24.2235347,48.0670259],[24.223785,48.0671111],[24.2241246,48.0672035],[24.2245274,48.0672747],[24.2248021,48.0673237],[24.2254979,48.0674146],[24.2256229,48.0674277],[24.2260082,48.0674686],[24.2262898,48.0675027],[24.2266143,48.0675583],[24.2269932,48.067683],[24.2272461,48.067793],[24.227483,48.0679102],[24.2283299,48.0683953],[24.2295894,48.0691168],[24.2301406,48.0694325],[24.2307596,48.069811],[24.231354,48.0702446],[24.2317275,48.0704745],[24.2320931,48.0706901],[24.2323074,48.070808],[24.2332639,48.071309],[24.2334705,48.0714243],[24.2338107,48.0715627],[24.2341836,48.0716935],[24.2345565,48.07181],[24.2354522,48.0720574],[24.235843,48.0721729],[24.2386763,48.0730107],[24.2388394,48.0730566],[24.2400239,48.0734015],[24.2402488,48.0734778],[24.240447,48.0735756],[24.240641,48.0736948],[24.2408379,48.0738853],[24.2411196,48.0742698],[24.2412779,48.0744859],[24.2416375,48.074877],[24.2418928,48.0752725],[24.2419266,48.0753751],[24.2419542,48.0754819],[24.2419553,48.0755438],[24.2419503,48.0756798],[24.2418725,48.0762564],[24.2418513,48.076523],[24.2418234,48.0766846],[24.2417956,48.0768171],[24.2417622,48.0769515],[24.2417042,48.0770448],[24.2416575,48.0771043],[24.2415861,48.0771557],[24.2414176,48.0772545],[24.241341,48.0772829],[24.2411528,48.0773403],[24.2409436,48.0773942],[24.2405155,48.0775117],[24.2400642,48.0776321],[24.239745,48.0777397],[24.239515,48.0778433],[24.2393573,48.077951],[24.2391506,48.0781914],[24.2390921,48.0782664],[24.2390249,48.0784783],[24.2388972,48.0789145],[24.2387533,48.079356],[24.2386547,48.0795991],[24.2385671,48.0797339],[24.2385238,48.0798492],[24.2383924,48.0800327],[24.2382553,48.0801978],[24.2381269,48.0803393],[24.2379534,48.0804972],[24.2378167,48.0806344],[24.2376932,48.0807727],[24.2376454,48.0808829],[24.2376133,48.081019],[24.2374874,48.0814344],[24.2374362,48.0816495],[24.2374263,48.0818487],[24.2374359,48.081985],[24.2374718,48.0821176],[24.2375491,48.0822816],[24.2376534,48.0824705],[24.2378453,48.0827565],[24.2379941,48.0830361],[24.2380972,48.0832275],[24.2381695,48.0834252],[24.2382351,48.0836394],[24.2382712,48.083875],[24.2382862,48.0840421],[24.2382721,48.0842453],[24.238226,48.0844647],[24.2381369,48.0847099],[24.2380287,48.0849508],[24.2378013,48.0854323],[24.2373545,48.0863597],[24.2373051,48.0865506],[24.2372678,48.0867486],[24.2373014,48.086887],[24.2373158,48.0870487],[24.2374123,48.0871758],[24.2374713,48.0873101],[24.2376112,48.0874549],[24.2377333,48.0876352],[24.2378793,48.0877311],[24.2379974,48.0878554],[24.2381861,48.0879719],[24.2383928,48.088114],[24.2386579,48.0882267],[24.2390028,48.0883786],[24.2393907,48.0884864],[24.2397442,48.088563],[24.2400628,48.0886437],[24.2409179,48.0888016],[24.2413853,48.088895],[24.2426471,48.0891341],[24.2429887,48.0891991],[24.2432102,48.0892729],[24.243399,48.0893442],[24.2434928,48.0894341],[24.2436088,48.0895367],[24.2437,48.0896941],[24.2442534,48.091123],[24.2444713,48.0917619],[24.2452001,48.0938049],[24.2453188,48.0941527],[24.2455127,48.0944822],[24.2456032,48.0946853],[24.2457007,48.0948467],[24.2458227,48.0949955],[24.2462113,48.095684],[24.2467588,48.0962381],[24.2470838,48.0966174],[24.2474327,48.0968973],[24.2476671,48.0970922],[24.2479206,48.0972497],[24.2481832,48.0973763],[24.2484301,48.0974655],[24.2487231,48.0975627],[24.2490552,48.0976617],[24.249808,48.0978128],[24.2502434,48.0978952],[24.2507723,48.0979713],[24.2511586,48.0980242],[24.2514865,48.0981277],[24.2522461,48.0983691],[24.2526868,48.0985757],[24.2531352,48.0987712],[24.2535251,48.0989669],[24.2541067,48.0992651],[24.2542722,48.0993827],[24.2543704,48.0995113],[24.2544447,48.0996704],[24.2547516,48.1015973],[24.2547587,48.1017007],[24.2547479,48.1017443],[24.2547681,48.1018638],[24.2547596,48.1019934],[24.2545895,48.1028671],[24.2545403,48.1032484],[24.2545144,48.1035045],[24.2545188,48.1037307],[24.2545306,48.103914],[24.2545742,48.1041149],[24.2546548,48.104434],[24.2548062,48.1047435],[24.2548903,48.1050115],[24.2549532,48.1052074],[24.2549653,48.1053849],[24.2549361,48.1056816],[24.2548951,48.105945],[24.2548279,48.1061862],[24.2546466,48.1064207],[24.254331,48.1071697],[24.254055,48.1076645],[24.2539638,48.1078161],[24.2539012,48.1079541],[24.2538373,48.1081614],[24.253773,48.1083721],[24.2537357,48.1086516],[24.2536829,48.1091742],[24.2536855,48.1093518],[24.2536816,48.1095835],[24.2537086,48.1098333],[24.2537402,48.1100386],[24.2538077,48.1102801],[24.2539414,48.1105918],[24.2541257,48.1108723],[24.2543271,48.111092],[24.2545788,48.1112574],[24.254863,48.1114238],[24.2551835,48.1115627],[24.2554667,48.1116613],[24.2567462,48.1120086],[24.2581045,48.1123374],[24.2586265,48.1124621],[24.2591634,48.1126148],[24.2596564,48.1127953],[24.2601497,48.1129765],[24.2605286,48.113139],[24.2609874,48.1133639],[24.2619097,48.1139035],[24.2623915,48.1142437],[24.263368,48.1148985],[24.2643704,48.1155401],[24.2644791,48.1155972],[24.2647775,48.1158063],[24.2649204,48.1159288],[24.2650434,48.1160523],[24.2651478,48.116223],[24.2651995,48.1163027],[24.265249,48.116411],[24.2652823,48.1165155],[24.2654873,48.1179143],[24.2655622,48.1183171],[24.2655981,48.118531],[24.2656045,48.1187477],[24.2656026,48.119318],[24.2656195,48.1195874],[24.2656791,48.1198233],[24.2658181,48.1202287],[24.266008,48.1206682],[24.2661252,48.1209342],[24.2661705,48.1210808],[24.2661846,48.121225],[24.2661829,48.1213449],[24.2661696,48.1214623],[24.2661308,48.1216191],[24.2660724,48.1217735],[24.2655783,48.1228485],[24.2655098,48.1231073],[24.265466,48.1233888],[24.2654064,48.1237451],[24.2653521,48.1240361],[24.2652866,48.124286],[24.265194,48.1246635],[24.2648867,48.1258103],[24.2646469,48.1267127],[24.2645674,48.1270691],[24.264549,48.1273306],[24.2645454,48.1275887],[24.2645642,48.1277828],[24.2645811,48.1279842],[24.2646288,48.1283095],[24.2646583,48.1286308],[24.2647329,48.1292535],[24.2648006,48.129591],[24.2648463,48.1297964],[24.2649603,48.1301849],[24.2651147,48.1305505],[24.2652455,48.1307765],[24.2654083,48.130984],[24.2655458,48.1310877],[24.2656902,48.1311838],[24.2658766,48.1312937],[24.2660078,48.1313556],[24.2661367,48.1314027],[24.2663157,48.1314559],[24.2664862,48.1315027],[24.266791,48.1315545],[24.2669787,48.1315819],[24.2672223,48.1315972],[24.2674827,48.1315959],[24.2676789,48.1315916],[24.2678857,48.1315592],[24.2682623,48.1314689],[24.2688946,48.1312829],[24.2695923,48.131083],[24.2700633,48.1309446],[24.2702161,48.1309023],[24.27036,48.1308828],[24.2704775,48.1308803],[24.2706965,48.1308892],[24.27088,48.1309235],[24.2710339,48.130954],[24.2711925,48.1310029],[24.2715078,48.1311292],[24.2719511,48.1313599],[24.2723477,48.1316054],[24.2729104,48.1319156],[24.2735149,48.1322184],[24.2736828,48.1323071],[24.2738195,48.1324062],[24.2740229,48.1326295],[24.2744421,48.1331065],[24.2746223,48.1333198],[24.2747571,48.1335264],[24.2750007,48.1339889],[24.2751431,48.1342887],[24.2752303,48.1346097],[24.2752864,48.1348072],[24.2753121,48.1350188],[24.2753611,48.1352357],[24.2753816,48.1354541],[24.2753984,48.1358953],[24.2754602,48.1364429],[24.2755117,48.1370205],[24.2755863,48.1381069],[24.275619,48.1382205],[24.275652,48.1383321],[24.2757664,48.1385093],[24.2758807,48.1386792],[24.2761704,48.1390477],[24.2764348,48.1394199],[24.2767533,48.1398314],[24.2767996,48.1399139],[24.2768776,48.1400246],[24.2769331,48.1401374],[24.2770026,48.140288],[24.2770398,48.1404407],[24.2771094,48.1406694],[24.2771373,48.1409048],[24.2772038,48.1411506],[24.2772476,48.1414055],[24.2773175,48.1415838],[24.2773835,48.1417618],[24.2774906,48.1419248],[24.2775863,48.1420924],[24.2776903,48.1422175],[24.2777831,48.1423414],[24.2779714,48.1425938],[24.278084,48.1427509],[24.2781423,48.1428547],[24.2781462,48.1429115],[24.2781346,48.1429681],[24.2781294,48.1430767],[24.2780721,48.1431925],[24.2780476,48.1433051],[24.2780204,48.1434249],[24.2780757,48.143533],[24.2781279,48.143646],[24.2782441,48.1437947],[24.2782959,48.1438798],[24.2784579,48.144063],[24.2787008,48.1443024],[24.2789327,48.1445012],[24.2794024,48.144958],[24.2797934,48.1452844],[24.2801271,48.1455425],[24.2812534,48.1464816],[24.2812752,48.1464995],[24.2822711,48.1473341],[24.2823596,48.147397],[24.2823832,48.1474854],[24.2824122,48.1475916],[24.2824072,48.1477136],[24.2823815,48.1477971],[24.2821018,48.1488415],[24.2820063,48.1492251],[24.2818087,48.15018],[24.2817778,48.1502765],[24.2817173,48.1503724],[24.2816355,48.1505239],[24.281597,48.1505952],[24.2812493,48.1511855],[24.2810902,48.1514678],[24.2810086,48.1516461],[24.2809719,48.1517658],[24.2809408,48.1519567],[24.2808851,48.1521731],[24.2809046,48.1524272],[24.2809207,48.1526997],[24.2810217,48.1529745],[24.2810717,48.1531364],[24.281136,48.1532783],[24.2812244,48.1534689],[24.2812461,48.1535817],[24.2812206,48.1537022],[24.28117,48.1542501],[24.2811197,48.1547319],[24.2810936,48.1550098],[24.2810784,48.1552386],[24.2810989,48.1555329],[24.2810719,48.1557916],[24.2810787,48.1567457],[24.2810813,48.1568419],[24.2810922,48.1571385],[24.2811249,48.1571768],[24.281136,48.1572384],[24.2811609,48.1573376],[24.2812065,48.1575502],[24.2815191,48.1582382],[24.2815568,48.1583221],[24.2816129,48.1584278],[24.2815986,48.1585048],[24.2816276,48.1585867],[24.281583,48.1586804],[24.2815836,48.158752],[24.2815083,48.15884],[24.2814689,48.1589037],[24.2813202,48.1589742],[24.2811063,48.1590223],[24.2805467,48.1590819],[24.280372,48.1591126],[24.2801756,48.1591559],[24.279944,48.159218],[24.2798462,48.1592487],[24.2797624,48.1592887],[24.2796758,48.1593511],[24.2796105,48.1594324],[24.279562,48.1595039],[24.2795259,48.1596493],[24.2795027,48.1598336],[24.2794901,48.1600061],[24.2794818,48.1602925],[24.2794736,48.1603617],[24.2794631,48.1604508],[24.2794198,48.1606049],[24.2793772,48.1607092],[24.2793225,48.1608137],[24.2791876,48.1609751],[24.2790052,48.1611712],[24.2786404,48.1615033],[24.2785097,48.1616418],[24.2783889,48.1617922],[24.2783352,48.1618864],[24.2782876,48.1619806],[24.2782057,48.1621515],[24.2780532,48.162531],[24.2779801,48.1627323],[24.2779435,48.1629155],[24.2779412,48.1630076],[24.2779567,48.1631028],[24.2780345,48.1633172],[24.2781121,48.1634478],[24.2782103,48.1636819],[24.2784918,48.1642961],[24.2785244,48.1643672],[24.2785471,48.1644417],[24.2785576,48.1645081],[24.2785648,48.164573],[24.2785639,48.1646378],[24.278539,48.164749],[24.2784954,48.1648346],[24.2784377,48.1649234],[24.2780957,48.1652962],[24.2777984,48.1656745],[24.2776538,48.1658748],[24.2775092,48.166105],[24.2774665,48.1662371],[24.2774522,48.1663719],[24.2774635,48.1665614],[24.2775091,48.1667786],[24.277568,48.1669467],[24.2776513,48.1671011],[24.277738,48.1672451],[24.277839,48.1673966],[24.2779501,48.1675402],[24.2780753,48.1676812],[24.2781763,48.1677923],[24.2782917,48.1679088],[24.2784059,48.1680087],[24.2785146,48.1680828],[24.2785404,48.1681004],[24.278739,48.1682186],[24.2789431,48.1683171],[24.2791535,48.1684045],[24.2794378,48.1685107],[24.2796291,48.168579],[24.2799008,48.1686557],[24.2800907,48.1686984],[24.2802604,48.1687322],[24.2807292,48.1688045],[24.2811364,48.1688613],[24.281336,48.1688979],[24.2815396,48.1689426],[24.2817379,48.1689903],[24.2821587,48.1691243],[24.2824356,48.1692286],[24.282554,48.1692783],[24.2829248,48.1694476],[24.2831037,48.1695439],[24.2832624,48.1696537],[24.2833907,48.1697852],[24.2834862,48.1699234],[24.2837373,48.170473],[24.2838537,48.170703],[24.2839812,48.1709358],[24.2845202,48.1720361],[24.2845916,48.1721818],[24.2846321,48.1722814],[24.2846582,48.1723535],[24.2846699,48.1724255],[24.2846891,48.1725742],[24.2847204,48.1728686],[24.2847383,48.1729591],[24.2847654,48.1730517],[24.2847956,48.1731477],[24.2848337,48.1732348],[24.2850077,48.1735761],[24.285087,48.1737457],[24.2851476,48.1739154],[24.2852641,48.1742641],[24.285337,48.1744161],[24.2853739,48.1744677],[24.2854081,48.1745171],[24.2854984,48.1746203],[24.2855876,48.1746894],[24.2856849,48.17476],[24.2858809,48.1748768],[24.2861858,48.1750575],[24.2865399,48.1752539],[24.2869823,48.175568],[24.2872128,48.1757404],[24.2874224,48.1759209],[24.2876301,48.1760959],[24.2878439,48.1762764],[24.2882677,48.1766338],[24.2884698,48.1768189],[24.2886463,48.1770215],[24.2888544,48.1773462],[24.2889814,48.1775886],[24.2890898,48.1778342],[24.2891901,48.1780889],[24.2893566,48.1785784],[24.289482,48.1789225],[24.2895553,48.1790874],[24.2896467,48.1792523],[24.2900297,48.1797872],[24.290278,48.1801254],[24.2904157,48.1802913],[24.2905599,48.1804386],[24.290705,48.1805864],[24.2908846,48.1807576],[24.2911766,48.1809921],[24.2916068,48.1812901],[24.2917994,48.1814397],[24.2919725,48.1815825],[24.2921309,48.1817536],[24.2921973,48.1818459],[24.2922497,48.1819475],[24.2922798,48.1820673],[24.2922959,48.1821965],[24.2923055,48.1825327],[24.2923122,48.1826646],[24.2923343,48.1827985],[24.2923863,48.1830003],[24.2924347,48.1831232],[24.2925024,48.1832434],[24.2925665,48.1833388],[24.2926447,48.183431],[24.2927222,48.1835156],[24.2928201,48.1835975],[24.2929891,48.1837177],[24.2931151,48.1837889],[24.2932546,48.1838582],[24.2934388,48.1839578],[24.2936547,48.1840776],[24.2937693,48.1841612],[24.2938633,48.1842387],[24.2939763,48.1843656],[24.294065,48.1844925],[24.2941906,48.1846801],[24.2942775,48.1848204],[24.2943858,48.1850029],[24.2944164,48.1850831],[24.2944417,48.1851669],[24.2944522,48.1852517],[24.2944466,48.1853364],[24.2944364,48.1854168],[24.2944051,48.1854879],[24.2943384,48.1856054],[24.2942326,48.1857549],[24.2941026,48.1858883],[24.2938034,48.1862138],[24.293502,48.1865587],[24.2933168,48.1867875],[24.2931613,48.1869983],[24.2930614,48.187134],[24.2930275,48.1872082],[24.292999,48.1872896],[24.2929823,48.1873665],[24.2929797,48.1874434],[24.2929809,48.1875443],[24.2929947,48.1876367],[24.2930282,48.1877459],[24.2930803,48.1878551],[24.2931815,48.1880163],[24.2933012,48.1881734],[24.2934296,48.1883164],[24.2935677,48.1884505],[24.2937715,48.188608],[24.2939937,48.1887533],[24.2942924,48.1889131],[24.2945566,48.1890275],[24.2948413,48.1891242],[24.2953178,48.1892486],[24.2956964,48.1893476],[24.2958665,48.1894105],[24.2960312,48.1894877],[24.2962642,48.1896362],[24.2965045,48.1898336],[24.2969007,48.1902418],[24.2975779,48.190977],[24.2977243,48.1911131],[24.2979001,48.1912474],[24.2980721,48.1913662],[24.2981803,48.1914503],[24.298403,48.1916602],[24.2984913,48.19176],[24.2985582,48.1918704],[24.298672,48.1921655],[24.2987036,48.1922397],[24.2987292,48.1923012],[24.2988343,48.1925272],[24.2989373,48.1927055],[24.2990187,48.192852],[24.2991273,48.1930058],[24.2998078,48.1940011],[24.3001447,48.1945064],[24.3004915,48.1950156],[24.3005612,48.1951228],[24.3006378,48.1952318],[24.3006824,48.1952879],[24.3007304,48.1953438],[24.3008008,48.195415],[24.3008842,48.1954819],[24.3009805,48.195558],[24.3011897,48.1956914],[24.3014819,48.1958344],[24.3017875,48.1959702],[24.3020985,48.1961186],[24.3023693,48.196267],[24.3025057,48.1963477],[24.3026287,48.1964338],[24.302766,48.1965601],[24.302917,48.1967367],[24.3030306,48.1969135],[24.303327,48.1974926],[24.3034586,48.1977801],[24.3036059,48.1980489],[24.3036817,48.1981644],[24.3037689,48.1982759],[24.3038392,48.1983517],[24.3039184,48.1984186],[24.3040335,48.1985085],[24.3041513,48.1985823],[24.3046991,48.1988616],[24.3051504,48.1991122],[24.3054152,48.1993058],[24.306024,48.1998257],[24.3061394,48.1999489],[24.3062264,48.2000523],[24.3062999,48.2001629],[24.3064339,48.2004329],[24.3066316,48.200765],[24.3067351,48.2009566],[24.3068075,48.2010498],[24.3068934,48.2011341],[24.3072646,48.2014407],[24.3073316,48.2014889],[24.3074094,48.2015442],[24.3075595,48.2016351],[24.3078729,48.2017853],[24.3082008,48.2019236],[24.3085852,48.2020855],[24.308896,48.2022342],[24.3090218,48.2023152],[24.3091233,48.2023927],[24.3093028,48.2025695],[24.3096063,48.2029152],[24.3097074,48.2030415],[24.3097594,48.2031045],[24.3098289,48.2031681],[24.3098833,48.2032107],[24.3099331,48.203245],[24.309991,48.2032744],[24.3101018,48.203314],[24.3101804,48.2033314],[24.3102801,48.2033346],[24.3105684,48.2032962],[24.3107057,48.2032867],[24.310803,48.20328],[24.3108171,48.203279],[24.3109316,48.2032788],[24.3111144,48.2033],[24.311343,48.203366],[24.3115445,48.203456],[24.3117448,48.2035806],[24.3118488,48.2036648],[24.3119408,48.2037713],[24.3120099,48.2038886],[24.3120592,48.204031],[24.3120742,48.2042718],[24.3120663,48.2043538],[24.3120594,48.2045584],[24.3120252,48.2047275],[24.3119839,48.2048596],[24.3119258,48.2049615],[24.3118277,48.2050742],[24.311631,48.205268],[24.3112959,48.2055184],[24.3111778,48.2056045],[24.3104517,48.2062211],[24.3097216,48.2068404],[24.3096351,48.2069263],[24.3095917,48.2069671],[24.3095563,48.2070188],[24.3095219,48.207069],[24.3094462,48.2071942],[24.3093797,48.2073858],[24.3092917,48.2077669],[24.3091574,48.2083409],[24.3091073,48.208629],[24.3090632,48.2089201],[24.3090596,48.2090927],[24.3090775,48.2092632],[24.3091238,48.2094223],[24.3091933,48.2095804],[24.3094093,48.2099521],[24.3096107,48.2102912],[24.3098345,48.2106732],[24.3099144,48.2108349],[24.3099755,48.2110343],[24.3099872,48.2112303],[24.3099639,48.2114202],[24.3097928,48.2119617],[24.3095378,48.2125584],[24.3093382,48.2129567],[24.3091039,48.213444],[24.3090316,48.2135921],[24.3089913,48.213672],[24.3089642,48.2137556],[24.308949,48.2138316],[24.3089419,48.2139103],[24.3089276,48.2143106],[24.3089376,48.2145091],[24.3089532,48.2147004],[24.308968,48.2148327],[24.3089898,48.2149769],[24.3090618,48.2151851],[24.3091327,48.2153413],[24.3092249,48.2154869],[24.3093556,48.2156401],[24.3094898,48.2157933],[24.3096456,48.2159463],[24.3098067,48.2160866],[24.3099478,48.2161986],[24.3100983,48.2163075],[24.3102355,48.2163959],[24.3103741,48.2164757],[24.3105583,48.2165509],[24.3107461,48.216612],[24.3114608,48.2167885],[24.3118061,48.2168726],[24.3120563,48.2169101],[24.3122551,48.2169243],[24.3126522,48.2169551],[24.3130528,48.216974],[24.3138399,48.2169813],[24.3143102,48.2170012],[24.3146991,48.2170377],[24.3149975,48.2170814],[24.3153333,48.2171499],[24.3158758,48.2172938],[24.3161681,48.2174016],[24.3163225,48.2174728],[24.3164675,48.2175533],[24.3167657,48.2177941],[24.316938,48.2179604],[24.3170836,48.2181158],[24.3171966,48.2182769],[24.3176204,48.2190418],[24.3181675,48.2200443],[24.3183932,48.2203574],[24.3186512,48.2206598],[24.3195708,48.2217928],[24.319709,48.2219894],[24.3198044,48.2222003],[24.3200111,48.2226221],[24.3202142,48.2229691],[24.3204415,48.2233019],[24.3208845,48.2239107],[24.3213142,48.2245249],[24.3214201,48.2247077],[24.3215018,48.2249136],[24.3215734,48.2251697],[24.3219241,48.2263466],[24.3219207,48.2265281],[24.3218931,48.2267168],[24.3218447,48.2268755],[24.3217695,48.2270307],[24.3216046,48.2272924],[24.3214013,48.2275655],[24.3213143,48.2277228],[24.3212549,48.2278786],[24.3212344,48.2279567],[24.321183,48.2284971],[24.3211306,48.2289389],[24.3211406,48.2293245],[24.3211903,48.2295969],[24.3213043,48.2299518],[24.3213718,48.2300455],[24.3214575,48.2300979],[24.321528,48.2301281],[24.3216252,48.2301404],[24.3219265,48.2301639],[24.3230398,48.2302133],[24.3234292,48.2302249],[24.32367,48.2302413],[24.3238032,48.2302561],[24.3239404,48.230279],[24.3240885,48.2303174],[24.3242326,48.2303666],[24.3248378,48.2306158],[24.3251638,48.2307811],[24.3255143,48.2309871],[24.325963,48.2312474],[24.3260697,48.2313004],[24.3261927,48.2313534],[24.3264367,48.2314383],[24.3274479,48.2317372],[24.3277469,48.2318422],[24.3283549,48.2320975],[24.3290356,48.2323728],[24.3300694,48.2329138],[24.3306812,48.2332877],[24.3312226,48.2336496],[24.3316498,48.2339741],[24.3317133,48.2340087],[24.3317561,48.2340258],[24.3318012,48.2340352],[24.3318657,48.2340357],[24.3325809,48.2340278],[24.3326971,48.234037],[24.3327621,48.2340526],[24.3328178,48.2340729],[24.3332963,48.2343227],[24.3334826,48.2344151],[24.3336446,48.2344695],[24.3344435,48.2346881],[24.3352854,48.2349842],[24.3355101,48.2350751],[24.3358469,48.235219],[24.3361484,48.2353887],[24.3364635,48.2356049],[24.3367467,48.2358282],[24.3380514,48.2371181],[24.3381971,48.2372736],[24.3388109,48.2379287],[24.3389562,48.2380733],[24.3391368,48.2382391],[24.3394129,48.2384448],[24.3397784,48.2386775],[24.3401433,48.2389168],[24.3403225,48.2390483],[24.3404694,48.2391726],[24.3406432,48.2393623],[24.3407815,48.2395591],[24.3408309,48.2396566],[24.3408643,48.2397576],[24.3408916,48.2398704],[24.3409082,48.2399796],[24.3408911,48.2401759],[24.3408334,48.2405185],[24.3407749,48.2408225],[24.340774,48.2409091],[24.3407731,48.2409992],[24.3407854,48.2410995],[24.3408085,48.2412033],[24.3408438,48.2413053],[24.3409006,48.2414073],[24.3409625,48.2415096],[24.3410405,48.2416155],[24.3411176,48.2417077],[24.3412851,48.241908],[24.3415457,48.2422005],[24.341763,48.2424741],[24.3419342,48.2427336],[24.342078,48.2429616],[24.3421651,48.2431896],[24.3422566,48.2435412],[24.3423038,48.2439002],[24.3423266,48.2442629],[24.3422928,48.2445795],[24.3422027,48.245063],[24.3419787,48.2462653],[24.3419288,48.246533],[24.3418744,48.2467623],[24.3418625,48.246935],[24.3418759,48.2470227],[24.3419126,48.2471136],[24.3419601,48.2471927],[24.3420123,48.2472686],[24.3421533,48.247401],[24.3423644,48.2475614],[24.3427165,48.2478001],[24.3431151,48.2480555],[24.3433003,48.248162],[24.3434444,48.2482293],[24.343569,48.2482625],[24.3447385,48.2485739],[24.3448454,48.248598],[24.3460464,48.2488689],[24.3464271,48.2489296],[24.3467672,48.2489567],[24.3468511,48.2489634],[24.3471476,48.2490067],[24.3475661,48.24912],[24.347934,48.2492792],[24.3481393,48.2493992],[24.3485676,48.2497128],[24.348843,48.2499318],[24.3490234,48.2501147],[24.3490954,48.2502337],[24.3491325,48.2504383],[24.3492057,48.2510734],[24.349301,48.2515429],[24.3494309,48.2520243],[24.3496031,48.2526624],[24.349623,48.2528124],[24.3496264,48.2531017],[24.3495869,48.2533982],[24.3494853,48.2536971],[24.3493516,48.2540175],[24.3490519,48.2547082],[24.3489271,48.2551233],[24.3488603,48.2555329],[24.3488119,48.2558411],[24.3487821,48.2566594],[24.3487662,48.2571003],[24.3487845,48.2574777],[24.3488753,48.2579792],[24.3489796,48.2584736],[24.349013,48.2586539],[24.3490555,48.2588664],[24.3490664,48.258968],[24.3490718,48.2591019],[24.3491021,48.2598043],[24.3490691,48.2600614],[24.3489279,48.2606263],[24.3488618,48.260937],[24.3488437,48.2610536],[24.3488498,48.2611523],[24.3488787,48.2612565],[24.3489209,48.2613446],[24.3491821,48.2617093],[24.3493533,48.2619433],[24.3494794,48.2621127],[24.3496218,48.2623154],[24.3497557,48.2624682],[24.3500047,48.2627188],[24.350169,48.2628466],[24.3504166,48.2630287],[24.3507926,48.2633577],[24.3513117,48.2638207],[24.3521565,48.2645764],[24.3542795,48.266507],[24.3543589,48.2665792],[24.3544895,48.2666951],[24.3547512,48.2669424],[24.3549039,48.2670863],[24.355173,48.26734],[24.3564216,48.2685171],[24.3565162,48.2686062],[24.3567032,48.2687825],[24.3571324,48.2691396],[24.357422,48.2693574],[24.3577576,48.2695872]]}},
{"type":"Feature","properties":{"ref":"Н-09","layer":"Green_roads","id_object":"FL0113"},"geometry":{"type":"LineString","coordinates":[[24.3577576,48.2695872],[24.3579743,48.2696787],[24.3591168,48.2703995],[24.3598517,48.2708681],[24.3602645,48.2711522],[24.360665,48.2714277],[24.360719,48.2714649],[24.3607892,48.2715961]]}},
{"type":"Feature","properties":{"ref":"Н-09","layer":"Green_roads","id_object":"FL0113"},"geometry":{"type":"LineString","coordinates":[[24.3607892,48.2715961],[24.3606539,48.2715404],[24.3591692,48.2705619],[24.3579114,48.269733],[24.3577576,48.2695872]]}},
{"type":"Feature","properties":{"ref":"Н-09","layer":"Green_roads","id_object":"FL0113"},"geometry":{"type":"LineString","coordinates":[[24.3607892,48.2715961],[24.3608053,48.2716066],[24.3610711,48.2717806],[24.3613527,48.2719727],[24.3614041,48.2720013],[24.3615281,48.2720373],[24.3616138,48.2720485],[24.361692,48.272051],[24.3618396,48.272042],[24.3619811,48.2720213],[24.3621844,48.2719789],[24.3623511,48.271922],[24.3628022,48.2717596],[24.3639141,48.2713096],[24.3641397,48.2712233],[24.3643035,48.2711803],[24.3644263,48.2711579],[24.3645922,48.2711401],[24.3648237,48.271126],[24.3654457,48.2711119],[24.3663081,48.2711062],[24.3668948,48.2710952],[24.3674201,48.2710956],[24.3679919,48.271105],[24.3681815,48.2711085],[24.3683214,48.2711101],[24.3685526,48.2711118],[24.3693459,48.271097],[24.3714172,48.2710583],[24.3719608,48.2710274],[24.3724029,48.2709873],[24.3728449,48.270933],[24.3730623,48.2708958],[24.3732354,48.2708514],[24.3737635,48.270718],[24.3741991,48.2705918],[24.3744254,48.2705405],[24.3745812,48.2705138],[24.3747719,48.2705085],[24.374995,48.2705194],[24.375614,48.2705879],[24.3760867,48.2706954],[24.3761641,48.2707125],[24.3766044,48.2708057],[24.3766617,48.2708183],[24.3772988,48.270973],[24.378094,48.2711466],[24.3782446,48.2711812],[24.3783307,48.2711913],[24.3784198,48.2711953],[24.3785258,48.2711941],[24.3786318,48.2711888],[24.3787266,48.2711763],[24.378866,48.271132],[24.379242,48.2709946],[24.3807497,48.2704373],[24.3809675,48.2703783],[24.3811799,48.2703301],[24.3815861,48.2702947],[24.3821043,48.2702535],[24.3836618,48.2701253],[24.3843647,48.2700579],[24.3861104,48.2699068],[24.3865165,48.2698883],[24.3866565,48.2698896],[24.3867803,48.2699016],[24.3868956,48.269916],[24.3870108,48.2699376],[24.387104,48.269962],[24.3871826,48.2699813],[24.3876047,48.270099],[24.3881778,48.2702836],[24.3885057,48.2703803],[24.3887757,48.27045],[24.389051,48.2704965],[24.3930012,48.2710436],[24.3934848,48.2711058],[24.3970759,48.2715683],[24.3979754,48.2716863],[24.3983214,48.2717328],[24.3984662,48.2717609],[24.3986057,48.2717998],[24.3987184,48.2718475],[24.3988364,48.2719202],[24.3990332,48.2720539],[24.3993594,48.2723004],[24.399672,48.2725267],[24.3999771,48.2727278],[24.4003304,48.2729431],[24.4008988,48.2732474],[24.4011095,48.2733509],[24.4011919,48.2733913],[24.4015776,48.2735666],[24.4017049,48.27362],[24.4018376,48.2736719],[24.4018983,48.2736909],[24.4020049,48.2737133],[24.4021238,48.2737316],[24.4022467,48.2737403],[24.4031786,48.2737355],[24.403723,48.2737376],[24.4060476,48.2737462],[24.4082277,48.2737543],[24.4100491,48.2737611],[24.4101956,48.2737578],[24.4103738,48.2737499],[24.4105579,48.2737338],[24.4106938,48.2737136],[24.4109018,48.2736779],[24.4111583,48.2736236],[24.4114055,48.2735725],[24.411683,48.2735084],[24.4119097,48.2734456],[24.4121496,48.2733647],[24.4137372,48.2727683],[24.4138635,48.2727326],[24.4139757,48.2727063],[24.4140556,48.2726981],[24.4141241,48.2726991],[24.4142254,48.2727068],[24.4143054,48.2727267],[24.4143645,48.2727495],[24.4144205,48.2727744],[24.414469,48.2728025],[24.4145437,48.2728654],[24.4147605,48.273126],[24.4150012,48.273476],[24.4152541,48.2738106],[24.4155371,48.2742859],[24.4155722,48.2743691],[24.4155949,48.2744503],[24.4156201,48.2746305],[24.4156306,48.2747829],[24.4156227,48.2749394],[24.4155717,48.2751935],[24.4155546,48.2753512],[24.4155589,48.2754126],[24.4155633,48.2754741],[24.4156235,48.275834],[24.415668,48.2760628],[24.4156741,48.2760942],[24.4157881,48.2764981],[24.4158321,48.2767699],[24.4158423,48.2768563],[24.4158403,48.2769426],[24.4158268,48.2770493],[24.4158052,48.2771533],[24.4156691,48.2774909],[24.4156421,48.2776136],[24.4156463,48.2777391],[24.4157073,48.2780451],[24.4157743,48.2783557],[24.4158203,48.2785031],[24.4158687,48.278589],[24.4159328,48.2786677],[24.4162067,48.2788937],[24.4162551,48.2789621],[24.4162788,48.2790304],[24.4162827,48.2791375],[24.4162531,48.2792577],[24.4162351,48.2792973],[24.4162005,48.2793732],[24.4160937,48.2796052],[24.4160293,48.2797676],[24.4160141,48.2798327],[24.4160095,48.2798978],[24.4160189,48.2799889],[24.4160486,48.2800881],[24.4160983,48.2802146],[24.4161218,48.2803352],[24.4161259,48.2804872],[24.4161125,48.2805691],[24.4160674,48.2806801],[24.4160212,48.2807816],[24.4160047,48.2808522],[24.4159954,48.2809282],[24.4160058,48.280989],[24.4160407,48.2810728],[24.4160881,48.281157],[24.4163026,48.2814527],[24.4165777,48.2817939],[24.416634,48.2818536],[24.4167026,48.2819052],[24.4168238,48.2819754],[24.4169512,48.2820284],[24.4171283,48.2820884],[24.4178986,48.2823046],[24.4181828,48.2823929],[24.4182685,48.2824269],[24.4183984,48.282488],[24.4185936,48.2825854],[24.4187437,48.2826839],[24.4188727,48.2827866],[24.418977,48.2828883],[24.4190802,48.2830171],[24.4191326,48.2831215],[24.4191514,48.2832],[24.4192104,48.2835606],[24.4192331,48.2836632],[24.4192802,48.2837983],[24.4193402,48.283917],[24.4193889,48.2839842],[24.419453,48.2840737],[24.4195398,48.2841496],[24.4196496,48.28423],[24.41977,48.2843134],[24.4199171,48.28442],[24.4199818,48.2844743],[24.4200444,48.2845501],[24.4201032,48.2846661],[24.420141,48.28474],[24.4202346,48.2848582],[24.420291,48.2849326],[24.4203654,48.2849969],[24.4204309,48.2850425],[24.4205349,48.285113],[24.4207038,48.2852043],[24.4209481,48.2853194],[24.4210858,48.285387],[24.4211722,48.2854634],[24.4212301,48.2855425],[24.4213221,48.2856731],[24.4213962,48.2858064],[24.4214706,48.2859573],[24.4215314,48.2860635],[24.4216004,48.2861454],[24.4217691,48.2863156],[24.4220152,48.2865346],[24.4224584,48.2869401],[24.422555,48.287019],[24.4226395,48.2870817],[24.4228307,48.2872044],[24.4232563,48.2874715],[24.4239966,48.2879255],[24.4247325,48.2883971],[24.4255251,48.2889013],[24.4261523,48.2893112],[24.4263817,48.2895064],[24.4269613,48.2900397],[24.4271648,48.2902162],[24.4273215,48.2903305],[24.4274368,48.2904073],[24.4275909,48.2905019],[24.427786,48.2905905],[24.4280059,48.2906768],[24.4285115,48.290853],[24.429205,48.2910742],[24.4296279,48.2912159],[24.4298705,48.291321],[24.4299833,48.2913751],[24.430096,48.2914416],[24.4303301,48.2915974],[24.4309007,48.2920507],[24.4315568,48.2926138],[24.431654,48.2927374],[24.4317459,48.2928998],[24.4320314,48.2936012],[24.432078,48.2936957],[24.4321317,48.2937763],[24.4322282,48.2938806],[24.4323003,48.2939524],[24.4323818,48.294021],[24.4325276,48.2941277],[24.4327119,48.2942333],[24.4328676,48.2942974],[24.4333222,48.2944734],[24.4337185,48.2946223],[24.4343353,48.2948777],[24.4349568,48.2951672],[24.4352135,48.2952655],[24.4353942,48.2953086],[24.4355554,48.2953297],[24.4357165,48.2953343],[24.4360168,48.295312],[24.4363126,48.2952452],[24.4364314,48.2952078],[24.4366573,48.2950914],[24.4368088,48.2949504],[24.4371086,48.2946011],[24.437201,48.2945101],[24.4373111,48.2944285],[24.4374336,48.2943492],[24.437579,48.29427],[24.4377633,48.2941919],[24.4379617,48.2941351],[24.4380717,48.2941118],[24.4381924,48.2940955],[24.4383105,48.2940897],[24.4384286,48.2940933],[24.4386484,48.2941241],[24.4388088,48.2941626],[24.440188,48.2946487],[24.4416494,48.2952134],[24.441775,48.2952619],[24.442076,48.2953922],[24.4424226,48.2955932],[24.4427592,48.2957885],[24.4433394,48.2962],[24.4434978,48.2963321],[24.4436315,48.2964783],[24.4438475,48.2967884],[24.4440307,48.2969963],[24.444398,48.2973642],[24.444566,48.2974967],[24.4447482,48.2976127],[24.4451881,48.2978803],[24.4459285,48.2984104],[24.4467709,48.2990587],[24.4468201,48.2990995],[24.4468552,48.2991451],[24.4468893,48.29919],[24.4469093,48.299235],[24.4469287,48.2992885],[24.4469321,48.2993396],[24.4469213,48.2993974],[24.4468875,48.2994529],[24.446841,48.2995018],[24.4467875,48.2995472],[24.4467149,48.2995854],[24.4466354,48.2996083],[24.4464856,48.299636],[24.4463608,48.2996455],[24.4462201,48.299635],[24.4456732,48.2995716],[24.4452942,48.2995577],[24.4447617,48.2995719],[24.4446006,48.2995898],[24.444436,48.2996218],[24.4443344,48.2996575],[24.4442506,48.2997026],[24.4441879,48.2997615],[24.4441448,48.2998087],[24.4441212,48.2998618],[24.4441101,48.2999079],[24.4441051,48.2999649],[24.4441178,48.3000218],[24.4441376,48.3000758],[24.444168,48.3001322],[24.444247,48.3002366],[24.4444645,48.3003958],[24.4445662,48.3004525],[24.4446467,48.300488],[24.4447361,48.3005137],[24.4448821,48.3005371],[24.4452234,48.300571],[24.4453576,48.3005906],[24.4455307,48.3006243],[24.445694,48.3006599],[24.4458361,48.3007072],[24.4459466,48.3007491],[24.4460072,48.3007726],[24.4460714,48.3008219],[24.4461095,48.3008759],[24.4461363,48.3009512],[24.4461419,48.3010266],[24.4460829,48.3012684],[24.4458173,48.302173],[24.4457974,48.3023213],[24.4458093,48.3024719],[24.4458817,48.302686],[24.4458983,48.3027311]]}},
{"type":"Feature","properties":{"ref":"F-1","layer":"Green_roads","id_object":"FL0114"},"geometry":{"type":"LineString","coordinates":[[22.65930437717968,48.172933559948341],[22.650341551654549,48.17121461823676],[22.639445567682827,48.169769099923791],[22.626850747500452,48.169143998303703],[22.612732832784406,48.169261205437877],[22.606288971295747,48.169730031295771],[22.602364073843571,48.167659351418138],[22.59914214309924,48.166995153370387],[22.595451567883018,48.167424929559971],[22.586488742357886,48.167268647725919],[22.573542438821587,48.163634960832034]]}},
{"type":"Feature","properties":{"ref":"F-1","layer":"Green_roads","id_object":"FL0114"},"geometry":{"type":"LineString","coordinates":[[22.606376842134239,48.169730023259525],[22.615281087100385,48.183089850122009],[22.6252397821283,48.198632868174208],[22.56783083432029,48.246247923486635],[22.577672368230235,48.254361480923308],[22.592200346859212,48.260445804221447],[22.625474104364258,48.261069796439344],[22.633441060386598,48.26247375108062],[22.648672005723416,48.263643683826089],[22.786687802698609,48.279240228394514],[22.865420073978168,48.293273048548016],[22.900099764898936,48.29950861991653],[22.917908254831211,48.307613724157477],[23.009293926852134,48.344693737957563],[23.112864355142513,48.381435537447175],[23.240804295971802,48.423438144062025],[23.396862905115228,48.46789196935147],[23.594630872257945,48.512617345515132],[23.827078530321423,48.579631453704486],[24.055777032609679,48.658940692777094]]}},
{"type":"Feature","properties":{"ref":"F-1","layer":"Green_roads","id_object":"FL0114"},"geometry":{"type":"LineString","coordinates":[[22.657871779925433,48.174363210627369],[22.6579334,48.1741951],[22.6580787,48.1739169],[22.6581913,48.1737667],[22.6583321,48.1736179],[22.6584771,48.1735051],[22.6587385,48.1733446],[22.6589848,48.1732482],[22.6592284,48.1731702],[22.6595639,48.1731026],[22.6597658,48.1730673],[22.6600206,48.1730386],[22.6603505,48.1730261],[22.6610413,48.173017],[22.6615854,48.1730331],[22.6619545,48.1730422],[22.6627457,48.1731084],[22.6633463,48.1731707],[22.663724,48.1732113],[22.6643673,48.1733207],[22.6647654,48.1734196],[22.6650506,48.1734998],[22.6652294,48.1735699],[22.6654149,48.1736632],[22.6659715,48.1741061],[22.6660909,48.1741969],[22.6661805,48.1742651],[22.6664395,48.1744622],[22.6667243,48.1746653],[22.6677674,48.1756104],[22.6679558,48.1757562],[22.6681553,48.1758743],[22.668381,48.1759703],[22.6687135,48.1760784],[22.6691508,48.1761939],[22.669586,48.1762828],[22.6701111,48.1763744],[22.6706912,48.1764347],[22.6711311,48.1764611],[22.6715978,48.1764413],[22.6761665,48.1758863],[22.6765638,48.1758589],[22.6809532,48.1758618],[22.681859,48.1758658],[22.6822454,48.1758646],[22.6827997,48.175863],[22.6860087,48.1758647],[22.6874225,48.1758705],[22.6880209,48.1758822],[22.6882755,48.1758973],[22.6885164,48.1759309],[22.6887659,48.175974],[22.6910701,48.1765432],[22.6927154,48.1770013],[22.6932734,48.1771237],[22.6938866,48.1772496],[22.6944025,48.1773561],[22.6947457,48.1774402],[22.695269,48.1776242],[22.6956779,48.1777688],[22.6963556,48.1780253],[22.6969591,48.1783078],[22.6979285,48.1788002],[22.6986107,48.1791699],[22.6988677,48.1793141],[22.6994578,48.1796714],[22.7000075,48.1799545],[22.7004007,48.180122],[22.7006505,48.1802102],[22.7015922,48.180489],[22.7018657,48.1805543],[22.7020159,48.1805766],[22.7022681,48.1806034],[22.7024424,48.180616],[22.7026315,48.1806115],[22.7030285,48.1805811],[22.7033839,48.1805409],[22.7037191,48.1804863],[22.7041161,48.1804121],[22.7052561,48.1801644],[22.7061385,48.1799552],[22.7067286,48.1798318],[22.7072623,48.1797387],[22.7077156,48.1796798],[22.7082709,48.1796261],[22.7095583,48.1796171],[22.7101538,48.1795885],[22.7104595,48.1795608],[22.7107036,48.1795188],[22.7114369,48.1793829],[22.7119347,48.179272],[22.7121708,48.1792094],[22.7123264,48.1791289],[22.7125382,48.1789732],[22.7134287,48.1782596],[22.714861,48.1771293],[22.7151668,48.1769182],[22.7158749,48.1764925],[22.717849,48.1753157],[22.7201288,48.1739688],[22.7205702,48.1737201],[22.7212554,48.173307],[22.7218555,48.1729509],[22.7221781,48.1727578],[22.7226287,48.1725271],[22.7230082,48.172299],[22.7231772,48.1721836],[22.7233247,48.1720745],[22.7234723,48.1719618],[22.7238169,48.1716434],[22.7243321,48.1712585],[22.7246699,48.1710603],[22.7253726,48.1706954],[22.7259117,48.1704431],[22.726231,48.1703322],[22.7265179,48.17025],[22.7267888,48.1701837],[22.7270383,48.1701319],[22.7273709,48.170089],[22.7276981,48.170055],[22.7279958,48.170046],[22.7282104,48.1700442],[22.728543,48.1700442],[22.729066,48.1700854],[22.7301174,48.1701999],[22.7312413,48.1703215],[22.7321613,48.1704235],[22.732923,48.1705236],[22.7332824,48.1705934],[22.7335453,48.1706703],[22.733835,48.1707902],[22.7341475,48.1709181],[22.7344049,48.1710406],[22.7346165,48.1711289],[22.7348938,48.1712423],[22.7351734,48.1713264],[22.735396,48.171389],[22.7356589,48.1714592],[22.7362248,48.1715701],[22.7367613,48.1716345],[22.7370228,48.1716506],[22.737287,48.1716577],[22.73757,48.1716515],[22.7378811,48.1716327],[22.7382378,48.1715916],[22.7390251,48.1714431],[22.7408848,48.1711199],[22.7425495,48.1708188],[22.7428231,48.1707741],[22.7475733,48.1699816],[22.751146,48.1693502],[22.7543284,48.1688225],[22.757087,48.1683377],[22.7611826,48.1676157],[22.7624501,48.1673922],[22.7627049,48.1673323],[22.7628538,48.1672876],[22.7630201,48.1672286],[22.7631529,48.1671744],[22.7632454,48.1671203],[22.763491,48.1668964],[22.7636934,48.1666881],[22.7639171,48.1663827],[22.764098,48.1660339],[22.7642036,48.1656297],[22.7643884,48.1649718],[22.7645159,48.1647358],[22.7646992,48.1645057],[22.7649323,48.1643044],[22.7650689,48.1641849],[22.7653397,48.1640043],[22.7658078,48.1637667],[22.7663594,48.1635344],[22.7669219,48.1633359],[22.767054,48.1633008],[22.7675189,48.1632113],[22.7683329,48.1631479],[22.7690771,48.163131],[22.7694692,48.1631231],[22.7698978,48.1631196],[22.7702414,48.1630942],[22.770576,48.1630262],[22.7708012,48.1629475],[22.7709944,48.1628626],[22.7712794,48.1627428],[22.7717409,48.1625504],[22.7725678,48.1621172],[22.7733162,48.1616927],[22.773598,48.1615006],[22.77972,48.1567799],[22.7850072,48.1527352],[22.7866825,48.1514049],[22.7883804,48.1500851],[22.7941954,48.1456013],[22.803164,48.138596],[22.8113701,48.1321136],[22.8124991,48.131244],[22.8134543,48.1305033],[22.8142027,48.1299245],[22.814676,48.12956],[22.8194132,48.1259364],[22.8207866,48.1249174],[22.821371,48.1244899],[22.8223885,48.1237409],[22.8227721,48.123457],[22.8233623,48.1230181],[22.8238493,48.1226526],[22.8242839,48.1223328],[22.8244769,48.1221893],[22.8245441,48.1221393],[22.824593,48.1221029],[22.8249816,48.1218141],[22.8250236,48.1217827],[22.8251277,48.1217053],[22.8301081,48.1179416],[22.830191,48.1178881],[22.8302789,48.1178315],[22.8303596,48.1177881],[22.8304255,48.1177583],[22.8305049,48.1177303],[22.8305864,48.1177071],[22.8306616,48.1176893],[22.8307546,48.117672],[22.8310463,48.1176241],[22.8310906,48.117614],[22.8311292,48.1176036],[22.8311623,48.1175894],[22.8312,48.1175665],[22.8312203,48.1175488],[22.8312478,48.1175107],[22.8312572,48.1174629],[22.8312567,48.1174359],[22.8312562,48.117407],[22.8312564,48.1172413],[22.8312675,48.1171565],[22.8312974,48.1170751],[22.8313247,48.1170406],[22.8313524,48.1170124],[22.8314009,48.1169676],[22.8314946,48.1168889],[22.8315569,48.1168418],[22.8322226,48.1163494],[22.8329329,48.115824],[22.8329585,48.1158047],[22.8331218,48.1156815],[22.8331789,48.1156385],[22.833242,48.1155909],[22.8352486,48.1140775],[22.8353167,48.1140238],[22.8353968,48.113955],[22.8354417,48.1139079],[22.8354797,48.1138616],[22.8355189,48.1138073],[22.8355603,48.1137455],[22.8355896,48.1136849],[22.8356308,48.1135926],[22.8359275,48.1127898],[22.8360011,48.1125908],[22.8360669,48.1124368],[22.8362806,48.1120087],[22.8364303,48.1117168],[22.8364471,48.1116841],[22.8365198,48.1115209],[22.836553,48.11144],[22.8366274,48.1112338],[22.836668,48.1111045],[22.8366866,48.1109982],[22.8366946,48.1109358],[22.8366988,48.110903],[22.8366996,48.1108274],[22.8366897,48.1107517]]}},
{"type":"Feature","properties":{"ref":"F-1","layer":"Green_roads","id_object":"FL0114"},"geometry":{"type":"LineString","coordinates":[[22.8345246,48.0932749],[22.8347364,48.0933749]]}},
{"type":"Feature","properties":{"ref":"F-1","layer":"Green_roads","id_object":"FL0114"},"geometry":{"type":"LineString","coordinates":[[22.8375032,48.09399],[22.8372199,48.0939528],[22.8371085,48.0939344],[22.8370608,48.0939242],[22.8368083,48.0938705],[22.8366951,48.093847],[22.8365861,48.0938234],[22.8364942,48.0938044],[22.8364135,48.0937908],[22.8363612,48.0937833],[22.8362061,48.0937614],[22.8357491,48.0936967],[22.8355373,48.0936667],[22.8354708,48.0936609],[22.8353724,48.0936585],[22.8353182,48.0936535],[22.8352778,48.0936446],[22.8352416,48.0936329],[22.8350943,48.0935796],[22.8350625,48.0935663],[22.8347635,48.0934235],[22.8347478,48.093413],[22.8347399,48.0933976],[22.8347364,48.0933749]]}},
{"type":"Feature","properties":{"ref":"F-1","layer":"Green_roads","id_object":"FL0114"},"geometry":{"type":"LineString","coordinates":[[22.8347364,48.0933749],[22.83477,48.0933725],[22.8348084,48.0933769],[22.8348416,48.0933882],[22.8350715,48.0934984],[22.8351348,48.0935256],[22.8352077,48.09355],[22.8352846,48.0935755],[22.8353287,48.093588],[22.8353652,48.093596],[22.835399,48.0935998],[22.8354916,48.0936003],[22.8355262,48.0936025],[22.8357734,48.0936377],[22.8360693,48.0936799],[22.8360999,48.0936824],[22.8361982,48.0936843],[22.8362299,48.0936867],[22.836385,48.0937088],[22.8364134,48.0937146],[22.8364384,48.0937202],[22.8365803,48.0937636],[22.8366385,48.0937798],[22.8367074,48.0937979],[22.8367935,48.0938184],[22.8368792,48.0938354],[22.8370829,48.093873],[22.837522,48.0939546]]}},
{"type":"Feature","properties":{"ref":"F-1","layer":"Green_roads","id_object":"FL0114"},"geometry":{"type":"LineString","coordinates":[[22.8375032,48.09399],[22.8374472,48.0941209],[22.8373793,48.0942942],[22.8367236,48.0967662],[22.8367028,48.0968487],[22.8366978,48.09688],[22.8366945,48.0969126],[22.8366962,48.0969512],[22.836703,48.0969913],[22.8367211,48.0970301],[22.8367238,48.097036],[22.8367618,48.0970934],[22.8372165,48.0976618],[22.8372483,48.097705],[22.8372762,48.0977555],[22.8372944,48.0978051],[22.8373059,48.0978711],[22.8373101,48.0979189],[22.8373096,48.0979634],[22.8372943,48.0980112],[22.8372682,48.0980613],[22.8372363,48.0981182],[22.8372005,48.0981666],[22.8371629,48.0982052],[22.8370998,48.0982649],[22.8364494,48.0988598],[22.836385,48.0989283],[22.8363155,48.0990091],[22.8362434,48.0991008],[22.8361829,48.0991865],[22.8361331,48.0992621],[22.8359907,48.0995232],[22.8357619,48.0999878],[22.8356637,48.1002073],[22.8356274,48.1002929],[22.8354884,48.1006796],[22.8354178,48.100901],[22.8354017,48.1009724],[22.8353925,48.1010319],[22.8353862,48.1010948],[22.8353457,48.1015682],[22.8352624,48.1026126],[22.8352402,48.103073],[22.835246,48.1033266],[22.8352664,48.103616],[22.8352705,48.1036734],[22.8353184,48.1043205],[22.8353378,48.1047348],[22.8353483,48.1048499],[22.8354073,48.1054901],[22.8354513,48.1060534],[22.8354582,48.1061612],[22.8354687,48.1062847],[22.8354905,48.106499],[22.8355306,48.1068002],[22.8355526,48.1069657],[22.8355941,48.1072777],[22.8356319,48.1075779],[22.8356481,48.1078802],[22.8356627,48.1081014],[22.8356777,48.1082666],[22.8356916,48.1083803],[22.835703,48.1084733],[22.8357205,48.1085571],[22.8357446,48.108671],[22.8357963,48.1088437],[22.835831,48.1089569],[22.8359021,48.109144],[22.8359493,48.1092653],[22.8359738,48.1093205],[22.8360759,48.1095501],[22.8361397,48.1096804],[22.8362543,48.1099101],[22.836271,48.1099392],[22.836305,48.1099987],[22.8363678,48.1101085],[22.836463,48.1102723],[22.8365778,48.1104699],[22.8366062,48.1105187],[22.8366192,48.1105479],[22.8366466,48.1106092],[22.836673,48.1106861],[22.8366897,48.1107517]]}},
{"type":"Feature","properties":{"ref":"F-1","layer":"Green_roads","id_object":"FL0114"},"geometry":{"type":"LineString","coordinates":[[22.8366897,48.1107517],[22.837094931627636,48.110720719884604]]}},
{"type":"Feature","properties":{"ref":"F-1","layer":"Green_roads","id_object":"FL0114"},"geometry":{"type":"LineString","coordinates":[[22.837522,48.0939546],[22.8375032,48.09399]]}},
{"type":"Feature","properties":{"ref":"F-1","layer":"Green_roads","id_object":"FL0114"},"geometry":{"type":"LineString","coordinates":[[23.0018697,47.9995521],[23.0018582,47.9998591],[23.001856,47.9999195],[23.0018588,48.000002],[23.0018789,48.0003286],[23.0018851,48.0004295],[23.0018947,48.0005871],[23.0018932,48.0007651],[23.0018868,48.0010508],[23.0018821,48.0012584],[23.0018759,48.0015337],[23.0018818,48.0022249],[23.0018712,48.0027594],[23.0018708,48.0027812],[23.0018702,48.0028098],[23.0018467,48.0039943],[23.0018437,48.004147],[23.0018406,48.0043026],[23.0018315,48.0047674],[23.0018307,48.0048069],[23.0018208,48.0053063],[23.0018098,48.0058594],[23.0018005,48.0063267],[23.001799,48.0064046],[23.001798,48.0064981],[23.0017781,48.0083883],[23.0017762,48.0099107],[23.0017394,48.0101027],[23.0016938,48.0102571],[23.001616,48.0104301],[23.0014859,48.010667],[23.0013626,48.0108951],[23.001355,48.0109091],[23.0005643,48.0123719],[23.0005115,48.0124696],[22.9999959,48.0134234],[22.9997088,48.0139368],[22.9996807,48.013987],[22.9996627,48.0140192],[22.9995344,48.0142486],[22.999449,48.0144014],[22.9994399,48.0144176],[22.9992787,48.0146986],[22.9992321,48.0147566],[22.9991769,48.0148023],[22.9991141,48.0148401],[22.9990375,48.0148753],[22.9989602,48.0149027],[22.9978118,48.0152926],[22.9972653,48.0154781],[22.9967564,48.0156509],[22.9946371,48.0163704],[22.9944894,48.0164205],[22.9940683,48.0165635],[22.9928878,48.0169647],[22.9927127,48.0170246],[22.9920361,48.0172559],[22.9919309,48.0172919],[22.9893076,48.0181891],[22.9849754,48.0196834],[22.9846737,48.0197849],[22.9843053,48.0199119],[22.984093,48.0199847],[22.9838953,48.0200524],[22.9838728,48.0200602],[22.9826892,48.0204682],[22.9799435,48.0214231],[22.9796972,48.0215263],[22.9794436,48.0216605],[22.9783907,48.0222277],[22.9740946,48.0245117],[22.9739699,48.0245786],[22.973321,48.0249292],[22.9732815,48.0249501],[22.9711771,48.0260657],[22.9697419,48.0268266],[22.96968,48.0268596],[22.9677247,48.0279034],[22.9637648,48.0300112],[22.9634158,48.030197],[22.9633397,48.0302381],[22.9620053,48.0309488],[22.9614958,48.0312192],[22.9588766,48.032614],[22.9517939,48.0363826],[22.9517024,48.0364313],[22.9516154,48.0364768],[22.9498806,48.0374008],[22.947353,48.0387459],[22.9471922,48.0388315],[22.9465673,48.039164],[22.946351,48.0392791],[22.9461042,48.0394181],[22.9460522,48.0394449],[22.9460011,48.0394747],[22.9459545,48.0395033],[22.9459092,48.0395365],[22.9458286,48.039595],[22.9457759,48.039634],[22.9457688,48.0396393],[22.9457248,48.0396806],[22.9456082,48.0397837],[22.94552,48.0399025],[22.9454556,48.0399952],[22.9454055,48.0400907],[22.9453685,48.0401888],[22.9453371,48.0402884],[22.9453175,48.0403858],[22.9453141,48.0404833],[22.9453314,48.0406818],[22.9453613,48.040891],[22.9453644,48.0409905],[22.9453553,48.0410873],[22.9453224,48.0412897],[22.9452571,48.0414825],[22.9451346,48.041871],[22.9445987,48.0435996],[22.9438231,48.0457805],[22.9433759,48.0470235],[22.9430044,48.0481398],[22.9425306,48.0495738],[22.9423039,48.0503907],[22.9422632,48.050514],[22.9422517,48.0505489],[22.94106,48.0541647],[22.9406493,48.0554109],[22.9406205,48.0554999],[22.9405963,48.0555746],[22.9405612,48.055689],[22.9404553,48.0560038],[22.9389297,48.0605742],[22.938388,48.0621139],[22.9383311,48.0622884],[22.9380761,48.0631241],[22.9380369,48.0632374],[22.9379914,48.0633401],[22.9379464,48.0634284],[22.9378822,48.063552],[22.9378076,48.0636507],[22.9377251,48.063739],[22.9376375,48.0638165],[22.9375506,48.0638841],[22.9371141,48.0641809],[22.9370266,48.0642299],[22.9369304,48.0642725],[22.9368301,48.0643123],[22.936735,48.064342],[22.9366516,48.0643634],[22.9365643,48.0643802],[22.9364583,48.0643942],[22.936337,48.0644075],[22.9356936,48.0644635],[22.9355835,48.0644756],[22.9354662,48.0644941],[22.9353378,48.06452],[22.935205,48.0645493],[22.934771,48.0646517],[22.9345238,48.0647066],[22.9344063,48.0647284],[22.9342783,48.0647464],[22.9341489,48.0647598],[22.9340324,48.0647674],[22.9337123,48.0647911],[22.9335548,48.0648064],[22.9333694,48.0648266],[22.933197,48.0648501],[22.9330149,48.0648787],[22.9328471,48.0649106],[22.9326987,48.0649411],[22.9325518,48.0649746],[22.932401,48.0650148],[22.9322843,48.0650531],[22.9321924,48.0650898],[22.9321378,48.0651173],[22.9320911,48.0651426],[22.9317209,48.0653621],[22.9316387,48.0654081],[22.9315255,48.0654638],[22.9314526,48.0654985],[22.9313449,48.0655513],[22.9312421,48.0655976],[22.9310089,48.0657004],[22.9308302,48.0657772],[22.9306803,48.0658339],[22.9305352,48.065887],[22.930372,48.0659418],[22.9280333,48.0666596],[22.9275319,48.0668074],[22.9273715,48.0668525],[22.9269241,48.0669747],[22.926714,48.0670355],[22.9265985,48.0670685],[22.926388,48.0671301],[22.9263011,48.0671582],[22.9260627,48.0672336],[22.9259226,48.0672773],[22.9257989,48.0673152],[22.9256303,48.0673604],[22.925468,48.0673985],[22.9251694,48.0674643],[22.9248309,48.0675373],[22.9237405,48.0677708],[22.9235633,48.0678081],[22.9234178,48.0678366],[22.9232157,48.0678697],[22.9230391,48.0678989],[22.9228586,48.0679216],[22.9226626,48.06794],[22.9224914,48.0679542],[22.9217615,48.0679961],[22.9214716,48.0680127],[22.9213747,48.0680228],[22.9212836,48.0680352],[22.921192,48.0680541],[22.9211069,48.0680777],[22.9210069,48.0681152],[22.9209108,48.0681569],[22.9208146,48.0682071],[22.9200975,48.0686313],[22.9193158,48.0690974],[22.9186586,48.0694925],[22.9185517,48.0695649],[22.9184673,48.0696312],[22.9183538,48.0697228],[22.9182673,48.0697933],[22.9181935,48.0698702],[22.9181313,48.069948],[22.918008,48.0701016],[22.917939,48.0701899],[22.9178659,48.070278],[22.9177718,48.0703808],[22.9176586,48.0704882],[22.9175218,48.070607],[22.916425,48.071464],[22.9163061,48.0715478],[22.9162145,48.0716085],[22.9161483,48.0716454],[22.916082,48.0716787],[22.9160083,48.0717091],[22.9159415,48.0717357],[22.9158778,48.071759],[22.9158057,48.0717824],[22.9157306,48.0718057],[22.9150072,48.0719977],[22.9148803,48.072037],[22.9147598,48.0720824],[22.9146695,48.0721261],[22.9145836,48.0721796],[22.9145055,48.0722408],[22.9134397,48.0732369],[22.9123782,48.0741731],[22.9121846,48.0743372],[22.9121102,48.074398],[22.9120244,48.0744572],[22.9119115,48.0745323],[22.9118165,48.0745886],[22.9117445,48.074622],[22.9116697,48.0746472],[22.911585,48.0746667],[22.9115062,48.074677],[22.9114166,48.0746828],[22.9113223,48.0746828],[22.9112327,48.0746789],[22.9111365,48.0746701],[22.9106852,48.0746238],[22.9106236,48.0746174],[22.9105853,48.0746135],[22.906438,48.0741877],[22.8968006,48.0731982],[22.8919572,48.0727009],[22.8910723,48.0726101],[22.887723,48.0722662],[22.8857645,48.0720651],[22.885636,48.0720549],[22.8855257,48.0720481],[22.8853996,48.0720459],[22.8853302,48.0720484],[22.8852688,48.0720532],[22.8851925,48.0720651],[22.8851318,48.0720782],[22.8850717,48.0720939],[22.8850119,48.0721123],[22.8849414,48.072138],[22.8848841,48.0721607],[22.8848018,48.0721992],[22.8847189,48.0722435],[22.8846396,48.0722939],[22.8837644,48.0729771],[22.8837185,48.0730129],[22.8836463,48.0730727],[22.8836097,48.073103],[22.8825605,48.0739981],[22.8824125,48.07412],[22.8822442,48.0742508],[22.8820916,48.0743639],[22.8817583,48.0746146],[22.8817231,48.0746417],[22.8816023,48.0747333],[22.8813676,48.0749112],[22.8812684,48.0749792],[22.8812064,48.075018],[22.8811571,48.0750488],[22.8810582,48.0750941],[22.8809528,48.0751247],[22.8808192,48.0751407],[22.8807205,48.0751399],[22.880631,48.0751309],[22.8805673,48.0751184],[22.8805083,48.075102],[22.8804477,48.0750766],[22.8803737,48.0750395],[22.8802965,48.074992],[22.880228,48.0749402],[22.8799509,48.0747186],[22.8794993,48.0743646],[22.8794451,48.0743285],[22.8793909,48.0742978],[22.8793389,48.0742749],[22.8792642,48.0742474],[22.8791867,48.0742293],[22.8791029,48.0742199],[22.8790323,48.0742175],[22.8789701,48.0742168],[22.8788963,48.0742226],[22.8788086,48.0742422],[22.878723,48.074268],[22.8786365,48.0743004],[22.8779054,48.0745885],[22.8772483,48.0748475],[22.8766229,48.075094],[22.8764363,48.0751724],[22.8762226,48.075268],[22.8760334,48.0753598],[22.8758289,48.075466],[22.8756408,48.075574],[22.8754567,48.0756893],[22.8747173,48.0761886],[22.874653,48.0762323],[22.8745851,48.0762786],[22.8745679,48.0762903],[22.8726097,48.0776241],[22.8725416,48.0776705],[22.872396,48.0777673],[22.8723286,48.0778121],[22.8722406,48.0778744],[22.8721643,48.0779263],[22.8721092,48.0779638],[22.871976,48.0780486],[22.8718525,48.078123],[22.8717336,48.0781901],[22.871628,48.078246],[22.8715944,48.0782635],[22.8715303,48.0782968],[22.8714284,48.0783479],[22.8713032,48.078409],[22.8711725,48.0784692],[22.8710538,48.0785198],[22.8658477,48.0806573],[22.864543,48.0811925],[22.8631961,48.0817503],[22.8596577,48.0831954],[22.8543009,48.0853831],[22.8515464,48.086508],[22.8493719,48.0873936],[22.8462193,48.0886671],[22.8459416,48.0887791],[22.8457973,48.0888395],[22.8456142,48.088919],[22.8454242,48.0890047],[22.8453154,48.0890589],[22.8452139,48.0891135],[22.8451152,48.0891726],[22.8450282,48.0892297],[22.8449511,48.0892857],[22.8448527,48.0893619],[22.8447377,48.0894542],[22.8446265,48.0895481],[22.8443846,48.0897729],[22.8443042,48.0898474],[22.8441982,48.0899368],[22.844118,48.0900037],[22.8440279,48.0900757],[22.8439179,48.0901579],[22.8437221,48.0902983],[22.8435657,48.0904075],[22.842469,48.091136],[22.8418913,48.0915197],[22.8401668,48.0926651],[22.840019,48.0927625],[22.8398843,48.0928457],[22.8397529,48.0929198],[22.8396525,48.0929711],[22.8395275,48.093027],[22.839411,48.0930729],[22.8392852,48.0931145],[22.8391626,48.0931477],[22.8386034,48.0932793],[22.8384451,48.0933199],[22.8382953,48.0933678],[22.8381255,48.0934331],[22.8379694,48.0935157],[22.8378652,48.0935804],[22.8377777,48.0936489],[22.8376817,48.0937333],[22.837606,48.0938168],[22.8375565,48.0938898],[22.837522,48.0939546]]}},
{"type":"Feature","properties":{"ref":"F-1","layer":"Green_roads","id_object":"FL0114"},"geometry":{"type":"LineString","coordinates":[[23.0014832,47.9958501],[23.0014771,47.9959151],[23.0014828,47.9959827],[23.0014939,47.9960444],[23.001508,47.9961205],[23.001576,47.9963545],[23.001769,47.9968413],[23.0018172,47.9969929],[23.0018521,47.9971671],[23.0018694,47.997387],[23.0018882,47.9977576],[23.0018869,47.997942],[23.0018826,47.9985613]]}},
{"type":"Feature","properties":{"ref":"F-1","layer":"Green_roads","id_object":"FL0114"},"geometry":{"type":"LineString","coordinates":[[23.0018697,47.9995521],[23.0018498,47.9994446],[23.0018464,47.999375],[23.0018499,47.9990496],[23.0018515,47.9988972],[23.0018636,47.9987231],[23.0018826,47.9985613]]}},
{"type":"Feature","properties":{"ref":"F-1","layer":"Green_roads","id_object":"FL0114"},"geometry":{"type":"LineString","coordinates":[[23.0018826,47.9985613],[23.0019198,47.9987532],[23.0019417,47.9988362],[23.0019707,47.9989216],[23.0019643,47.9990538],[23.0019499,47.9993527],[23.0019339,47.9994099],[23.0018697,47.9995521]]}},
{"type":"Feature","properties":{"ref":"KPP","layer":"Kpp_roads","id_object":"KP0115"},"geometry":{"type":"LineString","coordinates":[[22.26268470255296,48.656928523289487],[22.26450069988158,48.65205254874332],[22.27076881969327,48.654335801883114],[22.268542758451733,48.658515048237383],[22.26268470255296,48.656889826935277],[22.270534497457319,48.654297103538767],[22.264676441558546,48.652323448589755],[22.268425597333756,48.65843765793494]]}},
{"type":"Feature","properties":{"ref":"KPP","layer":"Kpp_roads","id_object":"KPK0116"},"geometry":{"type":"LineString","coordinates":[[22.133514569984925,48.434200155556653],[22.135330567313545,48.429324181010486],[22.141598687125235,48.43160743415028],[22.139372625883698,48.435786680504549],[22.133514569984925,48.434161459202443],[22.141364364889284,48.431568735805932],[22.135506308990511,48.42959508085692],[22.139255464765721,48.435709290202105]]}},
{"type":"Feature","properties":{"ref":"KPP","layer":"Kpp_roads","id_object":"KP0117"},"geometry":{"type":"LineString","coordinates":[[22.167491294197831,48.415851180052528],[22.169307291526451,48.410975205506361],[22.175575411338141,48.413258458646155],[22.173349350096604,48.417437705000424],[22.167491294197831,48.415812483698318],[22.17534108910219,48.413219760301807],[22.169483033203417,48.411246105352795],[22.173232188978627,48.41736031469798]]}},
{"type":"Feature","properties":{"ref":"KPP","layer":"Kpp_roads","id_object":"KP0118"},"geometry":{"type":"LineString","coordinates":[[22.314294175021182,48.319644098934617],[22.316110172349802,48.314768124388451],[22.322378292161492,48.317051377528244],[22.320152230919955,48.321230623882514],[22.314294175021182,48.319605402580407],[22.322143969925541,48.317012679183897],[22.316285914026768,48.315039024234885],[22.320035069801978,48.32115323358007]]}},
{"type":"Feature","properties":{"ref":"KPP","layer":"Kpp_roads","id_object":"KP0119"},"geometry":{"type":"LineString","coordinates":[[22.527703151413636,48.210959623040459],[22.529519148742256,48.206083648494293],[22.535787268553946,48.208366901634086],[22.53356120731241,48.212546147988355],[22.527703151413636,48.210920926686249],[22.535552946317996,48.208328203289739],[22.529694890419222,48.206354548340727],[22.533444046194433,48.212468757685912]]}},
{"type":"Feature","properties":{"ref":"KPP","layer":"Kpp_roads","id_object":"KP0120"},"geometry":{"type":"LineString","coordinates":[[22.569412509412931,48.166905368357618],[22.571228506741551,48.162029393811451],[22.577496626553241,48.164312646951245],[22.575270565311705,48.168491893305514],[22.569412509412931,48.166866672003408],[22.577262304317291,48.164273948606898],[22.571404248418517,48.162300293657886],[22.575153404193728,48.168414503003071]]}},
{"type":"Feature","properties":{"ref":"KPP","layer":"Kpp_roads","id_object":"KP0121"},"geometry":{"type":"LineString","coordinates":[[22.998456523439366,47.997209419001777],[23.000272520767986,47.99233344445561],[23.006540640579676,47.994616697595404],[23.004314579338139,47.998795943949673],[22.998456523439366,47.997170722647567],[23.006306318343725,47.994577999251057],[23.000448262444952,47.992604344302045],[23.004197418220162,47.99871855364723]]}},
{"type":"Feature","properties":{"ref":"KPP","layer":"Kpp_roads","id_object":"KP0122"},"geometry":{"type":"LineString","coordinates":[[23.934691017181919,47.949048039088815],[23.936507014510539,47.944172064542649],[23.942775134322229,47.946455317682442],[23.940549073080692,47.950634564036712],[23.934691017181919,47.949009342734605],[23.942540812086278,47.946416619338095],[23.936682756187505,47.944442964389083],[23.940431911962715,47.950557173734268]]}},
{"type":"Feature","properties":{"ref":"М-06","layer":"Roads_red_perspective","id_object":"MK0123"},"geometry":{"type":"LineString","coordinates":[[22.1703336,48.4211979],[22.1701812,48.4204336],[22.1701574,48.4198504],[22.1701951,48.419348],[22.170208,48.419176],[22.1702369,48.419049],[22.1702955,48.4188704],[22.1703036,48.4187854],[22.1702832,48.4186713],[22.1702326,48.4186084],[22.1701725,48.418508],[22.170023,48.4183869],[22.1698961,48.4183134],[22.169688,48.4182261],[22.1695459,48.4181566],[22.1694466,48.4180516],[22.1693822,48.4179679],[22.1693474,48.417854],[22.1693559,48.4177113],[22.1693936,48.417559],[22.1694301,48.4174116],[22.1695225,48.4172372],[22.1695688,48.417169],[22.1697111,48.4170854],[22.1698513,48.4170338]]}},
{"type":"Feature","properties":{"ref":"М-06","layer":"Roads_red_perspective","id_object":"MK0123"},"geometry":{"type":"LineString","coordinates":[[22.1703336,48.4211979],[22.1691471,48.4207775],[22.1686188,48.4205491],[22.1683947,48.4203472],[22.1683787,48.419152],[22.168931,48.4187377],[22.1690604,48.4184101],[22.1690127,48.4180544],[22.1687402,48.4175291],[22.1687948,48.4174274],[22.1688465,48.4173313],[22.1691576,48.417127],[22.1698513,48.4170338]]}},
{"type":"Feature","properties":{"ref":"М-06","layer":"Roads_red_perspective","id_object":"MK0123"},"geometry":{"type":"LineString","coordinates":[[22.1698513,48.4170338],[22.1701391,48.4169382],[22.1703483,48.4168659],[22.1705047,48.4167827],[22.1706693,48.4166232],[22.1707468,48.4164798]]}},
{"type":"Feature","properties":{"ref":"М-06","layer":"Roads_red_perspective","id_object":"MK0123"},"geometry":{"type":"LineString","coordinates":[[22.1970016,48.4434282],[22.195648,48.4429895],[22.1941232,48.4424486],[22.1932769,48.4421474],[22.1917851,48.4416105],[22.1909576,48.4413127],[22.1899767,48.440961],[22.1887887,48.440535],[22.1878354,48.4401773],[22.1870211,48.4398936],[22.1864178,48.4396699],[22.1850701,48.439189],[22.1834435,48.4386072],[22.182514,48.4382723],[22.1819443,48.4380361],[22.1814348,48.4377983],[22.1810827,48.4376075],[22.1805314,48.4372836],[22.1798094,48.436777],[22.1791852,48.4362608],[22.1788493,48.4359498],[22.1784316,48.4354652],[22.1780379,48.4349074],[22.1769215,48.4328942],[22.1761119,48.4314205],[22.1755529,48.4304262],[22.1753046,48.4299412],[22.1750575,48.4294743],[22.1748745,48.429136],[22.1748359,48.4290645],[22.1746349,48.4287149],[22.1744458,48.4283928],[22.173999,48.4276638],[22.1731236,48.426231],[22.1721877,48.4246101],[22.1718374,48.4240387],[22.1713496,48.42324],[22.1709364,48.4225583],[22.1706615,48.4220268],[22.170569,48.4218122],[22.1704562,48.421539],[22.1703336,48.4211979]]}},
{"type":"Feature","properties":{"ref":"М-06","layer":"Roads_red_perspective","id_object":"MK0123"},"geometry":{"type":"LineString","coordinates":[[22.1703947,48.4188757],[22.1703872,48.4190368],[22.1703785,48.4192257],[22.1703693,48.4193528],[22.1703535,48.4195716],[22.1703443,48.4201596],[22.1703596,48.4204126],[22.1703728,48.4206294],[22.1704227,48.4208628],[22.1704803,48.4211323],[22.1705876,48.4215015],[22.1707376,48.4218777],[22.1707504,48.4219048],[22.1708873,48.4221954],[22.171227,48.4228124],[22.1723013,48.4245839],[22.1732918,48.4262172],[22.1736273,48.4267308],[22.1739153,48.4272436],[22.1742199,48.4277212],[22.174617,48.4283438],[22.175062,48.4290941],[22.1750892,48.4291438],[22.1757691,48.4303867],[22.1762931,48.4313622],[22.1764305,48.4316225],[22.1771255,48.4328719],[22.1782284,48.4348761],[22.1785013,48.4352467],[22.1788749,48.4356859],[22.1791992,48.4360172],[22.1796929,48.4364622],[22.1800204,48.4367135],[22.1804017,48.43698],[22.1809954,48.4373566],[22.1814628,48.43761],[22.1818889,48.437834],[22.1822097,48.4379717],[22.1824582,48.4380784],[22.1827409,48.4381891],[22.1831998,48.4383689],[22.1843697,48.438794],[22.1850621,48.4390396],[22.1865466,48.4395644],[22.1881038,48.4401384],[22.1887074,48.440358],[22.1906506,48.4410582],[22.192698,48.4418058],[22.1932814,48.4420134],[22.1944557,48.4424469],[22.1956203,48.4428768],[22.1959411,48.4429886],[22.1970016,48.4434282]]}},
{"type":"Feature","properties":{"ref":"М-06","layer":"Roads_red_perspective","id_object":"MK0123"},"geometry":{"type":"LineString","coordinates":[[22.1707468,48.4164798],[22.1706121,48.4174533],[22.1705926,48.4175637],[22.1705697,48.4176989],[22.1703947,48.4188757]]}},
{"type":"Feature","properties":{"ref":"М-06","layer":"Roads_red_perspective","id_object":"MK0123"},"geometry":{"type":"LineString","coordinates":[[22.1707468,48.4164798],[22.1707551,48.4168553],[22.1707839,48.4169332],[22.1708566,48.4169786],[22.1711,48.4170654],[22.1714219,48.417113],[22.1716206,48.4171494],[22.1717437,48.4172025],[22.1718893,48.4174236],[22.17192,48.4175328],[22.1718501,48.4176615],[22.1715926,48.417793],[22.1713148,48.4179159],[22.1711917,48.4179764],[22.1710571,48.4180426],[22.1707166,48.4182716],[22.1705655,48.4184703],[22.1703947,48.4188757]]}},
{"type":"Feature","properties":{"ref":"М-06","layer":"Roads_red_perspective","id_object":"MK0123"},"geometry":{"type":"LineString","coordinates":[[22.1707468,48.4164798],[22.1712506,48.4146137],[22.1713823,48.4140735],[22.1715183,48.4135478]]}},
{"type":"Feature","properties":{"ref":"М-06","layer":"Roads_red_perspective","id_object":"MK0123"},"geometry":{"type":"LineString","coordinates":[[22.2742383,48.5797188],[22.274166,48.5795138],[22.2740936,48.5793204],[22.2738674,48.5787893],[22.2737843,48.578597],[22.27372,48.5784228],[22.2735616,48.5779189],[22.2734595,48.5775439],[22.2733112,48.5769992],[22.2731982,48.5765224],[22.2731153,48.5762047],[22.2729784,48.5757019],[22.2723543,48.5733964],[22.2721243,48.572464],[22.2720356,48.5721482],[22.2719854,48.5719516],[22.2715336,48.5702148],[22.2713971,48.5696898],[22.2713211,48.5694003],[22.2712031,48.5689524],[22.2711052,48.5685808],[22.2708671,48.5676916],[22.2708601,48.5676654],[22.2708211,48.567516],[22.2708087,48.5674684],[22.2703546,48.565804],[22.2701427,48.5649999],[22.2699063,48.5640478],[22.2697602,48.563558],[22.2696793,48.5633483],[22.2696304,48.5632497],[22.2695553,48.5631287],[22.269448,48.5629995],[22.269351,48.5628774],[22.2692657,48.5627963],[22.2687205,48.5623061],[22.2684596,48.5620831],[22.2679031,48.5616007],[22.2672784,48.5610717],[22.2654484,48.559507],[22.2644108,48.5586302],[22.2639731,48.5582604],[22.262815,48.5572958],[22.261797,48.5564252],[22.261527,48.5561741],[22.2613629,48.5560215],[22.2612726,48.5559218],[22.2611235,48.555746],[22.2609508,48.5554797],[22.2608198,48.5552482],[22.2607151,48.5550389],[22.2601641,48.5539968],[22.2598429,48.5532971],[22.2598087,48.5532307],[22.2588989,48.5514735],[22.2576955,48.5491689],[22.2568613,48.5476058],[22.2564286,48.5468561],[22.2561067,48.5463074],[22.2559699,48.5460713],[22.255742,48.5456966],[22.255471,48.5452562],[22.2552694,48.5449276],[22.2550158,48.5445144],[22.2508313,48.5376617],[22.2464055,48.5303161],[22.2433963,48.5253719],[22.2411373,48.5215949],[22.2389329,48.5178665],[22.238528,48.5172001],[22.2372323,48.5150169],[22.2362641,48.5133934],[22.2349609,48.5112046],[22.2345529,48.5105254],[22.2345282,48.5104843],[22.2344969,48.5104322],[22.2339167,48.5094665],[22.2338433,48.5093442],[22.2336544,48.5090302],[22.2325584,48.5071734],[22.2317554,48.5058392],[22.2315645,48.505497],[22.231417,48.5052571],[22.2311689,48.5048936],[22.2306681,48.5042623],[22.2302322,48.5037102],[22.2292684,48.5024895],[22.229192,48.502409],[22.2286533,48.5017542],[22.2286106,48.5016697],[22.2285904,48.5015519],[22.2286133,48.5014387],[22.2286571,48.5013185],[22.2298897,48.4994243],[22.2299986,48.4992556],[22.2314715,48.4969727],[22.2317458,48.4965233],[22.2318944,48.4962915],[22.2319946,48.4960159],[22.2323922,48.4940975],[22.23251,48.493578],[22.2328973,48.4915057],[22.2329365,48.491296],[22.232978,48.4910489],[22.2329826,48.4909279],[22.2329547,48.4907568],[22.2329441,48.4907164],[22.2329189,48.4906203],[22.2328701,48.4905128],[22.2327496,48.4902474],[22.2319336,48.4887015],[22.2302654,48.4856026],[22.2292841,48.4837244],[22.2291529,48.4835369],[22.2288998,48.48327],[22.2260204,48.4803803],[22.22566,48.4800167],[22.2251787,48.4795312],[22.2244169,48.4787649],[22.2227247,48.4770626],[22.22086,48.4751697],[22.2204227,48.4746959],[22.2200824,48.4742954],[22.2197434,48.4737728],[22.2183785,48.4707128],[22.2157858,48.4651015],[22.2154145,48.4642978],[22.2149041,48.4633078],[22.214555,48.4627387],[22.2140926,48.4620794],[22.2137328,48.4615662],[22.2134499,48.4611602],[22.2130782,48.4606316],[22.2128531,48.4603117],[22.21262,48.4599802],[22.2107835,48.4573697],[22.2099235,48.4561472],[22.2093304,48.4553041],[22.2081766,48.4536495],[22.2067582,48.4516207],[22.2065575,48.4513336],[22.2048565,48.4489004],[22.2043331,48.4480528],[22.2036868,48.4468645],[22.2034174,48.4463991],[22.2031622,48.4460064],[22.2030404,48.4458557],[22.2028998,48.4457052],[22.202744,48.4455605],[22.2025672,48.4454259],[22.2023716,48.4452967],[22.2021559,48.4451785],[22.2019234,48.44507],[22.2014242,48.4448729],[22.200034,48.4443986],[22.1992385,48.4441413],[22.1984661,48.4438975],[22.1970016,48.4434282]]}},
{"type":"Feature","properties":{"ref":"М-06","layer":"Roads_red_perspective","id_object":"MK0123"},"geometry":{"type":"LineString","coordinates":[[22.2742383,48.5797188],[22.2743635,48.579961],[22.2744653,48.580076],[22.2746505,48.5801964],[22.2748338,48.5802941],[22.274896,48.5803218],[22.2753083,48.5804305],[22.2755046,48.5804633],[22.2757003,48.580489],[22.2760062,48.5805018],[22.2760804,48.5805211]]}},
{"type":"Feature","properties":{"ref":"М-06","layer":"Roads_red_perspective","id_object":"MK0123"},"geometry":{"type":"LineString","coordinates":[[22.2760804,48.5805211],[22.2757285,48.5805349],[22.275483,48.5805474],[22.2753677,48.5805626],[22.2752409,48.5805851],[22.2750378,48.580638],[22.274921,48.5806696],[22.2748926,48.5806838],[22.2748653,48.5806975],[22.2747611,48.5807152],[22.2746487,48.5807163],[22.274542,48.5806927],[22.2744532,48.5806471],[22.2743922,48.5805846],[22.2743658,48.5805122],[22.2743612,48.5804552],[22.2743453,48.5802696],[22.2742794,48.5799145],[22.2742383,48.5797188]]}},
{"type":"Feature","properties":{"ref":"М-06","layer":"Roads_red_perspective","id_object":"MK0123"},"geometry":{"type":"LineString","coordinates":[[22.3046532,48.5786373],[22.3035222,48.5785147],[22.3030753,48.5784769],[22.301698,48.5783997],[22.3013372,48.578389],[22.2997784,48.5783624],[22.2990346,48.5783418],[22.2927063,48.5781665],[22.2919322,48.5781728],[22.2916989,48.5781687],[22.2911632,48.5782167],[22.2905815,48.5782886],[22.2900186,48.5783658],[22.2867107,48.5790398],[22.28375,48.5796904],[22.2835629,48.5797316],[22.2824508,48.5799804],[22.2817069,48.5801313],[22.2810399,48.5802717],[22.2806945,48.5803372],[22.2802995,48.5804057],[22.2797075,48.5804756],[22.2792435,48.5805164],[22.2788763,48.5805288],[22.2784361,48.580543],[22.2779247,48.5805435],[22.2776556,48.5805423],[22.2765547,48.5805296],[22.2760804,48.5805211]]}},
{"type":"Feature","properties":{"ref":"М-06","layer":"Roads_red_perspective","id_object":"MK0123"},"geometry":{"type":"LineString","coordinates":[[22.3046532,48.5786373],[22.3048494,48.5786494],[22.3061829,48.5788075],[22.3066344,48.5788285]]}},
{"type":"Feature","properties":{"ref":"М-06","layer":"Roads_red_perspective","id_object":"MK0123"},"geometry":{"type":"LineString","coordinates":[[22.3066438,48.5789811],[22.3065846,48.5789637],[22.3064908,48.5789414],[22.3061634,48.5788854],[22.3049002,48.5787081],[22.3047588,48.5786725],[22.3046532,48.5786373]]}},
{"type":"Feature","properties":{"ref":"М-06","layer":"Roads_red_perspective","id_object":"MK0123"},"geometry":{"type":"LineString","coordinates":[[22.3066438,48.5789811],[22.3066193,48.578953],[22.3066057,48.5789219],[22.3066037,48.5788895],[22.3066134,48.5788578],[22.3066344,48.5788285]]}},
{"type":"Feature","properties":{"ref":"М-06","layer":"Roads_red_perspective","id_object":"MK0123"},"geometry":{"type":"LineString","coordinates":[[22.3066344,48.5788285],[22.3066654,48.5788034],[22.3067045,48.5787839],[22.3067495,48.5787712],[22.306805,48.5787659],[22.3068606,48.5787708],[22.306912,48.5787855],[22.3069554,48.578809]]}},
{"type":"Feature","properties":{"ref":"М-06","layer":"Roads_red_perspective","id_object":"MK0123"},"geometry":{"type":"LineString","coordinates":[[22.306932,48.5790059],[22.3068857,48.579024],[22.3068338,48.5790335],[22.30678,48.5790336],[22.306728,48.5790244],[22.3066815,48.5790064],[22.3066438,48.5789811]]}},
{"type":"Feature","properties":{"ref":"М-06","layer":"Roads_red_perspective","id_object":"MK0123"},"geometry":{"type":"LineString","coordinates":[[22.3101452,48.5792938],[22.3098902,48.5792956],[22.3094062,48.579255],[22.307474,48.5790432],[22.3071089,48.5790134],[22.306932,48.5790059]]}},
{"type":"Feature","properties":{"ref":"М-06","layer":"Roads_red_perspective","id_object":"MK0123"},"geometry":{"type":"LineString","coordinates":[[22.3069554,48.578809],[22.3069874,48.5788395],[22.3070057,48.5788746],[22.3070087,48.5789116],[22.3069963,48.5789478],[22.3069694,48.5789804],[22.306932,48.5790059]]}},
{"type":"Feature","properties":{"ref":"М-06","layer":"Roads_red_perspective","id_object":"MK0123"},"geometry":{"type":"LineString","coordinates":[[22.3069554,48.578809],[22.3073034,48.5789077],[22.3091435,48.5791437],[22.3099052,48.5792449],[22.3101452,48.5792938]]}},
{"type":"Feature","properties":{"ref":"М-06","layer":"Roads_red_perspective","id_object":"MK0123"},"geometry":{"type":"LineString","coordinates":[[22.3326481,48.5764633],[22.3322408,48.576593],[22.3309713,48.5770877],[22.3306895,48.5771976],[22.3301357,48.5774128],[22.329618,48.5776133],[22.3293069,48.5777251],[22.3290356,48.5778189],[22.3285016,48.577978],[22.328298,48.5780378],[22.3277448,48.5781805],[22.3272872,48.5782912],[22.3268239,48.5783986],[22.3250004,48.5787906],[22.3241628,48.5789756],[22.3239141,48.5790298],[22.3237513,48.5790653],[22.3234612,48.5791309],[22.3231342,48.5792048],[22.3228924,48.5792584],[22.3217458,48.5794925],[22.3214549,48.5795415],[22.3209639,48.5796265],[22.3206682,48.5796678],[22.3203688,48.5797043],[22.3197569,48.5797651],[22.3192218,48.5798031],[22.318916,48.5798137],[22.3183635,48.5798279],[22.3178391,48.5798288],[22.3171833,48.5798111],[22.3131707,48.5795328],[22.3110339,48.5793777],[22.3101452,48.5792938]]}},
{"type":"Feature","properties":{"ref":"М-06","layer":"Roads_red_perspective","id_object":"MK0123"},"geometry":{"type":"LineString","coordinates":[[22.3326481,48.5764633],[22.3329208,48.5763908],[22.333118,48.5763502],[22.3333678,48.5763143],[22.3336279,48.576293],[22.3339476,48.5762746],[22.3343427,48.5762868],[22.3345282,48.5762964],[22.3345439,48.5762969],[22.3348215,48.5763232],[22.3350717,48.5763593],[22.3350827,48.576361],[22.3353177,48.5763888],[22.3353974,48.5763966],[22.3356583,48.5764252],[22.3358811,48.5764291],[22.3360473,48.5764226],[22.3361939,48.5763916],[22.3364073,48.5763187],[22.3365489,48.5762575],[22.3366926,48.5761678],[22.3371037,48.5759057],[22.3380053,48.5753307],[22.3390447,48.5746576],[22.3431981,48.5719708],[22.3435725,48.5717292],[22.344074,48.571396],[22.3444192,48.5711666],[22.3450601,48.5707533],[22.3452649,48.5706212],[22.3455984,48.5704062],[22.3461125,48.5700746],[22.3468668,48.5695881],[22.3471954,48.5693804],[22.3490788,48.5681529],[22.3509059,48.5669807],[22.351073,48.5668734],[22.3521294,48.5661857],[22.3540294,48.5649695],[22.3553588,48.5641227],[22.3554765,48.5640468],[22.3568477,48.5631695],[22.35714,48.5629726],[22.3580411,48.562376],[22.3582446,48.562239],[22.3585797,48.5620056],[22.3590194,48.5616763],[22.3595007,48.5612359],[22.3597958,48.5608887],[22.3601467,48.5604739],[22.3604667,48.5600565],[22.3608324,48.5594468],[22.3610764,48.5588534],[22.3613915,48.5580521],[22.36159,48.5575053],[22.3618073,48.5569596],[22.361956,48.5566349],[22.3620996,48.5563531],[22.36222,48.5561426],[22.362451,48.5558046],[22.3626984,48.5554995],[22.3629981,48.5551553],[22.3633387,48.5548055],[22.3637942,48.5544196],[22.3640469,48.5542156],[22.3643654,48.553984],[22.3646826,48.5537718],[22.3650314,48.5535676],[22.3654443,48.5533475],[22.3657796,48.5531912],[22.3660444,48.5530756],[22.3664018,48.552916],[22.3668632,48.5527381],[22.3675813,48.5524945],[22.3683053,48.552291],[22.3687837,48.5521863],[22.3693301,48.5520797],[22.3698351,48.5519981],[22.3704278,48.5519144],[22.3713772,48.551848],[22.3735845,48.5518125],[22.3743573,48.5517993],[22.3748169,48.5517911],[22.3751083,48.5517655],[22.3754235,48.551729],[22.3759157,48.5516487],[22.3763555,48.5515631],[22.3767954,48.5514761],[22.37733,48.5513566],[22.3776967,48.5512542],[22.3780369,48.5511599],[22.3783704,48.5510481],[22.3789155,48.5508692],[22.3795302,48.5506674],[22.3804056,48.5503801],[22.380787,48.5502393],[22.3819032,48.5498569],[22.3823852,48.5496872],[22.3832996,48.549358],[22.3842543,48.5490571]]}},
{"type":"Feature","properties":{"ref":"М-06","layer":"Roads_red_perspective","id_object":"MK0123"},"geometry":{"type":"LineString","coordinates":[[22.3842543,48.5490571],[22.3833657,48.5494146],[22.3824542,48.5497709],[22.3819823,48.5499519],[22.3808745,48.5503471],[22.3804812,48.5504887],[22.3797758,48.5507192],[22.3791574,48.5509213],[22.3784895,48.5511396],[22.3779836,48.5513004],[22.3777718,48.5513661],[22.3774003,48.5514722],[22.3771065,48.5515365],[22.3765995,48.5516541],[22.3761624,48.5517354],[22.3756071,48.5518227],[22.375229,48.5518774],[22.3747807,48.5519137],[22.3742398,48.5519287],[22.373507,48.5519342],[22.372529,48.5519434],[22.3715832,48.5519587],[22.3711687,48.5519809],[22.3704335,48.5520401],[22.3697734,48.5521466],[22.3694011,48.552197],[22.3683047,48.5524364],[22.3675815,48.5526371],[22.3669088,48.5528504],[22.3664474,48.5530385],[22.366082,48.5532024],[22.3657179,48.5533705],[22.3653916,48.553542],[22.365042,48.5537221],[22.36478,48.5538911],[22.3644814,48.554086],[22.3642428,48.5542652],[22.3639558,48.554477],[22.3634194,48.5549325],[22.3630587,48.5553057],[22.3627039,48.5557269],[22.3625153,48.5559803],[22.3623483,48.5562564],[22.3620586,48.5567766],[22.3618583,48.5572201],[22.3617026,48.5576669],[22.3615497,48.5581089],[22.3612868,48.5588583],[22.3610221,48.5594906],[22.3606632,48.560071],[22.360335,48.5604948],[22.3600204,48.5608742],[22.3598569,48.5610951],[22.3595384,48.5614132],[22.3591218,48.5617697],[22.3586874,48.5621005],[22.3583732,48.5623292],[22.3558324,48.563969],[22.3556306,48.5641046],[22.355441,48.5642268],[22.3544428,48.5648709],[22.354154,48.5650583],[22.352265,48.5662731],[22.352114,48.5663704],[22.3511915,48.5669649],[22.3510376,48.5670642],[22.3492118,48.5682434],[22.347317,48.5694714],[22.3447964,48.5710948],[22.344214,48.571478],[22.3436982,48.5718173],[22.3433732,48.5720227],[22.3386624,48.5750611],[22.3381427,48.5753956],[22.3366088,48.5763776],[22.3360615,48.576728],[22.3356445,48.5769949],[22.3352559,48.5771707],[22.3350942,48.577268],[22.33483,48.5773338],[22.334614,48.5773459],[22.3344012,48.5773147],[22.3341869,48.5772438],[22.3340034,48.57712],[22.3338935,48.5769346],[22.3337503,48.5767937],[22.3336299,48.5766868],[22.3335153,48.5766036],[22.3333895,48.5765396],[22.333247,48.5764954],[22.3330874,48.576467],[22.3328619,48.5764581],[22.3326481,48.5764633]]}},
{"type":"Feature","properties":{"ref":"М-06","layer":"Roads_red_perspective","id_object":"MK0123"},"geometry":{"type":"LineString","coordinates":[[22.4443313,48.541679],[22.4441322,48.5417099],[22.443933,48.541739],[22.4436066,48.5417936],[22.4429207,48.5419084],[22.4424321,48.5419902],[22.4421253,48.5420415],[22.4415988,48.5421232],[22.4402353,48.5423589],[22.4360869,48.5430508],[22.4355858,48.5431209],[22.4350788,48.5431609],[22.4346085,48.5431763],[22.4341513,48.5431651],[22.43375,48.5431376],[22.4332693,48.5430685],[22.432762,48.5429764],[22.431009,48.5426183],[22.4303686,48.5424822],[22.4281894,48.5420327],[22.4274918,48.541893],[22.4267639,48.54175],[22.4259633,48.5416294],[22.4256197,48.5415928],[22.4251113,48.5415555],[22.4237585,48.541507],[22.423044,48.541502],[22.4222108,48.5415247],[22.4213878,48.5415784],[22.4204283,48.541701],[22.4195491,48.5418532],[22.4173057,48.5423416],[22.4167329,48.5424689],[22.4141636,48.54304],[22.4133414,48.5432708],[22.4124855,48.5435538],[22.4116567,48.5438806],[22.4110419,48.5441624],[22.4106018,48.5443776],[22.4086994,48.5454175],[22.4074141,48.5461188],[22.4064392,48.5466288],[22.4060452,48.5468336],[22.4057338,48.5469751],[22.4054726,48.5470864],[22.4049586,48.5472929],[22.4044384,48.5474573],[22.4039474,48.5476037],[22.4034786,48.547705],[22.4030596,48.5477688],[22.4025965,48.5478196],[22.4016321,48.5478984],[22.4007689,48.5479202],[22.4002486,48.5479179],[22.3997249,48.5478918],[22.3992517,48.5478429],[22.3989316,48.5478025],[22.3985776,48.5477439],[22.3981282,48.547665],[22.3977098,48.547567],[22.3967775,48.5473238],[22.3962147,48.5471793],[22.3957805,48.5470846],[22.3954154,48.5470123],[22.3948869,48.5469147],[22.39425,48.546833],[22.3937116,48.5468021],[22.3931344,48.5467876],[22.3926097,48.5467887],[22.3922035,48.5468049],[22.3917679,48.546834],[22.3913118,48.5468798],[22.3908501,48.5469591],[22.390379,48.5470588],[22.3898631,48.5472113],[22.38932,48.5473737],[22.3887881,48.5475446],[22.38745,48.5479976],[22.3860887,48.5484718],[22.3845619,48.5489589],[22.3842543,48.5490571]]}},
{"type":"Feature","properties":{"ref":"М-06","layer":"Roads_red_perspective","id_object":"MK0123"},"geometry":{"type":"LineString","coordinates":[[22.4443313,48.541679],[22.4450023,48.5415576],[22.4454049,48.5414847],[22.4457823,48.5414286],[22.4458811,48.541414],[22.4464437,48.5413304],[22.4473235,48.5411998],[22.4483817,48.5410175],[22.4493156,48.5408566],[22.4508422,48.5405748],[22.4513428,48.5404671],[22.4517939,48.5403681],[22.4524504,48.5402324],[22.4525467,48.5402117],[22.4543852,48.5398767],[22.456461,48.539478],[22.4587852,48.5390462],[22.4639169,48.5381485],[22.4643965,48.5380682],[22.4654745,48.5378876],[22.4660808,48.5378049],[22.4666005,48.537747],[22.4670933,48.537713],[22.4710333,48.5375969],[22.4745537,48.5374972],[22.4757931,48.5374792],[22.4766844,48.5374533],[22.4767682,48.5374514],[22.4788427,48.5374053],[22.480282,48.537403],[22.4805104,48.5374026],[22.4819464,48.5374342],[22.4833694,48.5374655],[22.4835582,48.5374705],[22.4843033,48.5374855],[22.4847919,48.5374868],[22.4849828,48.5374847],[22.4855612,48.5374669],[22.4860988,48.5374114],[22.486615,48.5373346],[22.4871294,48.5372377],[22.4875864,48.5371365],[22.4877358,48.537095],[22.4879061,48.5370482],[22.4882905,48.5369405],[22.4885151,48.5368776],[22.489019,48.5367211],[22.4898597,48.5364637],[22.4926331,48.5355965],[22.4958752,48.5345875],[22.4972045,48.5341609],[22.4975803,48.5340438],[22.4991921,48.5335525],[22.4993692,48.5334942],[22.5002044,48.5332133],[22.5008978,48.5329567],[22.5009496,48.5329375],[22.5013518,48.5327698],[22.5018672,48.5325335],[22.5022386,48.5323467],[22.5022932,48.5323161],[22.5027037,48.532086],[22.5032237,48.5317755],[22.5039072,48.5313454]]}},
{"type":"Feature","properties":{"ref":"М-06","layer":"Roads_red_perspective","id_object":"MK0123"},"geometry":{"type":"LineString","coordinates":[[22.504045,48.531403],[22.5035378,48.5317467],[22.5030721,48.5320397],[22.5027788,48.5322085],[22.5023415,48.5324519],[22.5019196,48.5326622],[22.5013279,48.532945],[22.5008899,48.5331272],[22.5003989,48.5333109],[22.4996174,48.5335598],[22.4992704,48.5336703],[22.4976483,48.5341568],[22.4972759,48.5342764],[22.4955547,48.5348103],[22.4933715,48.5354978],[22.4920731,48.5359066],[22.4895391,48.5366996],[22.4889894,48.5368682],[22.4886933,48.5369509],[22.4881612,48.5371017],[22.4878726,48.5371771],[22.4874954,48.5372688],[22.4872934,48.5373136],[22.4861275,48.5375034],[22.4855515,48.5375729],[22.4846926,48.5375891],[22.4841919,48.537593],[22.4832054,48.5375716],[22.4815558,48.5375391],[22.4805373,48.537519],[22.4798647,48.5375196],[22.4784199,48.5375284],[22.477321,48.5375351],[22.4766809,48.5375562],[22.4758413,48.5375562],[22.4745372,48.5376018],[22.4698443,48.5377401],[22.4672911,48.5378215],[22.4666314,48.5378686],[22.4661306,48.5379138],[22.4654432,48.5380099],[22.4636266,48.5383128],[22.4615856,48.5386702],[22.4579329,48.5393231],[22.455816,48.5397247],[22.4546626,48.5399466],[22.4538413,48.5400965],[22.4529598,48.5402659],[22.4525097,48.540351],[22.4523613,48.5403791],[22.4518063,48.5404935],[22.4515488,48.5405506],[22.4508994,48.5406965],[22.4499542,48.5408711],[22.4493543,48.5409686],[22.4469353,48.5413709],[22.4465913,48.5414137],[22.4462663,48.5414541],[22.4458415,48.5415129],[22.4454111,48.5415577],[22.4450128,48.5416024],[22.4443313,48.541679]]}},
{"type":"Feature","properties":{"ref":"М-06","layer":"Roads_red_perspective","id_object":"MK0123"},"geometry":{"type":"LineString","coordinates":[[22.5041334,48.5311695],[22.5044704,48.530887],[22.5048178,48.5305958],[22.5051718,48.5302636],[22.5053987,48.5300086],[22.505572,48.529807],[22.5057076,48.5296406],[22.5060376,48.5292245],[22.5061076,48.5291216],[22.5064221,48.5286536],[22.5065752,48.5283905],[22.5066958,48.5281692],[22.5068148,48.5279171],[22.506968,48.5275462]]}},
{"type":"Feature","properties":{"ref":"М-06","layer":"Roads_red_perspective","id_object":"MK0123"},"geometry":{"type":"LineString","coordinates":[[22.5102484,48.5196401],[22.5101548,48.519911],[22.5097203,48.5210062],[22.509538,48.521499],[22.5093099,48.5220781],[22.5088994,48.5231504],[22.508701,48.5236787],[22.50843,48.5244046],[22.5082666,48.524796],[22.5080842,48.5252757],[22.5076631,48.52629],[22.5072151,48.5273878],[22.5069417,48.5280361],[22.5068747,48.5281949],[22.506705,48.5285018],[22.5066531,48.5285956],[22.5064306,48.5288847],[22.5061746,48.5292014],[22.5060215,48.5294258],[22.5058901,48.5296076],[22.5057734,48.5297752],[22.5054749,48.5301446],[22.5049626,48.5306508],[22.5043732,48.5311449],[22.504279,48.5312239]]}},
{"type":"Feature","properties":{"ref":"М-06","layer":"Roads_red_perspective","id_object":"MK0123"},"geometry":{"type":"LineString","coordinates":[[22.5102484,48.5196401],[22.5101577,48.5193742],[22.510681,48.5180223],[22.5111532,48.5168123],[22.5115528,48.5157906],[22.511923,48.514817],[22.5120463,48.514451],[22.5121751,48.5139713],[22.5122958,48.5135058],[22.5125238,48.5120488],[22.5126257,48.5115335],[22.5127565,48.5111016],[22.5128835,48.5107544],[22.5130054,48.5104739],[22.5132282,48.5100661],[22.5134513,48.5097423],[22.5136661,48.5094507],[22.5139821,48.5090638],[22.5143271,48.5087049],[22.5146214,48.5084468],[22.5149299,48.5082003],[22.5154438,48.5078049],[22.5163577,48.5071998],[22.5166307,48.5070366],[22.5170629,48.5067957],[22.5175535,48.5065478],[22.5180236,48.5062823],[22.5182817,48.5061005],[22.5185129,48.5059288],[22.5184252,48.5060805],[22.5182878,48.5062039],[22.5181705,48.5062887],[22.5180651,48.5063649],[22.5178936,48.5064753],[22.5174191,48.5067385],[22.5169967,48.5069799],[22.5164955,48.5072794],[22.5157258,48.5077982],[22.5151169,48.5082493],[22.5146213,48.508655],[22.5142438,48.5090209],[22.5139421,48.5093709],[22.5136592,48.5097403],[22.5133895,48.5101537],[22.5131957,48.5105031],[22.5130489,48.5108424],[22.5129068,48.5112011],[22.5127893,48.5116446],[22.5127186,48.5119813],[22.5124671,48.5135099],[22.5123493,48.5140122],[22.512204,48.5145472],[22.512105,48.5148437],[22.511728,48.5158208],[22.5113185,48.5168768],[22.5108575,48.5180472],[22.5104901,48.5190135],[22.5102484,48.5196401]]}},
{"type":"Feature","properties":{"ref":"М-06","layer":"Roads_red_perspective","id_object":"MK0123"},"geometry":{"type":"LineString","coordinates":[[22.5394422,48.4857639],[22.5375006,48.4862002],[22.5330245,48.4872178],[22.532284,48.4874393],[22.5315884,48.487766],[22.5307842,48.4882054],[22.529499,48.4889058],[22.5293532,48.4889852],[22.5283095,48.4895708],[22.5264648,48.4907082],[22.5258252,48.4911241],[22.5251158,48.4916122],[22.5246532,48.4919465],[22.5236396,48.4927017],[22.5232237,48.4930266],[22.5230095,48.4931901],[22.5228142,48.4933454],[22.5225766,48.4935343],[22.5221125,48.4939132],[22.5218493,48.4941765],[22.5217579,48.4942724],[22.5215524,48.4945718],[22.5213973,48.4948535],[22.5212752,48.49521],[22.5211519,48.4959211],[22.5210116,48.4970108],[22.5207974,48.4989698],[22.5203801,48.5025043],[22.5202977,48.5028083],[22.5200675,48.5033291],[22.5199271,48.5035796],[22.5195349,48.5042882],[22.5188535,48.5054887],[22.5186628,48.5057635],[22.5185905,48.5058444]]}},
{"type":"Feature","properties":{"ref":"М-06","layer":"Roads_red_perspective","id_object":"MK0123"},"geometry":{"type":"LineString","coordinates":[[22.5394422,48.4857639],[22.5403373,48.4855388],[22.5435867,48.4847845],[22.5446314,48.4845546],[22.5463035,48.484167],[22.5465238,48.4841157],[22.5471244,48.4839757],[22.5477329,48.4838338],[22.5482136,48.4837217],[22.5552633,48.4820623],[22.5600722,48.480941],[22.5622612,48.480425],[22.5634334,48.4801477]]}},
{"type":"Feature","properties":{"ref":"М-06","layer":"Roads_red_perspective","id_object":"MK0123"},"geometry":{"type":"LineString","coordinates":[[22.5634334,48.4801477],[22.5625532,48.480465],[22.5623355,48.480531],[22.560602,48.4809383],[22.5482033,48.483853],[22.5477816,48.4839522],[22.5465857,48.4842257],[22.5439505,48.4848285],[22.5407865,48.4855681],[22.540396,48.4856453],[22.5398566,48.48573],[22.5394422,48.4857639]]}},
{"type":"Feature","properties":{"ref":"М-06","layer":"Roads_red_perspective","id_object":"MK0123"},"geometry":{"type":"LineString","coordinates":[[22.5634334,48.4801477],[22.5636756,48.480091],[22.5687718,48.4788972],[22.5718235,48.4781848],[22.5731277,48.4778803],[22.5744872,48.4775603],[22.5763485,48.4771222],[22.5819728,48.4757983],[22.5830304,48.4755442],[22.5832874,48.4754864],[22.583306,48.4754822],[22.5833279,48.475477],[22.5847926,48.4751307],[22.5889646,48.4741441],[22.5891032,48.4741095],[22.5916056,48.4735081],[22.593391,48.4730886],[22.5977794,48.4720413],[22.5987055,48.4718203],[22.5987769,48.4718035],[22.5991473,48.471716],[22.5991799,48.4717083],[22.5992102,48.4717012],[22.5996284,48.4716033],[22.6003897,48.4714358],[22.6103586,48.469242],[22.6105146,48.4692052],[22.6112311,48.4690438],[22.6115629,48.4689587],[22.6143425,48.4682469],[22.6146239,48.4681731],[22.6169333,48.4675985],[22.619632,48.4669129],[22.6232807,48.465986],[22.6285704,48.4646445],[22.6316599,48.4639121],[22.638989,48.4621931],[22.6394368,48.4620859],[22.6484168,48.4599701],[22.6486957,48.4599044],[22.6489008,48.4598561],[22.6489384,48.4598473],[22.6712986,48.4545695],[22.6773208,48.453172],[22.6816966,48.4521443],[22.6828958,48.4518529],[22.6835623,48.4516909],[22.6837248,48.4516591],[22.6838773,48.4516293],[22.6843724,48.4515326],[22.6846983,48.4515041],[22.6850134,48.4514917],[22.6853058,48.4514872],[22.6857913,48.451486],[22.6859321,48.4514926],[22.686207,48.4515113],[22.6864779,48.4515362],[22.6866978,48.4515584],[22.6869921,48.4516156],[22.6870177,48.4516219],[22.687516,48.4517436],[22.6876189,48.4517736],[22.6881144,48.4519181],[22.6908816,48.4528041],[22.6918827,48.4531307],[22.6931793,48.4535613],[22.6946889,48.4540486],[22.696763,48.454718],[22.6991952,48.4555168],[22.701494,48.4562464],[22.7016758,48.4563001],[22.7020355,48.4564072],[22.703127,48.4567322],[22.7055108,48.4573777],[22.7058325,48.4574648],[22.7060383,48.4575176],[22.7062636,48.4575755],[22.7064011,48.4576108],[22.70775,48.4579573],[22.7080919,48.4580451],[22.7082222,48.4580786],[22.7085135,48.4581534]]}},
{"type":"Feature","properties":{"ref":"М-06","layer":"Roads_red_perspective","id_object":"MK0123"},"geometry":{"type":"LineString","coordinates":[[22.710799,48.4587341],[22.7099776,48.4585625],[22.70988,48.4585421],[22.7097839,48.4585667],[22.7096583,48.4585799],[22.7095156,48.4585645],[22.7094194,48.4585285],[22.7093295,48.4584688],[22.7092718,48.4583937],[22.7090922,48.4583258],[22.7085135,48.4581534]]}},
{"type":"Feature","properties":{"ref":"М-06","layer":"Roads_red_perspective","id_object":"MK0123"},"geometry":{"type":"LineString","coordinates":[[22.7085135,48.4581534],[22.708931,48.4581504],[22.7092041,48.4581278],[22.7092432,48.4581214],[22.7094194,48.4580924],[22.7095327,48.4580541],[22.7096583,48.4580409],[22.7097297,48.4580497],[22.7098148,48.4580602],[22.7098971,48.4580924],[22.709987,48.458152],[22.7100059,48.4581766],[22.7100448,48.4582272],[22.7101134,48.4582878],[22.7101684,48.4583394],[22.7103029,48.4584653],[22.7105035,48.4586032],[22.710799,48.4587341]]}},
{"type":"Feature","properties":{"ref":"М-06","layer":"Roads_red_perspective","id_object":"MK0123"},"geometry":{"type":"LineString","coordinates":[[22.7157177,48.460003],[22.7155104,48.4599396],[22.7151975,48.459846],[22.7148584,48.4597506],[22.7142899,48.4596088],[22.7137617,48.4594771],[22.7136701,48.4594548],[22.7119427,48.4590336],[22.7115143,48.4589141],[22.710799,48.4587341]]}},
{"type":"Feature","properties":{"ref":"М-06","layer":"Roads_red_perspective","id_object":"MK0123"},"geometry":{"type":"LineString","coordinates":[[23.0938936,48.7551545],[23.0938318,48.754952],[23.0937778,48.75479],[23.0936014,48.7543927],[23.0934238,48.7540071],[23.0933039,48.7537497],[23.0932304,48.7535387],[23.0932055,48.7532984],[23.0932,48.7531154],[23.0932081,48.7529598],[23.0932548,48.7526753],[23.0933309,48.752364],[23.0933935,48.7521261],[23.0935413,48.7515167],[23.0936087,48.7512388],[23.0936292,48.7509331],[23.0936228,48.7507211],[23.0935755,48.7505229],[23.0935266,48.7503891],[23.0934235,48.7501714],[23.0931921,48.7498262],[23.0931134,48.7497283],[23.0929458,48.7495479],[23.0927306,48.7493592],[23.0924612,48.7491457],[23.092008,48.7488758],[23.091145,48.7485031],[23.0876,48.747367],[23.086854,48.7471796],[23.086424,48.7471031],[23.0859509,48.7470453],[23.0842397,48.746971],[23.0837006,48.7469146],[23.0831039,48.7468072],[23.0827389,48.7467076],[23.0824306,48.7465731],[23.081959,48.746288],[23.0816076,48.7459923],[23.0812289,48.7455037],[23.0809893,48.7450524],[23.0809121,48.7448911],[23.0805335,48.7440999],[23.0802163,48.74345],[23.0798976,48.7427972],[23.0797517,48.7425706],[23.0794512,48.742104],[23.0788855,48.7413732],[23.0782951,48.7406281],[23.0779332,48.7402417],[23.0775063,48.739835],[23.0770877,48.7395017],[23.0766516,48.7392156],[23.0759621,48.7388579],[23.0751614,48.7384759],[23.0739822,48.7379636],[23.0715076,48.7369424],[23.0689973,48.7359087],[23.0684627,48.7357094],[23.0679655,48.7355715],[23.0675659,48.7355],[23.0674227,48.7354789],[23.0672721,48.7354605],[23.0671255,48.735453],[23.0668197,48.7354373],[23.0657647,48.735459],[23.0650746,48.7354986],[23.064647,48.7355094],[23.0640528,48.7354847],[23.0628046,48.735295],[23.0602224,48.7349026],[23.0581345,48.7345962],[23.057319,48.7344591],[23.0569205,48.7343811],[23.0565629,48.7342714],[23.056223,48.734125],[23.055944,48.7339749],[23.0556865,48.7338038],[23.0554774,48.7336416],[23.0552645,48.7334612],[23.0550402,48.7332312],[23.0548705,48.7330233],[23.0547179,48.7328079],[23.0545686,48.7325586],[23.0543455,48.7321414],[23.0541341,48.7317096],[23.0534972,48.7304915],[23.0533372,48.7302941],[23.0531317,48.7301291],[23.0528598,48.7299873],[23.0525687,48.7298838],[23.0522262,48.7297993],[23.0517331,48.7297106],[23.0512235,48.7296309],[23.0503068,48.729444],[23.0499273,48.7293519],[23.0495975,48.7292551],[23.049303,48.7291603],[23.0490349,48.7290384],[23.0487447,48.728886],[23.048392,48.7286299],[23.0482554,48.7284972],[23.0480557,48.7282687],[23.0479059,48.7280083],[23.0478052,48.7276635],[23.047757,48.727273],[23.0477649,48.7270316],[23.0477942,48.7262352],[23.0477436,48.7259421],[23.0476215,48.7255329],[23.0472497,48.7244055],[23.0471934,48.7241663],[23.0472048,48.7237959],[23.0472793,48.7234517],[23.0475134,48.7225136],[23.0475996,48.7220661],[23.0476041,48.7217981],[23.047607,48.7215005],[23.0475435,48.7210689],[23.0474062,48.7206856],[23.0469888,48.7198526],[23.0467898,48.7194554],[23.0467017,48.7191344],[23.046678,48.7188372],[23.0466741,48.7185898],[23.0467689,48.7181594],[23.0468996,48.7178667],[23.0471599,48.7174804],[23.047368,48.7172644],[23.0475791,48.7170717],[23.0479099,48.7168253],[23.0492576,48.7159646],[23.0495687,48.7157006],[23.0497682,48.7154672],[23.0498638,48.7153414],[23.0499795,48.7151367],[23.0500581,48.7148633],[23.0500904,48.714601],[23.0500798,48.7143519],[23.0500649,48.7142426],[23.0500382,48.7141351],[23.049833,48.7136436],[23.0496752,48.7133467],[23.0494254,48.7129108],[23.0489506,48.7121499],[23.0485041,48.7114999],[23.0481425,48.7110456],[23.0470559,48.7097958],[23.0457956,48.70841],[23.0454928,48.7079845],[23.0453001,48.7076826],[23.045125,48.707305],[23.0448575,48.7065055],[23.0446216,48.7056917],[23.0442916,48.7045213],[23.0440527,48.7034802],[23.0437762,48.7023266],[23.0437072,48.7017432],[23.043713,48.7008829],[23.043894,48.6998405],[23.0439789,48.6989435],[23.0440287,48.6985521],[23.0440916,48.6982501],[23.0443439,48.6974475],[23.0443929,48.6971712],[23.0443939,48.6969765],[23.0443653,48.69678],[23.044329,48.6966567],[23.0441682,48.6963109],[23.0439474,48.6959431],[23.0438045,48.6957592],[23.0434839,48.6954458],[23.0414713,48.693967],[23.0411568,48.6937316],[23.0407471,48.6934255],[23.039988,48.6928532],[23.0395901,48.6924244],[23.0393951,48.6920302],[23.0393332,48.6917571],[23.0393357,48.6915347],[23.0393815,48.6912879],[23.0394833,48.6910163],[23.0397115,48.690529],[23.0398354,48.6903211],[23.039909,48.6902163],[23.0401364,48.6899068],[23.0405801,48.6893547],[23.0410525,48.6887666],[23.0414771,48.6881689],[23.0417362,48.6878179],[23.0419429,48.6876015],[23.0421477,48.6874149],[23.0422517,48.6873504],[23.0425173,48.6871879],[23.0426761,48.6870921],[23.0431907,48.6868826],[23.0435014,48.6867799],[23.0437996,48.6866841],[23.0443807,48.6865583],[23.0448183,48.6864912],[23.045233,48.6864085],[23.0454084,48.6863549],[23.0455814,48.6863009],[23.0457437,48.6862425],[23.0458863,48.6861884],[23.0461876,48.6860052],[23.0464373,48.6857964],[23.0466717,48.6855961],[23.0468958,48.685387],[23.0470566,48.6852128],[23.0471843,48.6850035],[23.0472525,48.6848514],[23.0474362,48.6843231],[23.0475595,48.6839378],[23.0475544,48.6837039],[23.0475469,48.6834664],[23.0474944,48.6832268],[23.0472621,48.6826801],[23.0470866,48.682304],[23.0470283,48.6821789],[23.0469172,48.68195],[23.0467963,48.6816909],[23.0467227,48.6814834],[23.0466771,48.6812514],[23.0466691,48.6809893],[23.0466887,48.6806895],[23.0467442,48.6803163],[23.0468429,48.6799039],[23.0469871,48.6793811],[23.0471224,48.6790501],[23.0472757,48.6787251],[23.0473664,48.6785436],[23.0474804,48.6783346],[23.047701,48.677951],[23.0478036,48.6778004],[23.0479793,48.6775562],[23.0481711,48.6773029],[23.0485872,48.6767935],[23.0487505,48.6766326],[23.0489221,48.6764679],[23.0492869,48.6761509],[23.0496463,48.6758356],[23.0500335,48.6755216],[23.0508614,48.6748119],[23.0512959,48.6744559],[23.0516792,48.6740796],[23.0519423,48.673774],[23.0521703,48.6734599],[23.0524916,48.6729774],[23.0527006,48.6724787],[23.0527684,48.672249],[23.0527901,48.6720026],[23.0527704,48.6716391],[23.0527137,48.6712863],[23.0526509,48.6710652],[23.0524036,48.6703023],[23.052112,48.6695357],[23.0520254,48.6692254],[23.0519249,48.6689121],[23.0518774,48.6686331],[23.0518463,48.6683532],[23.0518484,48.6660422],[23.0518752,48.6648659],[23.0518672,48.664338],[23.0518882,48.6637649],[23.0519062,48.6634385],[23.0519382,48.6631243],[23.0520456,48.6626263],[23.052189,48.6622174],[23.0523598,48.6617988],[23.0524546,48.6615779],[23.0525687,48.6613546],[23.0527148,48.661135],[23.0528977,48.6609083],[23.053524,48.6603512],[23.0546352,48.6594714],[23.0557774,48.6586039],[23.056267,48.658183],[23.0564645,48.6579672],[23.0566855,48.6577116],[23.0570481,48.6571847],[23.0572262,48.6568297],[23.0573831,48.6564607],[23.0576455,48.6556973],[23.0577633,48.6552322],[23.0578187,48.6547813],[23.0578181,48.6545741],[23.0577991,48.6543669],[23.0577605,48.6541784],[23.0576772,48.6539559],[23.057571,48.6537815],[23.0574547,48.653613],[23.0572906,48.6534347],[23.056929,48.6531123],[23.0565476,48.6527731],[23.0563505,48.6526083],[23.0561482,48.6524183],[23.0560194,48.6523101],[23.0556961,48.6519758],[23.0555016,48.6517587],[23.0553,48.6515232],[23.0551676,48.6513369],[23.0550372,48.6511254],[23.054941,48.6509471],[23.0548352,48.6507408],[23.0546111,48.6499246],[23.0543428,48.6490902],[23.0542544,48.6487019],[23.0541673,48.6482477],[23.0541095,48.6477202],[23.0540641,48.6471595],[23.054066,48.6467989],[23.0541444,48.6461979],[23.0542617,48.6455693],[23.0543277,48.6450035],[23.0543348,48.6447713],[23.054324,48.644567],[23.054257,48.6443283],[23.0541785,48.6440905],[23.0539763,48.64369],[23.0536698,48.6432268],[23.0534732,48.6429643],[23.05325,48.6427532],[23.0527844,48.6423923],[23.0523688,48.6421325],[23.0519278,48.6418123],[23.0517371,48.6416655],[23.0515488,48.6414827],[23.0514327,48.6413331],[23.0513159,48.6411319],[23.0511849,48.6408482],[23.0511028,48.6404399],[23.0510463,48.639915],[23.0510116,48.6397213],[23.0509552,48.6395277],[23.0509079,48.6394029],[23.050856,48.6392843],[23.050708,48.6390178],[23.0506516,48.6389345],[23.0500812,48.6383136],[23.0499148,48.6381487],[23.0497026,48.6379328],[23.0494934,48.6377046],[23.0491905,48.637358],[23.0488965,48.6369232],[23.0486832,48.6364871],[23.0485895,48.6362321],[23.048499,48.6359557],[23.0484474,48.6356578],[23.0484235,48.6353221],[23.0484535,48.6348696],[23.048562,48.6342419],[23.0485982,48.6338868],[23.0485681,48.633697],[23.0485517,48.6335937],[23.048528,48.6334889],[23.0484339,48.6333269],[23.0483185,48.6331677],[23.0480665,48.6328554],[23.0478348,48.6325649],[23.0476593,48.6323264],[23.0473686,48.6319249],[23.0469639,48.6313739],[23.0467812,48.6311128],[23.0465402,48.6307752],[23.046458,48.630636],[23.0462828,48.6303392],[23.0460723,48.6299208],[23.045934,48.6294938],[23.0458939,48.6292941],[23.0458811,48.6290773],[23.0458677,48.6288474],[23.045851,48.6285619],[23.0458523,48.6280672],[23.045859,48.6275514],[23.0458697,48.6270548],[23.0459249,48.6267442],[23.0460096,48.6264508],[23.0461517,48.626203],[23.0463288,48.6259737],[23.0465913,48.6257254],[23.0467888,48.6255797],[23.047056,48.6254086],[23.0474501,48.6252019],[23.0479216,48.6250208],[23.0486914,48.624784],[23.0492784,48.6246013],[23.0496266,48.6244985],[23.051154,48.6241015],[23.0523973,48.6237403],[23.0525807,48.6236759],[23.0527254,48.6235915],[23.0530295,48.6233891],[23.0532434,48.6231926],[23.0533999,48.6229571],[23.0535678,48.6226394],[23.0536191,48.6223944],[23.0536202,48.6221243],[23.053534,48.6218297],[23.0530608,48.62052],[23.0528301,48.6198799],[23.05256,48.619109],[23.0524138,48.6187029],[23.0523309,48.6183955],[23.052276,48.6181785],[23.0522722,48.618066],[23.0523006,48.6179178],[23.0524003,48.617702],[23.0525056,48.6175004],[23.0526566,48.6173029],[23.0528628,48.6171089],[23.0531134,48.6169409],[23.05338,48.6168018],[23.0536654,48.6166953],[23.0547422,48.6162914],[23.0553672,48.6160026],[23.0564553,48.6153241],[23.0570077,48.6149688],[23.057558,48.6145509],[23.0577171,48.6144203],[23.0578394,48.6142794],[23.0579747,48.6140641],[23.0580933,48.6137249],[23.0581229,48.6134273],[23.0580845,48.6132358],[23.0580241,48.6130419],[23.0579504,48.6128527],[23.0578463,48.6126914],[23.0576028,48.6123347],[23.0573448,48.6120324],[23.0571887,48.6118969],[23.0569677,48.6116981],[23.0562606,48.6111201],[23.0554903,48.610459],[23.0551985,48.6101785],[23.0550536,48.6100331],[23.0548803,48.6098391],[23.0546447,48.6095168],[23.0544657,48.6091154],[23.0543268,48.6087491],[23.0541843,48.6083938],[23.0539812,48.6080091],[23.0538413,48.6077967],[23.0536713,48.6076038],[23.0534872,48.6074207],[23.053275,48.6072284],[23.0527472,48.6068786],[23.0524814,48.6067361],[23.0521688,48.6066124],[23.0520432,48.6065642],[23.0510359,48.606235],[23.0500011,48.6059015],[23.0499105,48.6058725],[23.0486411,48.6054695],[23.0482391,48.6053342],[23.0476473,48.6051109],[23.0471826,48.6049036],[23.0467882,48.604635],[23.0465196,48.6044092],[23.0463311,48.6042088],[23.0461387,48.6039124],[23.0458777,48.6034038],[23.0457917,48.6032554],[23.0450547,48.6019088],[23.0449951,48.6017939],[23.0445137,48.6008622],[23.0443268,48.6006013],[23.0441066,48.6003567],[23.0428093,48.599293],[23.0427101,48.599198],[23.0426159,48.5990682],[23.0425465,48.5989781],[23.0424887,48.5988153],[23.0424821,48.598618],[23.0425203,48.5984148],[23.0425975,48.5981462],[23.0427177,48.5978606],[23.0431886,48.5970313],[23.0435745,48.5962023],[23.0437621,48.5957654],[23.0438875,48.5953806],[23.0439395,48.5950394],[23.0439797,48.5946518],[23.0439726,48.5943218],[23.0439226,48.5939606],[23.0438408,48.5935708],[23.0437334,48.5931691],[23.043637,48.5929117],[23.0435152,48.5925733],[23.0430025,48.5911159],[23.0427343,48.5903744],[23.0424692,48.5896023],[23.0420553,48.5886409],[23.0417615,48.5881302],[23.0413877,48.5875627],[23.0410016,48.5870691],[23.04056,48.5865729],[23.0385684,48.5846561],[23.0380087,48.5840812],[23.037703,48.5837708],[23.0374624,48.5834786],[23.0372706,48.583233],[23.0370879,48.5829609],[23.0367599,48.5824914],[23.0367025,48.5823826],[23.0364138,48.5817496],[23.0352375,48.5788236],[23.034642,48.5773045],[23.0343711,48.5766125],[23.0340891,48.5759058],[23.0338894,48.5754976],[23.0336738,48.575108],[23.0334272,48.5747628],[23.03314,48.5744467],[23.0327075,48.5740253],[23.0318844,48.5733241],[23.0309622,48.5725825],[23.0305879,48.5722664],[23.0300863,48.571837],[23.0298301,48.571598],[23.0297372,48.5715128],[23.0293023,48.5711053],[23.0286826,48.5704711],[23.0281612,48.569802],[23.0277857,48.5692161],[23.0276888,48.5690387],[23.02725,48.5681453],[23.024935,48.5612745],[23.0248966,48.5611557],[23.0248806,48.5611119],[23.024794,48.5608722],[23.024433,48.5598871],[23.0242442,48.5595558],[23.0239965,48.559294],[23.0237612,48.5591197],[23.0233997,48.5589511],[23.0231573,48.5588666],[23.0213163,48.5584663],[23.0210008,48.5584115],[23.0195374,48.5581572],[23.0185617,48.5580378],[23.0183832,48.5580228],[23.0176107,48.5579518],[23.0169606,48.5579203],[23.0162435,48.5579271],[23.0155388,48.5579622],[23.0122374,48.5582839],[23.0111615,48.5583887],[23.0100995,48.5584922],[23.0093853,48.5585122],[23.0085361,48.5584753],[23.0044119,48.5579755],[23.0031538,48.5578449],[23.002358,48.5578433],[23.0018711,48.5578646],[23.0015829,48.5578997],[23.0012119,48.5579448],[23.0005081,48.5580908],[23.0003709,48.5581192],[23.0002185,48.5581692],[22.9999764,48.5582487],[22.997993,48.5589054],[22.9952908,48.5597694],[22.9942997,48.5600613],[22.9938626,48.56019],[22.9934398,48.5602829],[22.9927549,48.5603785],[22.9893332,48.5607378],[22.9880183,48.5609208],[22.9874759,48.5610201],[22.9864205,48.561272],[22.9858718,48.5614352],[22.9846557,48.5617782],[22.9841696,48.5618903],[22.9836574,48.5619962],[22.9826228,48.562145],[22.9798205,48.5624642],[22.9795112,48.5624862],[22.9786458,48.5625203],[22.9782173,48.5625597],[22.9775998,48.5626641],[22.9774677,48.5627061],[22.9769592,48.5628675],[22.9762618,48.5631727],[22.9756736,48.5634876],[22.9742765,48.5643145],[22.9732993,48.5648928],[22.9726351,48.5651983],[22.9719826,48.5654033],[22.9714835,48.5654804],[22.9709573,48.5655128],[22.9703965,48.5655106],[22.9697198,48.5654415],[22.9691031,48.5653311],[22.9684394,48.5651454],[22.9677874,48.5649365],[22.9665815,48.5645702],[22.964959,48.5640774],[22.96334,48.563627],[22.9625047,48.5633809],[22.958855,48.5622726],[22.9579283,48.5620023],[22.9564034,48.5615575],[22.9558844,48.561404],[22.9552758,48.5612239],[22.954166,48.5609133],[22.9534645,48.5607198],[22.9521982,48.5603604],[22.9509525,48.5599898],[22.9505917,48.5598875],[22.9499391,48.5597025],[22.9479202,48.5590678],[22.9453788,48.5581564],[22.944978,48.5579895],[22.9447283,48.5578855],[22.9433443,48.5572082],[22.9429946,48.5570538],[22.9416012,48.5565748],[22.9404895,48.556219],[22.9397869,48.5560392],[22.938872,48.5558215],[22.9384225,48.5556878],[22.9380577,48.5555242],[22.9375877,48.5552476],[22.9371029,48.5548963],[22.9349276,48.5531665],[22.9329012,48.5514399],[22.93215,48.550733],[22.931733,48.550217],[22.9304394,48.5485493],[22.9299775,48.5479176],[22.929617,48.547427],[22.9292834,48.5468886],[22.9290606,48.5463528],[22.9289763,48.5460086],[22.9289763,48.5454326],[22.9290268,48.5451447],[22.929053,48.5449956],[22.9292047,48.544625],[22.9295089,48.5438814],[22.9295911,48.5435485],[22.9296405,48.5430859],[22.9296544,48.542837],[22.9296336,48.5425251],[22.929446,48.5418484],[22.9293364,48.5415401],[22.9292132,48.5412802],[22.9290164,48.5410095],[22.9288086,48.5407335],[22.9283845,48.5402843],[22.9279749,48.5399057],[22.927457,48.539572],[22.9266805,48.5391759],[22.9258293,48.5388051],[22.9237514,48.5379802],[22.9231197,48.5377278],[22.9201828,48.5365541],[22.9194658,48.53632],[22.9187353,48.5361403],[22.9181542,48.5360413],[22.917475,48.5359636],[22.9168713,48.5359385],[22.9166492,48.5359292],[22.9159492,48.5359388],[22.9152751,48.5359853],[22.9146968,48.5360594],[22.9141815,48.5361506],[22.913712,48.536266],[22.913312,48.536387],[22.912857,48.5365513],[22.9120575,48.5368586],[22.9112692,48.5371634],[22.9100638,48.5376407],[22.9099263,48.5376912],[22.9094148,48.5378729],[22.908817,48.538017],[22.9082409,48.5381226],[22.9076698,48.53817],[22.9073265,48.5381766],[22.9069583,48.5381606],[22.90615,48.538117],[22.9042263,48.5378043],[22.9035867,48.5377008],[22.9026202,48.5375433],[22.9007371,48.5372372],[22.9006759,48.5372271],[22.8964369,48.5365275],[22.8953395,48.5363553],[22.8948919,48.536285],[22.8932931,48.5360341],[22.8927432,48.535919],[22.8924598,48.5358335],[22.8922185,48.5357258],[22.8919015,48.53554],[22.8913488,48.5351814],[22.8905941,48.5346111],[22.8900841,48.5343189],[22.8896149,48.53405],[22.8886357,48.5334778],[22.8883215,48.5332214],[22.8881363,48.5330412],[22.8878413,48.5327383],[22.8877088,48.5325717],[22.8875817,48.5323873],[22.8874585,48.5322219],[22.8873665,48.5320982],[22.8872945,48.5319978],[22.8872045,48.5318842],[22.8870743,48.5317197],[22.8868628,48.5314751],[22.8861193,48.5307009],[22.8840075,48.5286343],[22.8828465,48.5274618],[22.8822902,48.5269129],[22.8810083,48.5256371],[22.8789412,48.5235855],[22.8785943,48.523312],[22.8784683,48.523218],[22.8782557,48.5230695],[22.8778401,48.5228307],[22.8766323,48.5221945],[22.875814,48.5217586],[22.8750873,48.5213848],[22.8736007,48.5206156],[22.8733306,48.5204759],[22.872607,48.5200994],[22.8718968,48.5196928],[22.8712967,48.5192935],[22.8711544,48.5191906],[22.8677897,48.5167572],[22.8647466,48.5145563],[22.8623788,48.5127963],[22.8609135,48.5117326],[22.8602917,48.5112801],[22.8581337,48.5097196],[22.8518786,48.5051823],[22.8492951,48.5033082],[22.8480131,48.5023881],[22.847022,48.5016582],[22.8464635,48.5012681],[22.8458394,48.5008758],[22.845305,48.5006005],[22.8446025,48.500263],[22.8442057,48.5000742],[22.8435233,48.4997959],[22.8419703,48.499245],[22.8410558,48.4989303],[22.8393242,48.4983247],[22.8386563,48.4980321],[22.8381795,48.497808],[22.8374352,48.4974164],[22.8369674,48.4971117],[22.8365029,48.4967762],[22.8360012,48.4963675],[22.8356417,48.4960273],[22.8350281,48.4953316],[22.8344466,48.4946587],[22.8343328,48.4945367],[22.8341349,48.4943244],[22.8338695,48.4940957],[22.8335449,48.4938449],[22.833186,48.4936376],[22.8328591,48.4934719],[22.8324174,48.4933111],[22.831989,48.4931919],[22.8314252,48.4930675],[22.8307238,48.49293],[22.8292547,48.4926338],[22.828314,48.4924159],[22.8276576,48.4922159],[22.8270055,48.4919678],[22.8265188,48.4917005],[22.8260645,48.4914122],[22.8242557,48.4900096],[22.8239104,48.4897966],[22.8236248,48.4896324],[22.8231011,48.489402],[22.8217234,48.4889268],[22.820942,48.4886893],[22.8201566,48.4885109],[22.8196155,48.4884337],[22.8189974,48.4883925],[22.8184078,48.4883707],[22.8169745,48.4883548],[22.8168574,48.4883535],[22.8156047,48.4883396],[22.8146445,48.4882883],[22.8137432,48.4881707],[22.8132847,48.488114],[22.8125605,48.4880002],[22.8113937,48.4877816],[22.811206,48.4877425],[22.8108667,48.4876724],[22.8103856,48.4875437],[22.8100365,48.4874154],[22.8095752,48.4872234],[22.8088066,48.4868779],[22.808597,48.4867562],[22.8083477,48.4866114],[22.8082448,48.4865175],[22.8080212,48.4863135],[22.8075264,48.4858621],[22.806519,48.4846953],[22.8061355,48.4843758],[22.8057193,48.4840633],[22.8053699,48.4838484],[22.8047422,48.4835605],[22.8038525,48.483285],[22.8004419,48.4825449],[22.7987911,48.4821867],[22.7984771,48.4821188],[22.797469,48.4819007],[22.7949081,48.4813467],[22.7921262,48.4807449],[22.791866,48.4806933],[22.7912548,48.4805721],[22.7906081,48.4804438],[22.7887951,48.4800499],[22.7874443,48.4797563],[22.7863842,48.479526],[22.785343,48.4793049],[22.7824364,48.4786878],[22.780547,48.4782444],[22.7792165,48.4778464],[22.7790363,48.4777679],[22.7780878,48.4773547],[22.777128,48.4768718],[22.7764294,48.4764582],[22.7738462,48.474834],[22.7731197,48.4743795],[22.7724796,48.4740407],[22.7717332,48.4737371],[22.7712434,48.4735809],[22.7708301,48.4734622],[22.7706171,48.4734011],[22.7695864,48.4732124],[22.7669534,48.4727938],[22.765831,48.4725814],[22.764074,48.4722489],[22.7633851,48.472135],[22.7618202,48.4719245],[22.7606947,48.47185],[22.7571279,48.4717713],[22.7563426,48.471753],[22.7558768,48.4717457],[22.7557049,48.4717412],[22.7550768,48.4716988],[22.7544697,48.4716542],[22.753822,48.4715285],[22.7535961,48.4714693],[22.753186,48.4713344],[22.7527831,48.4711619],[22.7523935,48.4709462],[22.7518516,48.4705736],[22.7513512,48.4702348],[22.7510076,48.4700226],[22.7505905,48.469812],[22.7503306,48.4697132],[22.7500957,48.4696396],[22.7497593,48.4695514],[22.7494159,48.4694803],[22.749078,48.4694269],[22.7488059,48.4693943],[22.748578,48.4693787],[22.748394,48.4693789],[22.7481768,48.4693904],[22.7475302,48.4694805],[22.7469571,48.4696368],[22.745471,48.4700939],[22.7449957,48.4702076],[22.7446053,48.4702766],[22.7441508,48.4703374],[22.743794,48.4703694],[22.7434371,48.4703749],[22.7430688,48.4703628],[22.7422152,48.4702869],[22.7410796,48.47014],[22.7406511,48.4700738],[22.7401893,48.4699588],[22.7398217,48.4698508],[22.7391484,48.4696225],[22.7388798,48.4695238],[22.7386348,48.4694338],[22.7376412,48.4690688],[22.7367266,48.4687785],[22.7360559,48.4686221],[22.735637,48.4685384],[22.7351772,48.4684729],[22.7346912,48.4684377],[22.7342637,48.468434],[22.7340406,48.4684321],[22.7335185,48.4684509],[22.7333904,48.4684555],[22.7324717,48.4685077],[22.7320325,48.4685555],[22.7319703,48.4685594],[22.7316049,48.4686015],[22.7305112,48.4687298],[22.7299804,48.4687565],[22.7294588,48.4687463],[22.7285221,48.4686697],[22.7278967,48.468564],[22.7273256,48.4684053],[22.7267429,48.4681759],[22.7261851,48.4679172],[22.7257224,48.4676231],[22.7253613,48.4673245],[22.724989,48.4669623],[22.7244071,48.4663733],[22.7236252,48.4655452],[22.7234823,48.4654036],[22.7228939,48.4647916],[22.7227958,48.4646896],[22.7219016,48.4637596],[22.7211295,48.4629899],[22.7208343,48.462715],[22.7206202,48.4625277],[22.7202687,48.4622547],[22.7197659,48.4618916],[22.7190676,48.4614369],[22.718557,48.461145],[22.7179969,48.4608713],[22.7175582,48.4606847],[22.7170406,48.4604688],[22.716555,48.4602857],[22.716304,48.4602008],[22.7162024,48.4601657]]}},
{"type":"Feature","properties":{"ref":"М-06","layer":"Roads_red_perspective","id_object":"MK0123"},"geometry":{"type":"LineString","coordinates":[[23.0938936,48.7551545],[23.0940487,48.755568],[23.0940991,48.755723],[23.0941357,48.7559568],[23.0941485,48.7560389],[23.0941613,48.7561209],[23.0941636,48.7561858],[23.0941609,48.756363],[23.094165,48.7565498],[23.0941901,48.7576885],[23.0941354,48.7581721]]}},
{"type":"Feature","properties":{"ref":"М-06","layer":"Roads_red_perspective","id_object":"MK0123"},"geometry":{"type":"LineString","coordinates":[[23.0941354,48.7581721],[23.0940844,48.7577104],[23.0940407,48.7567241],[23.0940089,48.756286],[23.0940048,48.7562013],[23.0940013,48.7561284],[23.0939797,48.7557329],[23.0939437,48.755446],[23.0938936,48.7551545]]}},
{"type":"Feature","properties":{"ref":"М-06","layer":"Roads_red_perspective","id_object":"MK0123"},"geometry":{"type":"LineString","coordinates":[[23.0941354,48.7581721],[23.0942705,48.7597901],[23.0944271,48.762275],[23.0944244,48.7628114],[23.0944009,48.7633993],[23.0942977,48.7656413],[23.0942515,48.7666949],[23.0942006,48.7676041],[23.0941924,48.767745],[23.0941669,48.7679386],[23.0941187,48.7681744],[23.0940545,48.7683471],[23.0939815,48.768506],[23.0938532,48.7687297],[23.0936089,48.7690651],[23.0927079,48.7701783],[23.0917898,48.7712958],[23.0915974,48.7714804],[23.0914425,48.7716159],[23.0913063,48.7717145],[23.0911656,48.7718144],[23.0909699,48.7719294],[23.0907351,48.7720575],[23.0904817,48.772212],[23.0902796,48.7723702],[23.0901128,48.772548],[23.0899829,48.7727354],[23.0898951,48.7729103],[23.0898405,48.7730412],[23.0897856,48.773316],[23.0897265,48.7737695],[23.0896891,48.7740394],[23.0894852,48.7752508],[23.0891306,48.7772963],[23.0887335,48.7796392],[23.0885578,48.7807804],[23.0883694,48.7819002],[23.088199,48.7827361],[23.0881293,48.7831381],[23.088081,48.7835482],[23.0879509,48.7843443],[23.0876311,48.7863132],[23.0875738,48.7866363],[23.0874024,48.7877808],[23.087266,48.7887211],[23.0871457,48.7895364],[23.0870957,48.7899698],[23.0870924,48.7903511],[23.0871625,48.7919246],[23.0872102,48.7927853],[23.0873222,48.7946112],[23.0873219,48.7949718],[23.0873086,48.7951644],[23.087279,48.7953709],[23.0872039,48.7956088],[23.0871043,48.7958531],[23.0869867,48.7960822],[23.0868333,48.7962944],[23.0866983,48.7964833],[23.0865544,48.7966519],[23.0862987,48.7969126],[23.0860145,48.7971826],[23.0857301,48.7974083],[23.0854085,48.7976433],[23.0847778,48.7980663],[23.0841162,48.7984888],[23.0831183,48.7991232],[23.082589,48.7994912],[23.0823451,48.7996856],[23.0821131,48.7998902],[23.0818743,48.8001567],[23.0817443,48.8003367],[23.0816156,48.8005348],[23.0814466,48.8008808],[23.0812884,48.8012841],[23.0811693,48.8016943],[23.0810683,48.8021479],[23.080955,48.8029164],[23.0808833,48.8034575],[23.0808172,48.8038806],[23.0807101,48.8045371],[23.0806829,48.8047263],[23.0806399,48.8050026],[23.0806017,48.8052675],[23.0803935,48.8068069],[23.0803067,48.8073548],[23.0799557,48.8097578],[23.079852,48.8104339],[23.0797965,48.810687],[23.0797032,48.8110265],[23.0795583,48.8114101],[23.0794162,48.8116951],[23.0792437,48.8119751],[23.0790787,48.8122087],[23.0789088,48.8124279],[23.0786796,48.81268],[23.0784312,48.8129141],[23.0781157,48.8131893],[23.0772891,48.8138156],[23.076852,48.8141456],[23.076389,48.8144693],[23.0761729,48.8146296],[23.0759773,48.814756],[23.0755406,48.8150394],[23.0746067,48.8156012],[23.072828,48.8166521],[23.0722168,48.8170056],[23.071821,48.817245],[23.0715475,48.8174255],[23.0712627,48.8176555],[23.0710674,48.8178419],[23.0710032,48.817928],[23.0708541,48.8181633],[23.0707479,48.8184186],[23.0706834,48.8186501],[23.0706293,48.8189596],[23.0706146,48.8191057],[23.0705937,48.8194929],[23.0706143,48.8199842],[23.0706854,48.8206325],[23.0708492,48.8216849],[23.0710332,48.8227197],[23.0710436,48.8229546],[23.0710358,48.8232386],[23.0709901,48.8234985],[23.070917,48.8237129],[23.0708205,48.8238985],[23.0707034,48.82407],[23.0705579,48.824255],[23.0704191,48.8244092],[23.0702915,48.8245348],[23.0699032,48.8249019],[23.0694953,48.8252743],[23.0692399,48.8255319],[23.0691021,48.8257063],[23.0690139,48.8258664],[23.0689338,48.8260529],[23.0688426,48.826322],[23.0687988,48.8265531],[23.0687713,48.8267844],[23.068728,48.8274179],[23.0686364,48.8283572],[23.0685727,48.8292235],[23.0684971,48.830621],[23.0684701,48.8309183],[23.068411,48.8312215],[23.0683199,48.8315937],[23.0682879,48.8317137],[23.0681706,48.8321544],[23.0680316,48.8325135],[23.0678511,48.8329014],[23.0676986,48.8332606],[23.067579,48.8335291],[23.06728,48.8341942],[23.0670996,48.8346076],[23.0670573,48.8347031],[23.066802,48.8353808],[23.0666556,48.8358695],[23.0665845,48.8362666],[23.0665626,48.8366129],[23.0665863,48.8369925],[23.0666175,48.8371355],[23.066626,48.8371745],[23.0666776,48.8373539],[23.0667534,48.8375585],[23.0668512,48.837763],[23.0669959,48.8380409],[23.0671771,48.8383422],[23.0673355,48.838593],[23.0675169,48.8388435],[23.0676788,48.8390467],[23.0678641,48.8392527],[23.0681211,48.8395016],[23.0682877,48.8396469],[23.0684731,48.8397903],[23.0687731,48.840008],[23.0691036,48.8402092],[23.0693297,48.8403363],[23.0695853,48.8404611],[23.0698742,48.8405993],[23.0701828,48.8407282],[23.0704147,48.84082],[23.0706635,48.8408951],[23.0710222,48.8410027],[23.0713972,48.8410879],[23.0727502,48.8413756],[23.0753113,48.8418788],[23.0757192,48.8419669],[23.0763803,48.8421358],[23.0769792,48.8423084],[23.0773455,48.8424335],[23.0776895,48.8425889],[23.0781246,48.8428169],[23.0785525,48.8430681],[23.0789792,48.8433307],[23.0801913,48.8441042],[23.0814016,48.844875],[23.0822819,48.8454342],[23.0834764,48.8461856],[23.0838722,48.8464598],[23.0840524,48.8465968],[23.0841588,48.8466809],[23.0843369,48.8468774],[23.0844895,48.8470733],[23.0845808,48.8473398],[23.0846882,48.8475444],[23.0847652,48.8477121],[23.0848959,48.8478957],[23.0850214,48.8480593],[23.0851253,48.848157],[23.0852098,48.8482264],[23.0853818,48.8483211],[23.0855821,48.8484129],[23.0858329,48.8484993],[23.0865106,48.8486856],[23.0871442,48.848866],[23.0875056,48.8490302],[23.088344,48.8494902],[23.0886658,48.8496916],[23.0889715,48.8499101],[23.0892603,48.8501596],[23.0894212,48.8503297],[23.0895498,48.8504924],[23.0897888,48.8509129],[23.0899224,48.8511874],[23.0900033,48.8514537],[23.0900685,48.8516693],[23.0900837,48.8519139],[23.0901329,48.8528791],[23.0901414,48.853818],[23.0901566,48.8540021],[23.0902007,48.8541813],[23.0902655,48.8543267],[23.090327,48.8544488],[23.0905209,48.8547723],[23.0907466,48.8550995],[23.0908692,48.8552396],[23.0910161,48.8553755],[23.0911803,48.855522],[23.0913686,48.8556663],[23.0917709,48.8559104],[23.0921854,48.8561004],[23.0924069,48.856183],[23.0926503,48.8562553],[23.0930231,48.8563468],[23.093237,48.8563745],[23.0935248,48.856382],[23.0937852,48.8563399],[23.0939838,48.8562739],[23.09418,48.8561739],[23.0943894,48.8560464],[23.0945224,48.855949],[23.0947071,48.8557828],[23.0949902,48.855483],[23.0953249,48.8551064],[23.0954673,48.8549754],[23.0956117,48.854891],[23.0957614,48.8548297],[23.0959705,48.8547802],[23.0961845,48.8547575],[23.096379,48.8547564],[23.0966299,48.85477],[23.0969234,48.8548053],[23.0972553,48.8548668],[23.0978833,48.8550223],[23.0983434,48.8551407],[23.0986852,48.8551951],[23.0990488,48.8552222],[23.099433,48.8552319],[23.0997362,48.8552178],[23.1000129,48.8551714],[23.100231,48.8550974],[23.1004091,48.8550114],[23.1006016,48.8548647],[23.1007817,48.8546783],[23.1015752,48.8536565],[23.1019324,48.8531931],[23.1021286,48.8530019],[23.10229,48.8529038],[23.1024476,48.8528404],[23.102628,48.8527803],[23.1027899,48.8527494],[23.1029499,48.8527485],[23.1031736,48.852757],[23.1034797,48.8528167],[23.1037304,48.852895],[23.1040009,48.8529972],[23.1043371,48.8531398],[23.1046664,48.853335],[23.1048435,48.8534703],[23.1049763,48.8536098],[23.1051541,48.8538045],[23.1053595,48.8541109],[23.10555,48.8543969],[23.1056655,48.8545576],[23.1057182,48.8546281],[23.1058051,48.8547156],[23.1059079,48.8548033],[23.10599,48.8548669],[23.1060841,48.8549251],[23.1061528,48.854964],[23.1062275,48.854999],[23.1063318,48.8550297],[23.1064521,48.8550586],[23.1065428,48.8550673],[23.1066346,48.8550725],[23.1067276,48.8550733],[23.1068145,48.8550688],[23.1069265,48.8550616],[23.1070893,48.8550458],[23.1072399,48.8550274],[23.1074403,48.8549959],[23.1076988,48.8549426],[23.10796,48.8548839],[23.1082517,48.8548125],[23.108575,48.8547227],[23.1091203,48.8545549],[23.109466,48.8544503],[23.1097018,48.8543899],[23.1100006,48.8543245],[23.1102941,48.8542653],[23.1104825,48.8542329],[23.1106842,48.8542039],[23.1108571,48.8541848],[23.1110045,48.8541754],[23.1111273,48.8541754],[23.1112509,48.8541834],[23.1113665,48.8541932],[23.1114882,48.8542089],[23.11161,48.8542255],[23.1117288,48.8542499],[23.1118577,48.8542879],[23.111992,48.854334],[23.112149,48.8543914],[23.11227,48.8544485],[23.11239,48.8545106],[23.1125471,48.8546173],[23.1126338,48.8546764],[23.1127374,48.8547495],[23.112833,48.8548306],[23.1129318,48.8549235],[23.1131423,48.8551556],[23.11335,48.8553487],[23.1136381,48.8556323],[23.1137773,48.8557534],[23.1138747,48.8558244],[23.1139693,48.855881],[23.114072,48.8559392],[23.1141813,48.8559965],[23.1143079,48.856044],[23.1144315,48.8560855],[23.1145485,48.8561208],[23.1146746,48.8561461],[23.1148074,48.8561723],[23.1149414,48.8561909],[23.1150984,48.8562042],[23.1153081,48.8562135],[23.1154801,48.8562155],[23.1156695,48.8562086],[23.1158913,48.8562034],[23.1161424,48.8561946],[23.1168252,48.856162],[23.1171541,48.8561535],[23.117289,48.8561551],[23.117432,48.8561628],[23.1175383,48.8561737],[23.1176571,48.8561853],[23.1177599,48.8562058],[23.1179084,48.856233],[23.1180736,48.8562754],[23.1182143,48.8563118],[23.1183597,48.8563652],[23.1184888,48.8564131],[23.1186232,48.856469],[23.1187623,48.8565416],[23.1188975,48.8566223],[23.1189946,48.856691],[23.1191455,48.8567976],[23.1192585,48.8568916],[23.1193948,48.8570112],[23.1195301,48.8571897],[23.1199728,48.8577887],[23.1202354,48.8581664],[23.120444,48.8584315],[23.1206564,48.858656],[23.1208145,48.8587736],[23.121094,48.8589581],[23.121511,48.8591331]]}},
{"type":"Feature","properties":{"ref":"М-08","layer":"Roads_red_perspective","id_object":"MK0124"},"geometry":{"type":"LineString","coordinates":[[22.2651912,48.6549002],[22.2652171,48.654748],[22.2652505,48.6545523]]}},
{"type":"Feature","properties":{"ref":"М-08","layer":"Roads_red_perspective","id_object":"MK0124"},"geometry":{"type":"LineString","coordinates":[[22.2652505,48.6545523],[22.2652922,48.6542673],[22.2654706,48.6541561],[22.265521,48.6539282],[22.2655899,48.6536353],[22.2656201,48.6535578],[22.2656316,48.6534847],[22.2656535,48.6532893],[22.2656088,48.6531234],[22.26553,48.6528434],[22.2655492,48.652711]]}},
{"type":"Feature","properties":{"ref":"М-08","layer":"Roads_red_perspective","id_object":"MK0124"},"geometry":{"type":"LineString","coordinates":[[22.2655492,48.652711],[22.2657049,48.6530062],[22.2657844,48.6532568],[22.2658082,48.6534203],[22.2658091,48.6534987],[22.2657946,48.6535749],[22.2657778,48.6536501],[22.2656592,48.6539933],[22.2656314,48.6540798],[22.2655803,48.6541478],[22.2654359,48.6542729],[22.2653761,48.6544013],[22.2652505,48.6545523]]}},
{"type":"Feature","properties":{"ref":"М-08","layer":"Roads_red_perspective","id_object":"MK0124"},"geometry":{"type":"LineString","coordinates":[[22.2859092,48.6550213],[22.285322,48.6549547],[22.2851587,48.6549263],[22.2849029,48.654886],[22.2846347,48.6548418],[22.2841796,48.6547487],[22.2836637,48.6546221],[22.2831973,48.654487],[22.2826472,48.6542872],[22.2821492,48.6540934],[22.2810405,48.6535825],[22.2793803,48.6527049],[22.2780068,48.6519557],[22.2775389,48.6517004],[22.2742438,48.6499424],[22.2709317,48.6481613],[22.2702575,48.6478033],[22.2695437,48.6474207],[22.2689898,48.647127],[22.2688,48.6470275],[22.2685791,48.6469117],[22.2684355,48.6468758],[22.2682878,48.64686],[22.2680791,48.6468503],[22.2678709,48.6468519],[22.2676584,48.6468605],[22.2675122,48.6468764],[22.2672771,48.6469238],[22.2669967,48.6470244],[22.2668321,48.6471096],[22.2666945,48.647202],[22.2665871,48.6473094],[22.2665258,48.6476301],[22.2663402,48.6485862],[22.266317,48.6487045],[22.2662516,48.6490389],[22.2662287,48.6491638],[22.2659748,48.6505503],[22.2659677,48.6505866],[22.2659227,48.6508163],[22.2659003,48.6509304],[22.2658167,48.6513548],[22.2658007,48.6514358],[22.2656316,48.6522935],[22.2655759,48.6525757],[22.2655492,48.652711]]}},
{"type":"Feature","properties":{"ref":"М-08","layer":"Roads_red_perspective","id_object":"MK0124"},"geometry":{"type":"LineString","coordinates":[[22.2659748,48.6550294],[22.2661136,48.6549393],[22.2661811,48.6548955],[22.2663662,48.6548117],[22.2664267,48.6547897],[22.266721,48.6546823],[22.2677862,48.6543043],[22.2682012,48.6541573],[22.2685777,48.6539341],[22.2688429,48.6538154],[22.269352,48.6537278],[22.2696526,48.65368],[22.2699228,48.6536769],[22.2703127,48.6536725],[22.2705826,48.6536971],[22.2708678,48.6537011],[22.2712002,48.6536797],[22.2715254,48.6536543],[22.272826,48.6536515]]}},
{"type":"Feature","properties":{"ref":"М-08","layer":"Roads_red_perspective","id_object":"MK0124"},"geometry":{"type":"LineString","coordinates":[[22.272826,48.6536515],[22.2721543,48.6540952],[22.2711937,48.6541236],[22.2704083,48.6541469],[22.2699575,48.6541602],[22.2696735,48.6541686],[22.2692879,48.65418],[22.2690996,48.6541969],[22.2688173,48.654293],[22.2685349,48.6544569],[22.2683338,48.6545728],[22.2681327,48.6546378],[22.2670846,48.6547932],[22.2663752,48.6548786],[22.2662584,48.6549202],[22.2661811,48.6549702],[22.2661413,48.6550302]]}},
{"type":"Feature","properties":{"ref":"М-08","layer":"Roads_red_perspective","id_object":"MK0124"},"geometry":{"type":"LineString","coordinates":[[22.272826,48.6536515],[22.2740004,48.6536254],[22.2743692,48.6536095],[22.2748156,48.6535637],[22.2753873,48.6534771],[22.2758443,48.653403],[22.2762303,48.6533633],[22.2766901,48.6533518],[22.2770843,48.6534057],[22.2773795,48.6534639],[22.2779674,48.6535962],[22.2784765,48.6537516],[22.2796108,48.6542537],[22.279961,48.6544387],[22.2804701,48.6547365],[22.2812852,48.655163],[22.2818636,48.6554692],[22.2822738,48.6556891],[22.2826705,48.6558814],[22.2830353,48.6560112],[22.283376,48.6560747],[22.2836686,48.6560986],[22.2839372,48.6561039],[22.2842979,48.6560668],[22.2845945,48.6559953],[22.2848671,48.6559053],[22.2850956,48.6557914],[22.2853123,48.6556629]]}},
{"type":"Feature","properties":{"ref":"М-08","layer":"Roads_red_perspective","id_object":"MK0124"},"geometry":{"type":"LineString","coordinates":[[22.2853123,48.6556629],[22.2856184,48.655412],[22.2857318,48.6552735],[22.2859092,48.6550213]]}},
{"type":"Feature","properties":{"ref":"М-08","layer":"Roads_red_perspective","id_object":"MK0124"},"geometry":{"type":"LineString","coordinates":[[22.2859092,48.6550213],[22.2859184,48.6551115],[22.2859491,48.6552171],[22.2857819,48.6553444],[22.2853123,48.6556629]]}},
{"type":"Feature","properties":{"ref":"М-08","layer":"Roads_red_perspective","id_object":"MK0124"},"geometry":{"type":"LineString","coordinates":[[22.3084671,48.6429083],[22.3076189,48.6432134],[22.3072088,48.6433909],[22.3069555,48.6435209],[22.306665,48.6436883],[22.3062716,48.6439428],[22.3059886,48.6441573],[22.3056632,48.6444648],[22.3055156,48.6446131],[22.3053789,48.6447518],[22.3052914,48.6448554],[22.3052502,48.6449043],[22.3051187,48.6450762],[22.304973,48.6452874],[22.3048639,48.6454554],[22.3047641,48.6456494],[22.3046789,48.6458329],[22.3046273,48.6459932],[22.3045598,48.6462347],[22.304504,48.646612],[22.3044657,48.6472554],[22.3044524,48.6475601],[22.304424,48.6484042],[22.3043838,48.6488136],[22.3043408,48.6492042],[22.304314,48.6493629],[22.3042416,48.6496464],[22.3041544,48.6499361],[22.3039374,48.6503605],[22.303665,48.6507769],[22.3034017,48.6511008],[22.3031018,48.6514397],[22.302855,48.6517055],[22.3024961,48.6520949],[22.3021679,48.6524657],[22.301562,48.652944],[22.3011221,48.6532797],[22.3006483,48.6536001],[22.3004865,48.6537095],[22.2999805,48.6539891],[22.2992313,48.6543208],[22.2984801,48.6546178],[22.297976,48.6547744],[22.2973086,48.6549438],[22.2961909,48.65516],[22.2956927,48.6552375],[22.2951526,48.6552824],[22.2942397,48.6553113],[22.2934625,48.6553056],[22.2911652,48.6552303],[22.2884014,48.65514],[22.2878632,48.6551224],[22.2863701,48.6550544],[22.2859092,48.6550213]]}},
{"type":"Feature","properties":{"ref":"М-08","layer":"Roads_red_perspective","id_object":"MK0124"},"geometry":{"type":"LineString","coordinates":[[22.3287193,48.5921316],[22.328666,48.5923826],[22.3286346,48.5925201],[22.3285387,48.5929204],[22.328444,48.5932828],[22.3283367,48.5937073],[22.3282905,48.59389],[22.3278224,48.5957737],[22.3276555,48.5964454],[22.3273703,48.5976134],[22.3271236,48.5985737],[22.3270404,48.5989284],[22.3269967,48.5991759],[22.3269477,48.5994779],[22.3269017,48.5999772],[22.3269036,48.6003208],[22.326935,48.6006803],[22.3269814,48.6010002],[22.3270583,48.6013232],[22.3271504,48.601605],[22.3272543,48.6018927],[22.3274528,48.6023418],[22.3282719,48.6040194],[22.3285999,48.6046701],[22.3292634,48.6059754],[22.329441,48.606338],[22.3296449,48.6067486],[22.3298192,48.607121],[22.3299546,48.6074675],[22.3300767,48.6078588],[22.3301689,48.6082527],[22.3301849,48.6083214],[22.3302064,48.6084132],[22.3302859,48.6088271],[22.3304229,48.6096956],[22.3304664,48.6099731],[22.3306756,48.611552],[22.3309689,48.6140161],[22.3310412,48.6146444],[22.3310822,48.6149752],[22.3311,48.6152005],[22.3311023,48.6159857],[22.3311022,48.6177261],[22.3311447,48.6181137],[22.331236,48.6184475],[22.3314188,48.6188225],[22.3318617,48.6193702],[22.3320986,48.6196251],[22.3322314,48.619768],[22.3325944,48.6201085],[22.3333779,48.6207123],[22.3341927,48.6212722],[22.3348112,48.6217421],[22.3351125,48.6220284],[22.3354442,48.6224364],[22.3357048,48.6229248],[22.3359322,48.6236211],[22.3360787,48.6240988],[22.3363206,48.6249126],[22.3364568,48.6254876],[22.3364872,48.6257041],[22.3364946,48.6259929],[22.3364872,48.6261349],[22.3364684,48.626259],[22.3364138,48.6264856],[22.3363101,48.6267271],[22.3362012,48.6269378],[22.3361063,48.6271065],[22.3360017,48.6272784],[22.3359024,48.627422],[22.3357846,48.6275753],[22.335678,48.6277021],[22.33556,48.6278227],[22.3353512,48.6280048],[22.3351738,48.6281524],[22.334992,48.6282944],[22.3348057,48.6284398],[22.3343776,48.6287741],[22.3336221,48.6293526],[22.333307,48.6295989],[22.3327997,48.6299953],[22.332537,48.6301975],[22.3323019,48.6303785],[22.332022,48.6305948],[22.3313335,48.6311656],[22.3304896,48.6318201],[22.329498,48.6325971],[22.3288214,48.6331337],[22.328504,48.6333818],[22.3280623,48.6337098],[22.3276332,48.6340129],[22.3271967,48.6343294],[22.3257249,48.635361],[22.3248218,48.6359982],[22.3241632,48.6364406],[22.3240345,48.6365288],[22.3227367,48.6374179],[22.3223033,48.6377149],[22.3219098,48.6379879],[22.3214641,48.6382971],[22.3211047,48.6385434],[22.3207319,48.6387685],[22.3205521,48.6388644],[22.320241,48.6390114],[22.3198753,48.6391669],[22.3190819,48.639431],[22.319035,48.6394472],[22.3189755,48.6394672],[22.3184462,48.6396527],[22.3168401,48.640181],[22.316325,48.6403504],[22.3158143,48.6405142],[22.3153492,48.640657],[22.3140528,48.6410836],[22.3134595,48.6412788],[22.3132509,48.6413474],[22.3132346,48.6413528],[22.3119007,48.6417958],[22.3107107,48.6421787],[22.3101838,48.6423418],[22.3094918,48.6425628],[22.3091597,48.6426683]]}},
{"type":"Feature","properties":{"ref":"М-08","layer":"Roads_red_perspective","id_object":"MK0124"},"geometry":{"type":"LineString","coordinates":[[22.3287193,48.5921316],[22.3286638,48.5921198],[22.3286171,48.5920966],[22.3285847,48.5920646],[22.3285699,48.5920272],[22.3285746,48.5919888],[22.3285982,48.5919535],[22.328638,48.5919253],[22.3286896,48.5919073],[22.3287459,48.5919016]]}},
{"type":"Feature","properties":{"ref":"М-08","layer":"Roads_red_perspective","id_object":"MK0124"},"geometry":{"type":"LineString","coordinates":[[22.3287459,48.5919016],[22.3288019,48.5919081],[22.3288519,48.5919262],[22.3288903,48.591954],[22.3289132,48.5919885],[22.3289182,48.592026],[22.3289047,48.5920625],[22.3288741,48.5920943],[22.3288297,48.5921179],[22.3287762,48.5921307],[22.3287193,48.5921316]]}},
{"type":"Feature","properties":{"ref":"М-08","layer":"Roads_red_perspective","id_object":"MK0124"},"geometry":{"type":"LineString","coordinates":[[22.3330325,48.5798071],[22.3330057,48.5798971],[22.3329709,48.5800415],[22.3329225,48.5802556],[22.332881,48.5804947],[22.332834,48.580724],[22.3328152,48.5809494],[22.3328011,48.5813968],[22.3327884,48.5817993],[22.3327723,48.5821933],[22.332744,48.5829821],[22.3327326,48.5832952],[22.3326731,48.5837334],[22.3325626,48.5841714],[22.3324531,48.5844822],[22.332291,48.5847859],[22.3312782,48.5863528],[22.3307793,48.5871245],[22.3300565,48.5883541],[22.3298412,48.5888232],[22.3297753,48.5889668],[22.3295375,48.589485],[22.3294863,48.5896044],[22.3293408,48.5899848],[22.3292318,48.5902661],[22.3290676,48.5907778],[22.3289019,48.591398],[22.3287459,48.5919016]]}},
{"type":"Feature","properties":{"ref":"М-08","layer":"Roads_red_perspective","id_object":"MK0124"},"geometry":{"type":"LineString","coordinates":[[22.3330325,48.5798071],[22.3330459,48.5796842],[22.3331592,48.5791148],[22.333179,48.5788438],[22.3331772,48.5788012],[22.3331724,48.5786868],[22.3331661,48.578539],[22.3331851,48.5784429],[22.3335796,48.5781836],[22.3337142,48.5780913],[22.3338492,48.5779727],[22.3339441,48.577872],[22.3339981,48.5777899],[22.3340247,48.5777421],[22.3340754,48.5775819],[22.3340893,48.577482],[22.3340913,48.5773973],[22.3340544,48.5772478],[22.3340034,48.57712]]}},
{"type":"Feature","properties":{"ref":"М-08","layer":"Roads_red_perspective","id_object":"MK0124"},"geometry":{"type":"LineString","coordinates":[[22.3350942,48.577268],[22.3350026,48.5773782],[22.3348988,48.5774712],[22.3345412,48.5777467],[22.3343924,48.5778688],[22.3342196,48.5780495],[22.3339247,48.5783894],[22.333843,48.5784918],[22.3337464,48.5786236],[22.3335529,48.5789196],[22.3334131,48.5791334],[22.3330979,48.5796913],[22.3330325,48.5798071]]}},
{"type":"Feature","properties":{"ref":"N-8","layer":"Roads_red_perspective","id_object":"MK0125"},"geometry":{"type":"LineString","coordinates":[[22.65764215381725,48.457692693269983],[22.657313899027546,48.456846438218051],[22.657007807641442,48.455996523461906],[22.656723971593912,48.455143204097944],[22.656462476135516,48.454286736257316],[22.656223399806784,48.453427377029229],[22.656006814414628,48.452565384383846],[22.655812785010781,48.451701017095075],[22.655641369872246,48.450834534662924],[22.655492620483805,48.449966197235689],[22.655366581522543,48.449096265531999],[22.655263290844442,48.448225000762555],[22.655182779473005,48.447352664551822],[22.655125071589936,48.446479518859462],[22.655090184527882,48.445605825901744],[22.655078128765211,48.444731848072848],[22.655088907922899,48.443857847866028],[22.655122518763406,48.442984087794848],[22.655178951191669,48.442110830314235],[22.655258188258131,48.441238337741723],[22.655360206163824,48.440366872178565],[22.655484974267527,48.439496695430996],[22.655632455094963,48.438628068931472],[22.655802604350058,48.437761253660113],[22.655995370928242,48.436896510066198],[22.656210696931801,48.436034097989769],[22.656448517687259,48.435174276583545],[22.656708761764822,48.434317304234852],[22.656991350999817,48.433463438487912],[22.657296200516161,48.432612935966247],[22.657623218751869,48.43176605229543],[22.65797230748656,48.430923042026144],[22.658343361870934,48.430084158557413],[22.658736270458277,48.429249654060314],[22.659150915237941,48.428419779401985],[22.65958717167079,48.42759478406996],[22.660044908726576,48.42677491609701],[22.66052398892333,48.425960421986339],[22.661024268368635,48.425151546637217],[22.661545596802856,48.424348533271107],[22.66208781764426,48.423551623358307],[22.662650768036048,48.422761056545092],[22.663234278895274,48.421977070581349],[22.66383817496363,48.421199901248819],[22.664462274860071,48.420429782289887],[22.665106391135318,48.419666945337077],[22.665770330328126,48.418911619842952],[22.666453893023427,48.418164033010918],[22.667156873912194,48.41742440972655],[22.667879061853135,48.416692972489564],[22.668620239936065,48.415969941346624],[22.669380185547102,48.415255533824805],[22.670158670435516,48.414549964865863],[22.670955460782256,48.413853446761131],[22.671770317270223,48.41316618908742],[22.672602995156115,48.412488398643553],[22.673453244343953,48.411820279387818],[22.674320809460195,48.411162032376261],[22.675205429930422,48.410513855701801],[22.676106840057628,48.409875944434297],[22.677024769102005,48.409248490561495],[22.67795894136227,48.408631682930846],[22.67890907625846,48.408025707192387],[22.679874888416215,48.40743074574246],[22.680856087752492,48.406846977668486],[22.681852379562677,48.406274578694664],[22.68286346460912,48.405713721128805],[22.683889039210989,48.405164573810026],[22.684928795335509,48.404627302057648],[22.685982420690458,48.404102067621032],[22.687049598817957,48.403589028630577],[22.688130009189564,48.40308833954974],[22.689223327302486,48.402600151128233],[22.690329224777088,48.402124610356289],[22.691447369455489,48.401661860420049],[22.692577425501359,48.401212040658201],[22.693719053500768,48.400775286519618],[22.694871910564125,48.40035172952232],[22.696035650429188,48.399941497213547],[22.697209923565037,48.399544713131071],[22.698394377277072,48.399161496765664],[22.699588655812953,48.39879196352485],[22.700792400469432,48.398436224697903],[22.702005249700093,48.398094387421999],[22.703226839223952,48.397766554649735],[22.704456802134874,48.397452825117853],[22.70569476901176,48.39715329331726],[22.706940368029503,48.396868049464338],[22.708193225070676,48.396597179473517],[22.709452963837894,48.396340764931224],[22.710719205966843,48.39609888307109],[22.711991571139897,48.395871606750461],[22.713269677200387,48.395659004428268],[22.714553140267345,48.395461140144299],[22.71584157485082,48.395278073499647],[22.717134593967671,48.395109859638659],[22.718431809257773,48.394956549232163],[22.719732831100675,48.394818188462082],[22.721037268732633,48.394694819007412],[22.722344730363954,48.394586478031485],[22.723654823296688,48.3944931981708],[22.72496715404257,48.394415007524984],[22.726281328441207,48.394351929648323],[22.727596951778455,48.394303983542592],[22.728913628904987,48.394271183651256],[22.730230964354959,48.394253539855107],[22.731548562464816,48.394251057469269],[22.732866027492094,48.394263737241538],[22.734182963734312,48.394291575352192],[22.735498975647804,48.394334563415143],[22.736813667966533,48.394392688480494],[22.738126645820799,48.394465933038447],[22.739437514855847,48.394554275024653],[22.740745881350314,48.394657687826914],[22.74205135233446,48.394776140293246],[22.743353535708238,48.394909596741385],[22.744652040359025,48.395058016969593],[22.745946476279116,48.395221356268891],[22.747236454682852,48.395399565436662],[22.748521588123388,48.395592590791544],[22.749801490609084,48.395800374189832],[22.751075777719418,48.39602285304305],[22.75234406672045,48.396259960337019],[22.753605976679786,48.396511624652213],[22.754861128580984,48.396777770185444],[22.756109145437396,48.397058316772885],[22.757349652405392,48.397353179914433],[22.758582276896952,48.397662270799351],[22.759806648691569,48.397985496333291],[22.761147051660611,48.398085728470718],[22.762484630787867,48.398201400782838],[22.763818982635676,48.398332478275627],[22.765149704739784,48.398478921294853],[22.766476395730717,48.398640685538226],[22.767798655454865,48.398817722068841],[22.76911608509516,48.399009977330188],[22.770428287291395,48.399217393162438],[22.771734866260026,48.399439906820248],[22.773035427913591,48.399677450991867],[22.774329579979547,48.399929953819687],[22.775616932118609,48.400197338922212],[22.776897096042457,48.400479525417275],[22.778169685630886,48.400776427946795],[22.779434317048214,48.401087956702803],[22.780690608859111,48.401414017454819],[22.781938182143609,48.401754511578595],[22.783176660611407,48.402109336086227],[22.784405670715362,48.402478383657545],[22.785624841764154,48.402861542672838],[22.786833806034103,48.403258697246919],[22.788032198880071,48.403669727264429],[22.789219658845454,48.404094508416485],[22.790395827771189,48.404532912238558],[22.791560350903804,48.404984806149656],[22.792712877002405,48.405450053492721],[22.793853058444597,48.405928513576278],[22.794980551331385,48.406420041717311],[22.79609501559084,48.406924489285366],[22.79719611508072,48.4074417037478],[22.798283517689814,48.40797152871631],[22.799356895438152,48.408513803994474],[22.800415924575905,48.409068365626652],[22.801460285681035,48.409635045947816],[22.802489663755658,48.410213673634694],[22.80350374832102,48.410804073757845],[22.80450223351118,48.411406067834967],[22.80548481816523,48.412019473885209],[22.806451205918151,48.412644106484521],[22.807401105290218,48.413279776822129],[22.808334229774857,48.413926292757942],[22.809250297925125,48.414583458881005],[22.810149033438574,48.41525107656895],[22.811030165240574,48.415928944048368],[22.811893427566098,48.416616856456201],[22.812738560039861,48.417314605901971],[22.813565307754878,48.418021981531012],[22.814373421349323,48.418738769588586],[22.815162657081757,48.419464753484689],[22.815932776904635,48.420199713860029],[22.816683548536123,48.420943428652556],[22.817414745530126,48.421695673164947],[22.818126147344632,48.42245622013278],[22.818817539408183,48.423224839793612],[22.81948871318464,48.424001299956679],[22.820139466236039,48.424785366073344],[22.82076960228369,48.42557680130831],[22.821378931267343,48.426375366611467],[22.821967269402528,48.427180820790369],[22.822534439236005,48.427992920583435],[22.823080269699251,48.428811420733652],[22.823604596160095,48.429636074062955],[22.824107260472335,48.430466631547169],[22.824588111023481,48.431302842391432],[22.82504700278044,48.432144454106194],[22.825483797333302,48.43299121258373],[22.82589836293705,48.433842862175062],[22.826290574551319,48.434699145767397],[22.826660313878122,48.43555980486196],[22.827007469397479,48.436424579652204],[22.827331936401123,48.437293209102506],[22.827633617024023,48.438165431027087],[22.827912420273936,48.439040982169331],[22.828168262058849,48.439919598281428],[22.828401065212319,48.440801014204226],[22.828610759516767,48.441684963947488],[22.828797281724672,48.442571180770166],[22.828960575577611,48.443459397261108],[22.829100591823252,48.444349345419781],[22.829217288230208,48.44524075673727],[22.829310629600759,48.446133362277344],[22.829380587781493,48.447026892757656],[22.829427141671772,48.44792107863104],[22.829450277230126,48.448815650166857],[22.829449987478441,48.449710337532395],[22.829426272504122,48.450604870874265],[22.829379139460027,48.451498980399784],[22.829308602562321,48.452392396458343],[22.829214683086189,48.453284849622698],[22.829097409359409,48.454176070770195],[22.828956816753831,48.455065791163861],[22.828792947674682,48.455953742533346],[22.828605851547792,48.456839657155832],[22.828395584804689,48.45772326793653],[22.828162210865557,48.458604308489214],[22.827905800120131,48.459482513216329],[22.827626429906452,48.460357617389036],[22.827324184487555,48.461229357226756],[22.826999155026034,48.462097469976605],[22.826651439556553,48.462961693992426],[22.82628114295629,48.463821768813446],[22.825888376913284,48.464677435242592],[22.825473259892767,48.465528435424424],[22.825035917101424,48.466374512922627],[22.824576480449615,48.467215412797067],[22.824095088511605,48.468050881680377],[22.823591886483783,48.468880667854059],[22.823067026140823,48.469704521324076],[22.822520665789952,48.470522193895938],[22.821952970223169,48.47133343924915],[22.82136411066756,48.472138013011218],[22.820754264733644,48.472935672830879],[22.820123616361816,48.47372617845091],[22.819472355766827,48.474509291780137],[22.81880067938048,48.475284776964827],[22.818108789792319,48.476052400459459],[22.81739689568855,48.476811931096691],[22.816665211789111,48.477563140156683],[22.815913958782883,48.478305801435589],[22.815143363261143,48.479039691313396],[22.814353657649203,48.479764588820863],[22.81354508013634,48.480480275705744],[22.812717874603912,48.4811865364981],[22.811872290551833,48.48188315857486],[22.811008583023295,48.482569932223456],[22.810127012527861,48.483246650704558],[22.809227844962876,48.483913110314006],[22.808311351533284,48.484569110443722]]}},
{"type":"Feature","properties":{"ref":"L-01","layer":"Roads_red_perspective","id_object":"MK0126"},"geometry":{"type":"LineString","coordinates":[[22.622215560769394,48.19766400813635],[22.560823134950379,48.246450290480666],[22.560823134950379,48.246450290480666]]}},
{"type":"Feature","properties":{"ref":"L-02","layer":"Roads_red_perspective","id_object":"MK0127"},"geometry":{"type":"LineString","coordinates":[[22.561057457186333,48.246294248531385],[22.561478885978122,48.24682758657643],[22.561914134399032,48.247355974305108],[22.562363071657224,48.247879253093011],[22.562825562847365,48.24839726585428],[22.56330146899117,48.248909857088684],[22.563790647079191,48.249416872928066],[22.564292950113749,48.249918161182471],[22.56480822715314,48.250413571385636],[22.565336323356981,48.250902954839972],[22.565877080032724,48.25138616466112],[22.566430334683378,48.251863055821758],[22.566995921056311,48.252333485195109],[22.567573669193209,48.252797311597632],[22.568163405481176,48.253254395831284],[22.568764952704868,48.253704600725065],[22.569378130099764,48.254147791176152],[22.570002753406495,48.254583834190107],[22.570638634926194,48.255012598920736],[22.57128558357692,48.25543395670919],[22.571943404951053,48.255847781122313],[22.57261190137373,48.256253947990501],[22.573290871962261,48.256652335444755],[22.573980112686449,48.257042823953107],[22.574679416429952,48.25742529635626],[22.575388573052489,48.257799637902671],[22.576107369452988,48.258165736282713],[22.576835589633642,48.258523481662287],[22.577573014764798,48.258872766715577],[22.578319423250726,48.259213486657082],[22.579074590796196,48.259545539272928],[22.579838290473909,48.259868824951333],[22.580610292792635,48.26018324671238],[22.581390365766229,48.26048871023692],[22.582178274983313,48.260785123894742],[22.582973783677716,48.261072398771908],[22.583776652799646,48.261350448697286],[22.584586641087487,48.261619190268242],[22.585403505140349,48.261878542875515],[22.586226999491135,48.262128428727337],[22.587056876680396,48.262368772872506],[22.5878928873306,48.262599503222852],[22.588734780221159,48.262820550574716],[22.589582302363844,48.263031848629531],[22.59043519907884,48.263233334013663],[22.591293214071293,48.263424946297263],[22.592156089508308,48.26360662801234],[22.593023566096416,48.263778324669801],[22.593895383159524,48.263939984775803],[22.594771278717207,48.264091559847046],[22.595650989563477,48.264233004425243],[22.596534251345844,48.264364276090646],[22.597420798644762,48.264485335474745],[22.598310365053393,48.264596146271963],[22.599202683257662,48.264696675250484],[22.600097485116578,48.264786892262187],[22.600994501742811,48.264866770251579],[22.601893463583497,48.264936285263914],[22.602794100501235,48.26499541645228],[22.603696141855277,48.265044146083895],[22.604599316582821,48.265082459545276],[22.605503353280504,48.265110345346706],[22.606407980285933,48.265127795125601],[22.607312925759334,48.265134803648991],[22.608217917765231,48.265131368815112],[22.609122684354155,48.265117491654038],[22.610026953644404,48.265093176327341],[22.610930453903674,48.265058430126864],[22.611832913630778,48.265013263472554],[22.612734061637216,48.264957689909352],[22.613633627128635,48.26489172610318],[22.61453133978625,48.264815391835896],[22.615426929848031,48.26472870999951],[22.616320128189798,48.264631706589263],[22.617210666406091,48.264524410695948],[22.618098276890787,48.264406854497196],[22.618982692917573,48.264279073247891],[22.619863648720052,48.26414110526968],[22.620740879571628,48.263992991939517],[22.621614121865047,48.263834777677374],[22.622483113191617,48.26366650993296],[22.62334759242006,48.263488239171593],[22.624207299774969,48.263300018859141]]}},
{"type":"Feature","properties":{"ref":"L-03","layer":"Roads_red_perspective","id_object":"MK0128"},"geometry":{"type":"LineString","coordinates":[[22.531415694338602,48.209464793457869],[22.532715686615248,48.211783295292832],[22.534076095460367,48.214086248588096],[22.535496507927224,48.216372956422951],[22.536976492855239,48.21864272688628],[22.538515601000825,48.220894873283875],[22.540113365173791,48.22312871434417],[22.54176930037913,48.225343574422091],[22.543482903964257,48.227538783701284],[22.545253655771582,48.229713678394333],[22.547081018296378,48.231867600941186],[22.548964436849982,48.233999900205532],[22.550903339728134,48.236109931669255],[22.552897138384516,48.238197057624696],[22.554945227609437,48.240260647364906],[22.557046985713498,48.242300077371603],[22.559201774716332,48.244314731500978],[22.561408940540261,48.246304001167182]]}},
{"type":"Feature","properties":{"ref":"М-24","layer":"Roads_red_perspective","id_object":"MK0129"},"geometry":{"type":"LineString","coordinates":[[22.57639199567112,48.166609574038546],[22.57681349852902,48.166730084761092],[22.576844468714629,48.166739270476995],[22.578679753147146,48.167303350266337],[22.57889212996788,48.167368651996441],[22.579208731737697,48.167463621497014],[22.579305232617802,48.16749260045308],[22.579314005559571,48.167495188151669],[22.579458883608925,48.167536369324203],[22.580353443739344,48.167789970259889],[22.580378806350517,48.167797381763471],[22.581227142243701,48.168052724215329],[22.581737175049422,48.168206273880081],[22.582040809620526,48.168297644497827],[22.582421512216349,48.168412252877197],[22.583101510411371,48.168614913625646],[22.58380379335874,48.168824234661749],[22.583827478966963,48.168831021929954],[22.583851165878755,48.168837274156203],[22.584279889845615,48.168945618641096],[22.584347034407877,48.168960488828787],[22.584347395100544,48.168960557585322],[22.584415301485794,48.16897143129291],[22.584655622699472,48.169002653798209],[22.584720328072905,48.169009225689173],[22.584720677580581,48.169009251333812],[22.584785649219995,48.169012194312586],[22.585433635233752,48.169023398125454],[22.589784644967494,48.169098728207409],[22.589805939142998,48.169099235313439],[22.590419752478031,48.169117844528714],[22.590428427198557,48.169118065883374],[22.5949718171603,48.169188474247377],[22.595124536765358,48.169190283068545],[22.595190699901316,48.169189174891066],[22.595191055472281,48.169189158792079],[22.595257124202636,48.169184277802536],[22.595348519971306,48.169174900671685],[22.595437629158464,48.169162255408594],[22.595438072618229,48.169162174853916],[22.595525936286563,48.16914267291331],[22.596123343766386,48.168985577201042],[22.596185214901269,48.168970585869829],[22.596674520542528,48.168862043325596],[22.596717707781714,48.168853071113993],[22.597644200203113,48.168673561665521],[22.597876881568219,48.168645547478725],[22.598085406415141,48.168635476131477],[22.598160414842237,48.168633572931945],[22.59861218160799,48.168632454881866],[22.598748111918724,48.168637764053891],[22.599028238361488,48.168660377515174],[22.599164528304804,48.168677151020383],[22.599364780074652,48.168710364345614],[22.599434250440058,48.168723431822457],[22.599770443522154,48.168794209313418],[22.599813079033321,48.16880378049575],[22.601214992336711,48.169138185224163],[22.601329645417913,48.169169973756418],[22.601630069794396,48.169265139242128],[22.601721415151193,48.169297071272183],[22.602136996112709,48.16945626527324],[22.60219654275944,48.169480424519122],[22.603495301858111,48.170037253147591],[22.603639218325092,48.170107467243959],[22.60391002541127,48.17025638796904],[22.604109251334588,48.170385574817047],[22.604279656924714,48.170514522956537],[22.604545288384564,48.170715565944988],[22.604580878699018,48.170743280974733],[22.604830009329358,48.170942852677328],[22.605038298364903,48.171142200047889],[22.605208432073194,48.171374962196403],[22.605308498244636,48.171540724763055],[22.605316806782543,48.171554643210165],[22.606061089211813,48.172815590595313],[22.606065761758895,48.172823416474223],[22.607402798272609,48.175010272989837],[22.60740817807164,48.175019135047286],[22.607432979076105,48.175060282168332],[22.607643483004171,48.175405685903272],[22.607656234705445,48.175426970332829],[22.607679778661165,48.175466951989335],[22.607865602520988,48.17578249250672],[22.60938176104683,48.178357063609276],[22.609382905578205,48.178359010190292],[22.609585084139585,48.178703411589929],[22.60959087326826,48.178713128435959],[22.609601532586211,48.178730578489173],[22.609844373166204,48.179120738415342],[22.609905793651997,48.179219353317272],[22.610270362367579,48.179805074768097],[22.61028005218591,48.179820840277067],[22.610963755444409,48.180947446268888],[22.61114332399692,48.181243212065247],[22.611149428425797,48.181253348928166],[22.611948064346777,48.182590442645605],[22.612104218195874,48.182852062704605],[22.612200300002701,48.183012902371878],[22.612257563535639,48.183108838672716],[22.612461131140453,48.183449670881387],[22.612465754061702,48.183457325683676],[22.61270380424402,48.183842643444692],[22.612726616620414,48.183880711749332],[22.612844612548351,48.18408380511228],[22.612998415886608,48.18434832713119],[22.613291427533923,48.184852476626581],[22.61361574690752,48.185397375254325],[22.614585995308556,48.187027052656205],[22.614611725867906,48.187070236403258],[22.614890322618056,48.187536905189098],[22.616262554342999,48.189835805147645],[22.616601528277489,48.190396897135315],[22.616607724442034,48.190407239190051],[22.616949695642781,48.190982816691857],[22.617410720347287,48.19175879886776],[22.617415577788304,48.19176702931199],[22.617453807915126,48.191832240030706],[22.618549982367934,48.193701638406743],[22.618964497390362,48.19440233907526],[22.619596042574521,48.195470159490547],[22.620915052835269,48.197657306418897],[22.620919839283481,48.197665153238432],[22.621067603745317,48.1979018715869],[22.621126983298954,48.197988050173002],[22.6211272823118,48.197988444791562],[22.621194279920648,48.198069039687645],[22.621244047201646,48.198123693823554],[22.621284690470041,48.198166122802796],[22.621284918362768,48.198166348979093],[22.621327653397255,48.198206670317255],[22.621377575842299,48.198251443324423],[22.621438036857651,48.198301061683964],[22.621590704204781,48.198395853178191],[22.621661990394173,48.198428036950105],[22.621855557734278,48.198505399949781],[22.621899177793509,48.198521827332804],[22.621899423437945,48.198521914261264],[22.621943666921155,48.198536579959899],[22.622091063263806,48.198582180064392]]}},
{"type":"Feature","properties":{"ref":"L-04","layer":"Roads_red_perspective","id_object":"MK0130"},"geometry":{"type":"LineString","coordinates":[[22.605146650394417,48.17130008107641],[22.607044868734988,48.171083458955138],[22.608948386413175,48.170888613107984],[22.610856641749628,48.170715601277507],[22.612769071667035,48.170564474736302],[22.614685111856279,48.170435278271626],[22.616604196942937,48.170328050171932],[22.618525760654116,48.170242822215364],[22.620449235985554,48.17017961966026],[22.622374055368894,48.170138461237542],[22.624299650839212,48.17011935914509],[22.626225454202569,48.17012231904409],[22.628150897203675,48.170147340057348],[22.630075411693582,48.170194414769483],[22.631998429797328,48.170263529229281],[22.633919384081473,48.170354662953756],[22.635837707721585,48.170467788934381],[22.637752834669453,48.170602873645144],[22.639664199820132,48.170759877052639],[22.641571239178678,48.170938752628111],[22.643473390026596,48.171139447361341],[22.645370091087845,48.171361901776649],[22.647260782694488,48.171606049950711],[22.649144906951829,48.171871819532299],[22.651021907903015,48.172159131764055],[22.652891231693111,48.172467901506138],[22.654752326732499,48.1727980372617],[22.65660464385968,48.173149441204387],[22.658447636503272,48.17352200920773]]}},
{"type":"Feature","properties":{"ref":"LL-01","layer":"Roads_red_perspective","id_object":"MK0131"},"geometry":{"type":"LineString","coordinates":[[22.624119428936538,48.263304893555706],[22.624544137989183,48.263685118452592],[22.621908012834741,48.275889809769176],[22.640829533387748,48.306096550453439],[22.638954955500139,48.337648370655977],[22.689511808548922,48.404796476233798],[22.689511808548922,48.404796476233798]]}}
]
}
